task_id,발주번호,project,산출물,산출물_옵션,고객주문수량,발주지시수량,대시보드,과업지시서,수주처,과업지시일자,입하예정일 (from movement_산출물),입하여부,지출결의,발주서 생성 요청 일시 _ test_수현,발주담당자,과업지시월,과업지시주
PNA52276_몰스킨 데일리 노트_A1,PO074850,PNA52276-뤼튼테크놀로지스,몰스킨노트(블랙/플레인/하드/L),,300,305,https://airtable.com/appkRWtF2j99XgBTq/pag4McZ2Tc7xALrrs?5hZOH=recMk04LNhSjV69ci&UvxrW=recOoBZ4G2ZzI7a2u&Aq5EA=recxwztT57ROxBvIS,Order_PNA52276_PO074850.pdf (https://v5.airtableusercontent.com/v3/u/55/55/1785405600000/1VOxECH0NhEqUMs_U4g0ZA/_OQpBvazyAujKT-fhqQ9RfHF3ukbEu_c-VQ1orWtg4Dta19ZJ8LVNTLlHHeOKVRGAp1oZmmFlPOZlIfA-bxr7j2S75-O7Cnvv6sITMWKI453__iwy9cwYoAsJgG-dzEqypiNPXsGMU4LEzurdvur9J7fYlVIxkyhgjr3W9peomM3ga-V4jnEawGK992D3tdp/-q7S-gg-Gj8IYflXSp8poBgP4zcMh-Bl8CFHJanswYM),(주) 모나미,2026.7.24,2026.7.31,,,2026.7.24 4:28오후,김민정,07월,
PNA53231_에센셜 와인오프너 세트_E1,PO075038,PNA53231-연세대학교고등과학원,AA건전지,,100,400,https://airtable.com/appkRWtF2j99XgBTq/pag4McZ2Tc7xALrrs?5hZOH=recMk04LNhSjV69ci&UvxrW=recjPeVIII22d5Byr&Aq5EA=recqaiAxg0SuTOQnL,Order_PNA53231_PO075038.pdf (https://v5.airtableusercontent.com/v3/u/55/55/1785405600000/PCRWIkCM7i5zKE-C7-_zbA/ScfFe3_EzmVJdIFM2bMVfMdbmPjNDJQIZd17nACRosx_oy491FhkzNtWb4LKJiNAboFBjECfB7z6pz6FmKeWBMHMWel6G4UWoOYf80GdhE-f7VAGS77hOWQJ3BCeedsP8OKg4ErdKsp8kPXueZ6SO7U98YlKlhVgo72Mklyh3P0QRnSnmsJ9F0YE9Rxnu5rZ/wRDy8JzKV_HqIzQVuMUYdpuAjRV03bTVxqVFg3LITyg),(주)파워,2026.7.30,2026.8.4,,,2026.7.30 12:57오후,김민정,07월,
PNA38461_0715_6551,PO074622,PNA38461-26년7월_재고생산, manual,,,5000,https://airtable.com/appkRWtF2j99XgBTq/pag4McZ2Tc7xALrrs?5hZOH=reckLCvdQ0dEZjNLC&UvxrW=reccy4GS8Ou1lk22E&Aq5EA=recdLBecYeOxUwCQb,Order_PNA38461_PO074622.pdf (https://v5.airtableusercontent.com/v3/u/55/55/1785405600000/8BiX0IkQXwNMqrvoIl53Hw/Ww5rUdsgYAcCPr8EguewIJpro9oMGEnc9f7hdNosvJCvNDaFs4W6gIXGOP4CDF-1rfTDfaB4zKTkVwqVzufvDfukNd4HTAeinqyacnXfiklnRRd6-60r0Z7T9c4sL_K8DOAS0Dg0Kth90mUa8-b4BipKuz1w52Yh_lFttSWDsyxJblpGzh-xf2SjzDRBCbCc/SHrlW4noZJ1cKcNQinkbso6swwKdD4ghQF0DYVkcoJU),"""Shanghai Ansheng insulation Technology Co.,Ltd""",2026.7.14,2026.8.6,,,2026.7.14 10:52오전,김민정,07월,
PNA38461_0714_6551,PO074621,PNA38461-26년7월_재고생산,"color box , 17oz/503 Handle Tumbler(black) ",,,1000,https://airtable.com/appkRWtF2j99XgBTq/pag4McZ2Tc7xALrrs?5hZOH=reckLCvdQ0dEZjNLC&UvxrW=recREWusOTxbKixzv&Aq5EA=recdLBecYeOxUwCQb,Order_PNA38461_PO074621.pdf (https://v5.airtableusercontent.com/v3/u/55/55/1785405600000/_BoReSN6NvWVr3S2R2bBFQ/UHZkYl202inhUjTZOMQkQYvJQmMLdnQ_xfoiZAJ3Q76qONlXGVfyYUJlA3_0ZXF3_4ThG38hpFvtMuH0gSxiZEgGFAnpmmAYk6SU_HlJLxHdHDmMbvwJ7VAhS0yPYUBFmX9z4ee9aX-8NreIslyn0hw1fEOHQGukmeRYsF00SYHQd0YXGqSWkVFBCTbhv8Uq/z0WgghU3lJ3H4b11mTGsvJ5J_U9PI6BmRtPWIkZ5SQA),"""Shanghai Ansheng insulation Technology Co.,Ltd""",2026.7.14,"2026.8.6, 2026.8.6",,,2026.7.14 10:50오전,김민정,07월,
PNA38461_0714_6681,PO074618,PNA38461-26년7월_재고생산,17oz/503 Handle Tumbler(ivory) ,,,1000,https://airtable.com/appkRWtF2j99XgBTq/pag4McZ2Tc7xALrrs?5hZOH=reckLCvdQ0dEZjNLC&UvxrW=recBlZzFinJkJtdGw&Aq5EA=recdLBecYeOxUwCQb,Order_PNA38461_PO074618.pdf (https://v5.airtableusercontent.com/v3/u/55/55/1785405600000/P_rJOxDx-G450A329oMnBg/9ZR-9ZJuond8joyLp5b_k3fywXrxphlmXWHpJSMFsvufRgvMgSyrmgzvUGE8-CD_OkU7tRl7QTyOImBhAdp7Bb8SH3fP-D-zzGuybcwqfZhzWxm2Ygyq1P0wNZ5U9dhqg3hLq3sz6FRtFmYMeV9QM9YAqwLuSP73HsgEjuVhLlQg23pTUnnQFQllP9hmpugh/gKFIasNpI0YpxYrQlPmRRgiGR8d5Crf7G_yK81wT_oA),"""Shanghai Ansheng insulation Technology Co.,Ltd""",2026.7.14,2026.8.6,,,2026.7.14 10:50오전,김민정,07월,
PNA38461_0714_6641,PO074619,PNA38461-26년7월_재고생산,"17oz/503 Tumbler (black), color box (91×91×183mm)",,,1000,https://airtable.com/appkRWtF2j99XgBTq/pag4McZ2Tc7xALrrs?5hZOH=reckLCvdQ0dEZjNLC&UvxrW=recyw1TvcFpSL13oW&Aq5EA=recdLBecYeOxUwCQb,Order_PNA38461_PO074619.pdf (https://v5.airtableusercontent.com/v3/u/55/55/1785405600000/usy9FZL22G35Ki9P2jvf3A/jSenHGN6WrogpIHT_rH_JgmgyxX3sFdLPeQHzIHozKvqtD3lMlwYwaXOETr_EAdkCU_MR2GojhnwrHSAD-kj6CDTqqAmPvH_V9ZzVNBQ0hawZ2u_Jc37M3MnRkBDRpYUOj9KWOnm9scOa_wDgp3OACMAUzCCiNcPz6WGdHwaKGArcqSz1wBMDxt4N-XDqL5j/ZYX7q1XW75A__zx22KnZ1dnYGryYAhg1TXJszI5Mh_k),"""Shanghai Ansheng insulation Technology Co.,Ltd""",2026.7.14,"2026.8.6, 2026.8.6",,,2026.7.14 10:48오전,김민정,07월,
PNA38461_0714_6671,PO074620,PNA38461-26년7월_재고생산,17oz/503 Tumbler (ivory),,,1000,https://airtable.com/appkRWtF2j99XgBTq/pag4McZ2Tc7xALrrs?5hZOH=reckLCvdQ0dEZjNLC&UvxrW=rec4WogVRSqKQWp14&Aq5EA=recdLBecYeOxUwCQb,Order_PNA38461_PO074620.pdf (https://v5.airtableusercontent.com/v3/u/55/55/1785405600000/6zwCKElsugTDwctpsZTmCg/o89TM5nyiY0pr66YF1t8temJhbU7g49nqC2UG9-Bg1Br2tM35D5JYYPi4FD7vcUEbPJasXFSXmwDZEk5VTrT_lDwDz6mligVFkFlyAirkRNrKbP1bb-NqPwPeL5J_lNOnl3VtWrChzLkdmyeezSBMxBQvZYuktQmVBHEd2AeqvfOwhLNIAF5A2466wL302qb/HmDVQkAPdN2VuCn0PlaQvK6dccvUjOVmQG_10TjZ60c),"""Shanghai Ansheng insulation Technology Co.,Ltd""",2026.7.14,2026.8.6,,,2026.7.14 10:48오전,김민정,07월,
PNA38461_0729_3821,PO075008,PNA38461-26년7월_재고생산,테크미니파우치,,,4000,https://airtable.com/appkRWtF2j99XgBTq/pag4McZ2Tc7xALrrs?5hZOH=recMk04LNhSjV69ci&UvxrW=reciBQwZDWrS5ORTJ&Aq5EA=recdLBecYeOxUwCQb,Order_PNA38461_PO075008.pdf (https://v5.airtableusercontent.com/v3/u/55/55/1785405600000/QX7i3ZiES92QTz6V2kqRbg/vhfu0Dyr3Duy4fZ4xDSU8fFpJkco8Ia9OimkA47DgBt4Ou8B2N4i8Ull8yior-7kSoYpIp-qCSro15beiSI-Kmm1X5_YAcmf0z6ZVw0e_3iLfz15GtjnjuYNkKNj5JI7Z8ssAAGSh4M43vKH5v5ITED2nS8E_KYV7XOflUYszo4Ly_lBlproDsaIdKk7Bl1U/MVTL8x1NwjEg8OTCI2RxyjvjKVlzZRnuANqqs7jovgQ),성우무역,2026.7.29,2026.9.9,,26.8.3-8.7_성우무역,2026.7.29 3:08오후,김민정,07월,
PNA38461_0730_5681,PO075048,PNA38461-26년7월_재고생산,"단품박스(화이트), PD65W-CU-T7",,,3000,https://airtable.com/appkRWtF2j99XgBTq/pag4McZ2Tc7xALrrs?5hZOH=recMk04LNhSjV69ci&UvxrW=recBEmEX7oqYUueME&Aq5EA=recdLBecYeOxUwCQb,Order_PNA38461_PO075048.pdf (https://v5.airtableusercontent.com/v3/u/55/55/1785405600000/4gqrHq_DK6VXTdhUGASYcQ/vDGVmBXgv9IPCu3VgZiFgG9LIyrAbt_pvmy5YNW4dj4CIhMEGBTqdbEear7HsahvlgCkjx1y0wkUWbrveI0hnWfLw8-TYv8bYwfqTEMeO5NwEvyEzyHQpCukGNL7yx0e7YfXm8GGUqAQVTzIkgRrSYKPYH35Jd1Gyh25a_2vh20d2A-ZQ07LSg2UJo9VAhLQ/_8VeqvNIaCb7zKcHstvoxPpgXoCr2yxfuirU8F8nLCo),주식회사 드리온,2026.7.30,"2026.9.10, 2026.9.10",,26.8.3-8.7_주식회사 드리온,2026.7.30 12:51오후,김민정,07월,
PNA52969_컴포트 스텐머그 [2]_A1,PO074954,PNA52969-벙커,컴포트스텐머그,"컴포트스텐머그, 레이저각인",50,52,https://airtable.com/appkRWtF2j99XgBTq/pag4McZ2Tc7xALrrs?5hZOH=recMk04LNhSjV69ci&UvxrW=recW8ZPtc9rhhmIwh&Aq5EA=rectzUMXWzpnIK4aO,"""Order_,PNA52969_Comfort_StainlessMug_A1.pdf (https://v5.airtableusercontent.com/v3/u/55/55/1785405600000/5j-Ldymj5hO0Qo6F9cDwfg/Cwt6QlsAnnROY6fpIyuSjiriMC62G5THy_qpDTFt2fo456Zcl6dq84-75s1SSXLwxekjPmofneMSWaiQwRC6cHv2D9mn9NgZGj8yuuHCaEdbA66R7g4K-xb-HTHHCVCpPzXBlqWgw-Zr1vGd6jtmrCfbTXrDy4FrK7a2OHbufjJcCTTs6jInbt77G4FXfBEFRX5bu4ZH_-8An-Xtf8RB9Q/MIn7BxEYMVNbe3gfNmLdCbkMDYdAoJugLHMofpP8fwY)""",주식회사 에벤에셀기업,2026.7.28,2026.8.4,,,2026.7.28 3:22오후,김민정,07월,
PNA52969_컴포트 스텐머그 [1]_A1,PO074953,PNA52969-벙커,컴포트스텐머그,"레이저각인, 컴포트스텐머그",50,52,https://airtable.com/appkRWtF2j99XgBTq/pag4McZ2Tc7xALrrs?5hZOH=recMk04LNhSjV69ci&UvxrW=recHbiUQ9qsy6tf4P&Aq5EA=rectzUMXWzpnIK4aO,"""Order_PNA52969_Comfort_StainlessMug_A2,.pdf (https://v5.airtableusercontent.com/v3/u/55/55/1785405600000/pSWIVyVM5FYUoBgb7avZWw/fLud67H4787Rvg3BGZrhZtr31cWoyTM2OiOD124vLODyDwPsXG0jlwECAfAve5McrFQ8NliCk0sHsaurETdkVMJAQVoGi_2v_Oi8EApVB9G4u5mc1r9aXI0j_BjF7_wNnHl0uX9ihPDaWR4KJai_YeMZ-jKGNrZ3lpPQkg6Qu8fwoxwXhKEggIN5ECOxglfimL5rQrIrJITIwSC2xaSNBg/7C9Vw7w7ocIJATQQs_gX77pdBg4QE5Tpl0UDKna3g74)""",주식회사 에벤에셀기업,2026.7.28,2026.8.4,,,2026.7.28 3:22오후,김민정,07월,
PNA52881_컴포트 스텐머그_A1,PO074967,PNA52881-한국토지주택공사,컴포트스텐머그,"컴포트스텐머그, 레이저각인",230,233,https://airtable.com/appkRWtF2j99XgBTq/pag4McZ2Tc7xALrrs?5hZOH=recMk04LNhSjV69ci&UvxrW=recTbMtMieGdaZesG&Aq5EA=rec7G54iUE3RaI4g4,"""Order_,PNA52881_Comfort_StainlessMug.pdf (https://v5.airtableusercontent.com/v3/u/55/55/1785405600000/qVXYe2CcmyrLWyuTh5Mv_g/q1c8NumWu0lEXNCJghAFHj1O5dYtF2-pWFXDcBNbFv3PAoIfeQav6WpM6ue3x-afAHA4tsTqFxuQS7WWzDhrEuZiznO2y1krkOn4By1j2whxVA0pDi5rFkKEm0aIGwQNDeTQMWcUlvVoitAYSDwMYUdZAFPfzkVUlY_zRtFidbrd3swTkpyPTOUzJ0Z1eKRjt0qlDFM6AkPlsFhhPVwWwQ/Eas_u-PrLAtkpEk4oXhE4zrd0Eg5jbVW_BddlF5TMh8)""",주식회사 에벤에셀기업,2026.7.29,2026.8.6,,,2026.7.29 3:06오후,김민정,07월,
PNA52206_임팩트 슬로건타월_A1,PO074397,PNA52206-유네스코한국위원회,임팩트슬로건타월,"임팩트슬로건타월, 승화전사, 샘플(본 제작과 동일옵션)","1200, 3",1210,https://airtable.com/appkRWtF2j99XgBTq/pag4McZ2Tc7xALrrs?5hZOH=recxAQzdjTKyqRFGn&UvxrW=rec72FKf1UZxoZ6Im&Aq5EA=recqP0Qh3I3F6trcO,"""Order_,PNA52206_ImpactSloganTowel.pdf (https://v5.airtableusercontent.com/v3/u/55/55/1785405600000/mBYanJ-f6Igtln8J48Kf-g/93kKttcfWuKc8F6uyBShU_TVnDv2X57hOWNVHv7UNODBh6BjzuL19cNfZlA8DOY6Zsm-E-TOJReoeVh7J5GGa4KoS6ZFh4dz8iU8q5tF4gACEC7EfAu7VYRA4rPa38bmrYVgw5y2mvb2vwgJrLSgAyqhR7aFKPFjkJINoldPI17TFQtFGOwCItylws8F2UBh/Wa-E17-ddz1p7rrtogWeFwFOhCU8YdihC-3Ni93rRpU)""",(주)승화파트너스,2026.7.3,"2026.7.8, 2026.8.7",입하완료,26.7.13-7.17_(주)승화파트너스,,김민지,07월,
PNA52735_해피웨이 런치백_A2,PO074647,PNA52735-삼성전자,해피웨이런치백,"런치백, 부자재(손잡이/지퍼/바이어스), 케어라벨(전용), 승화전사",750,755,https://airtable.com/appkRWtF2j99XgBTq/pag4McZ2Tc7xALrrs?5hZOH=recxAQzdjTKyqRFGn&UvxrW=recXARnGjNgxoCzMM&Aq5EA=recBAXKpOZQFd23IT,"""Order_,PNA52735_HappyWay_LunchBag.pdf (https://v5.airtableusercontent.com/v3/u/55/55/1785405600000/vzNtKTof7OiZbkbptnSlLQ/rbdE3Zv6mma8KCpgQ5LetkuARHQl22jzry4equBhzXLOc9f7XwFAxJejxxZk6Chj-XV-uXyALswk1dH0Jon3veufPd21-97k7JfEuEoHIpi3z-xLq_zy8frH-upJNGMbd-hBBfW5QDUdt3-QvZJtd59jiOXuHlqeSO4AcjZgsJPD9dOFZMyk3k0X6ebOCtyq/ZMs-0LeRG83dGYDdTTEIGBQCqA80axe2d6D5c3Haagk)""",(주)승화파트너스,2026.7.15,2026.8.7,,26.8.3-8.7_(주)승화파트너스,,김민지,07월,
PNA52206_데일리 짐색[2]_A1,PO074661,PNA52206-유네스코한국위원회,데일리짐색,"케어라벨(전용), 샘플(본제작과동일옵션), 데일리짐색_바이어스/스트링, 패브릭디지털, 데일리짐색","600, 2",605,https://airtable.com/appkRWtF2j99XgBTq/pag4McZ2Tc7xALrrs?5hZOH=recxAQzdjTKyqRFGn&UvxrW=recQJHznUfytGmFap&Aq5EA=recqP0Qh3I3F6trcO,Order_PNA52206_PO074661.pdf (https://v5.airtableusercontent.com/v3/u/55/55/1785405600000/_0S6nRr3jBa4lKFGMbhrqg/Y4DEJHUdmhEglGj2KMRAnm7nQZ-ILZTYGGZe0r3pbpkPjdUuDUTKdGiGcdailU-KnimXhJmUDeVh_hoJzrGDQuapeRvlJYB1-hwgGducPDwdShztAlGpZl2JFewk17_Nb7I1Pz39P6eTOFsRQhHGugBYIjtiC9LzswCWYue42IPXwLKo1BPOoGd4WzL2Hy1G/FEMbiWTCfqfaIQgd2I1WYxOZheSrIH3gLCJlbY7ZBwI),(주)승화파트너스,2026.7.15,"2026.7.20, 2026.8.7",입하완료,26.7.13-7.17_(주)승화파트너스,2026.7.15 4:58오후,김민지,07월,
PNA52206_데일리 짐색_A1,PO074396,PNA52206-유네스코한국위원회,데일리짐색,"케어라벨(전용), 데일리짐색_바이어스/스트링, 샘플(본제작과동일옵션), 데일리짐색, 패브릭디지털","600, 3",609,https://airtable.com/appkRWtF2j99XgBTq/pag4McZ2Tc7xALrrs?5hZOH=recxAQzdjTKyqRFGn&UvxrW=recs8UZSrjwePOwJ2&Aq5EA=recqP0Qh3I3F6trcO,"Order_PNA52206_PO074396.pdf (https://v5.airtableusercontent.com/v3/u/55/55/1785405600000/9766AZFQDdxtDIxWSOmx3g/d6zHwNL76APoxMdXh3sfqtrqr9DISWp6gsgVCxgEbHVx-aX6huXfn27thIwdplPqCOe7BKNSIeXL93GvJ5ka4QtETnel2LwYMbgZk3zEjJzk4rUJRhUeKn6qar6SRllFv-0rq6Wit1BcSs2Bk4Mw13q3Z5WqditYrcptAu-Iy8VPY88TCvhXGiOpuN5mkEf_/CYZB-bfzSQd5hPPK_PFk8_m7557lE3uNmGiY3CvMJg8),Order_PNA52206_PO074396.pdf (https://v5.airtableusercontent.com/v3/u/55/55/1785405600000/NfO385QDi5g6m13nuI5_MA/Ihpnn5RBA8oDmFZkHrTwdu0QwZg3_C50m-QqO19Z32hLxJkTpw6x6UFgfCLKBr3X3qE0QGqHykHPWaOmRUlobA2_I1AnqY3febR930BqB2da1NBUwQ_VSCKdi-1v0yXQnAWAZ3XtjYeK41gR_I5auVAViAXbvMpsybMt8gUg3ECP0UcOr_p2RdBwGwYD7HMz/8a-lClbUWhL7d3jMwVuAIgqo0mAnyfs6TOKsSsTKrlg),Order_PNA52206_PO074396.pdf (https://v5.airtableusercontent.com/v3/u/55/55/1785405600000/t__vBlheWVC-Dxg6t_x29Q/HLQXshvaEesEZeKq4LndwNYP0D9xMiqcrhVB52Ruf0e8s3BHPze_uuMDhoryrrBHwyp8Z5EY2Tr9RSsUNu3rdoxTnkySsT44Zw0HRpBQKmjf64CzImnr9ssv6fvFShphUPTkWNc9qxs4lH9mLniiuTLgIWy2zaN9dLtDRfJhnx88XAw6_uG46zjHOylTwB_w/uEOggIf_mxDeQIoFMPX2tE7hVb0vzlTFJH-AyrgEFGY)",(주)승화파트너스,2026.7.15,"2026.7.8, 2026.8.7, 2026.7.13","입하완료,입하완료",26.7.13-7.17_(주)승화파트너스,2026.7.15 4:52오후,김민지,07월,
PNA51136_하이킹 폴딩방석_재제작_A1,PO074662,PNA51136-해군본부,하이킹폴딩방석,"하이킹폴딩방석_바이어스/고정밴드, 패브릭디지털, 하이킹폴딩방석",,301,https://airtable.com/appkRWtF2j99XgBTq/pag4McZ2Tc7xALrrs?5hZOH=recxAQzdjTKyqRFGn&UvxrW=recjMW69mAB0CjaYC&Aq5EA=recvzQTfYo2O4L151,"""Order_,PNA51136_HikingFoldingSitMat.pdf (https://v5.airtableusercontent.com/v3/u/55/55/1785405600000/rtT1JngM1uzgb-5FgVfZlw/PegQfrM4x0IYrtsy3zdHvzJPde00RJgB46_mEnzi5oQ-nHM-zejMaxR763N-jJDD1jdzcKTFzWzo_057CF4CNEJwmMmkM5ALU_J84hgo-ANw6vYvLPkHNSmcIp93d53PGy1zVIvux4oseFrBAeimkrsottShJymBEV3m37bBPqeeE7k3tcsroZMynij2Sc9Q/xZCK2ZCPs1Hv1ACcE0vMn3X8RWoAx1HOfVZZ2M41OHY)""",(주)승화파트너스,2026.7.16,2026.7.20,,26.8.3-8.7_(주)승화파트너스,,김민지,07월,
PNA52988_데일리 짐색_A1,PO074770,PNA52988-에실로코리아,데일리짐색,"샘플(본제작과동일옵션), 패브릭디지털, 데일리짐색, 데일리짐색_바이어스/스트링, 케어라벨(전용)",1,2,https://airtable.com/appkRWtF2j99XgBTq/pag4McZ2Tc7xALrrs?5hZOH=recxAQzdjTKyqRFGn&UvxrW=recKxcNaBLVTvFgjt&Aq5EA=recEkD8XON0e3VAAk,Order_PNA52988_PO074770.pdf (https://v5.airtableusercontent.com/v3/u/55/55/1785405600000/EMsq-agFUYvlHs8KvXy1nA/3d9c2U3iVT8co4VpPkdsEIMO9ekhmbT6ZU_moCAZH1qJCTqmD_pYarfyp19Xw0SGTwQgvTH5axiYdrP1JycIIBahVZRyD8js231Qb4KLDmAyJfeWwR6zvAxnEjd-FztJMc_ceDxOXdh784KmU4Xx_175pQc-b3YJv4YOgDbK1k7A7M3DrHL0mz_wpvZVjYxJ/hkyDg2pU1EmHRDLdxiBjdZvJj7EUhLd9K9wnAYBG7iA),(주)승화파트너스,2026.7.21,2026.7.23,입하완료,,,김민지,07월,
PNA52799_굿이너프 비치타월 [2]_G1,PO074813,PNA52799-레브당스,굿이너프 비치타월(인쇄+봉재),"비치타월_원단, 전사, 샘플(단면인쇄)","50, 1",53,https://airtable.com/appkRWtF2j99XgBTq/pag4McZ2Tc7xALrrs?5hZOH=recxAQzdjTKyqRFGn&UvxrW=recQtcIMShRzGyobf&Aq5EA=rec4MpBWcdaB78Nu0,Order_PNA52799_PO074813.pdf (https://v5.airtableusercontent.com/v3/u/55/55/1785405600000/-JIEKqHSdB0nAd6sZXLQUw/Xfp4hizWXD40QwA_oJo3aKRM6_h7qyxxOTMuS3HEvU0tFXsCqYIKFrElo1NWL7b1gJPM_GiAwAjlCkJqF_pLVwbPwgNiNZ5uH2eLbVdAIHdWtRR1wZggoYzyeEoxblWnDXB4QqltRONRrjiC8DHJ0V2_4D3ABxNA_FJPBoD6UguCxJqaM0A3tCL1wARQc0GL/c7cVRREivHq3Vt-he61E7x1VktxM2lsD35Ey6XjEJpM),(주)승화파트너스,2026.7.23,"2026.7.27, 2026.8.7",입하완료,,,김민지,07월,
PNA52799_굿이너프 비치타월 [1]_G1,PO074812,PNA52799-레브당스,굿이너프 비치타월(인쇄+봉재),"비치타월_원단, 전사, 샘플(단면인쇄)","50, 1",53,https://airtable.com/appkRWtF2j99XgBTq/pag4McZ2Tc7xALrrs?5hZOH=recxAQzdjTKyqRFGn&UvxrW=recx1p4uL8cYj6Wgc&Aq5EA=rec4MpBWcdaB78Nu0,Order_PNA52799_PO074812.pdf (https://v5.airtableusercontent.com/v3/u/55/55/1785405600000/yTtkU_dijuVZMnfxJX9H4w/ly_Sh7msV8Z-VsRh2_Oj_wJ8L805BTCnUVlRICVb4zvSku6PugEMm5YzdvEIrQlrq1SP4vWLEO5VyHtLE3XSAepYZCNtMVTirge0uprhDLrDg-DS-NhiWGjov5Xrnx3-WpsGDmMELmRShPGhJT1DhrWmdjWbBFqn3zcn6klOZKQVFSY3QMY4huC1bwT263V_/-kAxPYcjb7NK9V9kvqlwrG0uwOpnbsVqSTSHxS321rM),(주)승화파트너스,2026.7.23,"2026.8.7, 2026.7.27",입하완료,,,김민지,07월,
PNA53029_그래픽 에코백_A1,PO074897,PNA53029-GC녹십자,그래픽에코백(인쇄+봉재),"그래픽에코백_기본(염색원단10수2합), 패브릭디지털",300,301,https://airtable.com/appkRWtF2j99XgBTq/pag4McZ2Tc7xALrrs?5hZOH=recxAQzdjTKyqRFGn&UvxrW=recuQo02DbSpKz22m&Aq5EA=recIY0aSePBTcWjW6,"""Order_,PNA53029_Ecobag.pdf (https://v5.airtableusercontent.com/v3/u/55/55/1785405600000/WvLhM42C_GLqfI8Lq8mb6w/wCiIqmjMneD2XRic_NROjCw3TntwXI41hOotAWMfoogRucXDdWBhk6aK8UX_P9A3ajVSIoa9FrkBq1syWvwtY9c5-BTBy8ZXcLp3R9JV8xy1hK0aEFd1W1CzbSLbvG2gFQvUKdzQSrrQ9BG7mMMJVRRdCW6G0edxdeCPUpkb703GM32aApLt8Sr0-ZwKcB_Z/CRHpQRfh_t1w1j3cIKxYDVp2VYlViVubEpLc9mqYEzA)""",(주)승화파트너스,2026.7.27,2026.8.6,,,,김민지,07월,
PNA52545_로고스트랩 파우치_A1,PO074906,PNA52545-한스네트워크,로고스트랩파우치+인쇄,"파우치스트랩, 로고스트랩파우치_바디, 실리콘, 로고스트랩파우치_지퍼, 전사",100,101,https://airtable.com/appkRWtF2j99XgBTq/pag4McZ2Tc7xALrrs?5hZOH=recxAQzdjTKyqRFGn&UvxrW=recDq6h93I60J3gIk&Aq5EA=recNKXS772xvSEvel,"""Order_,PNA52545_LogoStrapPouch.pdf (https://v5.airtableusercontent.com/v3/u/55/55/1785405600000/R9rtlq2q7nTFjsWtkjXHAg/Pi77oDCVuAykyo4MdH4mMTpM8H9_qIohz2rnHfrTWh_hIgl_eg16qjp4g-828-HU0pVIQxDM6nRHyAnQ6Whli6X-Py4JAAVKLUXG94gI_gUKeQHujNivJuRcVuT7Gj3fPneiCayIViM8fXpGeOEaldIleUSfWF7yvTq05Az5qT2KN0TWUg62HjZlH4-VLWF5/L4zkMHhIqMM1uem5cGetlQT4GkeaPsIyP6C4EJJJTJc)""",(주)승화파트너스,2026.7.27,2026.8.4,,,,김민지,07월,
PNA52485_로고스트랩 파우치_A1,PO074961,PNA52485-롯데손해보험,로고스트랩파우치+인쇄,"OPP, 샘플(스트랩인쇄 + 파우치인쇄), 실리콘, 파우치스트랩, 로고스트랩파우치_지퍼, 로고스트랩파우치_바디","7500, 1",7510,https://airtable.com/appkRWtF2j99XgBTq/pag4McZ2Tc7xALrrs?5hZOH=recxAQzdjTKyqRFGn&UvxrW=recITlRxIuukG8Ah5&Aq5EA=reca9flyu3OsVNQ6J,"""Order_,PNA52485_LogoStrapPouch.pdf (https://v5.airtableusercontent.com/v3/u/55/55/1785405600000/6f9TVOogVck_BWakKcEh1w/wqHTkYDj7WCC5LbYvXhC6TMXy5OajyFFQJZzqA0x-N18UFLI5YZrxjKIZ0OAZzK5A0RJ50EBulzbRrgYhzUlpw_XctByBn_O1XHT-Yx-BTOom6Z4212UNhCyqeDC43niKVP_sTXHAxHjuKvE-crsS38nqWqW2YoG8CUF_DEdVfD4xU6QsyaI8FVkGIPZ231F/3ktaysYcAn8zfSDc4j4HQyImq4ocfOTTBtKuDwun_Ks)""",(주)승화파트너스,2026.7.28,"2026.8.6, 2026.10.9",,,,김민지,07월,
PNA53199_임팩트 슬로건타월 [2]_A1,PO074996,PNA53199-비올,임팩트슬로건타월,"임팩트슬로건타월, 승화전사",100,102,https://airtable.com/appkRWtF2j99XgBTq/pag4McZ2Tc7xALrrs?5hZOH=recxAQzdjTKyqRFGn&UvxrW=recdOSBMAliQwR3RX&Aq5EA=recUkZNAKYHRjD0iC,"""Order_,PNA53199_ImpactSloganTowel_A1.pdf (https://v5.airtableusercontent.com/v3/u/55/55/1785405600000/Cs04oFiH2G8q7-AjiLtZEQ/tcHiScJo0UfFlZiEpV0TGabvhJc4FMEzKbZxMqxMgj-9t5OLOYp-jU23SyeOX9rKqjd2ReJTj9JmvE_SxI9ZY8moaUbd5r8Rb5NdCL8jDKa7PNxMyCExu0egRCDcajHlXzpGLovTxnSdJQkCNpyGCIfXlUbnJzthKc0KGbCIPK8Ap91RzCOk87eEleo-iRUPFsCRCFyrjVqksNMFXeTqdw/iS4B06O7L4DqMhep0jEtt5cuCvxINqKMp6vH9jvkcF4)""",(주)승화파트너스,2026.7.29,2026.8.4,,,,김민지,07월,
PNA53199_임팩트 슬로건타월 [1]_A1,PO074994,PNA53199-비올,임팩트슬로건타월,"승화전사, 임팩트슬로건타월",100,102,https://airtable.com/appkRWtF2j99XgBTq/pag4McZ2Tc7xALrrs?5hZOH=recxAQzdjTKyqRFGn&UvxrW=rec6zBY2Mi4SIOd5y&Aq5EA=recUkZNAKYHRjD0iC,"""Order_PNA53199_ImpactSloganTowel_A2,.pdf (https://v5.airtableusercontent.com/v3/u/55/55/1785405600000/r1IC-8GTNococ9veAiINeQ/bZJHpGXwogv_hoqw0CBvviCM9pbqSuGcIRVmplL7TLaVO4sFEovASUiC-ErPSpBW5aJjCwERfbnAJXEu9uU2HjE4kMiKyE7rYSGMWLdLAP_c-HPwZLhXVBg0gm7deVhsM5y2URQYQHLU7jSCVacLy0-NcjB3feJFdG7la4Wxvdw6Bl_4_p4CzTmOgWDHkm_2B8Enz4h0-yMdW6q0fgLg-w/ddktoc6Gnpn2_C1RAIHtfgAGsbz6R1uKyzP68Nr1AtE)""",(주)승화파트너스,2026.7.29,2026.8.4,,,,김민지,07월,
PNA52735_인마이백 피크닉매트_A2,PO074649,PNA52735-삼성전자,인마이백피크닉매트,"주의사항표기서, 케어라벨, 전사, OPP(2인용), 인마이백피크닉매트(2인용), 샘플(전사)","750, 1",757,https://airtable.com/appkRWtF2j99XgBTq/pag4McZ2Tc7xALrrs?5hZOH=recxAQzdjTKyqRFGn&UvxrW=recpHr9tYZNk1zyda&Aq5EA=recBAXKpOZQFd23IT,"""Order_,PNA52735_InMyBag_PicnicMat_2p.pdf (https://v5.airtableusercontent.com/v3/u/55/55/1785405600000/aP9aoHXOAv47hDMdMxJCug/MqGaNayyld_M1X0v95SHOGjkx69nTBJmRbs3veK1P08yx9pLdhtab21pRpsobKUM7nrOt5kMyV5s2ex4z7FMUG8AdgwJ7R0X1AFk_WaJrcAyhNtFE37llr0GFXBpgqwPAgIQwkYtlAdvVkOARfVv1t34lynoQVv-tosK5WOmUu9ALRgs0zm5fBazA4lhWCP9zxytSaMr93-K7GVw48DpfQ/Hkj1XdHYSKEV-FDcLo2SStj8ow51f-3U0LnEjtLnBV4)""",(주)아이아트텍스,2026.7.15,"2026.7.23, 2026.8.12, 2026.8.12",입하완료,26.8.17-8.21_(주)아이아트텍스,,김민지,07월,
PNA53007_액티브 스포츠 타월_A1,PO074753,PNA53007-쇼피캐스트,액티브스포츠타월,"전사, 타월스트랩(커스텀인쇄), 샘플(전사), 액티브스포츠타월(원단), 전사","100, 1",103,https://airtable.com/appkRWtF2j99XgBTq/pag4McZ2Tc7xALrrs?5hZOH=recxAQzdjTKyqRFGn&UvxrW=recScCMk8UgfH6VnK&Aq5EA=reckxtyx5YIVG0Fbw,Order_PNA53007_PO074753.pdf (https://v5.airtableusercontent.com/v3/u/55/55/1785405600000/K7t6v7aisXBshozcep-x6Q/6fwCBEbj93ZVxfSSqwimNl7urc4LrA5LHvnghPTtl8dF34zTYo996jVrEO39vdRwxs4R8Qx3UKjoJCUkgZ0Tj_rY40KScQUw_wTnkpZK_yhBek23EypyxOJKwI27oI50d16RWOeR3yVvRFBktAOGPN8pI15aQYSlousbRcRAEHaAIWuHWOymwW7VAbpFz183/R12M1BCCXvbCn53GbCi9zcMqOqRekobrmgIGszn4oSs),(주)아이아트텍스,2026.7.20,"2026.8.11, 2026.7.23, 2026.8.11",입하완료,26.8.17-8.21_(주)아이아트텍스,,김민지,07월,
PNA53141_액티브 스포츠 타월_A1,PO074945,PNA53141-대한체육회,액티브스포츠타월,"전사, 액티브스포츠타월(원단)",180,181,https://airtable.com/appkRWtF2j99XgBTq/pag4McZ2Tc7xALrrs?5hZOH=recxAQzdjTKyqRFGn&UvxrW=recCbZLYZWMFNJgYY&Aq5EA=rectbMt7gPdh99dsK,"""Order_PNA53141_ActiveSportsTowel,.pdf (https://v5.airtableusercontent.com/v3/u/55/55/1785405600000/xzBrPake3wX9hr1KUft3kQ/6jv0fzkDv_ZlV6PRs27CX1YFqXCjDGPMhZ--NAhR6fner880cG69M0H-d5kdFSnrhl99Vs9aq8M_e7o_VlO652ACIHih40e3EuQLtWi7Ox-O4yW7ZQErKRGM5Uu2pxZ4lHi_rnLCLY24r7cJw6R5M6QG3Td_tT_iyVvq6vN1SUUIpWHRMdAWzcu-vV87NuP2/Buc6g4_lpPQrhQ50rO01f52fMVmMqlrHFmILc2WZKjo)""",(주)아이아트텍스,2026.7.28,2026.8.7,,,,김민지,07월,
PNA38461_0720_1201,PO074756,PNA38461-26년7월_재고생산,스탠드업칫솔(화이트),,,2000,https://airtable.com/appkRWtF2j99XgBTq/pag4McZ2Tc7xALrrs?5hZOH=recxAQzdjTKyqRFGn&UvxrW=recN1pBJLeM9QGKdV&Aq5EA=recdLBecYeOxUwCQb,Order_PNA38461_PO074756.pdf (https://v5.airtableusercontent.com/v3/u/55/55/1785405600000/DiHg9BiJBfARlR9v5pUvCg/I9fY0XN9d3e5RXm5sWNT6DL3CMsYqthxH7YGULPEhFqjq8fadWKNBHeWl4CClwYveIgoyloV0k_xUtNQwkDST3BSWisPc_OfMMWaiL1cnQcV1fcwXJRz9H3qt2ymtDH0NJMvE_SNlbE_ZJpJKXtAIqO121yM80uCwhe_TVogo1ecJd3-9sHOwf6e3KbN5kWt/wQrBEtettHxlxKKDe7zhV5XZtBfonfdFh2Ux8k4nodk),(주)이케이비전,2026.7.20,2026.8.19,,26.8.24-8.28_(주)이케이비전,,김민지,07월,
PNA52871_애드온 뱃지_A1,PO074912,PNA52871-슈퍼브에이아이,애드온뱃지+인쇄,"유광덮개파우치, 애드온뱃지(자유형40x40이내1-4색)",100,101,https://airtable.com/appkRWtF2j99XgBTq/pag4McZ2Tc7xALrrs?5hZOH=recxAQzdjTKyqRFGn&UvxrW=rec0HQZ5fpCaQQxRw&Aq5EA=recTBtUknCci7Erye,"""Order_PNA52871_AddonBadge_Badge,.pdf (https://v5.airtableusercontent.com/v3/u/55/55/1785405600000/FiaG0qQreqSNwPrg24vOQA/FvP1ezhR-uQgWEcVpuaTL0pnx7VS8J7hYpm7Xx7iRYC8p3SOI6IyhHjLXPH6GIrX65zD5aMrGy3yoSCw8mb5XN1iQCu6cf0HNrGb4T1T5cEFHYliBrcWvbX84ixFCY2YwYioBfiDErG0ITtQmXqSoguuqJJaG-_8rabFwm4HwQ08koBkzw5uh9X3D5pcbSGi/G_vzkCK_-yrSxxB7C2Qf5_4IrEHA6LLOLSdKLuz6w40)""",(주)홍기씨앤디,2026.7.28,2026.8.11,,,,김민지,07월,
PNA52558_어드벤스 3단 자동우산 [1]_A1,PO074444,PNA52558-한화자산운용,어드벤스3단자동우산,"실크, 3단자동우산, 실크, 실크",50,51,https://airtable.com/appkRWtF2j99XgBTq/pag4McZ2Tc7xALrrs?5hZOH=recxAQzdjTKyqRFGn&UvxrW=recpB8IJbrJIjLDMw&Aq5EA=reck7ewXPx6qe71XA,Order_PNA52558_PO074444.pdf (https://v5.airtableusercontent.com/v3/u/55/55/1785405600000/JYlZoGxWXfq-y9-9HL1bqg/xDJGM312Wtwv4M9eHZt6J4VDvBctwOlxfKAWk0Ak2MLqm91IpNB3j9E4HbUY3Wfp574px5jbj_hEyL4W8V5XKzp0B-qihx1wz5NTFRFkQHGebFTXpOPNsa0keS5yOmwNeIUYu5y-68P5LynEVq36ChHno5uR9tjhEuwtZ9p8oRv5ZL9gMY0aTvAxZK9vvc08/SYvltBOAu9NlYWsUudUSw0DKngdxM1TFfOchT_McX7k),개미기획,2026.7.6,2026.7.31,미입하,,,김민지,07월,
런치백 샘플제작,PO074540,,,,,2,https://airtable.com/appkRWtF2j99XgBTq/pag4McZ2Tc7xALrrs?5hZOH=recxAQzdjTKyqRFGn&UvxrW=recVvHbjDeyq7ZpOZ&Aq5EA=,,개미기획,2026.7.9,,,26.7.13-7.17_개미기획,,김민지,월,
PNA53003_올웨이즈 양우산_A1,PO074741,PNA53003-신협중앙회,실크(올웨이즈 양우산),올웨이즈양우산(세트_본품및케이스),50,50,https://airtable.com/appkRWtF2j99XgBTq/pag4McZ2Tc7xALrrs?5hZOH=recxAQzdjTKyqRFGn&UvxrW=recMBvJS0Zn1OCFyU&Aq5EA=recRv9JzmKDouRzcB,,개미기획,2026.7.20,,,,,김민지,월,
PNA52881_올웨이즈 양우산_A1,PO074968,PNA52881-한국토지주택공사,실크(올웨이즈 양우산),올웨이즈양우산(세트_본품및케이스),230,230,https://airtable.com/appkRWtF2j99XgBTq/pag4McZ2Tc7xALrrs?5hZOH=recxAQzdjTKyqRFGn&UvxrW=rec06R8dUShBgKtgs&Aq5EA=rec7G54iUE3RaI4g4,,개미기획,2026.7.28,,,,,김민지,월,
PNA52999_HighLight 슬라이드 지퍼백_A1,PO075055,PNA52999-데이원컴퍼니,하이라이트슬라이드지퍼백,"실크, 하이라이트슬라이드지퍼백(M)",150,152,https://airtable.com/appkRWtF2j99XgBTq/pag4McZ2Tc7xALrrs?5hZOH=recxAQzdjTKyqRFGn&UvxrW=recKAW2LyC52h4aMl&Aq5EA=recmVrlvogqxzFOX9,"""Order_,PNA52999_HighLight_Slide_Zipperbag_M.pdf (https://v5.airtableusercontent.com/v3/u/55/55/1785405600000/Dqt2DUtVhvjzW9FLcIsgDA/xwDCcWylKROsBEEhZvBxUcESPKTgXCdbu7_hDC0TmPSS9iZwG8VEMMVb0lRZ1zf1F5XwpRPdWNLbennrWVAOQkhcz0XG1fz9sx-0MuhJCOUX_Rg8SKcSHi4_aBwGULH_jOrBr0VgR0NqW_-3geewaV-TMR01TeM-K36w95P4Zio1itfMUpxxgI5nFcoG41e8JzAHoiXFagA1o2BimTRsHA/10sMMA6JbAkQqqXYsVmBH8BMcvdjbc0qy22NZ-kCePY)""",개미기획,2026.7.30,2026.8.5,,,,김민지,07월,
신제품 개발 샘플,PO074389,,,,,13,https://airtable.com/appkRWtF2j99XgBTq/pag4McZ2Tc7xALrrs?5hZOH=recxAQzdjTKyqRFGn&UvxrW=recoaLSamCmT9dWvp&Aq5EA=,,마이 패스포트(Mai Passport),2026.7.3,,,26.7.6-7.10(2)_마이 패스포트(Mai Passport),,김민지,월,
PNA53163_미르(MiiR) 텀블러_A3,PO074869,PNA53163-초등교사커뮤니티인디스쿨,실크(MiiR 텀블러),"미르텀블러(12oz), 실크",50,51,https://airtable.com/appkRWtF2j99XgBTq/pag4McZ2Tc7xALrrs?5hZOH=recxAQzdjTKyqRFGn&UvxrW=recRra6rBZFbnhRQ5&Aq5EA=rec4SzOViGO0bncHY,"""Order_,PNA53163_MiirTumbler_WH_Silk.pdf (https://v5.airtableusercontent.com/v3/u/55/55/1785405600000/77V5UWQSQBhnFtlDhFiMGA/6DSX32PFZ4GG7rPxPVCAWh4L7UNbsgAUEZNaVgfDqZSMS9ow9DjXBXCvhtNwhd9LPDOerCZY_8i4wT56oo-GX5NJO8hUJNBWYUbxiNoRFQm48ewQ27RHeI5BDoPe0LJA7K41U3GXPo5xf2wQZhFX3Iy9WViv6Up8DCk21skFIp-Fj_0G_VZj3028AsljuLr0/_tNDK3hZtZ663UAtuTZLH5UfWZBrwcs2kP60sec-ink)""",신명인쇄,2026.7.27,2026.7.30,,26.8.10-8.14_신명인쇄,,김민지,07월,
PNA53040_스탠드-업 칫솔_A1,PO074891,PNA53040-셀트리온,실크(스탠드-업 칫솔_바디),"실크, 스탠드업칫솔",55,57,https://airtable.com/appkRWtF2j99XgBTq/pag4McZ2Tc7xALrrs?5hZOH=recxAQzdjTKyqRFGn&UvxrW=rec1yj6STbSskKqZV&Aq5EA=reckizD0lrY1iGWe2,"""Order_,PNA53040_Toothbrush_Standup.pdf (https://v5.airtableusercontent.com/v3/u/55/55/1785405600000/OSwRhYZeyYvAecA46o-3rQ/V8NJew34TkFsndIYxpx5ewwtDpUsyWDluyB885WC6VbDcm5EATxrCtNtWyqmrpB9vh-PaQvypLXzF-K4OOFNBZKvABbiVkSfPacSFLi9Cp2uNzxOn4V0RBvJqJbD5H9bmXezehQVTLuWuVdGiSLZAR7mMRRUh1tFNttt6o9hhaL38KKOwsuuD_NRV_vV9Fkh/Uw1HqB8pFtfS_YQhUgHff8Gn4DPeb5bUDkErQUAZZ8A)""",신명인쇄,2026.7.27,2026.7.30,,26.8.10-8.14_신명인쇄,,김민지,07월,
PNA53040_미르(MiiR) 텀블러_A3,PO074885,PNA53040-셀트리온,실크(MiiR 텀블러),"미르텀블러(12oz), 실크",55,56,https://airtable.com/appkRWtF2j99XgBTq/pag4McZ2Tc7xALrrs?5hZOH=recxAQzdjTKyqRFGn&UvxrW=recOoeYJJyZ7dBjXB&Aq5EA=reckizD0lrY1iGWe2,"""Order_,PNA53040_MiirTumbler_WH_Silk.pdf (https://v5.airtableusercontent.com/v3/u/55/55/1785405600000/LTwWnMGq-Ae8cqyez1znBw/4Z_6ptGbHXtGhehun-Z8OPmPAD16DE-cUx1NAjn2PUXUJTuXHNQeusWfWBa18epkBQ2Oq4hy6NCzzdD80xGNjHKYFr8KjUY-SvBagmN9vg863_Q_icKNk52jUlo6vp_5sEj179wcydKzI47l7VuiHF4YW83UWekE9ZHRC2OaHX4taK0dbus_FyMkZyj01TrK/YT-7ZDX4qavbdbZt0uCGHQTiD3I_q9YFgYCvGYFHAnk)""",신명인쇄,2026.7.27,2026.7.30,,26.8.10-8.14_신명인쇄,,김민지,07월,
PNA53040_스탠드-업 칫솔_F1,PO074881,PNA53040-셀트리온,실크(스탠드-업 칫솔_칫솔케이스),"칫솔케이스, 실크",55,57,https://airtable.com/appkRWtF2j99XgBTq/pag4McZ2Tc7xALrrs?5hZOH=recxAQzdjTKyqRFGn&UvxrW=recjyftdKHmki7Wc3&Aq5EA=reckizD0lrY1iGWe2,"""Order_,PNA53040_Toothbrush_PP_Case.pdf (https://v5.airtableusercontent.com/v3/u/55/55/1785405600000/B94OVA2DjZERO9h7hTU5Iw/C0NiaEkq_89e7ceW_Lmu1x_U9YAXtjJVh-SCwpkt1krQyr4sW-ZAtrfK-WU0bqC3h58oewwaMZoM6JC38etgRNHxZpUfC5CKg17GIBdB6WycjUcKG32fAxlf_JLAFbODpBfvCHaNheroYelLai71PhuuRo1kGyxA3GliW35r7q1xLjEknIrqncLH23w5Ot7l/2KrzOeQ8onSL1_xF0o5l0W-JsZ6320XTU5WjVYiBYwM)""",신명인쇄,2026.7.27,2026.7.30,,26.8.10-8.14_신명인쇄,,김민지,07월,
PNA53110_미르(MiiR) 텀블러_A3,PO074922,PNA53110-에이투시스,실크(MiiR 텀블러),"미르텀블러(12oz), 실크",100,101,https://airtable.com/appkRWtF2j99XgBTq/pag4McZ2Tc7xALrrs?5hZOH=recxAQzdjTKyqRFGn&UvxrW=rec09ZKsT7QJ7aw9f&Aq5EA=recMWWPXSEmvd3s7a,"""Order_,PNA53110_MiirTumbler_WH_Silk.pdf (https://v5.airtableusercontent.com/v3/u/55/55/1785405600000/0JMnDwvXyrCtA3q73h-0hA/aRzvK3DsV6gYiv6Pb2CTR3e8wW2q1pQAUNI7wTc0GYy5AHLYcd1h_rFgcR7K80FH3MWHRKnRH29DyYo8YXRmbwNsQ_tiB-syAuRp3CS_TQsKyf_zPBacnO89q7CZwTF7Hr_rC5t_u43eD9aAHO33Cc929oQHNGB3igVl8wMZd5EU91qpdRyZSc6DJl9t9qKe/4PEMUYLZ81ZwftYT5Gtja3EABcJl43PtNZ7vJRdTck8)""",신명인쇄,2026.7.27,2026.7.30,,26.8.10-8.14_신명인쇄,,김민지,07월,
PNA52642_스탠드-업 칫솔_F1,PO074977,PNA52642-티비에이치글로벌,실크(스탠드-업 칫솔_칫솔케이스),"실크, 칫솔케이스",100,102,https://airtable.com/appkRWtF2j99XgBTq/pag4McZ2Tc7xALrrs?5hZOH=recxAQzdjTKyqRFGn&UvxrW=recBSlgRY25SENB5P&Aq5EA=recUHQSIzGclNqDWM,"""Order_,PNA52642_Toothbrush_PP_Case.pdf (https://v5.airtableusercontent.com/v3/u/55/55/1785405600000/ib4F60bCU0gKMaaw3tgwbg/1LCSA7qeOYqXlB3sSVZ4n6ixYSXrFUgXBy-gVCBxAVMjIXN4govNpbis0Pqb7eOAsdkWPWAZT9Sm5V96rWYuDV0e6FYL7gsDMy5F1B6A9l_iJBpvMv78Y_y5kBe9dD8JS2zIJj0Bs5Uxf-m_WjyB-rbclqQ7dexuDJymK3Egjbyla3FHFeA454t0w0g2J--S/DsOXq4__UqlHKwQ2ASg2J3soJMjR3Q7aizcR-jpO-00)""",신명인쇄,2026.7.29,2026.7.31,,26.8.10-8.14_신명인쇄,,김민지,07월,
PNA52642_미르(MiiR) 텀블러 [2]_A3,PO074986,PNA52642-티비에이치글로벌,실크(MiiR 텀블러),"미르텀블러(12oz), 실크",50,51,https://airtable.com/appkRWtF2j99XgBTq/pag4McZ2Tc7xALrrs?5hZOH=recxAQzdjTKyqRFGn&UvxrW=recSBEiBYMb5myY3t&Aq5EA=recUHQSIzGclNqDWM,"""Order_,PNA52642_MiirTumbler_WH_Silk.pdf (https://v5.airtableusercontent.com/v3/u/55/55/1785405600000/XUms3BylDHlQX8_dtE0Y9g/m_CX56YDF8Ji77f470VPyKs9_WedSTK0cw3LJAvQgzDwHkU0E11foBfftiFuQ2inzY0KWoN2dGWhxeO_Esr8YVXsUVFdavvD0sKFhzReF5aP1L3yjKzNTN8OHoRLQ9gmJ24vWzloPfD0i6WrJaaRHYx79rQW6Z__tIYBVBiDnmUU5osIbnWoHWotTQL7SZVj/4b6P8MFmSZvVVMwEWHwlNLEO8IeFxuilPYtgME_P-lI)""",신명인쇄,2026.7.29,2026.8.11,,26.8.10-8.14_신명인쇄,,김민지,07월,
"픽미,베러댄텀블러,시계 샘플건_조민정님",PO075005,,,,,3,https://airtable.com/appkRWtF2j99XgBTq/pag4McZ2Tc7xALrrs?5hZOH=recxAQzdjTKyqRFGn&UvxrW=rec6kZin6Acp2jHRJ&Aq5EA=,,신명인쇄,2026.7.29,,,26.8.10-8.14_신명인쇄,,김민지,월,
PNA53212_스탠드-업 칫솔_A1,PO075024,PNA53212-오토앤,실크(스탠드-업 칫솔_바디),"스탠드업칫솔, 실크",100,101,https://airtable.com/appkRWtF2j99XgBTq/pag4McZ2Tc7xALrrs?5hZOH=recxAQzdjTKyqRFGn&UvxrW=rec2Z4KjWxEqk7AxL&Aq5EA=rec1sd7HSFxzpWjuH,"""Order_,PNA53212_Toothbrush_Standup.pdf (https://v5.airtableusercontent.com/v3/u/55/55/1785405600000/2CDoqZktfcH0Wzx0TCQ0Fw/YpaQR-5fapt3lYhWUwzb-KK3M-U2qhjFtZNgIK_-QuEe8tjbdEc5RG5nU4KsKc0yef_eFk3ZxvDcWf3BNZ7-WAGaZRWtlaKzK1Yo3eIHBagnXZ7zMqR5sYlS9cEZM0mXdLn6E_RZFk4QvfC8A2uhFe7ONPnxMe04wwjN6ShP-pufpq90Ly6YK5_dy862r0to/aRG_t7Pt0AncXz25Y8MJyYKqLsTrrtvC54-gE2OQVGI)""",신명인쇄,2026.7.30,2026.8.11,,,,김민지,07월,
PNA38461_0729_6691,PO075009,PNA38461-26년7월_재고생산,노트북스탠드패드_패드(블랙/비건레더),,,1000,https://airtable.com/appkRWtF2j99XgBTq/pag4McZ2Tc7xALrrs?5hZOH=recxAQzdjTKyqRFGn&UvxrW=recSpqtZp6dD4qouO&Aq5EA=recdLBecYeOxUwCQb,Order_PNA38461_PO075009.pdf (https://v5.airtableusercontent.com/v3/u/55/55/1785405600000/qVEtuLnGUoI-7dXlSE2CXw/TlkhYFVEe5Uj69fuIXtVWwr-sZJ2ehJp3A5gNN8k2sBUhdyahbDaPM5dzGYgXbvXCiSBmm0JpmiIzZLvy-e_i45D8VhEdgsEj-f_m4S0uOtzZGsA5vzM5BlKU7pQC7JXu5rpAln9HrnIZe3B7FTCpcEDv_bm6X5ydyBkduqBxAzYEaThdN0YkbNq1spZawMC/EdzLh4PebS2UCMNm5Xc6oeVRcOXJnYOFTOFoUXV-k5I),아이티에스글로벌(ITSGlobal),2026.7.29,2026.9.25,,"26.8.3-8.7_아이티에스글로벌(ITSGlobal),26.9.21-9.25_아이티에스글로벌(ITSGlobal)",,김민지,07월,
PNA52744_프라우드 투톤 명함지갑_A2,PO074837,PNA52744-삼성바이오로직스,프라우드투톤명합지갑+인쇄,"펠트스트링파우치, 프라우드투톤명함지갑, 단품박스, 공박(음각)",100,101,https://airtable.com/appkRWtF2j99XgBTq/pag4McZ2Tc7xALrrs?5hZOH=recxAQzdjTKyqRFGn&UvxrW=recVS7rH6uUuoJeqs&Aq5EA=recDlFghuymfNJ35g,"""Order_,PNA52744_Proud_BusinessCardHolder.pdf (https://v5.airtableusercontent.com/v3/u/55/55/1785405600000/521b_7hLSsW1SEEcu0WJew/Vu0ZS3xALPADkKyFC5Ge_jNm_6ZpjmTh0vkKrgE5UNXMZGMlP4ogyahBx5AtvVh02POJzPmWnoS9MBJPxD40nwVbyXCl3AqIbkM7q0jeostQc7tQyS-HmKdOP_LQoJDbTNPfX8-TXT2-ndtaaMwHhTOLXC7f1rY73LPWjbj76zVPD4jAVbGaO_ytS25kRgv5tFQ4C8RRFGfMR00H_TfrgA/js2uvOqaO7rb3HmWJeDtfX4GEuETo8sMgnZe4pitUgY)""",엔엠텍코리아주식회사,2026.7.24,2026.7.31,,,,김민지,07월,
PNA53168_프라우드 투톤 명함지갑_A2,PO074930,PNA53168-주경신,프라우드투톤명합지갑+인쇄,"프라우드투톤명함지갑, 공박(음각), 단품박스, 펠트스트링파우치",100,101,https://airtable.com/appkRWtF2j99XgBTq/pag4McZ2Tc7xALrrs?5hZOH=recxAQzdjTKyqRFGn&UvxrW=recAEWacpATsfOtPX&Aq5EA=reclZ4gAYxEuB43Nl,"""Order_PNA53168_Proud_BusinessCardHolder,.pdf (https://v5.airtableusercontent.com/v3/u/55/55/1785405600000/n5TWDK50KmpaT-zCXOqlZg/7vEW-m4lp6Y4CntncnyQRQmjWM_Q5eZ34RyEVUgNo0E0MuSWgIGtUF5WDigrrnSlty_H0yu29foszaFR-rJMxqvj6dKAx6omt73S_Jw61MOkx_O2me5_URFHM-FCHh3cJHJSw0KLXbVyvWIvhR32QTVOA6c7rPt0OZDrFeZkOQc_tstkmNyIpB_YBJNJGG_CM2i8XAzr7nWEVaXt0E9SMg/woyUvEOnVoQNorpYnNTQwNnjaxBoESNBBqN2hKfNgn8)""",엔엠텍코리아주식회사,2026.7.28,2026.8.5,,,,김민지,07월,
PNA53212_프라우드 투톤 명함지갑_A2,PO075025,PNA53212-오토앤,프라우드투톤명합지갑+인쇄,"공박(음각), OPP, 프라우드투톤명함지갑",100,101,https://airtable.com/appkRWtF2j99XgBTq/pag4McZ2Tc7xALrrs?5hZOH=recxAQzdjTKyqRFGn&UvxrW=recvhXiwvzZDFrN4A&Aq5EA=rec1sd7HSFxzpWjuH,"""Order_,PNA53212_Proud_BusinessCardHolder.pdf (https://v5.airtableusercontent.com/v3/u/55/55/1785405600000/8HNjkAuwUn6SoOZ0zTGXJQ/d4uwngAwicvFvTtRWtWsvXT-h77qt4WB1qIcTgFEEA46RCm0HGMp9IVTsmqSh9VpSU7V9Q9GNzwHS7XdBsdoRqyDq63MMrnZbz83Ss-IMGF51kZFqXdq7_Rt4HMdMNcljhMfJqvSJrZWmF6LCqHs-RsNjL6HmizM-m-G0sgVjGC_W5IswZm52xdGt6Z12ej-WbBv8K9XdZfgK_72VAzNvA/h0oQbOJX-JfBUbJ9aCNA038_w0ZZdKTy1kYLvxm76O8)""",엔엠텍코리아주식회사,2026.7.30,2026.8.11,,,,김민지,07월,
PNA52987_아트워크 타월_A1,PO074948,PNA52987-문화기획상상,아트워크타월,"아트워크 타월, 컬러전사, 컬러전사",220,444,https://airtable.com/appkRWtF2j99XgBTq/pag4McZ2Tc7xALrrs?5hZOH=recxAQzdjTKyqRFGn&UvxrW=recOZBIbYZl4ycqnx&Aq5EA=recb9B0gzDVggaEQa,Order_PNA52987_PO074948.pdf (https://v5.airtableusercontent.com/v3/u/55/55/1785405600000/4cwMLqsW_wN4lpYkQHD9Mg/hV4RMDgVt9Zuc-X8Z5SNgA7YSqgTCTiUxmyjkEw-Ktsq3Yw4Dvp_1FBJFGoQWvLPqLPMmfxZDPJDkjyNd_1LzSC6kPY5U4a_VsL9_m0t8Uq6heMwCofxXd6a2rXOTIrVorXP4rbHibBqe6H3xaB4Qj2pm59gGVRMZ5wb11YRMjxYxCfMba5nExEl-gGedLpX/Dt6cWdOsdBjYnXo3k9c8AfRPmCUpnQ8ERhIy5zF81Mc),유노타월 유노디자인,2026.7.28,2026.8.10,,,,김민지,07월,
PNA53149_하우스 핸드타월 [1]_A1,PO075014,PNA53149-교보문고,하우스핸드타월,"자수4도, 하우스핸드타월",150,152,https://airtable.com/appkRWtF2j99XgBTq/pag4McZ2Tc7xALrrs?5hZOH=recxAQzdjTKyqRFGn&UvxrW=recuFH6ekk4ED9fja&Aq5EA=recQoPuuFgK42nZzh,"""Order_PNA53149_House_HandTowel_A1,.pdf (https://v5.airtableusercontent.com/v3/u/55/55/1785405600000/rhcnSPEdLfPSgd9I1yosxQ/tO9S7FeisTWGKtSGmwWAqy4IlyKzoKKqmg6isAhkSkGxe5tQOUBuFTxMdtPqLliboij0n7JCz6BS7ACsddWfhflGU4P1q5jLQGiXG0y0idb8obARxaXf3oAxwq4pfyy3tuwqKTFiWvrktiAMwmnts-k5vaiY4uuNISgC7jDFZYNU3eIz1FFvqNqUorOMkHxF/t-G8Nh22X3rboFnS-aS5U7aNcMxSPIcNvg8TJp4EiM8)""",유노타월 유노디자인,2026.7.30,2026.8.11,,,,김민지,07월,
PNA53149_하우스 핸드타월 [2]_A1,PO075015,PNA53149-교보문고,하우스핸드타월,"자수4도, 하우스핸드타월",150,152,https://airtable.com/appkRWtF2j99XgBTq/pag4McZ2Tc7xALrrs?5hZOH=recxAQzdjTKyqRFGn&UvxrW=recVNkoLaoIBEx07Q&Aq5EA=recQoPuuFgK42nZzh,"""Order_PNA53149_House_HandTowel_A2,.pdf (https://v5.airtableusercontent.com/v3/u/55/55/1785405600000/sX7hbqmeBr1pJdUqdkAw8Q/VLLea5UkMksyJW7ugK1ftT7wxWj7wQWB_eEk_d5Y4ftnGhAM5FlOsqcc3N22TTf4E99BOVEaaRl33_04m4cIDMfTa4BEcbAd1KUlV-mmXs3W8fUNb_n66s4nKOYgz1U7tJc5GLcOOzsdlGV9C_KAbceb8yXqylrDbMJ8iGFjrhLnlL4cY53Jr5Vj9aBj-Uza/-yOd31eUsl-KCHyYud1RUprBVDoxivw7kwjZP9X47tc)""",유노타월 유노디자인,2026.7.30,2026.8.11,,,,김민지,07월,
PNA52791_포켓 마켓백_A1,PO074503,PNA52791-유네스코한국위원회,포켓마켓백,"완제품공임(포켓마켓백), 포켓마켓백, 실크",1000,1003,https://airtable.com/appkRWtF2j99XgBTq/pag4McZ2Tc7xALrrs?5hZOH=recxAQzdjTKyqRFGn&UvxrW=recq1kkwfQQi4W9dM&Aq5EA=recXtLOiB5ZIFe5r4,"""Order_,PNA52791_PocketMarketBag.pdf (https://v5.airtableusercontent.com/v3/u/55/55/1785405600000/YgERcZAXHBDi_MD0mO-r-Q/RDEelgdx1xSxyCCPIVnR6_U2yYItFfDPH6JeOhLojM3ZQCnsFHoBEK8ZZ0Y130PCxfsVcDpU5CXraPtcvm8y6k-CrZvzaZr2sarLckVyPDm1KAT_6MDwq1ksDhr6cmci2U3Z6WF-WTRmm1i-5FQ_5UPsy7zSFfIcODTxmhEn1yPeV9oqmZlqZEQRBNH-d8Io/k7xpYPc5rOaCnKBBYPstzx8QXbnqiEGihFlLZkpqT4A)""",유어백,2026.7.8,2026.8.12,,26.7.13-7.17_유어백,,김민지,07월,
PNA53079_포켓 마켓백_A1,PO074816,PNA53079-삼아사운드,포켓마켓백,"실크, 완제품공임(포켓마켓백), 포켓마켓백",170,171,https://airtable.com/appkRWtF2j99XgBTq/pag4McZ2Tc7xALrrs?5hZOH=recxAQzdjTKyqRFGn&UvxrW=recFMpbHGAwEEy3DI&Aq5EA=rec1Dr7wNdhbeO6mJ,"""Order_PNA53079_PocketMarketBag,.pdf (https://v5.airtableusercontent.com/v3/u/55/55/1785405600000/Hqftn1g9Mw4HY5z7nRNsSw/CfPN-vyiex89FhE2cUPH4uZ0hEfJNj8ctnTwl5pfLUnNXHarCqosOcSGStv16ohFWnZANRikF3UnqBI_ZLgIICgKvFMQ00u_D4eGYmtPfJd2PMlFFGSU_2mfjSHocWpB97eZwid-Yay6-BsSm_wk6N8N4amm67ClaoawAX1ZcZMxvfatFLQ5EXSvqO0t68Eg/07h_FxqtGJoNdWpl0hjxwKY8OxFyNIwWTeLI4r60p4Q)""",유어백,2026.7.23,2026.8.6,,26.8.3-8.7_유어백,,김민지,07월,
PNA52735_레더라벨 캠핑체어_A1,PO074650,PNA52735-삼성전자,불박(레더라벨 캠핑체어),"레더라벨캠핑체어(세트_본품및파우치), 주의사항표기서, 레더라벨(체어시트), 공박(음각)",750,752,https://airtable.com/appkRWtF2j99XgBTq/pag4McZ2Tc7xALrrs?5hZOH=recxAQzdjTKyqRFGn&UvxrW=rec1LDzGhwhiX5R7C&Aq5EA=recBAXKpOZQFd23IT,"""Order_,PNA52735_LeatherLabelCampingChair.pdf (https://v5.airtableusercontent.com/v3/u/55/55/1785405600000/5KqKV4MC9m-SCNnWGasajw/KoE77qvi944CAWDFM_sjMuKQ0r6MBsSBbQxGcPIfowq_Ie_mXeMbr0EqIiFairmerFVOvkIlM4D8cy5qNu0y81LuxhakI0ceCsJURfRoHbjqJeGMG_RW24JcDe5I8ErPJlBIZSLixUrgoZAiK3G3Z6GyTWJg6W7gO7MEZSWLowRpiWNh5FeJcA95iC8uxvbUEXHa4YoMhjzEsxmj8mv2Og/kY2XJVL4eQG_lAppkAaj5GFkP6grGmquZ_keyCSfdqs)""",유엘상사,2026.7.15,2026.8.10,,26.8.10-8.14_유엘상사,,김민지,07월,
PNA53098_매트블랙 텀블러_B1,PO074875,PNA53098-한국무역협회,불박(매트블랙 텀블러_가죽슬리브),"가죽슬리브, 공박(음각)",230,231,https://airtable.com/appkRWtF2j99XgBTq/pag4McZ2Tc7xALrrs?5hZOH=recxAQzdjTKyqRFGn&UvxrW=recgGmqkYA0Li7hhs&Aq5EA=recZHyMcsg5QVcZXD,"""Order_PNA53098_Matt_Sleeve,.pdf (https://v5.airtableusercontent.com/v3/u/55/55/1785405600000/XhHxm05nOjTPu9xhllSlCQ/jFaEtkNaVMpCWJTHYKgN52KtCqJ-BmGYJh3-_9XNMFIL45S4YIh08tkK8-fxfpN4VbZKE_zhxLmmEvQHfXZT237sUZqrqnHEEWVyt9cOC_QwnOgXjI-CbJMw6SjlC4pDHjkL91XYqil24Jbjs2T4do5PN3RWrQ4xvLQZQoeb3eFW0Ta7boTWb9GsiwpvQBeH/SZ__eB7E9Ecg4P1v1xQauG0sGnuCY5IFOuLGAGNSu3U)""",유엘상사,2026.7.27,2026.8.11,,26.8.10-8.14_유엘상사,,김민지,07월,
PNA53165_매트블랙 텀블러 [2]_B1,PO075019,PNA53165-주한미국대사관협회,불박(매트블랙 텀블러_가죽슬리브),"가죽슬리브, 공박(음각)",100,101,https://airtable.com/appkRWtF2j99XgBTq/pag4McZ2Tc7xALrrs?5hZOH=recxAQzdjTKyqRFGn&UvxrW=rec964WweeLnNzSQk&Aq5EA=recoaHbjmTnZHb4uC,"""Order_,PNA53165_Matt_Sleeve_B1.pdf (https://v5.airtableusercontent.com/v3/u/55/55/1785405600000/W1XULGUuVM5VRFXVHKxldg/aenvewgbLlFFcHJU3_j_D6rmjREroTrS4iB5GY_04LAXNnMMWCu7MiQXUMcev9Q3mgxrPRKq8VdAOBEy3VppweXQyDnZfADPcyZIi3fr-49g3hH0QSRSDEUz1suRmo_-vL_fv7BZrCC0eM-EYLjA2u6asUkO0jGIf-cFWzpPGbcEXlxkhV7lcx9BNqnpqcR3/4zohGk9EO2dpFjVegrqNB3Fy34Xobadhhl183dHH2LI)""",유엘상사,2026.7.30,2026.8.10,,,,김민지,07월,
PNA53165_매트블랙 텀블러 [1]_B1,PO075016,PNA53165-주한미국대사관협회,불박(매트블랙 텀블러_가죽슬리브),"가죽슬리브, 공박(음각)",100,101,https://airtable.com/appkRWtF2j99XgBTq/pag4McZ2Tc7xALrrs?5hZOH=recxAQzdjTKyqRFGn&UvxrW=recLtD0cHcZl3qzw5&Aq5EA=recoaHbjmTnZHb4uC,"""Order_PNA53165_Matt_Sleeve_B2,.pdf (https://v5.airtableusercontent.com/v3/u/55/55/1785405600000/NLJ1sy-8wBMGD95TmJXI9w/PkccGEuF5ikdeha7W2HkQ5qneqjHNvBFLpQkDOb-MnscVD4i-tFcllXJmCHj-CX-sQBaLzZd4lSl9fSs2ZlFC-ul0l_jdscuRITgMAWH-Y_w9MCHxWYzGLIWDE6jrErjNzy5FKzfUfq7UNbFeAMeUBQ2OGzbK2BhLpCYk-ft2lOo4_rKW6xfPjmkq62T9XbA/6iij-Dvrxi6X-Xt9hPqdtNgPDEMV31mz9KquuWnK1bY)""",유엘상사,2026.7.30,2026.8.10,,,,김민지,07월,
PNA38461_0728_0651,PO074943,PNA38461-26년7월_재고생산,레더스킨다이어리(블랙),,,6000,https://airtable.com/appkRWtF2j99XgBTq/pag4McZ2Tc7xALrrs?5hZOH=recxAQzdjTKyqRFGn&UvxrW=recdR9YxHR2LnDoFr&Aq5EA=recdLBecYeOxUwCQb,Order_PNA38461_PO074943.pdf (https://v5.airtableusercontent.com/v3/u/55/55/1785405600000/5fVezWc3RqWLK2duB2xeHQ/ddDBpr89Lh9aHLkSbXSN8zVWxWXCecs7La0JbgsTS__jV7B1fqE6QIgWZzdNvPbpWTLNN4rkhEj7VuhwVOcroiGtttisjEqIONP3TUFoyAjp9NT-HY8xdeMx2K6P6IT0lvf3jyyTtLZD_56Pl9DVPhyU_vaBgYiY31SHTKCZGQS67rj3Fq-mzbkHtxmxNPoi/igs6u2IHq0LFdS5eTeIXquT4k9mTexSF7ywq5l5AQG4),주식회사 디자인오엔,2026.7.29,2026.8.28,,,,김민지,07월,
PNA38461_0728_4681,PO074944,PNA38461-26년7월_재고생산,시그니처다이어리(블랙/2합),,,10000,https://airtable.com/appkRWtF2j99XgBTq/pag4McZ2Tc7xALrrs?5hZOH=recxAQzdjTKyqRFGn&UvxrW=rec4NgIgZLDJaa2WV&Aq5EA=recdLBecYeOxUwCQb,Order_PNA38461_PO074944.pdf (https://v5.airtableusercontent.com/v3/u/55/55/1785405600000/244DdAhQJDb0IKIySoP_aA/N9MfsneJChsWrlvunc4yusaDYnxFYLy6gqA_oIhHpVriHdublkQrNq9XpFQr8AaH5y6GiCHC4JbI-IaqE_Si3eBvB4fKfJiKjch_luSP85TDG0k3HlFHqnZo0RXy-__rdqvcAOBQKB9RpaEZ8MGAMkKvMrRTIEmgkZ6C6UaYCDPiCZQ4skiubnrr9IlOGDWg/hEd_pu1f-95PP3GjjT36WU32K7YPjllax8C0qpErwuY),주식회사 디자인오엔,2026.7.29,2026.8.28,,,,김민지,07월,
PNA53212_레더스킨 다이어리_A1,PO075021,PNA53212-오토앤,레더스킨다이어리+인쇄,"공박(음각), 레더스킨다이어리",300,301,https://airtable.com/appkRWtF2j99XgBTq/pag4McZ2Tc7xALrrs?5hZOH=recxAQzdjTKyqRFGn&UvxrW=rectWrfFFC8TV2oOG&Aq5EA=rec1sd7HSFxzpWjuH,"""Order_,PNA53212_LeatherskinDiary_Cover.pdf (https://v5.airtableusercontent.com/v3/u/55/55/1785405600000/JH5Ur-hx4dgTaHNnEs69BQ/-SfMLmNVoiItkpogZkOj8TqklUgciHchvNmEmC6qdHBBoBuOj415II-B76Z9kwGvLG_sYFxhlfowfApbOSlsdJEaF2ftWKFi1KWDOUFjgphhm3PqNJ-SIfk0EggcvtHYQZbDlm__gCkBD482812mBgiPK0S09m7fqfqbVvF9jdG-En-bqn3U6l-ksUp6ycworxEONBTxg1uYCwh6sCo97w/dEBMUTyxCPZQGmHgoP5TC22l_UW5SewtHJXxiZwUtto)""",주식회사 디자인오엔,2026.7.30,2026.8.11,,,,김민지,07월,
PNA52816_시그니처 다이어리 [2]_A1,PO075002,PNA52816-툴커뮤니케이션,불박(시그니처다이어리),"시그니처다이어리(2합), 시그니처다이어리_밴드, 공박(음각)",100,101,https://airtable.com/appkRWtF2j99XgBTq/pag4McZ2Tc7xALrrs?5hZOH=recxAQzdjTKyqRFGn&UvxrW=recdj0qMGSs2lJlz5&Aq5EA=recdKVkcZ5X1knsTc,"""Order_,PNA52816_SignatureDiary_Cover_A1.pdf (https://v5.airtableusercontent.com/v3/u/55/55/1785405600000/GahFS79c6mc_ZeJXrC6Ljg/ivIV8qJO6zQ7L91Afl3lpDjX8WaWpqe4sHiRbhKMnKhCMrNqfJI3KB27bwDqiyyHVTc9m7BH8Qr-GeEPkRLHvrJsK_y0cRZ3zL8BnKUgpzJE0uWPMCopaeOZgtlFTHJudpqoi83CWkAnvx8-C_wyhVfK0tNQPXpgnKL5Bcn-YmQyWmpPsbRSGi8pJLYLNC-disU_xTaWyRCorPjeBAdYbw/TmrS1puM7vu4uZ96bC9tT6fQw-8KXn20enkM4IA5B7A)""",주식회사 디자인오엔,2026.7.30,2026.8.11,,,,김민지,07월,
PNA52816_시그니처 다이어리 [1]_C1,PO075001,PNA52816-툴커뮤니케이션,시그니처다이어리,"공박(음각), 시그니처다이어리(2합), 시그니처다이어리_밴드",100,101,https://airtable.com/appkRWtF2j99XgBTq/pag4McZ2Tc7xALrrs?5hZOH=recxAQzdjTKyqRFGn&UvxrW=recV6K6KJJwTnRhBH&Aq5EA=recdKVkcZ5X1knsTc,"""Order_PNA52816_SignatureDiary_Cover_A2,.pdf (https://v5.airtableusercontent.com/v3/u/55/55/1785405600000/1vIXJSYDAbTU_lr9xWIRgg/ku-n-EMcvAk3OuapXqfUTIpfh8ut3siQD6JNY9osydN8qZ9rqRsmex5QTVH4zxrhRqtWolRy8y6UArxGVijx3h-cWiJp6Qt8kPiBbotMxAOGmJKUe7p_ROZV12AGYdCxSurSWaAmepizbbEKI62zMe7JxOeb4B3kn6bxc905O5xBMMxk9UP5GnkJ6xWirU3U_yVgQ9wnS1bJhxODR_8PIw/dslycHPVURQVNGVwok_iL2PQrm1HaaZkkHvxOj6Cexc)""",주식회사 디자인오엔,2026.7.30,2026.8.11,,,,김민지,07월,
PNA52999_시그니처 다이어리_C1,PO075053,PNA52999-데이원컴퍼니,시그니처다이어리,"시그니처다이어리(2합), 시그니처다이어리_밴드, 공박(음각)",150,151,https://airtable.com/appkRWtF2j99XgBTq/pag4McZ2Tc7xALrrs?5hZOH=recxAQzdjTKyqRFGn&UvxrW=recNz7lKVqCde9spn&Aq5EA=recmVrlvogqxzFOX9,"""Order_,PNA52999_SignatureDiary_Cover.pdf (https://v5.airtableusercontent.com/v3/u/55/55/1785405600000/JbQ3t7T-QgQr1OjcsiKVMw/jRVF_bY1BGfxHJikaP7zPydKix9LTkF5CzgNiYYQcvgxgf9wu8Xk9N6Q0XgWmrS1XHxqMvp60YNRy0FMDPWn8zaEIHsQVPhGzVPEJSOJEmfErZRvxY5U7AHd3q-sH1KyPT1Mc6U7QNXotgpe9zI04i02KUdo9jETyCSoaxaM5Sx-Drq128M_Sa2CjE5iI3ifmbIKlDamX689UyEHEj95TA/j3nbdZtM3RgghA9kRonHe9CUljoPdnajhJFZRTtyutg)""",주식회사 디자인오엔,2026.7.30,2026.8.5,,,,김민지,07월,
PNA52621_오피스 마우스패드_A1,PO074918,PNA52621-삼우씨엠건축사사무소,오피스마우스패드+인쇄,"공박(음각), OPP, 오피스마우스패드(스탠다드)",100,101,https://airtable.com/appkRWtF2j99XgBTq/pag4McZ2Tc7xALrrs?5hZOH=recxAQzdjTKyqRFGn&UvxrW=recPOtE4faJZ5Uijo&Aq5EA=recBccGsuPgfoabUx,"""Order_PNA52621_Mousepad,.pdf (https://v5.airtableusercontent.com/v3/u/55/55/1785405600000/nEld_PlLsBQpxppiMMNZMA/uGLVT_fh6TVXgtpuHFaMp8IUOHRok-pFFjGNJyG2mAzstinyvqpHBXhMtWrB40JK_E0uIYqtl1Jf_3b7lxeYBFcXrelBj4GU-j8zSwNM46LQl3m_uaISFAfITvMvhoG0iYvRC06rbctx8LxZHZiaj0AW1gPA_uk7_w8VSvXhSTLDxIQ4Ot1zPJ-SZurAQ6U1/7_mXKdlXJDanhLR6llhks7XCZtXsZpi79oIJuaMtrko)""",주식회사 이루커머스,2026.7.27,2026.7.30,,,,김민지,07월,
PNA52276_미르캠프컵_P1,PO074862,PNA52276-뤼튼테크놀로지스,,,300,305,https://airtable.com/appkRWtF2j99XgBTq/pag4McZ2Tc7xALrrs?5hZOH=recxAQzdjTKyqRFGn&UvxrW=rec3hlz5C3XqTdzpR&Aq5EA=recxwztT57ROxBvIS,Order_PNA52276_PO074862.pdf (https://v5.airtableusercontent.com/v3/u/55/55/1785405600000/8ponKYQ-FRKgc6qjto55hA/CJsMCbQg2Tl7iiOxPYLz6QU3hMoinCX_ZACEIJpHYwGP8P1LybSNIjWAJX046BboUFoa9qpd_T2i8_Z5-ALWk_hDECPn6xVG9x7Cb3rpcRc0VstB-vWTSBcUITv-J0_j5-M1O-Z5D9UGNeV2ebYv1Ylm6EiY-LVAZbnGDhMqyiZF2g3B-ItyfvWJuvz2OoEA/kWcsDrTRRWOi-B1yXog5p1OxNgxdTSdmr-JI8fLCqtA),타우하이텍,2026.7.27,2026.8.12,,,,김민지,07월,
PNA52642_미르(MiiR) 텀블러 [1]_A2,PO074985,PNA52642-티비에이치글로벌,레이저(MiiR 텀블러),레이저각인,50,51,https://airtable.com/appkRWtF2j99XgBTq/pag4McZ2Tc7xALrrs?5hZOH=recxAQzdjTKyqRFGn&UvxrW=rec6AEg8fptlOuwAS&Aq5EA=recUHQSIzGclNqDWM,"""Order_PNA52642_MiirTumbler_BK_Laser,.pdf (https://v5.airtableusercontent.com/v3/u/55/55/1785405600000/9x8MSGNPS3U1yNeYknp6uA/8iOLlpQFFSPpvl3phJ66zFEG9oXjl99uew0WlLARaakW8bLybbfVmL9PE3irCYLB4q2PPLqrcd421YE92nAfqn_dweBEo8B368BpFxDtuNtIN_rSMqm5lGAjxjkh5CTKH3qwb2rp3XwnLka1m9z5KVO4Q5kB3Vng421gwWgxx3nTk5Gkh4i_-KE2guJ3quVuN8KiUJvIYE-vYtgGMlbvJA/GgOdIn14eCtZVHKMygdd2aeYOKXh_fmG63Meqd4ZXFQ)""",타우하이텍,2026.7.29,2026.8.13,,,,김민지,07월,
PNA53021_브랜드 스트랩 단우산_A1,PO074863,PNA53021-한국증권금융,브랜드스트랩단우산(블랙),"OPP, 우산스트랩(기본)",240,241,https://airtable.com/appkRWtF2j99XgBTq/pag4McZ2Tc7xALrrs?5hZOH=reclxArUqrG8RX4sO&UvxrW=reciYT4cgTmtReCjI&Aq5EA=rec4mJQXYObKaKDRT,Order_PNA53021_PO074863.pdf (https://v5.airtableusercontent.com/v3/u/55/55/1785405600000/b4r-vVamF_3jQ_Xe2jPKZQ/3pgbxgQJQyadUrYB_8zdR2ueotTOECCYOhbdqDIGGangxkM4x-qemOnVL2JL1ATjI0MSTPtyIawOlpRuU-4-i4vXhvOZheBeKmYP51sdsq6kQotCinlQdKB0IHuwlaPbaJZ9u0bmj_18Ke5P4DHt2kDd7uZoCQroqUIHMO-XY-ly_TOrfO6t2lg9ugr6H0Ep/q4EbV_a_1-HetuloYewY1LNMLJ9br2Lk-0MiSiQ9Jwg),(주)유닉스글로벌,2026.7.27,2026.7.29,,26.8.3-8.7_(주)유닉스글로벌,2026.7.27 9:52오전,김하은,07월,
PNA52910_브랜드 스트랩 단우산_A1,PO074950,PNA52910-엘브이아이에스코리아,브랜드스트랩단우산(블랙),"OPP, 우산스트랩(기본)",150,151,https://airtable.com/appkRWtF2j99XgBTq/pag4McZ2Tc7xALrrs?5hZOH=reclxArUqrG8RX4sO&UvxrW=recdiqDgxqWTsSUBw&Aq5EA=recVShPutDT4ina5W,Order_PNA52910_PO074950.pdf (https://v5.airtableusercontent.com/v3/u/55/55/1785405600000/NQExV6mcSEW9TIMUk1eiJw/vokDBYt1NdA1jWfhvErXJQ5Sbg3nnsVfrQ-_7LgGlEWOyH8yh9tTddFPuvoEXkAPG2pXc6ISGhG5cbBJl8JBZsQpxK6uXW1DiUcmLrJ4AcJiibAUMGnQVV9MoI3omlTT7WqdHUw2oCqwYrOUERTZF--hf4dhfrDwBjH-eAcCzFnCuqbCE-CAz_OTXPKPLBgG/ncmNYatjvgkgkw5r7KYZZDyo1qyPVwKrAfC_qR0ogiQ),(주)유닉스글로벌,2026.7.28,2026.7.30,,26.8.3-8.7_(주)유닉스글로벌,2026.7.28 2:19오후,김하은,07월,
PNA38461_0730_1191,PO075049,PNA38461-26년7월_재고생산,슈가케인펜(화이트),,,300,https://airtable.com/appkRWtF2j99XgBTq/pag4McZ2Tc7xALrrs?5hZOH=reclxArUqrG8RX4sO&UvxrW=rect5RFclIeFpmvf2&Aq5EA=recdLBecYeOxUwCQb,Order_PNA38461_PO075049.pdf (https://v5.airtableusercontent.com/v3/u/55/55/1785405600000/1QkfecQy66Y-tmSOhbXmRg/Unq2bJMWN3gIqV_X9B1BAHAP_HWy7zMBRCm1o60QRAEQxAZzz69auFWPem-JPoOQgr9eqESWrezsFoniOT9Fu77pla1dOODr87B-fURmZhhX0BtUdAWcAAl0lh65Co53xhgo02JqgWNAGsKWtKRG_JjFE4Y85Je6OaQXl_CWdkXUT7cBtGlLxztm9qQhdSag/IRn6235T2ep1NNWr4W1cQZSkBmyWvDKwmIutx9gY4UU),RD상사(세나토코리아),2026.7.30,2026.8.3,,26.8.3-8.7_RD상사(세나토코리아),2026.7.30 1:42오후,김하은,07월,
PNA38461_0721_2371,PO074782,PNA38461-26년7월_재고생산,클리어리유저블컵_리드(스탠다드_화이트),,,1080,https://airtable.com/appkRWtF2j99XgBTq/pag4McZ2Tc7xALrrs?5hZOH=reclxArUqrG8RX4sO&UvxrW=rec1nde1zcoTOd4Mt&Aq5EA=recdLBecYeOxUwCQb,Order_PNA38461_PO074782.pdf (https://v5.airtableusercontent.com/v3/u/55/55/1785405600000/VS6aY9ph4c74u-g-bFlqVg/vcI-BOnL2zFmxidzyQ4KsT2u47Ip4g5w-MOHjj4rrJWcMoQkSyZJNHaeE0fu6j1Oy7Y6ktpS0ozuU1cCOevGorZ8F_tfU6uTTL8FawclA-KqM8hVKjZdW3IyAyKpcvVwhQDZOqIsUkfoGo6i6dCMlIyo684F422UWZBzfnPJIxMTIOkNcEQm-kpiRF_5OMfe/lZarwCo4mM422bxKBBjSfsOK7g12vOoLv12fTccorVE),주식회사 아조아(AJOAH),2026.7.22,2026.8.3,,26.7.27-7.31_주식회사 아조아(AJOAH),2026.7.22 10:09오전,김하은,07월,
PNA53128_메시지 캐리어 파우치 [1]_A1,PO074924,PNA53128-엘리케이트,메시지캐리어파우치,"UV, UV, 메시지캐리어파우치",200,201,https://airtable.com/appkRWtF2j99XgBTq/pag4McZ2Tc7xALrrs?5hZOH=recWOWtiCUDDjm3i5&UvxrW=recN3AGoApkqMdwyd&Aq5EA=recKrRkYtGIQnWONp,Order_PNA53128_PO074924.pdf (https://v5.airtableusercontent.com/v3/u/55/55/1785405600000/oa06X5-Fk3tS44Sn8ANfyg/LKJCc7fkfPthFajFc8v0zjQiu6rksKTmnRGp1Ps8J4s9qTrmq-ANnJlrQY2PrYZ5P0NfOs7dqJG53rFnsvt8CKw_wYUoKyVh9__RHEr--kaM0VtWSoyNDOoYLb00edMjE8CqrFywEaELRV8UnstdR2gRn_YOgJRS8EIcsWF8L-6KS9h9IaZURlkoCIyWrrRo/s_etF7PK-EzwvVslR_ibI0YexkKFc3VRVYZKRji4eCQ),(주)뮤스트,2026.7.27,2026.8.4,,26.8.3-8.7_(주)뮤스트,,육승미,07월,
PNA52997_스탠바이 빅팬선풍기_A1,PO074801,PNA52997-네오메디아,스탠바이빅팬선풍기,"UV, 스탠바이빅팬선풍기",110,114,https://airtable.com/appkRWtF2j99XgBTq/pag4McZ2Tc7xALrrs?5hZOH=recWOWtiCUDDjm3i5&UvxrW=recT38g9rIdmraBdj&Aq5EA=recLzqK2fDV043jSn,"""Order_,PNA52997_Standby_Bigfan_UV.pdf (https://v5.airtableusercontent.com/v3/u/55/55/1785405600000/NGuj9FMbGKxrimg35Vpz_w/MHWFVdpubmhLFhe_j3gnrxiQCaTMmboPOythXNx_w0cMpRihtAupMZm5B4QQ63Gm1mtTeRLDEhEpY00u-8U2WuP27OmgyWyQN6DEYVCNXNIixYrb3DCPfF6qjaNI5ZRfEX_oXnGqM-l0zx9MXZCc80DMKOzXWt1BUk5yshk_wrfm0u6cKCQbDSoWprVSVtik/QoiZGY8FMBKhnCCaFzOb8jCDYlQidwD32qtVTKfVNgo)""",(주)쉔코리아,2026.7.22,2026.7.31,,,,육승미,07월,
PNA53156_칠링패드 냉각선풍기_A1,PO075006,PNA53156-아이엠증권,칠링패드냉각선풍기,"레이저각인, 칠링패드냉각선풍기",170,170,https://airtable.com/appkRWtF2j99XgBTq/pag4McZ2Tc7xALrrs?5hZOH=recWOWtiCUDDjm3i5&UvxrW=recdeOemhgc8BTwBU&Aq5EA=recACBzQIiE9u3PfX,"""Order_,PNA53156_ChillingPad_CoolingFan_Laser.pdf (https://v5.airtableusercontent.com/v3/u/55/55/1785405600000/h1q8-v8yzANtPr2J_wn5FQ/qDQY9j4kI6QCx5Mepv5-NgqR_QKZz23w0vSMLJADsMvWX47cF7RjQS75V-Y9ToGx2_Z6GqBIZ5gWGSM8eZ1P3Eo7-UlJklRfUQqaJp3aLgCZLaGWEIGMXUaSPAMeNGyTlAJvOgRFrVMaJzs6hYGEiEIv3_gUSzfgmu3VBC0x00A7NwHCg3BsTYNFaQOQmJFqsrkvlGQHHHMq4iXGZT97gA/AvMNkaqsTgeYrCHxKmRIrOWQ9IV3_AtrGbdz0W4Hul0)""",(주)쉔코리아,2026.7.29,2026.8.4,,,,육승미,07월,
PNA38461_0729_5581,PO075013,PNA38461-26년7월_재고생산,칠링패드냉각선풍기(화이트),,,31,https://airtable.com/appkRWtF2j99XgBTq/pag4McZ2Tc7xALrrs?5hZOH=recWOWtiCUDDjm3i5&UvxrW=reccVqGJOO5dgYo3r&Aq5EA=recdLBecYeOxUwCQb,Order_PNA38461_PO075013.pdf (https://v5.airtableusercontent.com/v3/u/55/55/1785405600000/WLSuPYn4svlW-QVZa0NZ-A/GwgsFkpMPsQv-rbO-3VGU7Oltg9vmIJfqPXb0m_kH8WR2Ob-TFWDhLlqHoA5Y99e-f-CbSx3V6NghGz1tEZucVSGTLDYJwAgxBu2UVfQgwoLadR694jvc-WQnVDcDOjS1FDfK3jpC6XJhh7qiNMa2bWg1fc_zikeWxDcG7rgvD2MG4kVYQTjdJ99dzbEDvs4/63oWP5447uSeVVFQ14EwsBlzoWjh86QEo_8uFsf49B4),(주)쉔코리아,2026.7.29,2026.7.31,,,,육승미,07월,
PNA53148_슬림 터보선풍기_A1,PO075058,PNA53148-한양대학교,슬림터보선풍기,"슬림터보선풍기(베이직), 레이저각인",450,452,https://airtable.com/appkRWtF2j99XgBTq/pag4McZ2Tc7xALrrs?5hZOH=recWOWtiCUDDjm3i5&UvxrW=recHMPxJq54J9QBFA&Aq5EA=recGP6AiHXIaH9UnE,"""Order_,PNA53148_Slim_TurboFan_Laser.pdf (https://v5.airtableusercontent.com/v3/u/55/55/1785405600000/_I--nhzEvKhO6T2Glj-pYA/5py4nURtX3kwzjGqOnajU2mxpqz251t5akQ2Ad1zAkLsf9A8OH-IS3fLbArDiljjzrdH-sDfQTxfkrkPBTuV-lzwzYSmxSMP_UfVYbsoTrq_cCpuSOna8-rQhcrbbaAx4KdcXmmhdi2s_wcqXIGihfWl8-I6ru6AA49BfY9VAR4J3juvtjmpErwwnCo7T_5W/SF8O7XdwWMbpDUs4jxqXDU6TgBd_NPw4Ja1gUi174Sw)""",(주)쉔코리아,2026.7.30,2026.8.10,,,,육승미,07월,
PNA53231_에센셜 와인오프너 세트_A1,PO075037,PNA53231-연세대학교고등과학원,에센셜와인오프너세트,에센셜와인오프너세트,100,101,https://airtable.com/appkRWtF2j99XgBTq/pag4McZ2Tc7xALrrs?5hZOH=recWOWtiCUDDjm3i5&UvxrW=recGF5Im1z9NSCGPC&Aq5EA=recqaiAxg0SuTOQnL,Order_PNA53231_PO075037.pdf (https://v5.airtableusercontent.com/v3/u/55/55/1785405600000/WlPDXuFKFhRG8swbjJfL4A/zquY0O81JxYhJzGqhg-3Qfpeh0VMmie09L7USgGHHGQvuCfe96vgxhm6KLdOz8-a5txmO1rkCxHZN_qMduAQXIiQxcVvvOcEPpTKjg0FOO-dmgUjJM9XzP5-x29w5fUfOcsnU2eICikPrxhFTubUAQJU0pUKzsUGQe-xHOPEIJLRau7ZY5x6ug6fVhdOIVxS/hBOkni-uWjU_ySt9zGD7HMsFZXuTCMsaUZW83nxZoNw),모토잉,2026.7.30,2026.8.5,,26.8.3-8.7_모토잉,,육승미,07월,
task수동생성_휴대폰스트랩배경지 CSO 샘플(블리스터),PO074599,,,,,60,https://airtable.com/appkRWtF2j99XgBTq/pag4McZ2Tc7xALrrs?5hZOH=recWOWtiCUDDjm3i5&UvxrW=recC8UvmXWatSlUO3&Aq5EA=,,서울디지털인쇄협동조합,2026.7.13,,,,,육승미,월,
task수동생성_휴대폰스트랩배경지 CSO 샘플(실버팩),PO074600,,,,,60,https://airtable.com/appkRWtF2j99XgBTq/pag4McZ2Tc7xALrrs?5hZOH=recWOWtiCUDDjm3i5&UvxrW=receUK1Kq0qkOQtVQ&Aq5EA=,,서울디지털인쇄협동조합,2026.7.13,,,,,육승미,월,
PNA38219_홀리데이네임택_B1,PO074758,PNA38219-롯데호텔,삽지(네임택_커스텀),,3300,3400,https://airtable.com/appkRWtF2j99XgBTq/pag4McZ2Tc7xALrrs?5hZOH=recWOWtiCUDDjm3i5&UvxrW=recuMsLe8aH9qdY1v&Aq5EA=recAQ6ScFPbUrbgTN,Order_PNA38219_HolidayNameTag_Innerpaper_60x86.pdf (https://v5.airtableusercontent.com/v3/u/55/55/1785405600000/Q5OJ45AWmAScci3RKJyyvw/pC4exMoV19G-fAZyk0_r-FNBfaLi20BiIDo9eYae6uF1nDS4S9Yywzn0msIGCuQcy7qQKmD1Cf22zToORHFVbQMZwhlHmyjcePunpM-WUA65ja-PzgKGF5ZR0GfbmI3Xs9G59bsuZc0XKMU2ylJGPuhM41aBB-6YgULECDl0WKDmCd9IaaM0tkU0NPrZlFYkRfjFCg7CF8ylc02mtjd1lg/TCRkMN1tlZNiL25Vt3EzNPmsNnv8IEPU-bTP-4jAm8M),서울디지털인쇄협동조합,2026.7.20,2026.8.17,,,2026.7.20 5:27오후,육승미,07월,
PNA52998_Solid 스탠다드 G형박스_E1,PO074781,PNA52998-RFHIC,사각스티커(Solid 커스텀 G형 박스_L),,100,110,https://airtable.com/appkRWtF2j99XgBTq/pag4McZ2Tc7xALrrs?5hZOH=recWOWtiCUDDjm3i5&UvxrW=recrlW43AjgiKhuGE&Aq5EA=rec1bPWXsIKeBWg4n,Order_PNA52998_(A1286)_Gbox_L_Sticker_62x180.pdf (https://v5.airtableusercontent.com/v3/u/55/55/1785405600000/bg-djZ7xJTRBXvkKEKwleA/0KahLQbVG5pA36UuX1LtvhyTXRsjlqIFHi1EQ4zhhveV6QMZWXxoxqtt4Eu8QtjVCT3O0DbQAyUWjt_HxXUg8GKY_WrKy6Qn1SQG-WfmmgIdgLle17aCIyHAYp1D-Cd0XOMrmWvhKecnDfZu7xPzvO4Dbh9t4Be1JKKWUGbb05lzpXqremuKxGvrSdx0QJVGyFYWEItHP2kaudyyWXEaaA/0RwTBd3pZS7SqqnVfxI8UPIhuIS_jbTzWa6njSpsXas),서울디지털인쇄협동조합,2026.7.21,2026.7.31,,,2026.7.21 3:52오후,육승미,07월,
PNA52206_임팩트 슬로건타월_C1,PO074395,PNA52206-유네스코한국위원회,띠지(임팩트슬로건타월),,1200,1250,https://airtable.com/appkRWtF2j99XgBTq/pag4McZ2Tc7xALrrs?5hZOH=recWOWtiCUDDjm3i5&UvxrW=recU7ZxoqTnyEhvC4&Aq5EA=recqP0Qh3I3F6trcO,Order_PNA52206_ImpactSloganTowel_Band_290x95.pdf (https://v5.airtableusercontent.com/v3/u/55/55/1785405600000/_RigwMgm4762NQTU_zwKIQ/KzPtYoT5vGbp4jERX5LBNdg376K_rgVCxcmU735leANMUcy5kSV3KALsVK_PgM9Zl8ZKrJzTmwemoY_PEkQLH9ZToT34NuSFZs98XTvWmmbpVdIjfWmOsdRUC1_CwTTDi6NGCXKLHF76RREmMHllp0vzcFWRQE9ShJSyvFBkjAThGePqRnW2aHSeQdAqvEPQ9hsElmMJhr0QnNg9o77Imw/8AUUn2IrBVujkuCsuBoNgawYKDob_oxZthBHyrlZ1uc),서울디지털인쇄협동조합,2026.7.21,2026.7.31,,,2026.7.21 3:52오후,육승미,07월,
PNA52998_스탠드-업 칫솔_D1,PO074778,PNA52998-RFHIC,사각스티커(스탠드-업 칫솔),,100,110,https://airtable.com/appkRWtF2j99XgBTq/pag4McZ2Tc7xALrrs?5hZOH=recWOWtiCUDDjm3i5&UvxrW=recpOW9sVYqRHPwKa&Aq5EA=rec1bPWXsIKeBWg4n,Order_PNA52998_Toothbrush_Sticker_40x27.pdf (https://v5.airtableusercontent.com/v3/u/55/55/1785405600000/ULS6W9GSWT1ZoY-fzgo_NQ/M7fBg-eSpPBTWUYxSnC0JHPjcjI5XfaGPLpD4iQET4_J-TrMiBzbjAXntSN374jzbtkFs9_B3LlpjzqghhmlhsqXec0AMPSnvtEzMlVkFEbnwO0a9W_24PpqFd2b0u9wu0qmmRgQ1ZAPX4Q-_FbpFpeg50b-BPlIwkpPP6xO97IdWyVOAAn7z78y0Aq0ivLLyeF5au7Anpn3Ahz8-ByJUg/TmHpFG4z1g3APSEhpZS_ILZgcs5PKeF8da0BpDF45KE),서울디지털인쇄협동조합,2026.7.21,2026.7.31,,,2026.7.21 3:52오후,육승미,07월,
PNA53079_포켓 마켓백_B1,PO074817,PNA53079-삼아사운드,핸들슬리브(포켓 마켓백),,170,175,https://airtable.com/appkRWtF2j99XgBTq/pag4McZ2Tc7xALrrs?5hZOH=recWOWtiCUDDjm3i5&UvxrW=rec0o6jS7WsU3UgdO&Aq5EA=rec1Dr7wNdhbeO6mJ,Order_PNA53079_PocketMarketbag_HandleSleeve.pdf (https://v5.airtableusercontent.com/v3/u/55/55/1785405600000/aKnlRoYzWwMGDlQEcaJhrg/AdftJIYY58ZZEhJSUCFR04XtHmxrjelTdGLxiZrFHsSztOWDuDaTC4-XeVGxvGwcJrQQ-6_YJsc5w2VsA7Yx_bhymLbR1fj8caXBaAaLLFvq-2AJ0J_f3do1ocSBdIln5pwKg_Rnan4Dh5GJiD57n9BGqQdAlq52YPQk9F7tPxmPTXtQBsRX16nSgH6QbwTtPDKp10buf3BmCZ6CC49DCw/GI-SDmS-ItC7ALKday8sCZanZP9ZJmPMCzEC8iXK1jk),서울디지털인쇄협동조합,2026.7.23,2026.8.5,,,2026.7.23 2:04오후,육승미,07월,
PNA52817_데스크테리어 매트 [1]_C1,PO074809,PNA52817-델타항공,사각스티커(데스크테리어 매트),,100,105,https://airtable.com/appkRWtF2j99XgBTq/pag4McZ2Tc7xALrrs?5hZOH=recWOWtiCUDDjm3i5&UvxrW=rec1jrWdsvIcsJwEN&Aq5EA=recqOg7F1tsTnyRnH,Order_PNA52817_DeskteriorMat_Sticker_86x124_B1.pdf (https://v5.airtableusercontent.com/v3/u/55/55/1785405600000/PztWVs6by9c4jCAdg2oPBg/DsgLy7WXY--PNIcjvLxXmuy_JVLvzJcFvsksqPFvKR0Yg_XHPzVvgVFt-Q2WDYIalvSQM-vKfRlScELI0U3lIfcb4O9eAstHi-ORCNZYgwLUCrnKgUs2L2H7snEqnKU2CJSKeWJOhEfv1kZpsH2xcPkoEegv1fROySnMKbdxL_EtfU7oowwx1YIIFVv5RXwX1DLTS7TWnTtm3Gch6_8Org/LMcJj5D8pPIAG_3iCAcJIISi-hYm5NKC-6Vo8lN9NhM),서울디지털인쇄협동조합,2026.7.23,2026.7.31,,,2026.7.23 2:04오후,육승미,07월,
PNA52817_데스크테리어 매트 [2]_C1,PO074808,PNA52817-델타항공,사각스티커(데스크테리어 매트),,100,105,https://airtable.com/appkRWtF2j99XgBTq/pag4McZ2Tc7xALrrs?5hZOH=recWOWtiCUDDjm3i5&UvxrW=recZNTKXIJTQoQLXx&Aq5EA=recqOg7F1tsTnyRnH,Order_PNA52817_DeskteriorMat_Sticker_86x124_B1.pdf (https://v5.airtableusercontent.com/v3/u/55/55/1785405600000/nt5vGOimxv3X9bAxtb5bgA/SWXlUOr5bMC7M7zguMLDR8OjQrDqxuqimOtLUZrz3tQj6G27oCqAYkQwEQ23qCbgKarPHO9SuvNA19VMwKbTxh1bMzF7F97uNgcUZ0i9E7lwh-BJry2jt_KEPB9HphO3i1mL8-X6BXidMLRHyK2fJ37oFU_tRJmrMiMNwTM4w3iLBR6UEXYkDtVoLc2w1mEmpCX8H3TtgGaKyl25CbcHQQ/5Nk9EVFaDdmsYE3RATvka3BM48CU9UQVFtUVVpeii0Q),서울디지털인쇄협동조합,2026.7.23,2026.7.31,,,2026.7.23 2:04오후,육승미,07월,
PNA53059_리멤버 타투스티커_B1,PO074830,PNA53059-지역아동센터강원지원단,배경지(리멤버 타투스티커),,100,105,https://airtable.com/appkRWtF2j99XgBTq/pag4McZ2Tc7xALrrs?5hZOH=recWOWtiCUDDjm3i5&UvxrW=recyHLjG2IYvHi42t&Aq5EA=rec7CgAhQ6EvarK3n,Order_PNA53059_RememberTattooSticker_bg_paper_132x217.pdf (https://v5.airtableusercontent.com/v3/u/55/55/1785405600000/GP531xyQ2pjGHsLa-p1-kg/aatEtqNm6J-d8yJ7E-_u2Uma8gfv5gxZxZvC2cD1bFgZXe9-A_Sujz13tPWBHpmMdDisQIO_R1iMIZnQ4nxaknEctzTdhBT1yOApYjHG3_5nyE1lUOpI32p3ca3Sj3CHV_vWSSuXC5pA_lLqY_lOzLUs4WGBK_Eku56PvOBTmuPu_acDcSkbidvRWhjQGB9ekG13NSzanm9BuT1Ys-C5iS-JjOJ4AXMd7K15YfY3qgU/GPfPMyR4Ss6xPyoiX1l0Vk8uLvRroGI4eM0Isq--FqQ),서울디지털인쇄협동조합,2026.7.23,2026.7.31,,,2026.7.23 4:09오후,육승미,07월,
PNA52744_Solid 스탠다드 G형박스_E1,PO074842,PNA52744-삼성바이오로직스,사각스티커(Solid 커스텀 G형 박스_L),,100,110,https://airtable.com/appkRWtF2j99XgBTq/pag4McZ2Tc7xALrrs?5hZOH=recWOWtiCUDDjm3i5&UvxrW=rec4XHdBAMaZacvNm&Aq5EA=recDlFghuymfNJ35g,Order_PNA52744_(A1286)_Gbox_L_Sticker_62x180.pdf (https://v5.airtableusercontent.com/v3/u/55/55/1785405600000/a3GusocRcO6K_rds5X6S3w/2SfKhNCkgBn647x-3U8GnaYxAd2xvKJiYyKKqj_fMhMdK41-52lpL_ic3ZnlvpD7mWBDUyqgHf9nhIy-jjNtgP994WOQ2EJHaIx1ib9eAKjROEfWtSwgZDGeaYZJMjQ7TrDPARy1P-fdtLqe0y16aT1k1zb2K55F2BmjvSaJLDcIsxfb4hq8M9YgdTdnYTxXwKJVnfDnjFvxICfmDzM9fQ/abzaJn4g83lBntJgWiBo3nD1yalxYN_VaozXzLGsM-U),서울디지털인쇄협동조합,2026.7.24,2026.7.31,,,2026.7.24 11:52오전,육승미,07월,
PNA52744_프라우드 투톤 명함지갑_B1,PO074840,PNA52744-삼성바이오로직스,사각스티커(명함지갑),,100,110,https://airtable.com/appkRWtF2j99XgBTq/pag4McZ2Tc7xALrrs?5hZOH=recWOWtiCUDDjm3i5&UvxrW=rec8sBiJwJyMLEgZF&Aq5EA=recDlFghuymfNJ35g,Order_PNA52744_Proud_BusinessCardHolder_Box_Sticker_72x62.pdf (https://v5.airtableusercontent.com/v3/u/55/55/1785405600000/3ub9e3pw80xYW1vJ7b9DtA/iJwI1JopSM_WJjrb6wrmdZU24rMxyfW9ajWRR26mLJcVKJY5vnV2lD-1Ns-QFaxq7onvG-0vKX2xozyhUGhSfHmQcR0CsZ5lUlITObppDlMmXIyIXgGyQj3NsnCoy85sppczAW1iLS2IRw8YAll87cqMmRcYzw-OL9-ZN9GjDvEojevoHZh54Mswo8CVOFxw_z2C3uXA0nJi1me7BM2kJTNM8Enw2s5eQ6JMBrATwJo/6P7HdjFLpFL9SLdQdN8PyezWOzkSKPuHWbvK-q0q6zg),서울디지털인쇄협동조합,2026.7.24,2026.7.31,,,2026.7.24 11:52오전,육승미,07월,
PNA52744_테크 미니 파우치_B1,PO074838,PNA52744-삼성바이오로직스,사각스티커(테크 미니 파우치),,100,110,https://airtable.com/appkRWtF2j99XgBTq/pag4McZ2Tc7xALrrs?5hZOH=recWOWtiCUDDjm3i5&UvxrW=recXUA0wiCBzLRqZO&Aq5EA=recDlFghuymfNJ35g,Order_PNA52744_TechMiniPouch_Sticker_46x42.pdf (https://v5.airtableusercontent.com/v3/u/55/55/1785405600000/DopNKwkBBslaK7BN_U1XVw/IH8iB3vbXKSdBj6Qw8PCa_JjA3KOTYf-06XQutZ3g0zBs1V9P61lE9AUz-Sspmw8OvH3A8fuKQLoSCK583L9h_eZ8jxm95r1KTgjzwHAt_C2n0AmtIn1Xvu4M_x8jAFX9nCF85HGhvMHv5X0ammMotxDemmjCChxuN-M7Os8ADQ-wMg5-qZjUbvwruNO00v29zwOWDCdVFsK-5SxXn1DXQ/MwS15ceIVZL6grAn4p7VCI2rGNOtAciSD3LmtHeU7D0),서울디지털인쇄협동조합,2026.7.24,2026.7.31,,,2026.7.24 11:52오전,육승미,07월,
PNA52276_아이덴티티 스티커팩_A1,PO074846,PNA52276-뤼튼테크놀로지스,아이덴티티스티커팩,"OPP, 아이덴티티스티커팩(리무버블유포지9개입 ), 배경지",500,505,https://airtable.com/appkRWtF2j99XgBTq/pag4McZ2Tc7xALrrs?5hZOH=recWOWtiCUDDjm3i5&UvxrW=recf6vgcStoNcJZyo&Aq5EA=recxwztT57ROxBvIS,Order_PNA52276_PO074846.pdf (https://v5.airtableusercontent.com/v3/u/55/55/1785405600000/hLG_oGlelpsjh7bJlmahhg/zdPLZfXhbdNBsmaadus_3xJJoT7wFg1CaYTdou5OfN4CHtmv2t4wnpAx0B1EFxfypruhvLTyxd3OYwIkEBmW9wo-OS3G92K4cpQH3K3DbXfzxCmBf5MEehUN4wDlOZ4x-WQxcXLcJY3wdVeL267msM6y9CNtG7-XW8wAWfgD5dpH31vGvRQE8getXCPeQfPC/1l0xXv_VWfFLi3j2TYbpFvZ5lSzvn-7NlfCXYWkrIoU),서울디지털인쇄협동조합,2026.7.24,2026.8.10,,,2026.7.24 3:17오후,육승미,07월,
PNA52276_스펙트럼 컬러펜_B1,PO074851,PNA52276-뤼튼테크놀로지스,배경지(펜류),,300,310,https://airtable.com/appkRWtF2j99XgBTq/pag4McZ2Tc7xALrrs?5hZOH=recWOWtiCUDDjm3i5&UvxrW=reckj9A6u3rv1GNrh&Aq5EA=recxwztT57ROxBvIS,Order_PNA52276_SpectrumPen_bg_paper_33x167.pdf (https://v5.airtableusercontent.com/v3/u/55/55/1785405600000/W4DstN5aBhu8tvXAfuBsqw/1BgmDBgd3fiMBFdzmTeG_JxBS5wUX5DULCgBXHKVORcSQnjnVW9pUM0RILV4jTOayqQNWz646ktJ2daO4LdTZCPRED-kGoLO2d__gJ2r_qODzNHZw08_ESt2wNTEPxxEO9EZBvWcKsQlENpqvqE69Wza0eqtrAJr21bqs7zBxzpsu5uwIwmimQfkieZqkjzFidEidyRXdZNuBDEnuAE9wg/QtThxdr3h9N_BFaMhT-4C4Pylg_UsyxnZi1AVjqKBxA),서울디지털인쇄협동조합,2026.7.24,2026.8.10,,,2026.7.24 3:17오후,육승미,07월,
PNA53053_에센셜 와인오프너 세트_D1,PO074855,PNA53053-스패로우,웰컴페이퍼(에센셜와인오프너),,80,85,https://airtable.com/appkRWtF2j99XgBTq/pag4McZ2Tc7xALrrs?5hZOH=recWOWtiCUDDjm3i5&UvxrW=recNdjEFM9e8VXJkn&Aq5EA=recoVCpqeWYDt9x5K,Order_PNA53053_Essential_WineOpenerSet_Welcomepaper_Colorprinting_133x73.pdf (https://v5.airtableusercontent.com/v3/u/55/55/1785405600000/4x7mvsnBivCf-aLUVugnxw/6SLTc54j9dUHXNlIq3psDMUNnkDf06BmPCcBbMf4fkSuQfcJR1NBFbBFsoGZAsgrTsRaGYiroKPUuyYszKd2NozhVCjjkldudIrQ3vJo7Qw9sleoWsEulB-nS38ho4imTF8_GI0dlgznqc4qtDTICFfLVmt8md-iUiJO4agwZmxwVyj2dKmysYvos-wssxFsTi_AOlMw1iAuJuzi6wc84ce4vA3jhPaNFJjzWJRNM_rMrXc5qD0RdNPJhMNzzDRC/v8jenlYJ8dHpY9XubEnEYQy4mpzfArxS11HAzVlSE7s),서울디지털인쇄협동조합,2026.7.24,2026.7.31,,,2026.7.24 4:09오후,육승미,07월,
PNA53096_페이퍼 샤쉐 [1]_B1,PO074858,PNA53096-유비온,주의사항표기택(페이퍼 샤쉐_골든뱀부),,500,520,https://airtable.com/appkRWtF2j99XgBTq/pag4McZ2Tc7xALrrs?5hZOH=recWOWtiCUDDjm3i5&UvxrW=recYl3XCdQlbQ7D9N&Aq5EA=recaHP2sTUUoOSdak,Order_PNA53096_Papersachet_Tag_GoldenBamboo_A2.pdf (https://v5.airtableusercontent.com/v3/u/55/55/1785405600000/80s_32xO5RvgbfOvEpgd2g/Q78NUX3ZUNeTtka9pdf7MimEc2DfCvNUm3yTUWzxPBdZHc12_ibbG4h6zUlrfDIYLhPvUmY1LXmsaxoVK_kEPS0K0wCyy0uqunKePa5IhhT1tPQy2GfK3yY1xrPuKEO3Wb3-Z6IQybrlgWBG21MB1Ikn2aKEmtQ4PxdmoKlt9Rs1dGflMep9XcCuvV2NlE9PYJ8zuOFRNXNxqN5NEP6f4g/Qi2ZprmXAU1-DfSSVOlfpXGSgoRUci1dKo5zIsIfR-k),서울디지털인쇄협동조합,2026.7.24,2026.7.31,,,2026.7.24 4:26오후,육승미,07월,
PNA53096_페이퍼 샤쉐 [1]_C1,PO074856,PNA53096-유비온,사각스티커(샤쉐_낱장재단),,500,520,https://airtable.com/appkRWtF2j99XgBTq/pag4McZ2Tc7xALrrs?5hZOH=recWOWtiCUDDjm3i5&UvxrW=recrs9pmAjhgBrcmF&Aq5EA=recaHP2sTUUoOSdak,Order_PNA53096_Papersachet_Sticker_46x160.pdf (https://v5.airtableusercontent.com/v3/u/55/55/1785405600000/wtDpe5g6jg4mwCzUp9LSQA/zspgFFY2AZz1wUQB2vGh20cRUWMx3KB9KaceWKHDroUfZAdar53uduJT6xBjVPc9go0P5J7aSyPokN8oQ4oGUFjVtnAJs6dc3Fl6uPJyif9KJfBYAIkZBKF4EXnHY40QG-2hZRLfFcRGzA43K2MAiuino_QvYxZLNlG0TvZSSF8Tkdj4LlIUZueOymAfHdhkrv6IElL9O52YpVZshPa1iQ/tuTvyPYogxRx1k6gwShmd5jNcZYkB8UFpWhDpOaWnDQ),서울디지털인쇄협동조합,2026.7.24,2026.7.31,,,2026.7.24 4:26오후,육승미,07월,
PNA53096_페이퍼 샤쉐 [2]_B1,PO074861,PNA53096-유비온,주의사항표기택(페이퍼 샤쉐_골든뱀부),,500,520,https://airtable.com/appkRWtF2j99XgBTq/pag4McZ2Tc7xALrrs?5hZOH=recWOWtiCUDDjm3i5&UvxrW=recuhUWKVJda4GDx7&Aq5EA=recaHP2sTUUoOSdak,Order_PNA53096_Papersachet_Tag_GoldenBamboo_A1.pdf (https://v5.airtableusercontent.com/v3/u/55/55/1785405600000/TH50VBf-46PTI_qbIEWCbg/OJt27IST284F6cLI8yqAwiRFIT-pVoYXAmPiEqGschaWvE5dq5Ar7lRUENTDM13Eko01KsfWW0zef4rzzXW3WOCkUcSwDcRSPvST6jx8FINr6AqLo41qF8dcAiHHkJYxo38OtOpMJiHTA1sm2EtD8MgY1CU6gemqO2rHRzOpe8OgYQ72hXltZHVzQ3oVJPUVTmpX84ePLapqWDGDS6TkrQ/3lfP6BfpizXc1c4wDTFtR-SmdUBqg32EY_Q9A91hoj4),서울디지털인쇄협동조합,2026.7.24,2026.8.3,,,2026.7.24 5:19오후,육승미,07월,
PNA52276_Quality 슬리브박스_C1,PO074859,PNA52276-뤼튼테크놀로지스,웰컴페이퍼(Quality 슬리브 박스_반투명),,300,310,https://airtable.com/appkRWtF2j99XgBTq/pag4McZ2Tc7xALrrs?5hZOH=recWOWtiCUDDjm3i5&UvxrW=rec0vP9WI4V1c15Ws&Aq5EA=recxwztT57ROxBvIS,Order_PNA52276_Sleevebox_Welcomepaper_Mist_230x200.pdf (https://v5.airtableusercontent.com/v3/u/55/55/1785405600000/QAwtzD1cLSCDIJo-rPf7WQ/RQyq_pm5gz-yfFbSGwGiqPo7BzOY5JWUvV6-d11T9oJGUooE0WzyWFAIQ3bA4yGoh3Z34m81705Pf48zC_0C9OhhjQClfYh5glmR_HEACCYIONz75G4WDVKIGJVmkfbfXZZA-PYrBOnDnKPkEwNqxDD_LP399UEHli0w4bF_Tcen3BtrS7QGUI4l1mgPY018IUDNPgFjqylcplm6Z9gXcw/-iV5a6mi_AWuvRIP-KaQ2kWO2V4i0q_uLuLDt8B-JWs),서울디지털인쇄협동조합,2026.7.24,2026.8.5,,,2026.7.24 5:18오후,육승미,07월,
PNA53163_노트북 스탠드패드_D1,PO074872,PNA53163-초등교사커뮤니티인디스쿨,사각스티커(노트북 스탠드패드),,50,55,https://airtable.com/appkRWtF2j99XgBTq/pag4McZ2Tc7xALrrs?5hZOH=recWOWtiCUDDjm3i5&UvxrW=recbArnuVMejFy3Uv&Aq5EA=rec4SzOViGO0bncHY,Order_PNA53163_LaptopStandPad_Sticker_58x130.pdf (https://v5.airtableusercontent.com/v3/u/55/55/1785405600000/XRWw4BCd4LTEoAQn9AQWhA/nzE_D2irLwVreVD51K74WRYIG2tD-lv44d30GkmCOuk7nMvjEjTR2xXJ_AFZh0ZZkw6PNqPQlfG_OgIKLgHCAl8cj0G1gQQyKzKlaWY9JeW6lT15e0ujWPA9YeRM_MSgLYMoTamCHJM_d-xVOgSKyNUO09v88IgR7pSZkjpt0UzW7gXZszAyXojP28d_L66lAh4-wKCy6X5BWX0KvcyIuQ/GrAUDp1R2b0kUW2PfvPpmG1M9dQ1N5DJmQFVzSYe1c0),서울디지털인쇄협동조합,2026.7.27,2026.7.31,,,2026.7.27 10:43오전,육승미,07월,
PNA53098_Tailored 스트랩 박스_C1,PO074868,PNA53098-한국무역협회,웰컴페이퍼(Tailored 스트랩 박스_반투명+블랙),,230,235,https://airtable.com/appkRWtF2j99XgBTq/pag4McZ2Tc7xALrrs?5hZOH=recWOWtiCUDDjm3i5&UvxrW=recw5JzwdwZAJ2knf&Aq5EA=recZHyMcsg5QVcZXD,Order_PNA53098_TailoredStrapBox_Welcomepaper_Mist_Blackprinting_380x260.pdf (https://v5.airtableusercontent.com/v3/u/55/55/1785405600000/UW_X7bszMw-50kLxrRyzvg/cEY0IvN13KBg5X3o6m75SX7cbCyZrmgOHzIPmWI46G99C5c4_6mM9VHsK7vpUiMhvmwS8noKWy6T30I_zUt05Hqzo6ASK6elf5Qa5z7s67_0qwhRvpqyqBhAPGVezWpKRaZxyQzDHGIGWi2IbcovWs3jnKyHNtPVfNT7qdE8uyrhj-DNxIhqgkDcRXArLWTaf_m_prE2KBJluz_CIFcj3ly5Pye8eyZIBeQRFFj3OAUjtFFXLg1Af4t7KJfU8G0t/Jn23pjDQI2GtwOdN5eWbaslaITjhnsfCI_RfWrtrrow),서울디지털인쇄협동조합,2026.7.27,2026.8.7,,,2026.7.27 10:43오전,육승미,07월,
PNA53163_미르(MiiR) 텀블러_C1,PO074871,PNA53163-초등교사커뮤니티인디스쿨,사각스티커(브링유어컵),,50,55,https://airtable.com/appkRWtF2j99XgBTq/pag4McZ2Tc7xALrrs?5hZOH=recWOWtiCUDDjm3i5&UvxrW=recOSVsUObeZ06lEw&Aq5EA=rec4SzOViGO0bncHY,Order_PNA53163_MiirTumbler_12oz_Sticker_72x72.pdf (https://v5.airtableusercontent.com/v3/u/55/55/1785405600000/CHgSYv28lPwoPXhJkoI3Zw/VeYo5VQRsf-yZSatUbX5mTljd_Pe8MNUKjevZsYwFze4_FhqLMbtSJjhN4ijEB_2Bh0kvyezLVR0qTwKP_isD1cyx8K_7RXBTvKxeue4ZCJWktt7Y1iDRKIDXkvYU_sp-ZayGiCF5gI7Gc9_jqmSWfPGrN1RabvMsu4Pq3HbZcGCEqzfwHU-D9RhdK2y9_ff_KB6GXImlyroYcXlvWVj-Q/4mJ34o6K6zPxgcBFG9gMaV8g8U3nDcck17U_apWf0pk),서울디지털인쇄협동조합,2026.7.27,2026.7.31,,,2026.7.27 10:43오전,육승미,07월,
PNA53098_Tailored 스트랩 박스_P1,PO074880,PNA53098-한국무역협회,,,230,240,https://airtable.com/appkRWtF2j99XgBTq/pag4McZ2Tc7xALrrs?5hZOH=recWOWtiCUDDjm3i5&UvxrW=rechCn02qF2iw6DMv&Aq5EA=recZHyMcsg5QVcZXD,Order_PNA53098_PO074880.pdf (https://v5.airtableusercontent.com/v3/u/55/55/1785405600000/FovPKJ8VR-clyprGsOonPQ/h9mCZ7UozfnzFnQL15qjHCGv8c68wE1hDoBtO6flWRDNpOJgVfi-HBvAxtDqi5C3UTjXIuh_88Qf838gJOxWQd1nUmV-wh5fAXyiKrtpSYLILGp1LHgc7OY560PF79kZP8mM4YxPPQucdoJ8W5iE41yp17uAHYyYUA_SXxs_lcbe9VpQRvM2ko9sUszkvnRm/mTycb3gm30a5ks3TFbDjTUvAxUvCfPrL6G0QI75eza0),서울디지털인쇄협동조합,2026.7.27,2026.8.5,,,,육승미,07월,
PNA53098_밥용기상자_P2,PO074878,PNA53098-한국무역협회,,,230,240,https://airtable.com/appkRWtF2j99XgBTq/pag4McZ2Tc7xALrrs?5hZOH=recWOWtiCUDDjm3i5&UvxrW=rec2IG6euGbOSAu1F&Aq5EA=recZHyMcsg5QVcZXD,Order_PNA53098_PO074878.pdf (https://v5.airtableusercontent.com/v3/u/55/55/1785405600000/a5fWthbf6AP1xZ4DPYD10Q/TKh2SexT26TcXl8oq5vYJhF0voGjkeITPo7pH7n1HYUd_AOsCeapVljsg9k3fVVZOqT5l4UutyPd9qjPahhUy3EhJeDtvfrYqW4MmiKUnsnT4ZmEk9-LLE9UsstnTQmTsxssjZybSmiMX5WXS47K21TV3S1anbXJlIzvfsaST0dpTx74PbBh-PUnWwePz12e/txfpxNR3yhc6gz2VJcjFX5fYqSSHAvxx82f5trOEAD8),서울디지털인쇄협동조합,2026.7.27,2026.8.5,,,,육승미,07월,
PNA53029_파워업 PD 충전기 65W_B1,PO074904,PNA53029-GC녹십자,사각스티커(파워업 PD 충전기 65W),,300,310,https://airtable.com/appkRWtF2j99XgBTq/pag4McZ2Tc7xALrrs?5hZOH=recWOWtiCUDDjm3i5&UvxrW=recbN2CwY2hnZCN6z&Aq5EA=recIY0aSePBTcWjW6,Order_PNA53029_PowerUp_PD_Charger_Sticker_72x62.pdf (https://v5.airtableusercontent.com/v3/u/55/55/1785405600000/N8uZyk79CDFLezUZh2Ehig/AuvARGHzzYN5Ux-fsgDt2JymqSLpw_TyYsrMzhzeUlmwf3yYO-4xnOtiHFZnhLm0Pnd4hkhHaVq_d1LD4xU6DJ-kPs2y2b1KoYfTBNHnzmUMlstVlqYnkNCVZpBQI0MXGgD7W7cJ0YcT_nvhPoxyDO9kWBA4CfMEsih2ui6EuYa59IHl8Xfm-iCFQ5oPwVIadX0CgyUQFT_2p7hv8RVSZA/r81Qy1yyuizvl71vKWwCMEvkQtcFTb3mNfA6JnZkPIg),서울디지털인쇄협동조합,2026.7.27,2026.8.3,,,2026.7.27 2:02오후,육승미,07월,
PNA53029_아이덴티티 스티커팩_A1,PO074900,PNA53029-GC녹십자,아이덴티티스티커팩,"OPP, 아이덴티티스티커팩(리무버블유포지6개입 ), 배경지",300,303,https://airtable.com/appkRWtF2j99XgBTq/pag4McZ2Tc7xALrrs?5hZOH=recWOWtiCUDDjm3i5&UvxrW=recLxfoT2ptLGeykO&Aq5EA=recIY0aSePBTcWjW6,Order_PNA53029_PO074900.pdf (https://v5.airtableusercontent.com/v3/u/55/55/1785405600000/wIXfGZsmIO4W60GgsfmstA/OlVa7oiiKDeDZwiLRaL31VR9u6v39xmnQh9WMxFbQ8OpJIhhcKEwJXNndHLacvIHtm0izbA-drSNqHmKXrAN64aIuHDVf5zfSnpFxYPg4osaGGIw-a09L4D3Q3tGYmxSPU75cwOODGLIJdxxxyY1ODmaPpclI2jdOdLPOkfI2aKVtu_4MKDMhVkIgLl6BsJv/6iZs30cK7szK_HcA9vHdXvm8iKFdhNvwIDzXheBFl6Q),서울디지털인쇄협동조합,2026.7.27,2026.8.3,,,2026.7.27 2:02오후,육승미,07월,
PNA53040_베이직 도킹형 보조배터리_B1,PO074890,PNA53040-셀트리온,사각스티커(베이직도킹형보조배터리),,55,60,https://airtable.com/appkRWtF2j99XgBTq/pag4McZ2Tc7xALrrs?5hZOH=recWOWtiCUDDjm3i5&UvxrW=reclIBGtlrq8bk7W2&Aq5EA=reckizD0lrY1iGWe2,Order_PNA53040_BasicPortableBattery_Sticker_72x62.pdf (https://v5.airtableusercontent.com/v3/u/55/55/1785405600000/rVqi4dQqyGvb9nY343tBng/uSiP67NbujXdMnr25rEhCnQ3HQQuU1K1N_2J_v1vDk9zz0Dz9yWDCWSz6XeyIYkHfAto7pFjZUiM6oV1V1hMFTHz_Gzdo4bzMnnot-T2ngyHBJME7lOFWaTjIg8Gi0JSFAXx0aoAx0Ec-bE5GHbT7JzPwALNgaPYSC9fgcQHjR5VjT8Czh1zWhU7Y_ytGJ_xPB9uHbLWfDoEV0W6D-13ww/kD0qtBoVyDID1Zds-kcl1I_V2HXZyHvNOovQTh0LciM),서울디지털인쇄협동조합,2026.7.27,2026.8.3,,,2026.7.27 2:03오후,육승미,07월,
PNA53040_Solid 스탠다드 G형박스_C1,PO074893,PNA53040-셀트리온,웰컴페이퍼(Solid 커스텀 G형 박스_반투명L),,55,60,https://airtable.com/appkRWtF2j99XgBTq/pag4McZ2Tc7xALrrs?5hZOH=recWOWtiCUDDjm3i5&UvxrW=recFIpj27FmQ3p51F&Aq5EA=reckizD0lrY1iGWe2,Order_PNA53040_(A2054)_Gbox_L_Welcomepaper_230x200.pdf (https://v5.airtableusercontent.com/v3/u/55/55/1785405600000/ibDMo51-9OmNdm_SmlYYtQ/5KXVZRQq4l73TVNr7JPJHBGlDAEm-WoezRXb-xrBAloKoGqTGrvJj-u2rVkKZXcZ_DfxqbgtjeUI0-PnU4IfatEnHK7QbIbEuEUb0tAwAaD1vW-NNgnYQXr-mvbeaQZQryCSn3zXyZWuVAVlCcYtfzIHDIdlUzO8ipgxLAzQcdj72Bi-uk9eGl_O75CfhVe-J8ToUq9SAaJaJ15c3zVHrQ/FFqQkYt8fpWU_gyxEmOinttIU7miaooz9MTCdDJ0ds8),서울디지털인쇄협동조합,2026.7.27,2026.8.3,,,2026.7.27 2:02오후,육승미,07월,
PNA53040_클로저 휴대폰 스트랩_B1,PO074887,PNA53040-셀트리온,배경지(휴대폰스트랩실버팩전용),,55,60,https://airtable.com/appkRWtF2j99XgBTq/pag4McZ2Tc7xALrrs?5hZOH=recWOWtiCUDDjm3i5&UvxrW=recf5hUyDPROomK8y&Aq5EA=reckizD0lrY1iGWe2,Order_PNA53040_Closer_MobileStrap_Silverpack_bg_paper_98x152.pdf (https://v5.airtableusercontent.com/v3/u/55/55/1785405600000/zLnaK0hwBFv4rIk-VSyxBg/NJhM3LoEsRY7gYznUwD3GSam-4nAWqP0ULSU0LjXMtMM0XvTJZDy-0GaM-3eweR4Wl6N8rsxwsX_EWodLm_0Yc_-AqFhyHltEEpm5j7wTQbdUGth-kLXVcCTQLHnFUzHIebQ5ASiL9PFQQ7_PNHV8yR9vuBIb5G7YOIUbIRfaq37vY44CVBX7oG9ES7ur7bW6V7qgAp52eOSV66K8Hhd8pTBk01UkE6KxSmltp4SYI4/uHb47xydByUoly9rpn4tWfm3UrsyxVqrXaS6EExIT3I),서울디지털인쇄협동조합,2026.7.27,2026.8.3,,,2026.7.27 2:03오후,육승미,07월,
PNA53040_Solid 스탠다드 G형박스_D1,PO074884,PNA53040-셀트리온,띠지(Solid 커스텀 G형 박스_L),,55,60,https://airtable.com/appkRWtF2j99XgBTq/pag4McZ2Tc7xALrrs?5hZOH=recWOWtiCUDDjm3i5&UvxrW=recW4VTC75XIUHFnJ&Aq5EA=reckizD0lrY1iGWe2,Order_PNA53040_(A0887)_Gbox_L_Band_85x665.pdf (https://v5.airtableusercontent.com/v3/u/55/55/1785405600000/Chn9Cgl21s1Twj60JJTWQw/ZJnZamtlow0gBLjuRQKJll9Mmonf60P4wZr0ZKy07iGTMoQmQFIfriYdwICWiLI-1s2fwXckbM07A1AU3l3nskKDXtG0zf6Z7LqM7l02CLCAObVh-2VKwoAGfmOrSRvbj7cWd8AEW8hW1t9Xdu_0YVH8rsQe_PLZl6kf9nDWkD13TFWbpFZj3QxrYNbYD9uhcCbA_dYt5SVIHL2-xtb5jg/WXghJyfKIF86Qqf-DjRuaowqJJoWNsztpD0np_u9_r4),서울디지털인쇄협동조합,2026.7.27,2026.8.4,,,2026.7.27 2:03오후,육승미,07월,
PNA53029_커넥트 6in1 케이블키트_B1,PO074899,PNA53029-GC녹십자,사각스티커(커넥트 6in1 케이블키트),,300,310,https://airtable.com/appkRWtF2j99XgBTq/pag4McZ2Tc7xALrrs?5hZOH=recWOWtiCUDDjm3i5&UvxrW=receYo1JeQSpg1W5M&Aq5EA=recIY0aSePBTcWjW6,Order_PNA53029_ConnectCableKit_Sticker_49x33.pdf (https://v5.airtableusercontent.com/v3/u/55/55/1785405600000/S04wVn_68Swvt1JDY3KPaQ/uHplEVkrOFIGZdGdwgRb3jfdgF5U5kP6rGUyV7xpXayvSlH5f5CtR51lUqbb2dlm_OCo9XnrPSXpNgH66iJmN61_iBiDqYDfnpYqsRbqjXYl_Vxx90-3XxHzE2agBGOSf6CdULXmp68U3w3G6eaWWVw_vqTQEdZymfwL6tNhJuuem-SSzmf4ZqOLYrPWXOpXfSGZepWfZwYgPbkLn_m8-Q/6LP8ynPhrXxyR8fdMOD8efvkB8AgLDBdt7ZWGPH6MZo),서울디지털인쇄협동조합,2026.7.27,2026.8.3,,,2026.7.27 2:02오후,육승미,07월,
PNA53040_풀커버 스티치 노트_A1,PO074886,PNA53040-셀트리온,풀커버스티치노트(디지털인쇄),"풀커버스티치노트(레드프린팅)(커버), 풀커버스티치노트(레드프린팅)(내지), 풀커버스티치노트(레드프린팅)(스티치)",55,57,https://airtable.com/appkRWtF2j99XgBTq/pag4McZ2Tc7xALrrs?5hZOH=recWOWtiCUDDjm3i5&UvxrW=recRPnVKzFFNtnUcB&Aq5EA=reckizD0lrY1iGWe2,"""Order_PNA53040_FullCover_StitchNote,.pdf (https://v5.airtableusercontent.com/v3/u/55/55/1785405600000/79WbzGhIcpaNVkaDswv_2Q/hVy1FNoogO5PLMrwbdwEzoBB2Nw-enZeJYxaXu_NehDvygO1ZP6OfxYzZs6sFiT7ss6Eq7Lk3cJUVFOpG1ozpFTNIikTvs4g0GWm2hspJWif6K2Lm0GQ_QMaH1Qsobegm6jwLO1IJzgmGtIjpqUcF_-KsNUuqkp1_boWWbmbFle_fEWZ8TA43a6-hJyPsUk1X67l22DEEsVsYCJlWrFFdw/kvzOLs4iu2D9D26erZP4qO48YnbY0DCi5IiiuFc8nPM)""",서울디지털인쇄협동조합,2026.7.27,2026.8.3,,,2026.7.27 2:03오후,육승미,07월,
PNA53029_데스크테리어 매트_C1,PO074903,PNA53029-GC녹십자,사각스티커(데스크테리어 매트),,300,310,https://airtable.com/appkRWtF2j99XgBTq/pag4McZ2Tc7xALrrs?5hZOH=recWOWtiCUDDjm3i5&UvxrW=rec5nj55Z02snwtFV&Aq5EA=recIY0aSePBTcWjW6,Order_PNA53029_DeskteriorMat_Sticker_86x124.pdf (https://v5.airtableusercontent.com/v3/u/55/55/1785405600000/yCEtupdKWNnYp4cOM8b26w/c12afRXgswymciITPGvL66VNgONhlGqgN5KMSHEaq2nz2j_iKyRAu7KOfLqs1idGs-Agm7Xnkay_kZUSz9WYEoWfiiIGWeqFC-M8m-_gkyfuC3Xfe5yNru3BYfgIm-RB6DNmKS3GsjmTFnaKOBHbpbMyFFLUf6wWE8Bfwn53ukVwWLGNiWAZZ3NEm9D8WCIuI6Zyl4DdNDFzcz_44HigPw/oGLeHBJH80R0rCAgtgX4qSwQjslUvkcCUTvPBAwg4CI),서울디지털인쇄협동조합,2026.7.27,2026.8.3,,,2026.7.27 2:02오후,육승미,07월,
PNA53168_Solid 스탠다드 G형박스_E1,PO074937,PNA53168-주경신,사각스티커(Solid 커스텀 G형 박스_L),,100,110,https://airtable.com/appkRWtF2j99XgBTq/pag4McZ2Tc7xALrrs?5hZOH=recWOWtiCUDDjm3i5&UvxrW=recbMlarE7jIs2XFw&Aq5EA=reclZ4gAYxEuB43Nl,Order_PNA53168_(A1286)_Gbox_L_Sticker_62x180.pdf (https://v5.airtableusercontent.com/v3/u/55/55/1785405600000/BWGEQm2Uy2fo1L96yGtJnA/Y3KCKjyjAOp2t5AoW0AiPFvEUy9qP1WhXtjDPq1tLvfmpNd8C3-bC8Xd-udCXhaEyIkdJR3P0LllRRkgX8_g0KdZbX9hA-X8qCaHbQ0uETNy9S2oe2rtVDfEk8xdu9r0tZpxhbnYoz49RvnL86rx46sbXgTfvGTnwaY8zlhxtY2gHTpYXxlTrT70H6T2r0Tyn4G9dAwJ3c3d6b4eTBpWcg/_gOE0cXNtqL6Ve-ai7SeruHsrJjtVssQT2Xz7HBVQ0s),서울디지털인쇄협동조합,2026.7.27,2026.8.3,,,2026.7.27 5:51오후,육승미,07월,
PNA53168_버티컬 무선충전패드_B1,PO074939,PNA53168-주경신,사각스티커(버티컬 무선충전패드),,100,110,https://airtable.com/appkRWtF2j99XgBTq/pag4McZ2Tc7xALrrs?5hZOH=recWOWtiCUDDjm3i5&UvxrW=recz2ZxCGYkuGlzYg&Aq5EA=reclZ4gAYxEuB43Nl,Order_PNA53168_VerticalWirelessCharger_Sticker_125x68.pdf (https://v5.airtableusercontent.com/v3/u/55/55/1785405600000/STACU3NOxgNzWxapOjJV4A/zH-oACuJHlPC8svU7BG8ipbg9Y_h1zacWhArsc2d_BrRfCOdrQr58XwNoB37i3XvliZBR61TsGtuYt0bX0l1mqbkqduK5MgG6GPNWdeJnNO1-UE69AFw2ezvDK3W3yi2QlBz9e731yjHyrQrlI8UcGSaTpMzx8J0SlkjI_onrhY33SDQ9Oc7yPxIS1jGU9D_ehpzJOejdyXawznyezHlOthAoOliuYLuP0IAN95mdpo/LymB9FRb6nHCC6ZVFZDp4y1A3e3plcvmm-yyIQwsJuo),서울디지털인쇄협동조합,2026.7.27,2026.8.3,,,2026.7.27 5:52오후,육승미,07월,
PNA53168_프라우드 투톤 명함지갑_B1,PO074934,PNA53168-주경신,사각스티커(명함지갑),,100,110,https://airtable.com/appkRWtF2j99XgBTq/pag4McZ2Tc7xALrrs?5hZOH=recWOWtiCUDDjm3i5&UvxrW=recclDFFcIlggDMv5&Aq5EA=reclZ4gAYxEuB43Nl,Order_PNA53168_Proud_BusinessCardHolder_Box_Sticker_72x62.pdf (https://v5.airtableusercontent.com/v3/u/55/55/1785405600000/bfKRqm4KFHDF2pHzKFwNeg/mPlQdAzic6hIN_QOD-UVxhhdjdqKao29tNKDjSxbQjUbM7MKqucKy4gNMnwoQHaZsbOeKaBlwpy8RA4BGrveqCT910PM84O8Hgcv-oAgtZENlf3V8rR3PC9wl1w_IRb_oPxylw6OqYs9q1kYn61NoW-vJzMxTGPkBm-Ia1SX0aVn7GlyGMXEv6Cw3TWLaOPoq5m5R5RWWLPDKh_CBrA-PX7hFo337XaVTWnnOvDBhVw/zz4xfOadUvcyf-6PKXJKy8hjQq0MMzgBcqwhl_b0irI),서울디지털인쇄협동조합,2026.7.27,2026.8.3,,,2026.7.27 5:52오후,육승미,07월,
PNA53168_스펙트럼 컬러펜_B1,PO074932,PNA53168-주경신,배경지(펜류),,100,105,https://airtable.com/appkRWtF2j99XgBTq/pag4McZ2Tc7xALrrs?5hZOH=recWOWtiCUDDjm3i5&UvxrW=rec2fatSRAC8Ed54C&Aq5EA=reclZ4gAYxEuB43Nl,Order_PNA53168_SpectrumPen_bg_paper_33x167.pdf (https://v5.airtableusercontent.com/v3/u/55/55/1785405600000/EasbdteGr0KwCHxX47GnrQ/B8Yaa3nZKOYgPJKEM-g6ETOTSOn8_pX90fO8T_p2KSG5Ul2CmIKUuKMt0UaGNCIbxbNZ_8L1hMmRnlX0pSj9Gcxb9LKnfsmPf17o2056ZoqJ6rjb_wvNN2ML9p624WUcOaWeixPib2A1JHQjniy6XvHUu75XsMK8WTmeraLGSYz3LczRBvlx7nGOof5sQL2tLAK7RtMD91260ZkYtR-fXQ/cEN0lopOaMNW6n42kc_22a_Ou4ntTB6OpEVXb_6b-dA),서울디지털인쇄협동조합,2026.7.27,2026.8.3,,,2026.7.27 5:52오후,육승미,07월,
PNA53168_매트블랙 텀블러_D1,PO074929,PNA53168-주경신,사각스티커(매트블랙 텀블러),,100,110,https://airtable.com/appkRWtF2j99XgBTq/pag4McZ2Tc7xALrrs?5hZOH=recWOWtiCUDDjm3i5&UvxrW=recpcyObiWvsWNDZY&Aq5EA=reclZ4gAYxEuB43Nl,Order_PNA53168_Matt_Box_Sticker_53x85.pdf (https://v5.airtableusercontent.com/v3/u/55/55/1785405600000/1iugpr1axahy7PgdMjcFfQ/yx-xezHWFiLlUALgFLUH3ipAlQuqfX49OHIiSBuw32dSiGCwjUfuezjuPLc60rPOmoC-ZyhhI5G7LcmkHbtMySeEs9nYrkgOKd96048lNJtUfvI8nTVT7uB2ty9xpe6Xrvp0kzXv7oJhR75rH5POzsxCtMjLWi--YitSM77Wchj6M4i4dgqvwwlR03kmymmRlJ2QqViVGSdTxZyvMiIqxA/32VDeHbvjZECJjYDsyRo7FmbzlQf3fqb26DSFRLojQY),서울디지털인쇄협동조합,2026.7.27,2026.8.3,,,2026.7.27 5:51오후,육승미,07월,
PNA53168_리마커블 칫솔살균기_C1,PO074928,PNA53168-주경신,사각스티커(리마커블 칫솔살균기),,100,110,https://airtable.com/appkRWtF2j99XgBTq/pag4McZ2Tc7xALrrs?5hZOH=recWOWtiCUDDjm3i5&UvxrW=reczKJCvjavT0ZABk&Aq5EA=reclZ4gAYxEuB43Nl,Order_PNA53168_Remarkable_ToothbrushSterilizer_Box_Sticker_72x62.pdf (https://v5.airtableusercontent.com/v3/u/55/55/1785405600000/Wk3HCx2hkVCIEFQORt1BKA/gZbBaEf5u-FAejUb27iCl_coWiZ-0NyAhBKbDMtMDYohd_WJzLSjGDw8hb4vbF9g-HduPD3i1E_DXKoG9E3xkoO3eK29gM7PBKsQV9ph_IZXoqKAkYftPDXyd7wZCb8_fzfdv1AnOJFbRxoSCYtLhZomhApjWNngqe3NxshEbT_JhM5hmP0Hz9t6zSpWPE_DLpZv5tNm3-NiVxdVeBAdSFPer8CtNPg8lLcyWjFioWM/jgU3_zfQt5He1nyHxFRjqM5bGf2pwhTQQgOA7kT1ydw),서울디지털인쇄협동조합,2026.7.27,2026.8.3,,,2026.7.27 5:51오후,육승미,07월,
PNA52545_Solid 스탠다드 G형박스_D1,PO074911,PNA52545-한스네트워크,띠지(Solid 커스텀 G형 박스_L),,100,105,https://airtable.com/appkRWtF2j99XgBTq/pag4McZ2Tc7xALrrs?5hZOH=recWOWtiCUDDjm3i5&UvxrW=recDcfQKVGkQvcQQ0&Aq5EA=recNKXS772xvSEvel,Order_PNA52545_(A0887)_Gbox_L_Band_85x665.pdf (https://v5.airtableusercontent.com/v3/u/55/55/1785405600000/4qrrfvZ7W0D8h3kPU1767Q/TDFkC_d9kw-40Jpqk6rjDaF5qx0lPXD5W72x4uQG2gjOFGaMltxDH5TCbMwVNp4JtZwN0gh4D4aw_F-5RCBlUnEjUnErurfIE2N0QseJffIYGueOvBNfOB2Q53fJmVgU9-BYBFXH5Sg0mDiGgbh-wc6YjQ1MgQv9ZRia-HjAX8xLqJiaC0QdZPwBi8G3iUKpZvUr_nB4xifXyFzeP2IsAA/w0Fq4Qpk5JAlUVGRGVGtEZC1zyzRPJqMRmUW9O1ID0o),서울디지털인쇄협동조합,2026.7.27,2026.8.4,,,2026.7.27 5:51오후,육승미,07월,
PNA52545_Solid 스탠다드 G형박스_C1,PO074907,PNA52545-한스네트워크,웰컴페이퍼(Solid 커스텀 G형 박스_반투명L),,100,105,https://airtable.com/appkRWtF2j99XgBTq/pag4McZ2Tc7xALrrs?5hZOH=recWOWtiCUDDjm3i5&UvxrW=recVDCKohz565hGIW&Aq5EA=recNKXS772xvSEvel,Order_PNA52545_(A2054)_Gbox_L_Welcomepaper_230x200.pdf (https://v5.airtableusercontent.com/v3/u/55/55/1785405600000/LBrxAFvcTsugvLeP-kPdng/VLsVMz3fvCUeaUXeH8GrIlSHSegKCbAqV2LgdydE4t40KkwSaJegDFmgHWzBX5hPxCXjuO5JMD5927d9IR20CKg07c5KIhdsGF8AlSKsvDfXKQPfiqoPqIz-Xf2LUTuCpFpV_AZkvbcrZqcSv9sFOP2E1hR5KkMSuRB-zAuq3wHc-DFDjorN7AJLjBx7l_C7HcVZ1BSrsdXxZKQMJozfXg/RnSiRaubr5Vhr12RwoQ-JhRYBU-5q9hmxraH3gGNGx8),서울디지털인쇄협동조합,2026.7.27,2026.8.3,,,2026.7.27 5:51오후,육승미,07월,
PNA53110_미르(MiiR) 텀블러_C1,PO074923,PNA53110-에이투시스,사각스티커(브링유어컵),,100,110,https://airtable.com/appkRWtF2j99XgBTq/pag4McZ2Tc7xALrrs?5hZOH=recWOWtiCUDDjm3i5&UvxrW=recwYD9S8UqHXzOXr&Aq5EA=recMWWPXSEmvd3s7a,Order_PNA53110_MiirTumbler_12oz_Sticker_72x72.pdf (https://v5.airtableusercontent.com/v3/u/55/55/1785405600000/Deq1zmUz5wo-m8nU2k99lQ/zpJsWptZpmImeYqVv7SOlO3jSQ9J6MG4Ad5FSaVGcokwFSvKbZ9XMe21YGuON8vXaUfTeqZImo7Vq2aC5lGY7_uxlp5sGYidDsGL-w-27YH8cgb-deTT_m3d91HS_anFzrgESVFkbtD-EhRerwfVX_VYS-laOFxq1xO3MCHPpqGKMSnjtgo52fjQIJWJYWxqBHIRDxVxMwwlWvpv2y3LDw/_VrzeTW1_6sx2Cr-TDdwTK4esKZgqCldBpSEKdORsvk),서울디지털인쇄협동조합,2026.7.27,2026.7.31,,,2026.7.27 5:53오후,육승미,07월,
PNA52545_클로저 휴대폰 스트랩_C1,PO074910,PNA52545-한스네트워크,배경지(휴대폰스트랩블리스터전용),,100,105,https://airtable.com/appkRWtF2j99XgBTq/pag4McZ2Tc7xALrrs?5hZOH=recWOWtiCUDDjm3i5&UvxrW=rec3LOQ1E4lNynSsZ&Aq5EA=recNKXS772xvSEvel,Order_PNA52545_Closer_MobileStrap_Blister_bg_paper_77x171.pdf (https://v5.airtableusercontent.com/v3/u/55/55/1785405600000/t15Qh0KjnLBUUhFX7KxxhQ/U3T8hTyx7XQHdgyYq4dYmY_10xgpU0FPr6ML1wxN4QS3lwYG_Lt6UzD7IrSZ0vN5BLrigI1z4qzytii9EwTdKxaqoehaTFmF50pBsRijkpiNens_K36HeC_MwsjmShMn4nBnxc_pUA20bQBW6hCuSK0jSUXtOC-LIMHf25Z_EeI0r07ftUoTFrWdN6yt-KQo2-4XHwM3wQK1sdcCVYSBhFdEl0hVtB8yh-XRjid5bkE/-cs5O7tF13jL_RkFBKhVMSlB2HQKLHBdoGfGT5ciiWI),서울디지털인쇄협동조합,2026.7.27,2026.8.3,,,2026.7.27 5:53오후,육승미,07월,
PNA53141_액티브 스포츠 타월_B1,PO074946,PNA53141-대한체육회,띠지(액티브 스포츠타월),,180,190,https://airtable.com/appkRWtF2j99XgBTq/pag4McZ2Tc7xALrrs?5hZOH=recWOWtiCUDDjm3i5&UvxrW=recYrsPZWHbnwpB6a&Aq5EA=rectbMt7gPdh99dsK,Order_PNA53141_ActiveSportsTowel_Band_290x95.pdf (https://v5.airtableusercontent.com/v3/u/55/55/1785405600000/-oBxy7X8zXiBoLZPqfvvYA/WGxcps-VOrgiLwR9BrXse-FcnAgBM0hwnScIKJiMX_9lg-0VqPlbJJkY34yPdIvb5Ix8UunYob3SftUklDxTDQ3YpOzRsYh4Drhfdlyo826nJ2vS0M8fH-5Difl4BAl87Hyupfai5pmPbRgsWvjhjNsp0E8PFNbTdgpzGR2jHa6tHm5rz2poCUCkWQB4OmIZMyBPSNFlKygkp4ieEFTqYA/BwFemAHkxRbgD063im_Rp6uaGz3eBE93MjIefsgEvnc),서울디지털인쇄협동조합,2026.7.28,2026.8.5,,,2026.7.28 2:05오후,육승미,07월,
PNA52987_아트워크 타월_C1,PO074947,PNA52987-문화기획상상,사각스티커(브랜디드 타월),,220,230,https://airtable.com/appkRWtF2j99XgBTq/pag4McZ2Tc7xALrrs?5hZOH=recWOWtiCUDDjm3i5&UvxrW=recR1OolLVXYCDhna&Aq5EA=recb9B0gzDVggaEQa,Order_PNA52987_Artwork_Towel_Sticker_62x180.pdf (https://v5.airtableusercontent.com/v3/u/55/55/1785405600000/0GKjMyuwHH1jIM3UF5H3Rg/zdZmhq_LQAL6Be6Xnlo3WbUxfc58NfsSZSXj_thzG6WLNe5ufgd0F7fkg6IHDZK-FbAGtVfECv30AmxgysBsfzSwTzGrrJCOIFvMcXDm58ZVC8Jg5IEtOCC6Pv2YH_mDIRU3bU6gxtBTV5GQo7_tXNc7-jtrDWbFPK2nW7D73wapb1IWJfNcX-fsopLx8ZRR0cUb-n01bC4bGBMJjttPmw/RjD72jsbGusOAdA2qmNBHjz5bBksFeKLqhiN4WMhiZY),서울디지털인쇄협동조합,2026.7.28,2026.8.5,,,2026.7.28 2:05오후,육승미,07월,
PNA53013_브랜디드 피규어 키링_A1,PO074957,PNA53013-하늘새,배경지(키링),,1000,1050,https://airtable.com/appkRWtF2j99XgBTq/pag4McZ2Tc7xALrrs?5hZOH=recWOWtiCUDDjm3i5&UvxrW=recboTL0dMfX2x7ZV&Aq5EA=recvBoIqYAnSOb82j,Order_PNA53013_BrandedFigure_Keyring_bg_paper_76x108.pdf (https://v5.airtableusercontent.com/v3/u/55/55/1785405600000/ZJvkxtiIC9khGDWgc8SNBw/a_YtxJUj7c8lpIT_yPJ7UjNUl60sAW1w5X2ZkkQ-vtCagLg8A_-6pUHnL-ufe4Gue72MtEkwGUh60RjnQ3v8wjRTMgCk9oKwh3zoUO8Mz3zaojcbQ-cXObgsC6UBuf9p6VnsrN_nJ--rBkkmkSZj0sze25G66sLiRbQCzRQuLr1sCU8Y3Q4osATRNi_Q_gRgRvAV2S1MvV2CVLv5hccglJiksiAjm60lh8nyFEMeNnI/rZbby1dMr-c1sWPByKNzb0Nu0tLroGbk8E8NUf-SVsM),서울디지털인쇄협동조합,2026.7.28,2026.8.5,,,,육승미,07월,
PNA52881_브랜드팝 클리어 키링_A1,PO074969,PNA52881-한국토지주택공사,배경지(브랜드팝키링),,230,240,https://airtable.com/appkRWtF2j99XgBTq/pag4McZ2Tc7xALrrs?5hZOH=recWOWtiCUDDjm3i5&UvxrW=recWBtrH9hrDufMm6&Aq5EA=rec7G54iUE3RaI4g4,Order_PNA52881_BrandPop_Clear_Keyring_bg_paper_76x163.pdf (https://v5.airtableusercontent.com/v3/u/55/55/1785405600000/GhjKSJBwHEyqw68wPSYxlw/Ta6Q7ifpOJk2Od3LCg1qH9N4YydnMm7FJVSDkLOUn5u5JKdlKrnqiR0CkcUNHsOYp18n8puTBQ5DcfgULDqze9VGAyHPXYfqIN4_lQJZfgZDpy5iqOZy76k4OBPv7WscyPQ4n68MC29bvgRtWbYIcWVoNi8IEvJqBNXwsohq_rSaeL4mOk9on-IkY9FC9slGraH-aSwwluLTvtm5XkNNw5cEXHz9BjCYjywJ4zYq8Rw/skwwFH6mbA2DerrKy3EeA1iyjNKjB02CWxPBJzHXF7A),서울디지털인쇄협동조합,2026.7.28,2026.8.5,,,,육승미,07월,
PNA53100_플라워 피규어 방향제_A1,PO074975,PNA53100-신시어리,배경지,,70,80,https://airtable.com/appkRWtF2j99XgBTq/pag4McZ2Tc7xALrrs?5hZOH=recWOWtiCUDDjm3i5&UvxrW=reccnMOdbqjR53FZJ&Aq5EA=recqiHUWrXHUefFBN,Order_PNA53100_FlowerFigure_Freshener_bg_paper_100x155.pdf (https://v5.airtableusercontent.com/v3/u/55/55/1785405600000/k9oyPPTSF27TbKr7ByICng/ppNP9AUapF9EtZprVd3Xo1aaKRlWPisYQ_yvmfV4hseioJ0ioTMt-LhDO-b221hs4KArezI-8Q_h7e6PJCVfkE_xye3NGjHS-bTaKSGmdalg0JJFlcOzH4xIGOo25_t54mkBh9y2o77m_zJEKMaw3uQzEA2dpwjO6v3Z-iB-KHDkAuPl0_T0BDll_vQZredWbisf2k5GK17R5-IWXOkBVNHuM-yywnRF8g0Aj5cKevQ/xN2Lpbx0RE_AS9hwDhVtuRnrGZiRR1Ca55bS-emnkCk),서울디지털인쇄협동조합,2026.7.28,2026.8.3,,,2026.7.28 5:56오후,육승미,07월,
PNA53100_플라워 피규어 방향제_B1,PO074976,PNA53100-신시어리,웰컴페이퍼(Small),,70,80,https://airtable.com/appkRWtF2j99XgBTq/pag4McZ2Tc7xALrrs?5hZOH=recWOWtiCUDDjm3i5&UvxrW=recuYZGDLltY7BoOU&Aq5EA=recqiHUWrXHUefFBN,Order_PNA53100_FlowerFigure_Freshener_Welcomepaper_77x110.pdf (https://v5.airtableusercontent.com/v3/u/55/55/1785405600000/q_XJaFoNyYeuLtGmYBmogQ/ttyy8OSbWX71W0hciGiKTgCDtp60iVRYlIvgTfPqV0Tkd5uAejafS12dEXQnuEoI0Cjo63lxFoQyrxHy4bN53eFnd_r57Nnz_Sxhi3DL4V-UN2lO-Pb8iCTAalaIfC5wvnBgMW20KCNr-eZ3CJcjCiMHtN0xeXe0qEhbpGeTMFof4-fEluMKD_uY5bTVlgJvHIJWgL8yN4SpWHGJ_rcJIff80URDVTaV6qiMbtAIoAo/lyuxtSkk-KwghSDzRCOt0NZCqwx0SgURhrzTfTdJRUE),서울디지털인쇄협동조합,2026.7.28,2026.8.7,,,2026.7.28 5:56오후,육승미,07월,
PNA53100_플라워 피규어 방향제_D1,PO074974,PNA53100-신시어리,사각스티커,,70,80,https://airtable.com/appkRWtF2j99XgBTq/pag4McZ2Tc7xALrrs?5hZOH=recWOWtiCUDDjm3i5&UvxrW=recNVie2F29YCvM5a&Aq5EA=recqiHUWrXHUefFBN,Order_PNA53100_FlowerFigure_Freshener_Sticker_84x76.pdf (https://v5.airtableusercontent.com/v3/u/55/55/1785405600000/T6XBjCW0C_8sTVfl9e443Q/Y9GnDsqkTWyQ6we7F7CVh5yf4-agNmjtlPvZL7NoWUSDlODc625IYAfBQcCEK9flRuQUHVIleQenAmcJ56AzM_G0uEwoBvJji4LDBH4r2RcOy8iOAlw6xy2y4G-A_wPUSgSfivPo_-sR4STXm-Db4FqnsIqFOBUB9ZLynIgLT9FAPSjfZjXMVZfJvJyTXXkaPDqZQ3Yy_kymz7Bs9QGFUBHpuWk9j1XH5zeN3rFBRww/bet4XAsRQfq7N2StoNZXpxSx0VqLiBlfl3l3dEhgsSw),서울디지털인쇄협동조합,2026.7.28,2026.8.7,,,2026.7.28 5:56오후,육승미,07월,
PNA53100_브랜디드 피규어_A1,PO074972,PNA53100-신시어리,배경지(기본),,70,80,https://airtable.com/appkRWtF2j99XgBTq/pag4McZ2Tc7xALrrs?5hZOH=recWOWtiCUDDjm3i5&UvxrW=rec9p7LtqnC7YhaOp&Aq5EA=recqiHUWrXHUefFBN,Order_PNA53100_BrandedFigure_bg_paper_57x65.pdf (https://v5.airtableusercontent.com/v3/u/55/55/1785405600000/gkq5l24dVHOcTKJ1PxLGyg/RMlE-FB-0HPkJ3tR8SNVqbcwiA3XH8SyROVIsesQABPIaQW6kXonYnsMNEjrTmgrCaAPf9qNDfeSgdiXA-xvK5aRqmQ38Cyog9XQNtGNXSS6PrG3LAWCLwaETyo1jurrNUgkQkgujjfk_bv-g6B_WJFG3YQR-w2LgzQhuzEwDjD_iXUxzSkG3Oexrvx6kvrHuE5Ashjl_4FrqMRURQAXQA/vP_kwHZIb1k8BvHIApLnfO-fpV8YzTft_7a0wdsxH94),서울디지털인쇄협동조합,2026.7.28,2026.8.3,,,2026.7.28 5:56오후,육승미,07월,
PNA53199_임팩트 슬로건타월 [2]_C1,PO074997,PNA53199-비올,띠지(임팩트슬로건타월),,100,105,https://airtable.com/appkRWtF2j99XgBTq/pag4McZ2Tc7xALrrs?5hZOH=recWOWtiCUDDjm3i5&UvxrW=recHxPbyzsQib4WeZ&Aq5EA=recUkZNAKYHRjD0iC,Order_PNA53199_ImpactSloganTowel_Band_290x95_B1.pdf (https://v5.airtableusercontent.com/v3/u/55/55/1785405600000/JMWveBt3bvwAMuiDFQ9RxA/Ba2devU5wzbpXEFwX8I8xjdqT4YZ8jhB5XebHJvRmkl_LgPhfI_anu5L36b8fp3XIfplkYRmz4EhTyhBIaTYQe6HaQoX4BWvKbrSlL68Uje9NSzfAHJrmJWNQ7n491zZFcEJKaLBuuxbZlGqsaCWf5ltGnM4m12S5HBadzx7kEunqI8LGDEJp1dRpxsQS2vYooJIvMkPqpbYPAEoWY3DDw/Vw5y8wXWi9Kn7vWS4xmXD9Mtf6l0pcwlwR9TnOrYC7E),서울디지털인쇄협동조합,2026.7.29,2026.8.3,,,2026.7.29 10:52오전,육승미,07월,
PNA53199_임팩트 슬로건타월 [1]_C1,PO074995,PNA53199-비올,띠지(임팩트슬로건타월),,100,105,https://airtable.com/appkRWtF2j99XgBTq/pag4McZ2Tc7xALrrs?5hZOH=recWOWtiCUDDjm3i5&UvxrW=recGuSlX90TjnXdK6&Aq5EA=recUkZNAKYHRjD0iC,Order_PNA53199_ImpactSloganTowel_Band_290x95_B2.pdf (https://v5.airtableusercontent.com/v3/u/55/55/1785405600000/V3nCYAY9s34K66HpvXXFTw/i_DZECfFv-wbReqyilHWr4IFZksnC6yxJEZA4dVdgzX6PtZfXZ1SmFz-PuWqZNEIHEaGidCOqyzWzWDuWlZ1ZPBM-ZQSmFo54G1GNbTgfBw_pkNQ0Da3laqTXWfhRSZd9CA3oUHzuwle7gkLgYfclVH7ndn5ZwxsgMS0cfE-9H-kqIWLrdpNQOQbID_vKY7V3JsWeLdrHO1phWyjAPrUbA/K7wyXiCWROSkyBR3k5GlaAvS8aZO8t_v3_gXnbxxps0),서울디지털인쇄협동조합,2026.7.29,2026.8.3,,,2026.7.29 10:52오전,육승미,07월,
PNA52642_Solid 스탠다드 G형박스_C1,PO074988,PNA52642-티비에이치글로벌,웰컴페이퍼(Solid 커스텀 G형 박스_반투명L),,100,105,https://airtable.com/appkRWtF2j99XgBTq/pag4McZ2Tc7xALrrs?5hZOH=recWOWtiCUDDjm3i5&UvxrW=rechUKVT5UcrfLOZQ&Aq5EA=recUHQSIzGclNqDWM,Order_PNA52642_(A2054)_Gbox_L_Welcomepaper_230x200.pdf (https://v5.airtableusercontent.com/v3/u/55/55/1785405600000/EREa_tguEUSXCH6v4mlXQg/l7hARXn3XDQkZNXhTlBwpiuI3B3AOa7gnIFzxsY4PduDepUdbT8OwbjVjoER1t8RXBE3E4jHIJms8bWtZNsdik4uatlXEKuISFsv7aTIps3Bx7RiAWmd12fdgyHaWCiUGd11FuTRajMSTat3u6htwGvXZZ5fBcKqy8m0miJH8dypHt-ht6kYsFQpPwsxd4jl9onG7luKT21DFqgeVrlMJg/-0-2tK1LtLQRjHw8iFWxz4IFvvNR92kTExEnUwh-7yk),서울디지털인쇄협동조합,2026.7.29,2026.8.10,,,2026.7.29 10:50오전,육승미,07월,
PNA52642_슈가케인 펜_G1,PO074979,PNA52642-티비에이치글로벌,사각스티커(스탠드-업 칫솔),,100,110,https://airtable.com/appkRWtF2j99XgBTq/pag4McZ2Tc7xALrrs?5hZOH=recWOWtiCUDDjm3i5&UvxrW=rec4CS7f6wB3S5igh&Aq5EA=recUHQSIzGclNqDWM,Order_PNA52642_SugarcanePen_Sticker_40x27.pdf (https://v5.airtableusercontent.com/v3/u/55/55/1785405600000/E96dIz1RQ1_mLvgxhAhT8g/Dm2Mr2lrrjAK-f1feV3FFawa2g50w5hjgxIYEKoRFvrwoKNH4g_9iaKYy-YDtb3VV9B0mYPAtGTp9V0TAIcX3UN1vWNBqjCLkQGlPPTRyhDb9oqIfkrbsn5QBA6OL9k8IMOOMvL_R2SJclfHmpAdxAn6yXKuC0hD8dTMxyAP2cXmpi4mV9VadxcLbdaM7I5I8rpGL93RwS9vkg5MFzaKwQ/3nu5CLzyiMscYRPj_8fIw0aFtSee1MIpv4lF7Hz0y3I),서울디지털인쇄협동조합,2026.7.29,2026.8.10,,,2026.7.29 10:50오전,육승미,07월,
PNA52642_베이직 도킹형 보조배터리_B1,PO074990,PNA52642-티비에이치글로벌,사각스티커(베이직도킹형보조배터리),,100,110,https://airtable.com/appkRWtF2j99XgBTq/pag4McZ2Tc7xALrrs?5hZOH=recWOWtiCUDDjm3i5&UvxrW=rec43Rw3vF9a6VhH3&Aq5EA=recUHQSIzGclNqDWM,Order_PNA52642_BasicPortableBattery_Sticker_72x62.pdf (https://v5.airtableusercontent.com/v3/u/55/55/1785405600000/L5yIiXB2_3nELlWNbecVWA/Bb6hrkJkBDyjmhp30lUwiyTkaQD_RcjRLOUh3AF6NhaDesWrxsWiEeapbKbz-MVZCQxfJDua_Bdrkj4uskKQQKClIrflUxF4HPrO4tmZUVyp_rRjbQxR-P0aPCoGB9Kly1-BK6NKmahOVciMBEe3EtyjmNOB3iTMyzG47T7khpb02r9qn5hCOKkPa_ShKipU1pdR2HAJdMgIlpW4zyUc7g/hIj0AtYR6uWgyb60aHX8B4jKl0_6K1T_xOK9fAcIwBI),서울디지털인쇄협동조합,2026.7.29,2026.8.10,,,2026.7.29 10:50오전,육승미,07월,
PNA52642_Solid 스탠다드 G형박스_E1,PO074989,PNA52642-티비에이치글로벌,사각스티커(Solid 커스텀 G형 박스_L),,100,110,https://airtable.com/appkRWtF2j99XgBTq/pag4McZ2Tc7xALrrs?5hZOH=recWOWtiCUDDjm3i5&UvxrW=rec6Gfus24hPSNzr7&Aq5EA=recUHQSIzGclNqDWM,Order_PNA52642_(A1286)_Gbox_L_Sticker_62x180.pdf (https://v5.airtableusercontent.com/v3/u/55/55/1785405600000/4sE1HDqPfJoM6itd4Hce1Q/vHI_g_xp7ty1c6kN5tlqF-s3ugkvFdbZXlmY0bwxcM_HgukliVnOkJ3wPQTV6L2nJ8yKVe4vwYaHHXUsrp16zDs0fYv8gffodfL3NjGh5uMVfwLTHT6uBPz7meNJnmqANEDzQVUfu7rtKlvTXUNaRKpTxGM5Gm6FKcQFvwaMYUa9YOo9zlc6iakekpqgCtES4sUK2TbJv-gOSA21iL78mg/6ITSHUKGOijRv5DERaQZOyQCqHll26HYdrJiu2Qynro),서울디지털인쇄협동조합,2026.7.29,2026.8.10,,,,육승미,07월,
PNA53127_리멤버 탁상시계_B1,PO075000,PNA53127-이노애드디자인그룹,사각스티커(리멤버 탁상시계),,300,310,https://airtable.com/appkRWtF2j99XgBTq/pag4McZ2Tc7xALrrs?5hZOH=recWOWtiCUDDjm3i5&UvxrW=rec2kAAP62obLJnzg&Aq5EA=recLXCLWxP8unP8yy,Order_PNA53127_Remember_TableClock_Sticker_83x65.pdf (https://v5.airtableusercontent.com/v3/u/55/55/1785405600000/ak3Og2EV7XIll8zUPinyVw/b6Ow7U38mvz4migrt1o85pDknuzbOBHE33d4KmNQ9rH_4F8B1pKK5SVArwzOG38DO5rmSSOLOwalbXz7m3Li5_mDHb4a2QMi1bPCmnDnk3zTkQPWmKDfsVTpd3Tw0MMwduy_LouZLAPyRw9y39SiWWS1BWyDt6oNvpL1DNgfFerz9K7FBSsYUK4s_WNCz79JdxvI1FGYfPtUhEXmq9A9cQ/VesqPTSsUvIeJXcVHkZGuBk6QH3OIPW2bqO_yu7P_2k),서울디지털인쇄협동조합,2026.7.29,2026.8.5,,,,육승미,07월,
PNA52816_스펙트럼 컬러펜_B1,PO075004,PNA52816-툴커뮤니케이션,배경지(펜류),,200,210,https://airtable.com/appkRWtF2j99XgBTq/pag4McZ2Tc7xALrrs?5hZOH=recWOWtiCUDDjm3i5&UvxrW=recWIJZL22PvzB8Y3&Aq5EA=recdKVkcZ5X1knsTc,Order_PNA52816_SpectrumPen_bg_paper_33x167.pdf (https://v5.airtableusercontent.com/v3/u/55/55/1785405600000/mJt1NpqRVwivvQhjE3Jqlg/Z9zqWEOp5EKiGr9Unf_z_SgzM7uES79uBSoP2S6UmqjkUWrD-SkCSb1tdEp7uagSPM5ppOoubqWGHS9QmsvJSaR3_nBrU7EUud8oXXIpdQbX_PvGOnnDz3RjpPGYCpNDxbS2eaZ5vzm8JMRGoT2wXyRU-dZ25dLzWAOky9XpaaoxjvEq_11QvmGABybJNRpjYyiL1RQbelgmafCjuTH89A/X2rO1_APfVhqJlfCtzfhuoTAvZ7PCR9gScAo0CMWjR8),서울디지털인쇄협동조합,2026.7.29,2026.8.7,,,2026.7.29 12:12오후,육승미,07월,
PNA53217_브랜디드 피규어_A1,PO075012,PNA53217-블랙이글스,배경지(기본),,300,310,https://airtable.com/appkRWtF2j99XgBTq/pag4McZ2Tc7xALrrs?5hZOH=recWOWtiCUDDjm3i5&UvxrW=recoa6oOhOjaDVWjb&Aq5EA=recH4PzWahv0iAMfJ,Order_PNA53217_BrandedFigure_bg_paper_57x65.pdf (https://v5.airtableusercontent.com/v3/u/55/55/1785405600000/eGAnp_ey-0aTY-vT5phfvg/9WqGjA21bTT_wqr8M4e86FUv8Ocnx0vxet5e6qrWBiKkhe6SaR-8TZiL_HuEd4AE66i_If8hDjApb63KIFYleSDkOkQ1KYm94qhnTXCkn5VXlXm3nND7v847yWG750e1P-fCyKYEii8bgzAGa10y79AHUJ62R0BKaOTVfFvN3jtFs1WGW2FW-F8xzpFikQ1fBAyUIVuxuZf6CEzBYheV4g/2Rai_z3J5m7AZAUVahQvIDuH8DmeXBWUTZQudhR0E-Q),서울디지털인쇄협동조합,2026.7.29,2026.8.5,,,2026.7.29 3:48오후,육승미,07월,
PNA53156_칠링패드 냉각선풍기_B1,PO075007,PNA53156-아이엠증권,사각스티커(칠링패드 냉각선풍기),,170,180,https://airtable.com/appkRWtF2j99XgBTq/pag4McZ2Tc7xALrrs?5hZOH=recWOWtiCUDDjm3i5&UvxrW=recdIIakwEfdjWViq&Aq5EA=recACBzQIiE9u3PfX,Order_PNA53156_ChillingPad_CoolingFan_Sticker_65x62.pdf (https://v5.airtableusercontent.com/v3/u/55/55/1785405600000/YTJEwT4ljR6bd5TPi98cOQ/AftWMOfm86bzSRM4MvhA-d3VRpqx5hFxX-hExw_Wq8HhF1DoYtB24dAkSah07Sod9VSI1VjDWYrDLilAA2hFybK4QYhL284otV6LSxmrn40Hb77uV2LoU5zZeMbLO95ur32dDxSjwQN4D96Ad7-ws-vMkDeeJ0DTlj9SGEVIpe-A8kxjYD1FVlHrjA5OAp8qa3Iyuuc_Rwopei2pShYGmEa2k95-uoIOh0LT4q7zheA/opNrQ0eby6832b7gFKPaIHWfSCf2zTjWKUYqzKQ7tC4),서울디지털인쇄협동조합,2026.7.29,2026.8.3,,,2026.7.29 3:48오후,육승미,07월,
PNA53212_스펙트럼 컬러펜_B1,PO075023,PNA53212-오토앤,배경지(펜류),,300,310,https://airtable.com/appkRWtF2j99XgBTq/pag4McZ2Tc7xALrrs?5hZOH=recWOWtiCUDDjm3i5&UvxrW=recCoqfRWk6JyWagw&Aq5EA=rec1sd7HSFxzpWjuH,Order_PNA53212_SpectrumPen_bg_paper_33x167.pdf (https://v5.airtableusercontent.com/v3/u/55/55/1785405600000/9rsjqpCvWspbZrqcya4dpQ/EpJoJN1xC00ZGlh-JmZ31rteOBZw0XT_N2Y27en497fUYU4H3Fx-gstojp1UVm8umw0-QMkPMwZ_INl5-KC-tl4h89vwF8WBprqic6c_33bJJ-qYrzHPj6LGP3G7mLUVcJv8r1RDeVn0FwjlF7hM1IrPKMtqX6v2bFDHVAh-da2o8TEqnwEosrF4kYaK5TIV1MIzWszjjQILSdujWfyAzg/1pV-8s85hZBTSl3LdyGc5tEe4rnZYPCCx9ZqF77pqU8),서울디지털인쇄협동조합,2026.7.29,2026.8.10,,,2026.7.29 5:28오후,육승미,07월,
PNA53212_Solid 스탠다드 G형박스_C1,PO075020,PNA53212-오토앤,웰컴페이퍼(Solid 커스텀 G형 박스_반투명S),,100,105,https://airtable.com/appkRWtF2j99XgBTq/pag4McZ2Tc7xALrrs?5hZOH=recWOWtiCUDDjm3i5&UvxrW=rece1QGkJW4vfB5lx&Aq5EA=rec1sd7HSFxzpWjuH,Order_PNA53212_(A2063)_Gbox_S_Welcomepaper_137x197.pdf (https://v5.airtableusercontent.com/v3/u/55/55/1785405600000/ErncnEUOkhnk0gZYqoDbEg/lz9FrDDP0BYUkw0ePCw7-yz-wigrsfFisExViQnSeUrLFIOfpfnIdkUZIIHSh5oyt4MjDfYF2J_1UnMUXCBvA47NnURk5Q36HjqjHQR_8j5_6YZMUjTwaQgB_CpxUltBBwYbcy1_YZLDgvtoUE19IAqkCie11KJzDfS2fzGJEzuyxvf4Fm7d0TH_DmyLJ_HmP_e--6VSbD0mlvCLgnI1Yg/W8qaMh4fH3fKYQ0eh7GooFwftLy1LAKq7nV8ZD1YHuo),서울디지털인쇄협동조합,2026.7.29,2026.8.10,,,2026.7.29 5:28오후,육승미,07월,
PNA53212_Solid 스탠다드 G형박스_E1,PO075026,PNA53212-오토앤,사각스티커(Solid 커스텀 G형 박스_S),,100,110,https://airtable.com/appkRWtF2j99XgBTq/pag4McZ2Tc7xALrrs?5hZOH=recWOWtiCUDDjm3i5&UvxrW=recWhcjDWUs30MpvP&Aq5EA=rec1sd7HSFxzpWjuH,Order_PNA53212_(A1290)_Gbox_S_Sticker_52x113.pdf (https://v5.airtableusercontent.com/v3/u/55/55/1785405600000/3DPgSytIIreupvTnJaM2VA/vQ2R1WtIHIRmHrKoAkYRgiLxepq-KtyOu7SqbwgeHRLwsC1nkLRY4STgkJ2A2chxPJ-HU_S2tH-Yw9zhVFiUhZeSavmgqZmDXgQUuZXbRsJ7cOvF8qDLvh25wXTqvw7_7fOb5M2tuQEhvtCLIgTZkATma-L8ZC0DNovMFgwjHapB8B9W6tug2OU3YjMQ9G3m0KmXuAu4MdzOmCT91LDceg/rJppXuQRiDQBLhZoaaAQ4tbgYoEf5j9hdg7zhi52fus),서울디지털인쇄협동조합,2026.7.29,2026.8.7,,,2026.7.29 5:29오후,육승미,07월,
PNA53231_에센셜 와인오프너 세트_D1,PO075040,PNA53231-연세대학교고등과학원,웰컴페이퍼(에센셜와인오프너),,100,105,https://airtable.com/appkRWtF2j99XgBTq/pag4McZ2Tc7xALrrs?5hZOH=recWOWtiCUDDjm3i5&UvxrW=reca770SpOucN1uhN&Aq5EA=recqaiAxg0SuTOQnL,Order_PNA53231_Essential_WineOpenerSet_Welcomepaper_Colorprinting_133x73.pdf (https://v5.airtableusercontent.com/v3/u/55/55/1785405600000/0VqSMNaNY5z0o8KoE1HlhQ/hBevQausEdA-T__b3vbVtUTGRLqX0rI5NQcWgTsfx7tgWi8DvyhSA-YiN4nQZmvLzEF_uxgbURL0WI0GBIWgoaW4irhij3s7ZeOkWmFhhJa0n-oS7igSPdmQ5K8-FpH-ztZxlAMzyOF1TmSCmCG9i2SWjasNAf4O5GjqyqzB6eOr1TEJHEXsR8pXSeCwbRsxbJmsKDV_5LWm2nwoxhC4aHKgdzSTVWco198JShEuVuVyafGcujkrmlVePLn7fIHg/hrdrQaqC38gI8mZB_j-D1qOqchrQJnygXfJh5AHy18s),서울디지털인쇄협동조합,2026.7.30,2026.8.7,,,2026.7.30 11:31오전,육승미,07월,
PNA53231_에센셜 와인오프너 세트_C1,PO075039,PNA53231-연세대학교고등과학원,사각스티커(에센셜와인오프너),,100,110,https://airtable.com/appkRWtF2j99XgBTq/pag4McZ2Tc7xALrrs?5hZOH=recWOWtiCUDDjm3i5&UvxrW=recevdd2KhUu5lFHS&Aq5EA=recqaiAxg0SuTOQnL,Order_PNA53231_Essential_WineOpenerSet_Sticker_103x90.pdf (https://v5.airtableusercontent.com/v3/u/55/55/1785405600000/kXqlVrO7ekeNlcRIkm4NGw/-IoZ9z-7aofiQUSvWVEBWG4rpHQk5YCoht7pt1S_55OEm2AQmouyWC1lZown2PlHVMJJcai82cEjt3vcxn1aoaVVE1q6ns99Bc56oni8DKWVnbQwINsHi3pawhDjXlrDBqEvcJp_JH0e95iEgwy_eY7Ag9WLw0wNxMFOGN9r9uN4h1zr_3t63yWtTSSMnmWmLXKevTrKFi346MLfpEa7eosWjp3nyZtW7WBAjUDf4LA/sdafm_PTFIMnPqAZ1i9TGYAIQ8WZ1i14Yh9YA1404BY),서울디지털인쇄협동조합,2026.7.30,2026.8.7,,,2026.7.30 11:30오전,육승미,07월,
PNA52941_오아시스 미니 마사지건_D1,PO075036,PNA52941-오스트리아관광청,웰컴페이퍼(오아시스 미니 마사지건),,139,150,https://airtable.com/appkRWtF2j99XgBTq/pag4McZ2Tc7xALrrs?5hZOH=recWOWtiCUDDjm3i5&UvxrW=recEMy7CVW4AmF06s&Aq5EA=recx4mCcSyU4l3poU,Order_PNA52941_Oasis_MassageGun_Welcomepaper_155x146.pdf (https://v5.airtableusercontent.com/v3/u/55/55/1785405600000/A7GFuu4DniemE0tgsIM7ag/diJcpxbLecHgJvxSBYUM1Euo7GMAVuVlpx4eDexxscbDooRYjmSOVLpCv6apab39hWhgQHdzl_2CwyLhBoob9HTXNAeZGxmre9uHPMGtfhQJCTjAilPakB2RkRwImQw8gSM_fzcZS7BbwlWtC8dquz-cghdp0x8kqsvfLn6dFZ17TKd4b3DCtWPYp28mBwIwYWe-qaBhPB0zLLd517PYo5MIdtIchdDPKNHD5mCKRWo/RMxQ8daTvr0nLshOyttEJ6Xst8HLG9Vwopz3n1CQnIk),서울디지털인쇄협동조합,2026.7.30,2026.8.19,,,2026.7.30 11:30오전,육승미,07월,
PNA52941_브랜디드 피규어 키링_A1,PO075034,PNA52941-오스트리아관광청,배경지(키링),,180,190,https://airtable.com/appkRWtF2j99XgBTq/pag4McZ2Tc7xALrrs?5hZOH=recWOWtiCUDDjm3i5&UvxrW=recEfl0CVAuK1Cpm7&Aq5EA=recx4mCcSyU4l3poU,Order_PNA52941_BrandedFigure_Keyring_bg_paper_76x108.pdf (https://v5.airtableusercontent.com/v3/u/55/55/1785405600000/ebOTmpwAmUwvPcrqJdy2ZQ/lzgzlSLNepeqIZD43GewhVp-QOGjZPCzet0thGtCWYZkkJ3hudeKgh1YUPiHc2gyej5HNrMTbNL5oxAa8jHrLabwkZY5ck6K8DpqWXOqI-JTrHBPaitN-ucucME7wXkjVq2bLulRrLbR1vsDKOTLyxVdLj1LOxDZ6b5omSJ9jKtPqvb1lwqoHrguKPqhqF7KfZzqdxXyAysmeFvHjnoD98tjDdghtIEX2dBOeWK1TAU/Nf3jJcY60j6Q3M-qD6vhEL2hJnvx9OMNoYsr6-7aWvY),서울디지털인쇄협동조합,2026.7.30,2026.8.5,,,2026.7.30 11:30오전,육승미,07월,
PNA52856_비주얼핏 키캡키링_B1,PO075030,PNA52856-플랜트8,배경지,,100,105,https://airtable.com/appkRWtF2j99XgBTq/pag4McZ2Tc7xALrrs?5hZOH=recWOWtiCUDDjm3i5&UvxrW=recaqLhHWGkK4DFp1&Aq5EA=recGLwHZhDaFl9anS,Order_PNA52856_Visualfit_KeycapKeyring_Blister_bg_paper_77x171.pdf (https://v5.airtableusercontent.com/v3/u/55/55/1785405600000/pFplrtEK6IwhRlBcCm1S3A/BgWyY9NfOwN882jNWcLZBGmwHiGO1yX255F8IqXzMmbREfOdtcSpM46RX98Svffy1SYeVUUTNKKNhBFf-LQv3MSqHjfxDzwJIkESyUZ-SDVzHIUIVHzK_9wC1w2IL2uy9aQ95TtTlPoVWs-xQxYTAe11z4zO0WYbb8ciIpJ3-9uf0wUZBkMzoRucfOQt858fgx0Z7vSDFnosXoaAU3HuVR1_Gt_BpziffIkLCgU_pt4/A7GjI9CGnd1XPs9SSJMuZJFEETUqw9w0b-IqvYq1pmM),서울디지털인쇄협동조합,2026.7.30,2026.8.5,,,2026.7.30 11:30오전,육승미,07월,
PNA52941_오아시스 미니 마사지건_C1,PO075032,PNA52941-오스트리아관광청,사각스티커(오아시스 미니 마사지건),,139,150,https://airtable.com/appkRWtF2j99XgBTq/pag4McZ2Tc7xALrrs?5hZOH=recWOWtiCUDDjm3i5&UvxrW=rec4gSwX9JbXaiUbB&Aq5EA=recx4mCcSyU4l3poU,Order_PNA52941_Oasis_MassageGun_Sticker_62x132.pdf (https://v5.airtableusercontent.com/v3/u/55/55/1785405600000/ho2E1L_RqMt0unF0WsvHzw/4oOewcvqqbkFQNvvCH9gSKxxW3d-KxnoBeZFvZRP7gWVft7tjsF4jKPQCoZAkM-rs_igm4rZ8MkFjrr5I7mvI5JtHV0ZrjlizARmeziIylvEQdcwWYySaCiMkhkUyk0utoOkitlZ2bS8s17EO2-i-u4eQOi8H7pBm8g64UcoDpSdjjx49jwdApbjcVqCwvhePyta9jQB034oG2zkaQ9fIg/8Jqx-Zo-VQCiWBs0ezH4FhUowRrp7LSG2wfI_FvPw2A),서울디지털인쇄협동조합,2026.7.30,2026.8.19,,,2026.7.30 11:30오전,육승미,07월,
PNA38461_0730_6351,PO075050,PNA38461-26년7월_재고생산,주의사항표기서(화이트_킵세이프 Max),,,3000,https://airtable.com/appkRWtF2j99XgBTq/pag4McZ2Tc7xALrrs?5hZOH=recWOWtiCUDDjm3i5&UvxrW=recCTFaFdurrDH0jU&Aq5EA=recdLBecYeOxUwCQb,Order_PNA38461_PO075050.pdf (https://v5.airtableusercontent.com/v3/u/55/55/1785405600000/VRCtvLtlczrz-7UIF4gigw/H3jEP979kQKwUPs3ox2WWtmLGw71UhgvFFeZIpfoVuW_QSe5xaYAB3UjfvA_7Ga3ir003dCxgkneCqT7GMZvEQaDv32XJBNBxaRNaTw2ds7ol3bGwPQFH6vqj50_3VLcjTS3flQu2SH5r0AWjFratoNIO_N9O7L-ouQk2krFEOFJlLwnmdFjEv2t8yJs1LFL/CMw91_oBcyxEWq8U9Gh7UP2kzrwLYB-EavK6TvuTAn8),서울디지털인쇄협동조합,2026.7.30,2026.8.7,,,,육승미,07월,
PNA53142_페이퍼 샤쉐_B1,PO075062,PNA53142-레브당스 (페이퍼샤쉐),주의사항표기택(페이퍼 샤쉐_화이트티앤타임),,300,310,https://airtable.com/appkRWtF2j99XgBTq/pag4McZ2Tc7xALrrs?5hZOH=recWOWtiCUDDjm3i5&UvxrW=recLTmolYzKSDx5yT&Aq5EA=rectakdHztvP2gawb,Order_PNA53142_Papersachet_Tag_WhiteTeaandThyme.pdf (https://v5.airtableusercontent.com/v3/u/55/55/1785405600000/olQSTcquQ-slk6d7Qq_5Mw/JMyLO0WIR0o8adgmhIoddC-hWt-4wYmv4zHC_RUo0Xnk6GrxLCAtYmZtSDjATMbccEbIdFG0ZEdYu7MZvaEoLwHfts_gy5S-OtGv4tkYEYE1ASgfBApRjaILIp7FlI6PtYSLKsckfh29Eu0IFziQNkejAmKxp868lOiU-XM87wiL136s2S06fK91Vv1U9GwRAG_R4dH9uGyY-gX5tJxsxw/raTn6_32oTJp-SL0_PmLdmbJ8yra8fjMOAEa32NnV5Q),서울디지털인쇄협동조합,2026.7.30,2026.8.12,,,2026.7.30 3:07오후,육승미,07월,
PNA53148_슬림 터보선풍기_B1,PO075059,PNA53148-한양대학교,사각스티커,,450,470,https://airtable.com/appkRWtF2j99XgBTq/pag4McZ2Tc7xALrrs?5hZOH=recWOWtiCUDDjm3i5&UvxrW=recJg8MTGKf867MSs&Aq5EA=recGP6AiHXIaH9UnE,Order_PNA53148_Slim_TurboFan_Sticker_65x62.pdf (https://v5.airtableusercontent.com/v3/u/55/55/1785405600000/2fk_lCq66FjpSKsrXCVX3w/ABUcynZPYPEkAEiyTofvpmh9QAVtnAaHg3FwntwAXq3LBYcyDUBEdeaEx4z-4mAeMHYWP2RihaaERAblmbG_FkW8KJYGKUBL1UmD4hH-9awoDhXqpe1zq3v9uNksYIEXIlVCm6y7RXmbVoEf932PrXcO9T8nV1Xn9kXkbNEib_ApeIIssqHtGC2Jd5dwN_RSZN8pp6tae4IUKabqiixg7g/4wtDklZjnroJgc2nQIdZQ77Qxe-lfoQ7beubmtCrbyQ),서울디지털인쇄협동조합,2026.7.30,2026.8.10,,,,육승미,07월,
PNA53153_그로우 북라이트_B1,PO075057,PNA53153-한국문화예술교육진흥원,사각스티커(칠링패드 냉각선풍기),,442,460,https://airtable.com/appkRWtF2j99XgBTq/pag4McZ2Tc7xALrrs?5hZOH=recWOWtiCUDDjm3i5&UvxrW=rec44pEV5yMuT7Cnx&Aq5EA=recBEIjxRyV93aVxn,Order_PNA53153_Grow_BookLight_Sticker_65x62.pdf (https://v5.airtableusercontent.com/v3/u/55/55/1785405600000/-yGUOrJFpM3ETv8rO17Akg/79EN21b5EPdUraibBksdUWdmayCqPiDrXNStm3OjfNdy_qJod9jPrzJxaZjW9gelgFprTkNcpgRNGR9hNDKS3wO8hvUjXkZRpaagRFpKSYHd1OXoWNnJ8UPuOH_JIuSxca23ncpfw3Pu5ifDUY-EgCQUpoWXNXtaq_FxQ7fJbUP0UmkBTAKSxDp0bUjzASjWBBjmn6tokQtaOVheXfMm6A/962Y1FmKthjfo6eVi6I8NIWFnFfgJEqgER0FK7jDXVQ),서울디지털인쇄협동조합,2026.7.30,2026.8.10,,,2026.7.30 3:07오후,육승미,07월,
PNA52999_HighLight 슬라이드 지퍼백_C1,PO075051,PNA52999-데이원컴퍼니,브랜댕택(HighLight 슬라이드 지퍼백),,150,160,https://airtable.com/appkRWtF2j99XgBTq/pag4McZ2Tc7xALrrs?5hZOH=recWOWtiCUDDjm3i5&UvxrW=recJxEZhe7t54KvpA&Aq5EA=recmVrlvogqxzFOX9,Order_PNA52999_HighLight_Slide_Zipperbag_Branding_Tag_40x80.pdf (https://v5.airtableusercontent.com/v3/u/55/55/1785405600000/BwH1rO-cgD_h0d4xfHjeoQ/8PxaITgdW1N5-8BqrHpnOuOc6pUzSBzlkINeDhyauQvhPcd4px-df3WXL45gyjz5GsvZDF5lvklkLaFn7sMSA_zQotgv7q_LPXVKAGJlu_hJ1NquZ3O20V_AOKTMdyP3SjIeGwqm2gGV6SPIawzVnMKOeoW_vlaLNlcLLLc0HvNx1m5HoOJaAinwadh6eS2cPNz2o7Ch6IisZw1aTasfJ-_FxHBde0Tm_CLc-QHe5mw/-w8HFWonTVh37GJXZpJ96M2qllMuS3nZMIu71H7Eje8),서울디지털인쇄협동조합,2026.7.30,2026.8.5,,,2026.7.30 3:06오후,육승미,07월,
PNA52999_스펙트럼 컬러펜_B1,PO075054,PNA52999-데이원컴퍼니,배경지(펜류),,150,160,https://airtable.com/appkRWtF2j99XgBTq/pag4McZ2Tc7xALrrs?5hZOH=recWOWtiCUDDjm3i5&UvxrW=receu7aKhhbpuzIHV&Aq5EA=recmVrlvogqxzFOX9,Order_PNA52999_SpectrumPen_bg_paper_33x167.pdf (https://v5.airtableusercontent.com/v3/u/55/55/1785405600000/eHoMCjXyvK3ibabTtBPhEw/ofsxGDm24DU7sx_C_NAYv9HUpDGVQK_pzqyk9hxyWw2YXuYYF_m5wsw_vaba30XiVyB3yv81GYiArDj0aIvUiGsJxZtrxD4BojAxqLs14XfqwPk3AavKq_RejsMCeAJpTAb1ZIo5W2psjo1dPNnsPFCa7tXWrVGY9pnyab2sHybC_4mqgvMsUr0CZmrLm7tG7pppEhgcwmCK-kevQx5E3A/iiKvkwQgigCZGLcZedYG42gc2WFz5r2w5-_LeDiFoig),서울디지털인쇄협동조합,2026.7.30,2026.8.5,,,2026.7.30 3:06오후,육승미,07월,
PNA53160_파워업 PD 충전기 65W_B1,PO075067,PNA53160-에티버스,사각스티커(파워업 PD 충전기 65W),,200,210,https://airtable.com/appkRWtF2j99XgBTq/pag4McZ2Tc7xALrrs?5hZOH=recWOWtiCUDDjm3i5&UvxrW=recwsX8IDC6gC85ro&Aq5EA=recSZWCxO58bgYz2o,Order_PNA53160_PowerUp_PD_Charger_Sticker_72x62.pdf (https://v5.airtableusercontent.com/v3/u/55/55/1785405600000/a0PMeNXjpsV79ORTgJBwgw/ToD1GN0EgbgctMWNchmPcUkYW2h6l0MrL8_-jdo4TgIXMpVXKDo9OtDCUSi8qbuchq4gHBIe1MUx7-cdCFRUjETriKQr7dIstZmfLPuyG4CnqLALrOz4X7k6j8T7pWzGMJkL3ukznLrLYCkAJhBOaal9yTKG_nYnQdQYFAzdQmPg2iw-xIsYitdw90PSNEgCn-Sc1BdHEDTwLLqKJ5MJGQ/h2sbefPj38UxjXFGui4aPKpR7f_sFNoND_Yr4zjCy-0),서울디지털인쇄협동조합,2026.7.30,2026.8.7,,,2026.7.30 4:34오후,육승미,07월,
PNA38461_0730_2671,PO075065,PNA38461-26년7월_재고생산,주의사항표기택(브랜디드노트북백),,,1100,https://airtable.com/appkRWtF2j99XgBTq/pag4McZ2Tc7xALrrs?5hZOH=recWOWtiCUDDjm3i5&UvxrW=rechrai13TvuTCebK&Aq5EA=recdLBecYeOxUwCQb,Order_PNA38461_PO075065.pdf (https://v5.airtableusercontent.com/v3/u/55/55/1785405600000/FWCCk6e2zzArfMRMpkNWtw/QkgEBuC_NDpn0-YR8B7zsaWVofI-wcEg7TSqLzzS2HSbFB_f4A246K9ORcX5GL_x-wZvfdFOsqjiN4wYM5oN-PuJabxEwQRRI8rflJm35-tgkkYyr4uJnDrxuLua3MEfJ9gljSrYcqR0MTKSSuz_GWDhQcAjUkBEwvGPddNQZonMNItOT6bWGVn-XBTRUkas/zD2W7YjXDoFtiJPjqHkhUg_StNmu2EmwHiFiCkw2614),서울디지털인쇄협동조합,2026.7.30,2026.8.7,,,2026.7.30 4:34오후,육승미,07월,
PNA53013_브랜디드 피규어 키링_A2,PO074956,PNA53013-하늘새,브랜디드피규어키링,"UV, 브랜디드피규어(기본피규어), 핸드블록(C), UV, 피규어부품(헤어/모자), 본드접착(키링), 실버팩, 피규어부품(손)",1000,1010,https://airtable.com/appkRWtF2j99XgBTq/pag4McZ2Tc7xALrrs?5hZOH=recWOWtiCUDDjm3i5&UvxrW=rect6ezIHQSWtVBsZ&Aq5EA=recvBoIqYAnSOb82j,"""Order_,PNA53013_BrandedFigure_Keyring.pdf (https://v5.airtableusercontent.com/v3/u/55/55/1785405600000/pnuougrkLnIocxpeUFAV_g/Jk6ADknAw7wc2O3DKmeRLb6N_wP2iKIDiWxZB2fP5t8-K5Cif-KnMV2qoMUx3bB2GARp5x0hs847BIEPCYYoKaaZT-jvSqQhwi9QhVIxjdizDCCvY7ZzAtrVBQ47lPQjKReLCQ4CXMLc2l_BrGq5mI70HbYCLltrO3kSedZnBG5yA3VUIzavw628vYjDuFfjOqJEbLJMgIQ_riqgAOWj1A/ZGwpkFmzgkYo11VyKGMxyJJSOGPPuCQV7692o2Q2F98)""",엠알오즈(MROZ),2026.7.28,2026.8.17,,,,육승미,07월,
PNA53100_플라워 피규어 방향제_A2,PO074973,PNA53100-신시어리,플라워피규어방향제,"플라워피규어방향제, 플라워피규어방향제, 플라워피규어방향제, UV, 지퍼팩",70,72,https://airtable.com/appkRWtF2j99XgBTq/pag4McZ2Tc7xALrrs?5hZOH=recWOWtiCUDDjm3i5&UvxrW=recSQVWehQoZWVKNX&Aq5EA=recqiHUWrXHUefFBN,"""Order_,PNA53100_FlowerFigure_Freshener_Hibiscus.pdf (https://v5.airtableusercontent.com/v3/u/55/55/1785405600000/UYt6BLsnTXRT2z2Qh-aBNQ/pSNvdS3a1jdT3s9R6vZcAYfpLSv-WnYBTqr72fHTrUdVOsxLyVuXxWiTHEhmLk45AZ1lBLf-0rM-MTcsYuq_01Tfhd_ZW_c5rDsSK7KE4jifOEEytrwtDKXfW-C2CmH0SyRTjgFhrH-6zwaEvLifyAnvtF966QJu8blz9qZNLwSXHt2fz-BVMZCj1guT9_o61yDpIy8LISsPoIj7NfuiXg/Bn6pPSS-pcpKeq8-9P5Coe_EjaUMAwqkSt71H5Vui94)""",엠알오즈(MROZ),2026.7.28,2026.8.7,,,2026.7.28 6:00오후,육승미,07월,
PNA53100_브랜디드 피규어_A2,PO074971,PNA53100-신시어리,브랜디드피규어,"브랜디드피규어(기본피규어), 지퍼백, UV",70,72,https://airtable.com/appkRWtF2j99XgBTq/pag4McZ2Tc7xALrrs?5hZOH=recWOWtiCUDDjm3i5&UvxrW=recIDyrYwzjLVYCSu&Aq5EA=recqiHUWrXHUefFBN,"""Order_,PNA53100_BrandedFigure.pdf (https://v5.airtableusercontent.com/v3/u/55/55/1785405600000/ZXl36fR8n3w21mOXrxqlpw/m8ZeJHv_zR1GGCwMGw8PmwbqyNxuIXzTQQMlhFvdGFIJMhdV5kvDFQo7fBUBFJ_PLgMzhsOqKZ26J5rtvaG0x7H2IJFtMhurxkrphSaDVIVSVwak2dTlBc_HKj3pFS-1S8_urEVwqEHarZcuTe1MW1S6Nlay-0YDWpy35Ugy7aC5jwGeVKeOVomE4G8hRoY4/Bd2Vmjqe4pRLjkaz-DisFH1QErm5e5ew2ppUCEuSz78)""",엠알오즈(MROZ),2026.7.28,2026.8.7,,,2026.7.28 6:00오후,육승미,07월,
PNA53217_브랜디드 피규어_A2,PO075010,PNA53217-블랙이글스,브랜디드피규어,"UV, 브랜디드피규어(기본피규어), 지퍼백",300,301,https://airtable.com/appkRWtF2j99XgBTq/pag4McZ2Tc7xALrrs?5hZOH=recWOWtiCUDDjm3i5&UvxrW=rec8QMDDOXr5Blot4&Aq5EA=recH4PzWahv0iAMfJ,"""Order_,PNA53217_BrandedFigure.pdf (https://v5.airtableusercontent.com/v3/u/55/55/1785405600000/YzfSSFLpxsqBANI0lkug0w/5nkFB7fhGL6KPAa7tazj8OoC0Sf_8SmSVXaKUArifPFEBT7BF9b31MV1gitGB9npX5ywEMljTSJCcJuDTJ6JXp3gzVUVpviaST_SvtNhKFZ9fF3H5AmlcvKu9U6RND4Yr2E4QPX8b9ycbVfm9WCb2k7caYMbQYRkkqXiSxC7vkufI0Hw9xiVtzndRTQoaPTM/bs3VaPBuDVO3m_6IDIL681nbfq1srLaIGuNp03fZ3aU)""",엠알오즈(MROZ),2026.7.29,2026.8.12,,,,육승미,07월,
PNA53147_브랜디드 피규어_A2,PO075042,PNA53147-디노티시아(샘플),,샘플,1,2,https://airtable.com/appkRWtF2j99XgBTq/pag4McZ2Tc7xALrrs?5hZOH=recWOWtiCUDDjm3i5&UvxrW=recy1VCN5t9hZl5WX&Aq5EA=rect5Gw0vUHBofjpV,Order_PNA53147_BrandedFigure.pdf (https://v5.airtableusercontent.com/v3/u/55/55/1785405600000/Up-ri7o8BIBhlpLE9Sz8sA/7M9SVC74CzcV45ubDXhmLQlvFAfNxwwmNPDwsBtap_HxBI5v7yGXWxGVQsQexmsKgOUT2Jm7jfB78qBHB0682NQxjQpJEGfnO1srXNWmp25rHiNvcyeGjGDZj5lWJteBSYSGOEHXS0p3acatoCZJvGsC38l2c6U2LSPFNvgK_2s7V5RzxygaEROOhtrQhpqT/9QZyVX8MOQGs4lwS1PwJDoEQ2oFhYAU-t1A1-s6Qdvg),엠알오즈(MROZ),2026.7.30,2026.8.5,,,,육승미,07월,
PNA52941_브랜디드 피규어 키링_A2,PO075031,PNA52941-오스트리아관광청,브랜디드피규어키링,"핸드블록(C), 샘플, UV, 본드접착(키링), UV, 피규어부품(손), 실버팩, 브랜디드피규어(기본피규어), 피규어부품(헤어/모자)","180, 1",184,https://airtable.com/appkRWtF2j99XgBTq/pag4McZ2Tc7xALrrs?5hZOH=recWOWtiCUDDjm3i5&UvxrW=receeD8EUQz0J0sRl&Aq5EA=recx4mCcSyU4l3poU,"""Order_,PNA52941_BrandedFigure_Keyring.pdf (https://v5.airtableusercontent.com/v3/u/55/55/1785405600000/zJfMZuQ7MPiLNvfHDV8-wg/UAJ69dvLI4OIT9pKNdToRphSmVDRatlAtJ8y8KlFss24D1zTfY4di4VBwt7LA0GmsG2EeltqH7HyGHU4FHYjoG5Q0Fo-hFwYivUNpM99b2oSU19n250U5hjpA6e5kW-U2dC5U4QJQB_yS_2L-aJeELXgGzM8VlYmyBSNjGQY8fkFRGCP9rG0f734hVKaSZeRioQCB-y4uhMgmLkCP5HRRA/JCmsEs78TntMOROF17K18uIN3CM8M4cDmDmoMBh6g08)""",엠알오즈(MROZ),2026.7.30,"2026.8.24, 2026.8.5",,,,육승미,07월,
PNA52276_심볼 NFC 키링_A2,PO074848,PNA52276-뤼튼테크놀로지스,심볼NFC키링,"OPP, 투명아크릴(라지.NFC), 회전D링",300,305,https://airtable.com/appkRWtF2j99XgBTq/pag4McZ2Tc7xALrrs?5hZOH=recWOWtiCUDDjm3i5&UvxrW=recbpg9wk79fYGHMB&Aq5EA=recxwztT57ROxBvIS,"""Order_,PNA52276_Symbol_NFC_Keyring.pdf (https://v5.airtableusercontent.com/v3/u/55/55/1785405600000/Gij0DkuU_nAo9NlabXlNbw/8j30pA2AaNzDrHOFvvmR5J76NPG5LghGmNEDw_kwJSKO64M7YWC7s_U2huI-31TdoEKvRF3wB3NEC2BB8f8DKu9KP-cqlPgRquGe5UzrBi3wuTXjplTyarXayZw8LvErqHk4eRBBY8zs_Y0lz_ml7BnDyfM_pAclqw-fwpmkkByE9_hBT-f8cYV-TAojhCoh/5H4W-Pi1qCRyJO8cd3cD47amjvs3gEWSxphcVRpjU_Y)""",올댓프린팅,2026.7.24,2026.8.10,,,,육승미,07월,
PNA53040_클로저 휴대폰 스트랩_A1,PO074889,PNA53040-셀트리온,아크릴 참,,55,57,https://airtable.com/appkRWtF2j99XgBTq/pag4McZ2Tc7xALrrs?5hZOH=recWOWtiCUDDjm3i5&UvxrW=rec2EqQugrcDg7hev&Aq5EA=reckizD0lrY1iGWe2,Order_PNA53040_Closer_MobileStrap_ACC.pdf (https://v5.airtableusercontent.com/v3/u/55/55/1785405600000/siHBVPKfny8HdFxuuFVYPg/lt-pL7N_u89gKqSQeh6RdWotPZUQ_MpelP1UIrFjkBBQ9mk9eGziArg9o1US0QD6D3xU67WQXVurg3v6iv1jziW2HFghoTHoJaCn06_UullpWMFKOvXRMD9qcD6S-5JKFI8huLQq4qQhgjR548pSr466t23z_3AXJg8M5aGYAO7yhSqmUsrsYnAMC4PGe1zYCUKmUdqzPDXmuU60lYXmpQ/sURKw9EOLIEWsBc0ThzLXE2AFEVcBa80_gI_LOkDpeY),올댓프린팅,2026.7.27,2026.8.3,,,,육승미,07월,
PNA52545_클로저 휴대폰 스트랩_A1,PO074909,PNA52545-한스네트워크,아크릴 참,,100,102,https://airtable.com/appkRWtF2j99XgBTq/pag4McZ2Tc7xALrrs?5hZOH=recWOWtiCUDDjm3i5&UvxrW=rech8kgEwck4N6mdB&Aq5EA=recNKXS772xvSEvel,Order_PNA52545_Closer_MobileStrap_ACC.pdf (https://v5.airtableusercontent.com/v3/u/55/55/1785405600000/QKLQqBv_klYIJ337JpR4Sg/dwYg8vXMKGT2TH6hk1OiZHRxpI6jfmscoswmAE0znDiwBfE9V-U78ANL222m17NJ-947kLNGFiotDtumARAeryiyBgk1Gax0AeUdk95vT1x4fI8ZiVJ5_b4Wo8UCB9fXmHMIK-vpqUV5JFYQ-jzpJdrc4baEgYQK2gpEKV4eJOC2eSnizGn7lirwGaLJCKkD5fMnkhpgiO8IRhkWMMmBSg/uFgMyXNAKibiD8UJKMjT_c0JDvlhieEZICiT8OBN-Vk),올댓프린팅,2026.7.27,2026.8.3,,,,육승미,07월,
PNA52881_브랜드팝 클리어 키링_A2,PO074966,PNA52881-한국토지주택공사,브랜드팝키링,"OPP, 투명아크릴(라지+라지), 샘플(본제작과동일옵션), 회전D링","230, 1",233,https://airtable.com/appkRWtF2j99XgBTq/pag4McZ2Tc7xALrrs?5hZOH=recWOWtiCUDDjm3i5&UvxrW=recYWyUf1NnNIrk7x&Aq5EA=rec7G54iUE3RaI4g4,Order_PNA52881_PO074966.pdf (https://v5.airtableusercontent.com/v3/u/55/55/1785405600000/i4E3OKS7K-mWCr_pOghSYA/umueTioDS-P3jb8J4se9333lS1nqy1103tMQFwKvJnM9CVhjzsWnYGf92_jXtBQ-9ToGgeqm_UdZEJTBcTM_G9iMle2q03C-CUK35K4W1O6UOglzf54DjKs5TEQBgQXfQNfoXLbpd26mm_2wRiI3R3-PUE4md3BzegNJaCLtAMEgpyhbA_5-dMQrjH4aDxEq/EbUeIknu9mKsAamrcNFMuIIfncBeX-hKy3oPpuCp_b0),올댓프린팅,2026.7.28,"2026.8.10, 2026.8.3",,,,육승미,07월,
PNA52519_그립잇_A2,PO074530,PNA52519-큐로홀딩스(일리카페코리아),그립잇(인쇄+조립),"그립잇(사각), 샘플, OPP","0, 1",2,https://airtable.com/appkRWtF2j99XgBTq/pag4McZ2Tc7xALrrs?5hZOH=recWOWtiCUDDjm3i5&UvxrW=recPLKwHchtbq9GBd&Aq5EA=reczvAzwf7R6KSm8C,Order_PNA52519_PO074530.pdf (https://v5.airtableusercontent.com/v3/u/55/55/1785405600000/8qgGe4eoHqPcv2WoREIhRQ/jDfc5kQp_oO_8GJmEU_r7JmYsV804d8IzEeFpRzAkvMTBfyr9slgfNkN38DAyOkNzP-T5Puc4N3yFoGAMSk59A13Cu8NvTV7FMVxIBo-soaWhhKY7g-oNXXB2ucfQ_bbhycTuCq2fi2d7_AVsaigwll6lLtCa67eoNgYYFfjaI6HQ0zQrbEymc7TqelQ4RCo/S0I6xPBVjvaE7juMu5SwAzYvdgZ20llK7omecHL78Ek),이지굿스,2026.7.9,2026.7.14,입하완료,,,육승미,07월,
PNA38219_홀리데이네임택_A1,PO074757,PNA38219-롯데호텔,홀리데이네임택,"홀리데이네임택, 디지털인쇄, 샘플(디지털풀컬러인쇄)","3300, 1",3332,https://airtable.com/appkRWtF2j99XgBTq/pag4McZ2Tc7xALrrs?5hZOH=recWOWtiCUDDjm3i5&UvxrW=recYcoCnfy4KXcyMZ&Aq5EA=recAQ6ScFPbUrbgTN,Order_PNA38219_PO074757.pdf (https://v5.airtableusercontent.com/v3/u/55/55/1785405600000/pMU85wQCHGBeoLcim272lg/Jr9ibBdpmpJCT8A02oEuUW0moEKMriuUC0ZNSo5xmArPCY8FGC1Xysykl0vsplnzaFf84K8tn0agkq0GlHh4OsLJt_2IFEPP29Vo2CrPAiLodk3PBXPGvMvAEESUPpHtdSAwPxRFfB6HjzC5lpqeKKpI0zB7Jg-Y3wBII-V4L4G8V29y_EfScC4sJTc12DKZ/U8FZzRrK62isKLgPOcjHEGxbzP5uQTnxVa0_PjK-aJw),이지굿스,2026.7.20,"2026.7.27, 2026.8.20",입하완료,,,육승미,07월,
PNA52966_아임히어 리플렉터 키링_A2,PO074827,PNA52966-강남중앙침례교회,리플렉터키링,"리플렉터키링(팔각형), 실크, 블리스터",400,404,https://airtable.com/appkRWtF2j99XgBTq/pag4McZ2Tc7xALrrs?5hZOH=recWOWtiCUDDjm3i5&UvxrW=reczQWfqYuv0dMgmP&Aq5EA=recwa7ygCjm8o0Cog,"""Order_,PNA52966_ImHere_Reflector_Keyring_Standard.pdf (https://v5.airtableusercontent.com/v3/u/55/55/1785405600000/GTscJUp7TbcgtJ9Cp65zqg/doMSYA9DEusNUNFBqi6q4m_Y6dvQPvrCU2n7l2RtL6YJyGCkVj3Af27egB-KJT9F2_0NDYTEwC41Ouu6nBu5Squh4CP8zaUiP8QMG5McMLNSUgBcV70Di--vBZE1oXSx-5SaQxDguDjkYFY7BpEGSenqctgX1oaUAe89SqeyBtFjBOA3Vi0GhgUWPzF_wlFfKrKmvMOgDKsfX3Bo_SxfmQ/rrHJbEn25YVcb4tGsMyxX7zTKgdOf7NrE4NWnxbnxhs)""",이지굿스,2026.7.23,2026.8.17,,,,육승미,07월,
PNA53231_에센셜 와인오프너 세트_B1,PO075041,PNA53231-연세대학교고등과학원,에폭시스티커(에센셜와인오프너),,100,100,https://airtable.com/appkRWtF2j99XgBTq/pag4McZ2Tc7xALrrs?5hZOH=recWOWtiCUDDjm3i5&UvxrW=rectFkFC4Lkd8Mztb&Aq5EA=recqaiAxg0SuTOQnL,Order_PNA53231_Essential_WineOpenerSet_EpoxySticker.pdf (https://v5.airtableusercontent.com/v3/u/55/55/1785405600000/rdTlwb8YzewnlYxLwNYx0Q/ysFeIU2jWCy706ynkaWRBlxXAzPtJzW4admK2ZcsQLUC9TiBO-QvQy6nApnKILJoGCTjN3g3GTsD8sI4QSZeMcAdK8Z9t1cl323dow0hiYGqBXBGwo_jY5Bdzmr3UyW40tAU-NaOaPxs058DG8bXNUNi8GLE6Zvsig0P3uyDKLyN1BBYg6EGpDzD1vTQinp5PZ0oCatKeXpmiRj0d0W03-hqm-fG5wXa6GshfgJ4rWg/YtYHTM0_tNhw5eD-iEH3Wj7B8T7ASTBfNlleyQfXntU),이지굿스,2026.7.30,2026.8.11,,,,육승미,07월,
task수동생성_미르캠프컵_비스포크,PO074865,,,,,305,https://airtable.com/appkRWtF2j99XgBTq/pag4McZ2Tc7xALrrs?5hZOH=recWOWtiCUDDjm3i5&UvxrW=rect9HVcg5rhZNOac&Aq5EA=,,주식회사 따벨라,2026.7.24,,,26.8.3-8.7_주식회사 따벨라,,육승미,월,
PNA52642_미르(MiiR) 텀블러 [1]_A1,PO074980,PNA52642-티비에이치글로벌,미르텀블러(블랙12oz),,50,51,https://airtable.com/appkRWtF2j99XgBTq/pag4McZ2Tc7xALrrs?5hZOH=recWOWtiCUDDjm3i5&UvxrW=recxK4vCdFzpaMgN2&Aq5EA=recUHQSIzGclNqDWM,Order_PNA52642_PO074980.pdf (https://v5.airtableusercontent.com/v3/u/55/55/1785405600000/jn--qciiNcswN5OfjuQRyw/3Fef3K_9wmLy63zbacS748zvaUB4qT2gDxd6ltPaaWu2T7G31TnVBrJxLbhDhx4passVSXKG6ovA5Gtc84nJUSdFaMIsa_nOrB6NgCmFtlnIZ-XwdGjFUWc15xQUq1zeCdrEE0rQ5TQtirIaqfak7LdM7etgttFRXNk_KaGnCSsbS83Awau8gI6Tq2519fBj/Vjm6kFkWXNAHkTAOMnBb--ZG-k99aRHq6wk3JbcBCdU),주식회사 따벨라,2026.7.29,2026.7.31,,26.8.3-8.7_주식회사 따벨라,,육승미,07월,
PNA38461_0728_4411,PO074940,PNA38461-26년7월_재고생산,무광스트링파우치(반투명_L),,,1000,https://airtable.com/appkRWtF2j99XgBTq/pag4McZ2Tc7xALrrs?5hZOH=recWOWtiCUDDjm3i5&UvxrW=recS2fk4gynpolWN7&Aq5EA=recdLBecYeOxUwCQb,Order_PNA38461_PO074940.pdf (https://v5.airtableusercontent.com/v3/u/55/55/1785405600000/7HE-DfPbAm9-IE3qR8Qd-A/pDyyDLl6WCz9weniFswlT1qDtYeArAxZ3LzhEqfJ4HvEGUGObUQ20yUWUFL1KSjqEeqXT3fZCJOkxnQDS5fG9k6y9JCY7TFDqL9nELYq9lMWpnzVlsfumNJ65lvd9jPjcJRflH9g2bVSLlw8QOjxIbmh1aPq0uQjzdVuJpvm-19EIsAckCICtYN-pv5197YG/MacOcLwa63Em9dFi95vFODyUlJgOyfi-XrrvONVYdVI),착한포장,2026.7.28,2026.8.5,,26.8.3-8.7_착한포장,,육승미,07월,
PNA38461_0730_1071,PO075046,PNA38461-26년7월_재고생산,유광덮개파우치(투명),,,4000,https://airtable.com/appkRWtF2j99XgBTq/pag4McZ2Tc7xALrrs?5hZOH=recWOWtiCUDDjm3i5&UvxrW=rec3c8B9shboG4QN8&Aq5EA=recdLBecYeOxUwCQb,Order_PNA38461_PO075046.pdf (https://v5.airtableusercontent.com/v3/u/55/55/1785405600000/wNnxkv0j2AG_k5b5sUgp-w/F90DBJbnBoEyvXfvULFReGi94VMp9qrXGuamk9VhdkRG5AUmC6wToQHGw9ol4ac5-0Vmp-pmEdOi1rYx8Tqnl2AfhVMIY-hAbACqsHMc72GiaX_obFmW-B5KbIAUtC4bpah6Q25p9KseIpuQeQIB4TPoCnHp7aUcQmq-OC900H1FBbqYy6UVyX7ScnrOAPmy/MBhZFBJCu9XvzdRT0SdY8c0DAogtZ1FOMVibDuCbvCw),착한포장,2026.7.30,2026.8.10,,,,육승미,07월,
PNA53096_페이퍼 샤쉐 [1]_A1,PO074857,PNA53096-유비온,페이퍼샤쉐커버,"색박(음각), 페이퍼샤쉐",500,500,https://airtable.com/appkRWtF2j99XgBTq/pag4McZ2Tc7xALrrs?5hZOH=recrzBCkLRHhKYmYc&UvxrW=reciRU2YdJ1Y0rIbB&Aq5EA=recaHP2sTUUoOSdak,"""Order_,PNA53096_Papersachet_Cover_Colorpaper.pdf (https://v5.airtableusercontent.com/v3/u/55/55/1785405600000/zkCtj_knaE3VAmrtTj3EWw/8icvb_mU1mAzfk11FsUG0ZnzSHr2rvMdKd9OgAw6ISsAVv5U7S1SvIKfyjU5LYnw0-CXilz8KaYZQjvC8H2HldERZpCxDj6PNsP8Rm4dii1vdlw91QkPeUo4sBk8SQbdRit6k4Mra_gVpGyVG9UCSxzyB81X9xuip7kP7CifKThFEodsJ1r5aNMHoe-dwmBI18a1YFqrwIoi684tpXtwlw/YVqFwYBpbP0781AHsnyXmheeM6NAsTrRfveNDPnm-cE)""",(주)청산인쇄,2026.7.24,2026.8.4,,,2026.7.24 4:27오후,이난영,07월,
PNA52485_에디트 캘린더_A1,PO074965,PNA52485-롯데손해보험,에디트캘린더+인쇄,"에디트캘린더_삼각대, 에디트캘린더_커버, 에디트캘린더_내지(커스텀인쇄), 교정시트, 교정시트, 교정시트, 교정시트, 실크, 링제본","7500, 1",7700,https://airtable.com/appkRWtF2j99XgBTq/pag4McZ2Tc7xALrrs?5hZOH=recrzBCkLRHhKYmYc&UvxrW=recsaq1JL2RM1zbyw&Aq5EA=reca9flyu3OsVNQ6J,Order_PNA52485_PO074965.pdf (https://v5.airtableusercontent.com/v3/u/55/55/1785405600000/ZLG-B3IpzmxrzRL1AKl8Hg/511rzD8q9-2XhxzbCVLoqv5m39BwYMJ9K5VV0mvjsSkcV7RJB6DvYQ1Cbt1AtiC-NnFRcLX6HbFmARoZ0Ru470h5KBGp_VHMmxbCrprtrYJlELUkP7U6gNpaFj2yE5v5jRji1Yqcx-qKq6LcpeLYTWDm3-n49NNFxVF5j_lIf7qIieAkCiLYRlh1P0mYtHqP/yMaZxK3aGogoy-KAwvqqVSt1SqPloM2LC6B7bdJ-yGE),(주)청산인쇄,2026.7.28,"2026.8.14, 2026.10.12",,,2026.7.28 5:01오후,이난영,07월,
PNA52485_시그니처 다이어리_G1,PO074963,PNA52485-롯데손해보험,교정용무선제본(시그니처다이어리),,7500,6,https://airtable.com/appkRWtF2j99XgBTq/pag4McZ2Tc7xALrrs?5hZOH=recrzBCkLRHhKYmYc&UvxrW=rec6ge2SiZQQOi1nU&Aq5EA=reca9flyu3OsVNQ6J,Order_PNA52485_PO074963.pdf (https://v5.airtableusercontent.com/v3/u/55/55/1785405600000/Qo-514lfF8rPCPp3VnYPdA/3Xa5lmzsShiIKkr6oI94g1ALA1twG4bf16ENg6lihvTMAfCzsU6zpONgHTMD3XOpRfBSIEbdje71y3YTs1XMsbSBZVsGxtJihlQA7hMUfUNq8hGYsI8iTgPZRR65Z6qXsFxizwjXxBbGxTyUg84Jl_qnH0TfFRQNWVEc3_3L68c9J0_ogca2YQr-82ffC32O/tJBoXWyPmoahP0EBTscqurNuIv7DXgYLKzKSrRZjI5E),(주)청산인쇄,2026.7.28,2026.8.14,,,2026.7.28 5:09오후,이난영,07월,
PNA52485_시그니처 다이어리_B1,PO074962,PNA52485-롯데손해보험,시그니처다이어리(커스텀),"시그니처다이어리_커버, 시그니처다이어리_밴드, 샘플(박인쇄), 샘플(박인쇄), 교정시트, 공박(음각), 시그니처다이어리_내지(커스텀인쇄1-32p옵셋풀컬러.나머지블랙인쇄)","7500, 1",7700,https://airtable.com/appkRWtF2j99XgBTq/pag4McZ2Tc7xALrrs?5hZOH=recrzBCkLRHhKYmYc&UvxrW=rec2ZZG0x891UfiPu&Aq5EA=reca9flyu3OsVNQ6J,Order_PNA52485_PO074962.pdf (https://v5.airtableusercontent.com/v3/u/55/55/1785405600000/ISep9fkdQAQlFgOouozrwA/mKiwrXMqwsTRPi62kntSlcFsJpaMr2sJtrJO5Zg_Iv8cptJ1g0RtbHSQNEX49WYeU-I_o1XLBqGe_hk43Ek7rr3R3BjW0cK4uJg1Y6qFNMyr97dwt_v9HSbNCTtqVC1T2NqgdLKaDtx2xCk1TPj8sB6jgcSevBmgUipt5cL0loupxBkE0qHlb3_C6G9jujm_/xH8-ph3Ryh61lqoeqIFO4txJ6us5ACn4B4DnITepe18),(주)청산인쇄,2026.7.28,"2026.8.14, 2026.10.12",,,2026.7.28 5:14오후,이난영,07월,
PNA52485_시그니처 다이어리_D1,PO074964,PNA52485-롯데손해보험,띠지(슬로건 다이어리),,7500,7600,https://airtable.com/appkRWtF2j99XgBTq/pag4McZ2Tc7xALrrs?5hZOH=recrzBCkLRHhKYmYc&UvxrW=recrwDV2o259LuANy&Aq5EA=reca9flyu3OsVNQ6J,Order_PNA52485_SloganDiary_Band_376X60.pdf (https://v5.airtableusercontent.com/v3/u/55/55/1785405600000/qqxPYfnqSgPzGNDz8ttkHQ/IF9HF-_fgs0aumgs7oPgVCtyJBLoc0foJr2fQOfnAcyRvYDAvqxGZDaKZa8PTWban-OuJcDzBp9GWDQnNbq6WUjMwzFvUB0W-0QsCcFn-Ey2mW-QQInki5rnVBDzw_UGkH6B3Q4rIBSJEaRoiIZlCxbgqDBAdLc4GQLC9hvNlJ21kOUqePmXgMc_hAhbgkpbFFmxUHPsGM6dvCcxGcms5A/YCJ6FZjG6bSX12RP9Y4mUdBNQqdb4oIjOVSft1vpbH0),(주)청산인쇄,2026.7.28,2026.10.12,,,2026.7.28 5:17오후,이난영,07월,
PNA38461_0728_0711,PO074960,PNA38461-26년7월_재고생산,단품박스(매트블랙텀블러),,,1000,https://airtable.com/appkRWtF2j99XgBTq/pag4McZ2Tc7xALrrs?5hZOH=recrzBCkLRHhKYmYc&UvxrW=recD1LqaeSC4PG8DE&Aq5EA=recdLBecYeOxUwCQb,Order_PNA38461_PO074960.pdf (https://v5.airtableusercontent.com/v3/u/55/55/1785405600000/I2OVGVR0DCD5clqvQnUElQ/AHO2KWkhRGzJK8Q1_F2D37582_x3-KPzWGz61EXREfbRJxVdikx8YlDpRd9pkkkILwCf59RZL2htoEaCo5cwEmb1Uny4RrFxKo04PXB9vt4gy_S04mQDge95e3eegKH0BD9PWvtMpspaLEStMyY2pQJi-M6lHK3SaARFoGYiFp5Lr_YyCvXlrl_Q5DM2ZUlF/vStj8oE6qRwPmkktAgbdyX04V16iDIlhLU1MjBP3P8c),(주)청산인쇄,2026.7.28,2026.8.18,,,2026.7.28 5:39오후,이난영,07월,
PNA38461_0728_0321,PO074959,PNA38461-26년7월_재고생산,노트류지지대(Quality 슬리브 박스_화이트),,,3500,https://airtable.com/appkRWtF2j99XgBTq/pag4McZ2Tc7xALrrs?5hZOH=recrzBCkLRHhKYmYc&UvxrW=recmbxqLUPI09qDuG&Aq5EA=recdLBecYeOxUwCQb,Order_PNA38461_PO074959.pdf (https://v5.airtableusercontent.com/v3/u/55/55/1785405600000/ulIuyrikUKq0lBbGWHTrCw/gYO--w0P_aVuG-jyvqxm9z0vv8U9AgCk1nKSSINcEaUrKDT78-kvvX1gZpISMFNk1EkPZoIkoIQiv6FNoqhMwPHZBrSjK28xqi8FOmV5LOMevyRHHTRbuCvLKo_D1R0QG04U1ZKTrzjyBKN07w1rzrMavZc95RvAtKJxj_myBY9-hLHx-AzQy8G_hEkMNRSI/GUb0WOqLWskHs6M8pMQBDXmWhO99-cU2Y4QE8Lplnck),(주)청산인쇄,2026.7.28,2026.8.18,,,2026.7.28 5:22오후,이난영,07월,
PNA38461_0728_0281,PO074958,PNA38461-26년7월_재고생산,텀블러류지지박스(Quality 슬리브 박스_화이트),,,3000,https://airtable.com/appkRWtF2j99XgBTq/pag4McZ2Tc7xALrrs?5hZOH=recrzBCkLRHhKYmYc&UvxrW=recW0ohCxKJ9yAp7z&Aq5EA=recdLBecYeOxUwCQb,Order_PNA38461_PO074958.pdf (https://v5.airtableusercontent.com/v3/u/55/55/1785405600000/6ssCUjRQ0wcRhD8GLPHcEQ/EX5m4g48Tqm8c72Pytadix60J_QeDieSGCIbYfAbes6Poh5EAHG_ukDL9IsJpmCLF_W3Psab3IMtZgFMFRD3YLUKShxVZrtgZdXbIpVfiSzlxvq-SfodnOFWnXVvBv5up45a4jAaBumiY5s5_7Eg0YJ9pDbRtCSHrmhl6RBdRBPQD2aCIzNikhf37MjnO8_8/htDuZdrLW4jxaqF27HTGqVpVcRBnx917Q-Z-Oir5T_8),(주)청산인쇄,2026.7.28,2026.8.18,,,2026.7.28 5:39오후,이난영,07월,
PNA38461_0728_1321,PO074941,PNA38461-26년7월_재고생산,슬로건다이어리(그레이),,,7300,https://airtable.com/appkRWtF2j99XgBTq/pag4McZ2Tc7xALrrs?5hZOH=recrzBCkLRHhKYmYc&UvxrW=reciX7w2RmmvZoaZ0&Aq5EA=recdLBecYeOxUwCQb,Order_PNA38461_PO074941.pdf (https://v5.airtableusercontent.com/v3/u/55/55/1785405600000/tERrs6zAXrCMGb1p1ZrETA/m7FdhGQt6WkJHWGTIy73yUqAmQRpvabyXHZqkKd7KJ08td2Gag9n7oQYSXTGThd1SP0maFZlv3PbHeUWDmDHr_GGRbhbinMfvUOIiX7m7Yps1jZulGPibutOxEPx72_TxbZfnVg1Zyau9TOYw1fLeXD-xNiv09vX_OIppWECwJhrPf3HGjVpz8G7rdm25PZP/Q0X8eFPe2KuO2sR6WfWMHht0FwT0pyVX3wb1c2QD80o),(주)청산인쇄,2026.7.28,2026.9.4,,,2026.7.28 5:44오후,이난영,07월,
PNA38461_0728_1331,PO074942,PNA38461-26년7월_재고생산,슬로건다이어리(블랙),,,10500,https://airtable.com/appkRWtF2j99XgBTq/pag4McZ2Tc7xALrrs?5hZOH=recrzBCkLRHhKYmYc&UvxrW=recwB0WqhXaL6Fow7&Aq5EA=recdLBecYeOxUwCQb,Order_PNA38461_PO074942.pdf (https://v5.airtableusercontent.com/v3/u/55/55/1785405600000/NGzLkL35yM720anrhZ_Stg/LUwqDsdA0YX8P8QoYEt8hPaWE3j1eQ4JOm5RGwYzrSLySEyMnhqhZAxH6SScLgCgzra4PgOhU_Vb9rid9eKEM6BJmypVJXQboE-dv909M1Qa2e4R0ks_wK4TK02zYvH7b39_j_nnnIA7zmbickVaZFgDhdCI6u6gdAhupHXD--8Be8OD0DJj4rol4YzCLWhC/E5HBWV85_ozhE2EJ8jZ2eXn4PTtGxHEMwUqUA-F9qow),(주)청산인쇄,2026.7.28,2026.9.4,,,2026.7.28 5:43오후,이난영,07월,
PNA52642_디자이너 노트_A1,PO074983,PNA52642-티비에이치글로벌,디자이너노트+인쇄,"색박(음각), 디자이너노트_내지(무지), 디자이너노트_커버(그문드비)",120,123,https://airtable.com/appkRWtF2j99XgBTq/pag4McZ2Tc7xALrrs?5hZOH=recrzBCkLRHhKYmYc&UvxrW=recSbE8IIBqHBLlWQ&Aq5EA=recUHQSIzGclNqDWM,"""Order_,PNA52642_DesignerNote_Cover_276x200.pdf (https://v5.airtableusercontent.com/v3/u/55/55/1785405600000/qdad5Vc15xh_WSR9vf1zAA/J5prKnbG0JvvTncWNytMf9qUarx8F2O-PUPX7txW52po7_RsWvrzpDlt9sgCBRKiISwNGW8qdu_lD42t5OqjirqY9_YyxCLc0Xgq4XPvYIddV9qBEpsFemkf0UdKAlpYO20O0LDmVQS157gSajZmqBq1SkeswTmwRjISdEAUBawU2oEU9llG669vWrMnM2j8vuwU5D-ArM9zZpj-Z3IrKA/_HHiorVhNxAcBr3Wy6egcza5vA5p7sNDpCjCcnHzv74)""",(주)청산인쇄,2026.7.29,2026.8.13,,,2026.7.29 11:04오전,이난영,07월,
PNA53142_페이퍼 샤쉐_A1,PO075063,PNA53142-레브당스 (페이퍼샤쉐),페이퍼샤쉐커버,"색박(음각), 페이퍼샤쉐",300,310,https://airtable.com/appkRWtF2j99XgBTq/pag4McZ2Tc7xALrrs?5hZOH=recrzBCkLRHhKYmYc&UvxrW=rec4OwhUorHZoQHKz&Aq5EA=rectakdHztvP2gawb,"""Order_,PNA53142_Papersachet_Cover_Colorpaper.pdf (https://v5.airtableusercontent.com/v3/u/55/55/1785405600000/YSheQr3qg3AUsZ3e94y2cA/E6IftAmO31u8uJdffYbP9lSyxh4j8v0gFwPUnIOSGfzz9-b5P-Zf4zyRS7Ot3gGsg_AZ3lli6LaaFrXy8nGifZre68AWzjjPJIutPOKZgvy0isvw17HWaMdtS9QlfxJsNLjggaPOdJP8WAUVRptbfbwK1V-JZIzOhbvvP7BUnqXA8pqc_raYlaPpnqKKzFBi4vn5SDjn82tRVo4L3RR0kQ/GJjWC5FDnw9kucBM1W5JMmM-GrraDGtT46RhDwol61g)""",(주)청산인쇄,2026.7.30,2026.8.17,,,2026.7.30 3:11오후,이난영,07월,
PNA53098_매트블랙 텀블러_A1,PO074874,PNA53098-한국무역협회,"인쇄(매트블랙 텀블러_레이저,실크)","실크, 매트블랙텀블러, 레이저각인",230,240,https://airtable.com/appkRWtF2j99XgBTq/pag4McZ2Tc7xALrrs?5hZOH=recrzBCkLRHhKYmYc&UvxrW=rec30XBFFfTyzzUtQ&Aq5EA=recZHyMcsg5QVcZXD,"""Order_,PNA53098_Matt_Tumbler.pdf (https://v5.airtableusercontent.com/v3/u/55/55/1785405600000/KZA3-8L_6lvgqXRZQ5ln-w/yndF4892nX4YjDvfYZages3__uWo_-aqJjzhnAxNoMpRrLMcKCH4EVvv5Eo6NEeM22juL0ZQUt_FHXdJCqYj3g8OEjKPAvb-ajNh09UJVGyoG_HwdzL7qsJgAcPyrKAzxIvTMohQ2R4jJcv466Tq92fHyp2H1DT7eMbXpemXPVxpjRpBhk38W-ftYghsN4Nr/P2n8nrk-n2jviM-BbBdjYrpt7l2aFkhvSOATfNZm5xA)""",주식회사 꾸띠잔홀딩스,2026.7.27,2026.8.12,,,2026.7.27 11:06오전,이난영,07월,
PNA53168_매트블랙 텀블러_A1,PO074935,PNA53168-주경신,"인쇄(매트블랙 텀블러_레이저,실크)","실크, 매트블랙텀블러",100,100,https://airtable.com/appkRWtF2j99XgBTq/pag4McZ2Tc7xALrrs?5hZOH=recrzBCkLRHhKYmYc&UvxrW=recerLQ2WeEcEiUaG&Aq5EA=reclZ4gAYxEuB43Nl,"""Order_,PNA53168_Matt_Tumbler.pdf (https://v5.airtableusercontent.com/v3/u/55/55/1785405600000/AABalPyexgR0wUeU1HrF-A/R5DoZuPmyjI3Gw-tH8qd2RTkwyf8OmdELo1xLxkdQMw9fGpDYWVBx-3sBEnJ_uAeNoPrpa45SaI14HAAIFixCMjJFYFGIKxsZwLc2kARFj6kMUAD3SAMGR3Sd5PjSIH1tIwqqX3ENdmRB9PplFT3Fy0y1QbNUGf8PgwkbdNMOoEa169_Wm46SvcmpC9CS6JS/dWL21raW-pkeqfqlw2mMjTO5kYR8ETezSXAAKrEuHBw)""",주식회사 꾸띠잔홀딩스,2026.7.28,2026.8.3,,,2026.7.28 11:08오전,이난영,07월,
PNA53165_매트블랙 텀블러 [2]_A1,PO075018,PNA53165-주한미국대사관협회,"인쇄(매트블랙 텀블러_레이저,실크)","실크, 매트블랙텀블러",100,100,https://airtable.com/appkRWtF2j99XgBTq/pag4McZ2Tc7xALrrs?5hZOH=recrzBCkLRHhKYmYc&UvxrW=recQ3B5EQ4JqDlcv3&Aq5EA=recoaHbjmTnZHb4uC,"""Order_,PNA53165_Matt_Tumbler_A1.pdf (https://v5.airtableusercontent.com/v3/u/55/55/1785405600000/_kVUWX2jYkOqXPfOalH_Pg/6roAN3OaMN_9h3yp43OfvgOnK5iO8eU62-6vfGX8GbHdf2zbRnO7xpCmAVhWo8LVl3M9jTs8m2r6_4gTLXKv56GxB60DTeLWL7iEVA0s4HikdKzZ01TsVqDWcTrcfPUFIX3OHufhermM6ub8nf4MeTcxG66vWhLD5P6ETWDe5qf9YivK4kw7Ifw6QbtjVglp/WiGnjQD_1PAcBFTBwLFQCSnS7BAiTXoJrWmSnq7RbEQ)""",주식회사 꾸띠잔홀딩스,2026.7.30,2026.8.12,,,2026.7.30 10:31오전,이난영,07월,
PNA53165_매트블랙 텀블러 [1]_A1,PO075017,PNA53165-주한미국대사관협회,"인쇄(매트블랙 텀블러_레이저,실크)","실크, 매트블랙텀블러",100,100,https://airtable.com/appkRWtF2j99XgBTq/pag4McZ2Tc7xALrrs?5hZOH=recrzBCkLRHhKYmYc&UvxrW=recVAsmjarFq4AG8z&Aq5EA=recoaHbjmTnZHb4uC,"""Order_,PNA53165_Matt_Tumbler_A2.pdf (https://v5.airtableusercontent.com/v3/u/55/55/1785405600000/EDPXwVNkuY190zscrXBb5Q/fi6xbePgY2tS6KcV0OSy_2taR9BJhgTpd3x9gPYMRP5EXkOKN1uYvYYiObJvhU5N4noaVc77bn9zyknX5UAiiP5dEuunanP_jJD4h_9Mzq1_pvmED7Xs9KOImy4KBWlqjfePVvxkrbl0W5bFr7jDO-hYMsTJ4vBhxwaxGRJ8YyJ6hXeoA8qjsm9UvPaBEFYv/fsKqDPU6F7bkx84jmJ0zYrNBYavVuwDMCrz-M_K0g3s)""",주식회사 꾸띠잔홀딩스,2026.7.30,2026.8.12,,,2026.7.30 10:27오전,이난영,07월,
PNA38461_07_3291,PO074826,PNA38461-26년7월_재고생산,슬리브(Tailored 스트랩 박스_블랙),,,1500,https://airtable.com/appkRWtF2j99XgBTq/pag4McZ2Tc7xALrrs?5hZOH=recrzBCkLRHhKYmYc&UvxrW=rec3FxtcobDtYInnB&Aq5EA=recdLBecYeOxUwCQb,Order_PNA38461_PO074826.pdf (https://v5.airtableusercontent.com/v3/u/55/55/1785405600000/Cmdn_hQCxqrmngbMEE8qfw/Hjfc8EKErl6z4ul4xr_XfCpx_uocdts5N0wpEcqkPqr3sWF779vcSRCs2cY8Fnrqg23PQFfGtjHHeVjt3NFVY3w_tXSU4HLLsRTZvJoois_obKTxg-abTp_AgBPbhVF5GHHqCnGUu8nIBj68s2S6OOWcQZY-eaehN91FF0_irREhrIgJZ1OGfLzaRzOmnRWo/bsglFWfs7tKUlgg_3TayISvcwhwQIfpqqW6k0JveuqQ),주식회사 모아패키지,2026.7.23,2026.8.5,,,2026.7.23 3:28오후,이난영,07월,
PNA53098_매트블랙 텀블러_C1,PO074876,PNA53098-한국무역협회,커스텀단품박스(매트블랙 텀블러),"단품박스, 색박(음각)",230,240,https://airtable.com/appkRWtF2j99XgBTq/pag4McZ2Tc7xALrrs?5hZOH=recrzBCkLRHhKYmYc&UvxrW=recxMlBBYHAlYiZ7y&Aq5EA=recZHyMcsg5QVcZXD,"""Order_PNA53098_Matt_Box,.pdf (https://v5.airtableusercontent.com/v3/u/55/55/1785405600000/l4LyF6EzfClh-Tpgnz8LCw/9S64QpDdsIi96TOTlDuXv9c1nPXrSWiguza-CMMOtUaMBc3lnODeYsni2pP0tJ7ANOmTTpBfV9H87B7WpjQyLu__1_iAWRaZsZvA8upbrqas-rDJV_cUwNPJ0z0MsIOUHWKTxhD3S3TnQD5gIbRH427k-lZX3LemeltySiECSzvpULSgLM8TcrLlSd49bg96/id7tzt_h2VATGjeOqXGuy89fe9iqYMW5UsHWpmZqqhk)""",주식회사 모아패키지,2026.7.27,2026.8.11,,,2026.7.27 11:05오전,이난영,07월,
PNA53098_Tailored 스트랩 박스_A1,PO074867,PNA53098-한국무역협회,슬리브(Tailored 스트랩 박스_커스텀),"실크, 슬리브, 헤링본끈",230,240,https://airtable.com/appkRWtF2j99XgBTq/pag4McZ2Tc7xALrrs?5hZOH=recrzBCkLRHhKYmYc&UvxrW=recQDu1zKM29gln3H&Aq5EA=recZHyMcsg5QVcZXD,"""Order_,PNA53098_TailoredStrapBox_Sleeve_Blackpaper_Silk.pdf (https://v5.airtableusercontent.com/v3/u/55/55/1785405600000/U2PDs2ZxcJ5yz4ksMdTxQA/UtkdwFckZ-lZPCoolyHUMpXMlWg6Au77qepmFCi9dGgAhK3GBhg1FXu7a9o_VR6gSaP50drbXruQeqx2IIsZ6nQDX89V9a4GaWrFjo3juuMf6ipLdyNxeisQgfGPZJSstNtAUYAgMDStCVgqKsoYMtE6FGxUSQuTfHzf_V2kxTBQG_tMU4suiqkoI1ejR9-tL5hHE8EuLT0Bbrg7qw651_MIBZt7o67J5GVBGhMOg9I/wtA2joBZLl-RVSMWp24rR-HO68jgdeOhKHppkzDOku0)""",주식회사 모아패키지,2026.7.27,2026.8.11,,,2026.7.27 11:10오전,이난영,07월,
PNA53098_자동우산상자_P1,PO074879,PNA53098-한국무역협회,,,230,240,https://airtable.com/appkRWtF2j99XgBTq/pag4McZ2Tc7xALrrs?5hZOH=recrzBCkLRHhKYmYc&UvxrW=recySLch3Za87BsI4&Aq5EA=recZHyMcsg5QVcZXD,Order_PNA53098_PO074879.pdf (https://v5.airtableusercontent.com/v3/u/55/55/1785405600000/6h9iGoZmwxHzOOie0JVGmg/ANOaF6As9pis2KfGk9T8L4cqAYgldXILi_cpCkQt4o5iWG0N0lf4YFwQmFomZz5qr_SXD9pV8T7fKY-jftLh295fQaZXuP1Cq57WqT67EFfJodnguJaRYNmUc44FRLJvBYM1E83DYIazT0_H3P4LhM01w_23iXH--kIPYO0qKMBCq8irOVzfgcycP5EnFvzu/lzjEHIpblYUxB9SHa942JqUt9C7eOb1GD_oFBjr6YhI),주식회사 모아패키지,2026.7.27,2026.8.11,,,2026.7.27 11:19오전,이난영,07월,
PNA53098_밥용기상자_P1,PO074877,PNA53098-한국무역협회,,,230,240,https://airtable.com/appkRWtF2j99XgBTq/pag4McZ2Tc7xALrrs?5hZOH=recrzBCkLRHhKYmYc&UvxrW=recYVRvende9zIblr&Aq5EA=recZHyMcsg5QVcZXD,Order_PNA53098_PO074877.pdf (https://v5.airtableusercontent.com/v3/u/55/55/1785405600000/IQZAvCRuBPYd3wJhL5w_Gw/GxO9XKjJkZ3iHNjkxKd4awFs2VZuvEQtiNRKJ5qg6pUtwCU0Nl7oFSGZiWkn3UGv5ewrGsWSY4_W-OkH_7RmN9KGjlcJTZmE9Re6DzJmitNb5dGV8kNFpizonT1FSp0w_p4_8EszM725QdPwFN2nUbR7j-6FFlSp9YhLjQa8mM3y2C3QtO6om3Ja6Lp1cLWP/G81Tz3R53YMRS0TqkbojjSEw5D39Gvaiu_MBm2xtQfs),주식회사 모아패키지,2026.7.27,2026.8.11,,,2026.7.27 11:23오전,이난영,07월,
PNA52545_커스텀 지지박스_P1,PO074908,PNA52545-한스네트워크,,,100,110,https://airtable.com/appkRWtF2j99XgBTq/pag4McZ2Tc7xALrrs?5hZOH=recrzBCkLRHhKYmYc&UvxrW=recPbrswFzsaEfaeT&Aq5EA=recNKXS772xvSEvel,Order_PNA52545_PO074908.pdf (https://v5.airtableusercontent.com/v3/u/55/55/1785405600000/6R8tZTPM8UJlP13GycoCnw/SO6ZejzbF55qBpqp4P496qgU6dF2lC8Jqcf8Ww8NvStXKp7e99VoMryluKgKCO6ECjcltOzHY2UP2M-ayI6RTpsZrl_gf2cbed0gm593N7c-UHiQNtcIr9ar2JxSbVTd7Xr0ck4SlMESzZp9FSWKZ5HL320ugKmaCHScmN9WVhNbbPZnfvxPDXvaQ2AjfwnE/FNpJo50zWWOqk0pSHxCgWeDKMb9YvkrSHHB8N8jZJm8),주식회사 모아패키지,2026.7.28,2026.8.5,,,2026.7.28 9:57오전,이난영,07월,
PNA38461_0728_6291,PO074949,PNA38461-26년7월_재고생산,단품박스(웜그레이),,,1000,https://airtable.com/appkRWtF2j99XgBTq/pag4McZ2Tc7xALrrs?5hZOH=recrzBCkLRHhKYmYc&UvxrW=recaCEV6QWb7B9lAV&Aq5EA=recdLBecYeOxUwCQb,Order_PNA38461_PO074949.pdf (https://v5.airtableusercontent.com/v3/u/55/55/1785405600000/2Ei_annUWlUbTjCdEzlZow/JVeVjLK1QHof2VIhrImf6Rfy4frB2tRDyHQm5DMMjBQkiUIN5wTC16a4-IjcQB_5ansLZDD6qqDR2a2uES0xLS25jBQl0l0Y15h4IjSb_nHuS8Ji7gPDqBFo6Uz0KAuiFHaJqiUOAY0Eva3qeuTIh4AC_zqQ6A3aGeo2Pp2u12VWuKEq2R3EJ2yGR_M93qf_/nPcsQ_F9ZhG2MbnCLRDZ7wYvWbMzShOWcNYerLxxUng),주식회사 모아패키지,2026.7.28,2026.8.12,,,2026.7.28 2:02오후,이난영,07월,
PNA53217_브랜디드 피규어_B1,PO075011,PNA53217-블랙이글스,커스텀단품박스(핑거팬),,300,310,https://airtable.com/appkRWtF2j99XgBTq/pag4McZ2Tc7xALrrs?5hZOH=recrzBCkLRHhKYmYc&UvxrW=recr2Q529BNAwVnJ7&Aq5EA=recH4PzWahv0iAMfJ,Order_PNA53217_Remarkable_ToothbrushSterilizer_Box.pdf (https://v5.airtableusercontent.com/v3/u/55/55/1785405600000/58QppCx8_QV6Aa6LcfffEg/EonzfFoRNF6JbSDJTzqd1yKgXu8Rn0TNf8PvC8aQNbA4vi-Wa8CQgAdgK5khdd8e_jAl3Y8EV0aZ1pnte229ZjBvPt1ABxmDjKJROayD6e84qsqo7yRZmBR2ikv8vwLXnObqYMS0RQLSjX6bJvXYHwD3UHqGY_HMPStVbXLGcG7TZNKBZgTRHHb2W4_1IuDXxlanY0JEg1fYmlTGCEp7hQ/LfXPZYls6nq7JQ1CARFp30ciG_W_Ks0UxCBsXvb0y3w),주식회사 모아패키지,2026.7.30,2026.8.14,,,2026.7.30 10:20오전,이난영,07월,
PNA52941_Brandfit 커스텀 쇼핑백_A1,PO075035,PNA52941-오스트리아관광청,브랜드핏쇼핑백,"브랜드핏쇼핑백(S), 브랜드핏쇼핑백손잡이",200,210,https://airtable.com/appkRWtF2j99XgBTq/pag4McZ2Tc7xALrrs?5hZOH=recrzBCkLRHhKYmYc&UvxrW=recHfThVNE6ZUQbw4&Aq5EA=recx4mCcSyU4l3poU,"""Order_PNA52941_Brandfit_ShoppingBag_S,.pdf (https://v5.airtableusercontent.com/v3/u/55/55/1785405600000/HnX1vqz6PfQyKEHFCy-WsQ/-ZRc1-MVOBAj1qmcBbAO-VJDrcmAKkVOriO4p1X7f8ffxHR7pxEfClrTx1odI6KNvGeuotYdhsx9c684eWvia0OU6jeSW73Ua2eQ-uFplIyNE1CpHM-MwmVBtG5Q1_SSgHCGzzfIeX7VQYXb8Vz0cOBxmkNQ0BavWr8oCJDWu80cLOiaz3IJTVGJuipFscEXsCI8aJka8-5ib55Vg2uElQ/_oDfrvsv_kVJun91ZwX_WELRBLraavnaC2YdO2Ht33w)""",주식회사 모아패키지,2026.7.30,2026.8.14,,,2026.7.30 10:35오전,이난영,07월,
PNA52044_Solid 커스텀 G형박스_재제작_A1,PO075045,PNA52044-주식회사디마이너스원,Solid커스텀G형박스,골지G형박스(L),,700,https://airtable.com/appkRWtF2j99XgBTq/pag4McZ2Tc7xALrrs?5hZOH=recrzBCkLRHhKYmYc&UvxrW=rec05tskz6zNOfOS5&Aq5EA=recVFK2LkEn25NaxH,"""Order_,PNA52044_(A6360)_Gbox_L_Box_Colorprinting.pdf (https://v5.airtableusercontent.com/v3/u/55/55/1785405600000/DmYe_WMOPmeyzgPYqPbAgg/kyEhlwb3NdglmzMdUeifrWYqyoxG05n9bunErlzR8wdsyum8MKQcaTeKYwMbNpU5IDJAqSGXFF4WTReeVcU9tNO3jBoYYbgKXSZQW_8ORDYJwsTNgAzvQF0KxAKrf_qzBO5EgbLX1dZx7_NHJAnxnX_ScwtjtMW-xnsl-PUp9n31SRAgCgJhy3EmdugYTODFpPbo_nyVBFXjZQiX5E4tEQ/6BW-B3K54uJNlL2mcY-aq6sFc5owXEfU3qPPQC2J5Js)""",주식회사 모아패키지,2026.7.30,2026.8.13,,,2026.7.30 11:11오전,이난영,07월,
PNA38461_0730_5901,PO075047,PNA38461-26년7월_재고생산,페이퍼G형박스(블랙/몰스킨),,,1000,https://airtable.com/appkRWtF2j99XgBTq/pag4McZ2Tc7xALrrs?5hZOH=recrzBCkLRHhKYmYc&UvxrW=rec38y1lR46VFVPfQ&Aq5EA=recdLBecYeOxUwCQb,Order_PNA38461_PO075047.pdf (https://v5.airtableusercontent.com/v3/u/55/55/1785405600000/zTWdyWKydIy8o8p4yRxE-Q/uPBhUxD_QJMELrnHfnkLjEqUKd_vX3ckTtcYpS7rG0monojfU0ngJU2t6pJSLf0nM2mxG8dVdTCoHlTabzjp1FvTWZktZHiCR2aSnjOtreWO-rs0Z0vs8ySLq1B0zYFg6dQkpyiFgAGUK3MrueaSjj_4Ofz2cbjvbd0c-6EAbzoKUMOAGgoKO28ZHE3u4V6c/sxMGvBEEkC98RDFDP2DZFx4mddln5wMwoGeqlJn6B-A),주식회사 모아패키지,2026.7.30,2026.8.17,,,2026.7.30 2:05오후,이난영,07월,
PNA53029_데스크테리어 매트_A1,PO074895,PNA53029-GC녹십자,데스크테리어 매트,"데스크테리어매트(기본형), 단품박스, 데스크테리어매트",300,303,https://airtable.com/appkRWtF2j99XgBTq/pag4McZ2Tc7xALrrs?5hZOH=recrzBCkLRHhKYmYc&UvxrW=recjL7sA1m780brRK&Aq5EA=recIY0aSePBTcWjW6,"""Order_PNA53029_DeskteriorMat_780x300x4T,.pdf (https://v5.airtableusercontent.com/v3/u/55/55/1785405600000/wIQwaOQBoWOwcR97To8zdg/4S8rnxRN6vRtrqvzxlOIxW1yCITamiAh2cDcObN-H9RTzq4COLV57I0iUCdfkKq_g-i5z3syRGqwIfkfa0BVQgCo5sfCGRDznfDsZm3N8cvGoSUXFgAlugIyZoE5tZnrqEa7xUx6h578dIVnsqBh08BY5G3pK5iTQAunlVrKKbSdeh86nBEymERXRNxTcx9SZfwZeZ09XzK0qg4FJiQQhg/Wx9LpZjp6CAZIBiwVEsSH_FB9IOPNpp5bSqD6TL7L6k)""",주식회사 위즈프로(구.호언),2026.7.27,2026.8.5,,,2026.7.27 2:30오후,이난영,07월,
PNA52856_비주얼핏 키캡키링_A1,PO075029,PNA52856-플랜트8,키캡키링,키캡키링(3구LED),100,110,https://airtable.com/appkRWtF2j99XgBTq/pag4McZ2Tc7xALrrs?5hZOH=recrzBCkLRHhKYmYc&UvxrW=recXOfL1G2S05G8uu&Aq5EA=recGLwHZhDaFl9anS,"""Order_PNA52856_Visualfit_KeycapKeyring,.pdf (https://v5.airtableusercontent.com/v3/u/55/55/1785405600000/UIhJ3_mr6bKqjr0XXardrg/NZMxJdq7AP0lWn8kuaApm2BxwPpGo9kZzEGlfTsa4qVxVNCg_nASnMqUou2bWsvRX7uLuGO4qz_Fv2oorJqzIS5YdAfFck46IvIGgmeIvGW7_W6tGF13dSbgwKCLB1qCf__ILx2oprXiGm8lAZ_q_LGMIKoIIERLyX_BPC0UNA3SkjLd3Fvt_jF_Wv-6y4o_pOL1htHqboVFJL4QKOtyTw/z4bfT90Feu27AJ9linxyHcjdR6FPz-UUE7KF7WOrHBk)""",주식회사 위즈프로(구.호언),2026.7.30,2026.8.6,,,2026.7.30 10:30오전,이난영,07월,