task_id,발주번호,project,산출물,산출물_옵션,고객주문수량,발주지시수량,대시보드,과업지시서,수주처,과업지시일자,입하예정일 (from movement_산출물),입하여부,지출결의,발주서 생성 요청 일시 _ test_수현,발주담당자,과업지시월,과업지시주
PNA52276_몰스킨 데일리 노트_A1,PO074850,PNA52276-뤼튼테크놀로지스,몰스킨노트(블랙/플레인/하드/L),,300,305,https://airtable.com/appkRWtF2j99XgBTq/pag4McZ2Tc7xALrrs?5hZOH=recMk04LNhSjV69ci&UvxrW=recOoBZ4G2ZzI7a2u&Aq5EA=recxwztT57ROxBvIS,Order_PNA52276_PO074850.pdf (https://v5.airtableusercontent.com/v3/u/55/55/1785139200000/u_WvYWcsFa_htp2FjnBkjw/blXJXpgi0IUCjLiZlcDgU1CusgW6XZG7P1JLCIctTfO52s2Fin_J8OcXTPJj6vgFPKG8MdFfgQg0gC-q9sbycAekTzxX1gQ7wn60ixt6_cXudm2cTHPnnrCALxiUMYUAfys8OaLA2liQjSgLS3L57WSqvrP1SILQ3OGL2JzQG2ZTTVJ62as1rMnuXSaP7gDm/5AgHtjS07uWkxjDDcTokuyKDRhTg0iTBcCUqu4nb4TA),(주) 모나미,2026.7.24,2026.7.28,,,2026.7.24 4:28오후,김민정,07월,
PNA38461_0715_6551,PO074622,PNA38461-26년7월_재고생산, manual,,,5000,https://airtable.com/appkRWtF2j99XgBTq/pag4McZ2Tc7xALrrs?5hZOH=reckLCvdQ0dEZjNLC&UvxrW=reccy4GS8Ou1lk22E&Aq5EA=recdLBecYeOxUwCQb,Order_PNA38461_PO074622.pdf (https://v5.airtableusercontent.com/v3/u/55/55/1785139200000/5XQZyrsggfGoEqA0ha5eyA/rhH3-x1Qaj_NVRt8ynihIpdvWMfRweoOTzoXt3sLTl3IbGCNl-EIbJmXkmaWGA6HN7SXhecL5cscZj-5IdJHgnOzqazV0XTmCsX-TEt6Uvl-GDikNvtVSPhH5-koMju5qnTeqDq3oWsvFVaA0LBIKD7-WrRlrhwUE_ELSvPdk5bB8UqPx7r3e574G2ZmN-W4/ZpOHnS9K4MWvWAXf0VhgzGeGUzdO0YnwwNr9upKKzyI),"""Shanghai Ansheng insulation Technology Co.,Ltd""",2026.7.14,2026.8.6,,,2026.7.14 10:52오전,김민정,07월,
PNA38461_0714_6551,PO074621,PNA38461-26년7월_재고생산,"color box , 17oz/503 Handle Tumbler(black) ",,,1000,https://airtable.com/appkRWtF2j99XgBTq/pag4McZ2Tc7xALrrs?5hZOH=reckLCvdQ0dEZjNLC&UvxrW=recREWusOTxbKixzv&Aq5EA=recdLBecYeOxUwCQb,Order_PNA38461_PO074621.pdf (https://v5.airtableusercontent.com/v3/u/55/55/1785139200000/Ze9fFcLXDFWH633qHhvndg/itFpEbiD03uPi10pjFWUGee7TmC1JArZHU-8LRGyuhfYt5LIExBuuZRW60Lz7KgzF4gEyT-wK0jDHnlr3tgNn-tCqb6igKozRkdmOBlB3MElH97jQq9_w45CSZDvyB3zCe_Zyv8k-mYegNoBqgDQowlapg9pNMElGZRoDJuNdaXHK_bZctFLOJAKpleSxDA4/Q9JA9PcVxSgYX6JJJ42OjrcSvHp-3m3MsTEFvvKb4yw),"""Shanghai Ansheng insulation Technology Co.,Ltd""",2026.7.14,"2026.8.6, 2026.8.6",,,2026.7.14 10:50오전,김민정,07월,
PNA38461_0714_6681,PO074618,PNA38461-26년7월_재고생산,17oz/503 Handle Tumbler(ivory) ,,,1000,https://airtable.com/appkRWtF2j99XgBTq/pag4McZ2Tc7xALrrs?5hZOH=reckLCvdQ0dEZjNLC&UvxrW=recBlZzFinJkJtdGw&Aq5EA=recdLBecYeOxUwCQb,Order_PNA38461_PO074618.pdf (https://v5.airtableusercontent.com/v3/u/55/55/1785139200000/RRWeR4oL8ZoDgal18hQXdg/CAMhF6Le8W56LFc83s6ozKifGM2wAbhV5eqZbB1csd30Q65ihHHMhB_ixQSeeW6A02x_MspkhFjbZQPulvatHPiZ8z-yqeaakeFEUALItYgzfVH2Usz_LKpHli97eyMnT6c9erb31TFrBq7ty2mcu4VYyh9vMMx5mXveun9lJCLGHpXYMwWXS5pYVVWTNk6E/GGk2qz_RxSqV8be8ldBCZpSGlVJS4IV75FGxehW2Et0),"""Shanghai Ansheng insulation Technology Co.,Ltd""",2026.7.14,2026.8.6,,,2026.7.14 10:50오전,김민정,07월,
PNA38461_0714_6641,PO074619,PNA38461-26년7월_재고생산,"17oz/503 Tumbler (black), color box (91×91×183mm)",,,1000,https://airtable.com/appkRWtF2j99XgBTq/pag4McZ2Tc7xALrrs?5hZOH=reckLCvdQ0dEZjNLC&UvxrW=recyw1TvcFpSL13oW&Aq5EA=recdLBecYeOxUwCQb,Order_PNA38461_PO074619.pdf (https://v5.airtableusercontent.com/v3/u/55/55/1785139200000/hdYIDkhrkyxRpnuqIBzL9g/twuKttP8ocPA1goZ0-7lGCCkHsY5IQ4wuBxx_ymdShShs7dbTiq5BIpMwYxEz3Op_BknLivW-iFTrrqDPYaHrSk4dJ3yMvj2nZrbGksOd_cceHqmyR5oBCsZ0V0ANeIPMhvAeVvEJVqwgM4gs_YRAzwaz-MZ0qZbFq6LrEgMZmIX5hamt0L-zjKotZt7c9q-/mMeM4x8SOEsy_RaffUCAF6pFCEZrkbVxFibrGzO4x_Y),"""Shanghai Ansheng insulation Technology Co.,Ltd""",2026.7.14,"2026.8.6, 2026.8.6",,,2026.7.14 10:48오전,김민정,07월,
PNA38461_0714_6671,PO074620,PNA38461-26년7월_재고생산,17oz/503 Tumbler (ivory),,,1000,https://airtable.com/appkRWtF2j99XgBTq/pag4McZ2Tc7xALrrs?5hZOH=reckLCvdQ0dEZjNLC&UvxrW=rec4WogVRSqKQWp14&Aq5EA=recdLBecYeOxUwCQb,Order_PNA38461_PO074620.pdf (https://v5.airtableusercontent.com/v3/u/55/55/1785139200000/GvFwU6RI4mzqGxRwjtkgMw/ryPsbcKJei5yCOIsheqOyygjQf-ga0_bydggkiWpLyoCjk2iQrWJcrYE7j5se5L97q65gPcYtm1RctFYftDq_N21UZ_3wUxPe3l4qI5Q_dPu-BFQ2RTYx7w8caubzBY11e6uQjYkzeyRa-xKaQn9dE-cXV8DhHHPNXpt-uhPeLrlBR_chx7PE_hP-yMzJSxO/JdF9Dp4u08yk_cdk1TDmP2dHf7SwGhYREGTGOLjHxN0),"""Shanghai Ansheng insulation Technology Co.,Ltd""",2026.7.14,2026.8.6,,,2026.7.14 10:48오전,김민정,07월,
PNA38460_0617_6071,PO073871,PNA38460-26년6월_재고생산,블리스터,,,5000,https://airtable.com/appkRWtF2j99XgBTq/pag4McZ2Tc7xALrrs?5hZOH=recMk04LNhSjV69ci&UvxrW=rec6oRQRuqWT3vbrq&Aq5EA=recWjSn9z7PxgjTZy,Order_PNA38460_PO073871.pdf (https://v5.airtableusercontent.com/v3/u/55/55/1785139200000/-vqb-dsyjVCZANzNBEeFhg/zkZt4Lixo6rE6vpWv8P0ibH-8uBaqnsfmTwE2w4CnbCf10nKeDOWRf_ZWhB4pWYcbPL-g9x9E91YOCppOqeY5JXlcsuD03GZAVJ8uUEb8lZMVWx_3NEqp6318pcLSQUeFy_Vl0zkbWnkLMLGboyWuGD-9WwTwaWpau_GdVqDO9ucA2setNIfP5gjqb19r-Dd/HbwHNuHF44Uv1SGVGPYG8TbMaq1dJL-ANw7KtDMsx_Q),"""Shenzhen Xin Hong Yang Packaging Products Co., Ltd.""",2026.7.2,2026.7.28,미입하,,2026.7.2 9:14오전,김민정,07월,
PNA52873_스테이 텀블러_A1,PO074765,PNA52873-피타소프트,스테이텀블러,"레이저각인, 스테이텀블러",300,303,https://airtable.com/appkRWtF2j99XgBTq/pag4McZ2Tc7xALrrs?5hZOH=recMk04LNhSjV69ci&UvxrW=recifOM6VQ8oAdhuo&Aq5EA=recVwu5tsQB42CRXg,"""Order_,PNA52873_StayTumbler.pdf (https://v5.airtableusercontent.com/v3/u/55/55/1785139200000/SAvEC8bqkVwcv-it3Ng5PQ/frkQBd81QyCJQ7Rea96tf9O2_ZgZ2S93v9uARNXPjznX5V6l9SwFL6X2WLfLQLhjIV1fE5BCFHhg751VlH2C216EiCILj6tFEH2-MVcHQAIVUh1jGwKmw-8scedP-jpUFj6A49Xs-oK_9UJCU_nEvbn1OgvRQJEZ5QaDr6-B16XdJ8eRbvMX7bKNFD7DVCdw/Pgv2_DbUciujpqxNNdYc8PaY6MlieaUpDx94ptJtOzw)""",주식회사 에벤에셀기업,2026.7.21,2026.7.29,,,2026.7.21 12:17오후,김민정,07월,
PNA52917_스탠리 데일리 텀블러_A1,PO074788,PNA52917-비씨카드,스탠리데일리텀블러,"레이저각인, 스탠리데일리텀블러, 주의사항표기서",50,51,https://airtable.com/appkRWtF2j99XgBTq/pag4McZ2Tc7xALrrs?5hZOH=recMk04LNhSjV69ci&UvxrW=recWKOXlM7q4wIzZB&Aq5EA=recUJqigebHK3VXJD,"""Order_,PNA52917_Stanley_DailyTumbler.pdf (https://v5.airtableusercontent.com/v3/u/55/55/1785139200000/raTZMlHYnTr962zcIKNWUw/UDcMDCOnx2jPQAZR_yR562HK09kQ7d8ay7rmW4nYRIsQzJYETWuwDNDtC_ZQTr07UeEFRif5L1QGCGxU3l17akyVUDe-dnbGGcQjAh3YcHBLUahGrnG3Ok94Ek-8BLg0sHfpSrGlBnemVitVE_pKlyUBNfHjube3vw7h4ZBFqIxnqvs591RlDJC6sfgtWN53hd8a0ZwHeFOWG1GeI0EP1g/tj1jO22vVnjgFpsmXOj31xPApLdds-Cojv1oMVupfxU)""",주식회사 에벤에셀기업,2026.7.23,2026.7.27,,,2026.7.23 9:44오전,김민정,07월,
PNA52206_임팩트 슬로건타월_A1,PO074397,PNA52206-유네스코한국위원회,임팩트슬로건타월,"임팩트슬로건타월, 승화전사, 샘플(본 제작과 동일옵션)","1200, 3",1210,https://airtable.com/appkRWtF2j99XgBTq/pag4McZ2Tc7xALrrs?5hZOH=recxAQzdjTKyqRFGn&UvxrW=rec72FKf1UZxoZ6Im&Aq5EA=recqP0Qh3I3F6trcO,"""Order_,PNA52206_ImpactSloganTowel.pdf (https://v5.airtableusercontent.com/v3/u/55/55/1785139200000/cC4sX7u3_heHTlUFVbyqpg/7a22PpGqYoOagDHRo8YzUOGy9nIEzKz01MMA0Ecp4JmWp0t6OCPDDbeyL_xwP3TscltGFC0OT92PKSutO01b5MkCRw4wshdzMK-Mmtx91bcgycrHlwWpQceyCvA94KUJP5zC2mnhpOyUNKgnKPlUF-Jdqp2NRD8D8xDQ2klMo6X0jvabGAl1sFwfCpqy2B9C/egG1fkIcvrfiRtmzNPNTyLEYfOTlreeK69O4bo8wQlA)""",(주)승화파트너스,2026.7.3,"2026.7.8, 2026.8.7",입하완료,26.7.13-7.17_(주)승화파트너스,,김민지,07월,
PNA52735_해피웨이 런치백_A2,PO074647,PNA52735-삼성전자,해피웨이런치백,"런치백, 부자재(손잡이/지퍼/바이어스), 케어라벨(전용), 승화전사",750,755,https://airtable.com/appkRWtF2j99XgBTq/pag4McZ2Tc7xALrrs?5hZOH=recxAQzdjTKyqRFGn&UvxrW=recXARnGjNgxoCzMM&Aq5EA=recBAXKpOZQFd23IT,"""Order_,PNA52735_HappyWay_LunchBag.pdf (https://v5.airtableusercontent.com/v3/u/55/55/1785139200000/kjfKrJPS4bazPARo1y2wlg/t9AqjiHFKBGFVlvvSwpegYwXPG99CVlBaONmEtaIR95zDqLUBuEDfPUc8LNcC4KTt1NnbxmszcFB8jxpaKM_d9FPVGsVjn7BxXUu0SrAcXNuVByH8PhuPYy9LXWdWxw-Fwq5_DeVAXHRGqrfl5kdXrGRSxcqoUW6eM7aTYL5LWA9f49xeLSDI-ALrsdj6hvG/cFhpu9f0SmAWMlS6zCFJiqz8C4qW1sK-qUYi_WITBXI)""",(주)승화파트너스,2026.7.15,2026.8.7,,26.8.3-8.7_(주)승화파트너스,,김민지,07월,
PNA52206_데일리 짐색[2]_A1,PO074661,PNA52206-유네스코한국위원회,데일리짐색,"케어라벨(전용), 샘플(본제작과동일옵션), 데일리짐색_바이어스/스트링, 패브릭디지털, 데일리짐색","600, 2",605,https://airtable.com/appkRWtF2j99XgBTq/pag4McZ2Tc7xALrrs?5hZOH=recxAQzdjTKyqRFGn&UvxrW=recQJHznUfytGmFap&Aq5EA=recqP0Qh3I3F6trcO,Order_PNA52206_PO074661.pdf (https://v5.airtableusercontent.com/v3/u/55/55/1785139200000/Q7oQA9DdLSHwbHrMTTYSJg/zW_lW5KwlBHololBo9FDUL051bjdGlT-bGiH_x6Uks22GpP_3YkuY25iddcGMvLa8GP_TZPQbZJmCcwOPiPaHMNWhpVH6heJ9ejMmLw1lW7wK6gKMR5RAci-gaFTz0VWvjcm3AYn87yGcnL55Q8B7M_2uTvO7FUD7D1hWhqEXVuloNvuRzoCgVaGGxbrhDr1/iLioC9uTqMOYz-rIuqT8Op2pyV2BPI9PyEE6ntZw0EE),(주)승화파트너스,2026.7.15,"2026.7.20, 2026.8.7",입하완료,26.7.13-7.17_(주)승화파트너스,2026.7.15 4:58오후,김민지,07월,
PNA52206_데일리 짐색_A1,PO074396,PNA52206-유네스코한국위원회,데일리짐색,"케어라벨(전용), 데일리짐색_바이어스/스트링, 샘플(본제작과동일옵션), 데일리짐색, 패브릭디지털","600, 3",609,https://airtable.com/appkRWtF2j99XgBTq/pag4McZ2Tc7xALrrs?5hZOH=recxAQzdjTKyqRFGn&UvxrW=recs8UZSrjwePOwJ2&Aq5EA=recqP0Qh3I3F6trcO,"Order_PNA52206_PO074396.pdf (https://v5.airtableusercontent.com/v3/u/55/55/1785139200000/qYnMOa_4SkslR0cZUeVRjA/oncGvzAYMqUIOm4VHFaoNhHKBxV3wcfYmw6oELQKi1q-wEoD4YSo7JI4WZgRZzHeiS6tzNB2_pYeVcjMYKqYJmIU6t0zf2EIE6brpy-B3KrFnvbVcPQas1fwj3IjMFXASwUtbbcgKo5swPrAuF30WWNt9Z4W37ehimCVgagAnkJp0Oa3bQKyVGA1eoy-oXRh/IHNvsQHvUm36x_hD7wQfWhG0wdOgJJg9bDegQIa7vNc),Order_PNA52206_PO074396.pdf (https://v5.airtableusercontent.com/v3/u/55/55/1785139200000/ln0pS2-ZgjEjiEdDSihA3A/nfE-NSfFxbglvCH7eHK2P1wsD6gsh5AG6vaNKFtU7tgfSRBIJhXU1LgN-cxSLYodZFGtRRQPKoYjfSar-rgat7UU1YwPZrT6OmPRDk6V-rABojEmTqxQt8Cr-qAMSA7MWJvsvsAG4u5omOr87KWw1Woxic_cVnYV2HeHinsPtql4AQTytpwL3ywITXRngMlC/L7SxpO6concy5LEYZtl9wnueAihsXh9xj_FFiIdZNbM),Order_PNA52206_PO074396.pdf (https://v5.airtableusercontent.com/v3/u/55/55/1785139200000/n-jqbMoYt-UC-sAWguivfw/IjrI3yZjZ4Oud3vmqewaPQx6ySJ79X2bhd0XTAsZz9rp7_-cRGGmp2VjqrbqNmfWJRn_g4BH-MZnApOPirCfKx7xGoImvbbG1Zl0N5-zyer7ax4PHM0373zEKow4to2t3eurrSSufDEduenaclUrDOdO5IYZMEcPzqL-sAH7GpqLC9NRP-v5JHHnsqoQ69RQ/lU7QSdq0EEFngUwE8QO7lDfDaa2OyGzKrhOE6bwiZ7M)",(주)승화파트너스,2026.7.15,"2026.7.8, 2026.8.7, 2026.7.13","입하완료,입하완료",26.7.13-7.17_(주)승화파트너스,2026.7.15 4:52오후,김민지,07월,
PNA51136_하이킹 폴딩방석_재제작_A1,PO074662,PNA51136-해군본부,하이킹폴딩방석,"하이킹폴딩방석_바이어스/고정밴드, 패브릭디지털, 하이킹폴딩방석",,301,https://airtable.com/appkRWtF2j99XgBTq/pag4McZ2Tc7xALrrs?5hZOH=recxAQzdjTKyqRFGn&UvxrW=recjMW69mAB0CjaYC&Aq5EA=recvzQTfYo2O4L151,"""Order_,PNA51136_HikingFoldingSitMat.pdf (https://v5.airtableusercontent.com/v3/u/55/55/1785139200000/gl8f5ohdXp0qRs_oGSGgrQ/GgcmvWMcu-4vL1dW5FfkZOrJovenG5SBEM2l7cTG5vekaO26a63R8DvBgiDpOsGOwOj8LAwLrb7z5bhtfltaQgRW9G-NIs7MMQAwhuKVaaniHKN5jHUl5aCOwexr9iVgoYVIe8x5yD9FPNrFzEqPi6nOnUyFjgJ42-i0YklwLlo0JHsZWPqY2-6Oyb73do3y/_9HSQNk3u0CE4zRYvxFsoSyoZJmHagqCa63XZBV4rhM)""",(주)승화파트너스,2026.7.16,2026.7.20,,26.8.3-8.7_(주)승화파트너스,,김민지,07월,
PNA52988_데일리 짐색_A1,PO074770,PNA52988-에실로코리아,데일리짐색,"샘플(본제작과동일옵션), 패브릭디지털, 데일리짐색, 데일리짐색_바이어스/스트링, 케어라벨(전용)",1,2,https://airtable.com/appkRWtF2j99XgBTq/pag4McZ2Tc7xALrrs?5hZOH=recxAQzdjTKyqRFGn&UvxrW=recKxcNaBLVTvFgjt&Aq5EA=recEkD8XON0e3VAAk,Order_PNA52988_PO074770.pdf (https://v5.airtableusercontent.com/v3/u/55/55/1785139200000/n9sAR5niFMrmtgbPfKnHmA/p2MP2GGpeTzSLMGdDXUzlTRcOQLX5NSwrNt_Sw--TtmuKZaH5q65L0Ll6DwylUmcKy8BzbTFnZwQWQaRutO2JGj5rvt3qQZE-EbM8PSumC2AmITUTc_x8EkN7GWJxN_sF-3pa4qOGvtM_zt_4rpMY0wkmbX8Zryv2_5gv9UbcJwTGgiy-lh1kTMaINdcS__D/eyomUhiTsxvhYzYaTEw3_2rgLjpOHT_RuXSum49Tuek),(주)승화파트너스,2026.7.21,2026.7.23,입하완료,,,김민지,07월,
PNA53069_데일리 짐색_A1,PO074783,PNA53069-KCOC,데일리짐색,"데일리짐색, 케어라벨(전용), 데일리짐색_바이어스/스트링, 패브릭디지털",300,301,https://airtable.com/appkRWtF2j99XgBTq/pag4McZ2Tc7xALrrs?5hZOH=recxAQzdjTKyqRFGn&UvxrW=recwZl8xkosoWrzMX&Aq5EA=recniX2gRT1xuhNJY,"""Order_PNA53069_DailyGymSack,.pdf (https://v5.airtableusercontent.com/v3/u/55/55/1785139200000/aD9aiAIIFodcNCAZroZnjw/hHh1oqCwVDnrs0dqWzk8OPsVBNZI08shKTDd-Ll0jfdy65d4TCGQ7Ex3eAkc8puEKywoAxohS548jzpnWcku34-XcxLdFv_3cafucy7mcQEeQybk8OMVkG-VEN_QfP7z2oGvu6XfCYybXIYPPwDfOKx-JzBPzkN8dMDdpndbD1LVQwtxHUKP1GsoDXD1Ihc1/K9k7M-jIyu8wKHIxVbfvfX6ZRUAsbmWAIpUc_JcHCSI)""",(주)승화파트너스,2026.7.22,2026.7.31,,,,김민지,07월,
PNA52799_굿이너프 비치타월 [2]_G1,PO074813,PNA52799-레브당스,굿이너프 비치타월(인쇄+봉재),"비치타월_원단, 전사, 샘플(단면인쇄)","50, 1",53,https://airtable.com/appkRWtF2j99XgBTq/pag4McZ2Tc7xALrrs?5hZOH=recxAQzdjTKyqRFGn&UvxrW=recQtcIMShRzGyobf&Aq5EA=rec4MpBWcdaB78Nu0,Order_PNA52799_PO074813.pdf (https://v5.airtableusercontent.com/v3/u/55/55/1785139200000/qrFQdnwZtO9KG_Vpqoiypg/P6VQswqOXHaRtmMzLRicn2k0RKiuUQwQO3rdTk4vza6mYUrhiL3v-fcLkVyXIjRpZZgRk4d1hJCPJT9Dwo5Z8ohrcL4Rmgd3UE8vMN30WHmm-xcYd0XjJeh5l0TjCBdDniw3RDUr5HA2gRQkjhGn4T2_uFOs7G2MXoB9nO_-XDCaKPHcbhxPGTnlHjpWgBUx/F1bvohp0I0frMmHTraq7Iv_FYslz08LNq13XAHclD3c),(주)승화파트너스,2026.7.23,"2026.7.27, 2026.8.7",입하완료,,,김민지,07월,
PNA52799_굿이너프 비치타월 [1]_G1,PO074812,PNA52799-레브당스,굿이너프 비치타월(인쇄+봉재),"비치타월_원단, 전사, 샘플(단면인쇄)","50, 1",53,https://airtable.com/appkRWtF2j99XgBTq/pag4McZ2Tc7xALrrs?5hZOH=recxAQzdjTKyqRFGn&UvxrW=recx1p4uL8cYj6Wgc&Aq5EA=rec4MpBWcdaB78Nu0,Order_PNA52799_PO074812.pdf (https://v5.airtableusercontent.com/v3/u/55/55/1785139200000/tXxujB5F4UWuWW2QvLe4SA/q4u0_L-TqTG99MDNuouO_VGAcKbPIRi8SbuJS2twHmoU1lAf4jb8VJGh_Ecsr4bp-mmjvvhPQXZAmgD4zEN4-o09gqeX-88A15MZ8oZHofdHaLF4lOb65aRweZVcXuF0u5o5g4_b_kuK9C1Kjt021iHtfU9-4JMHIByBIHtYXWvEWQpfq8ywfuzybKj__S0Y/QsfRRy4gnVAFm7o6uYNq2lt1EOWKuXDF6ZkgrzR3Fq8),(주)승화파트너스,2026.7.23,"2026.8.7, 2026.7.27",입하완료,,,김민지,07월,
PNA53029_그래픽 에코백_A1,PO074897,PNA53029-GC녹십자,그래픽에코백(인쇄+봉재),"그래픽에코백_기본(염색원단10수2합), 패브릭디지털",300,301,https://airtable.com/appkRWtF2j99XgBTq/pag4McZ2Tc7xALrrs?5hZOH=recxAQzdjTKyqRFGn&UvxrW=recuQo02DbSpKz22m&Aq5EA=recIY0aSePBTcWjW6,"""Order_,PNA53029_Ecobag.pdf (https://v5.airtableusercontent.com/v3/u/55/55/1785139200000/T-kZbOXlPjrubvzubYDbzA/_Ov4gkYdLBo7C1G422zYnQDkJBmQ3MM6qOHm_RbL1CHhCawh9EbuzAI_0dwZif2mMiWMuidTXUdDq9W4oT7Tc5Gqf_67dnXnqLJqkjXXanq-Z3wTn-W9HoMtGT22dTymnjGDxK0daEuCIN4gcvAvfccXfebt5M1Awlk_HFjcM1yMslf79CtGRbu-yCgRZVUj/9sZfL3qLNoVnyp9bksjOAVbJY1RIlMmRwsp_bKJ2-v0)""",(주)승화파트너스,2026.7.27,2026.8.5,,,,김민지,07월,
PNA52735_인마이백 피크닉매트_A2,PO074649,PNA52735-삼성전자,인마이백피크닉매트,"주의사항표기서, 케어라벨, 전사, OPP(2인용), 인마이백피크닉매트(2인용), 샘플(전사)","750, 1",757,https://airtable.com/appkRWtF2j99XgBTq/pag4McZ2Tc7xALrrs?5hZOH=recxAQzdjTKyqRFGn&UvxrW=recpHr9tYZNk1zyda&Aq5EA=recBAXKpOZQFd23IT,"""Order_,PNA52735_InMyBag_PicnicMat_2p.pdf (https://v5.airtableusercontent.com/v3/u/55/55/1785139200000/1TxU4FOozAMgC37bhluzNA/PcPYY3ei5ei1o2_BMDrVaQg5t8EgqA7RLiYSpedfrBGl_vxs-3OG0jlyVjDuEQbdiKsTVdc-hWI7CSgXbKOcY2QVp_tjbRF5Msqm7-kuSf4rKKXv5IALBCXFJlwE5foCHNUERAhljdg1-ux-5XlDnRpoc3OaWtsrcz6gw67pxChPdTt2UzHkpsMfY6k67A0d72V3dHLHnKq0X1IY1ugAZg/5dYOkSFsjgxkWlinxWOUopt13hxcMF-H3hWUelrvDMQ)""",(주)아이아트텍스,2026.7.15,"2026.7.23, 2026.8.10, 2026.8.10",입하완료,26.8.17-8.21_(주)아이아트텍스,,김민지,07월,
PNA53007_액티브 스포츠 타월_A1,PO074753,PNA53007-쇼피캐스트,액티브스포츠타월,"전사, 타월스트랩(커스텀인쇄), 샘플(전사), 액티브스포츠타월(원단), 전사","100, 1",103,https://airtable.com/appkRWtF2j99XgBTq/pag4McZ2Tc7xALrrs?5hZOH=recxAQzdjTKyqRFGn&UvxrW=recScCMk8UgfH6VnK&Aq5EA=reckxtyx5YIVG0Fbw,Order_PNA53007_PO074753.pdf (https://v5.airtableusercontent.com/v3/u/55/55/1785139200000/lbFnhUMla9gzJ0rMVauXHA/Q1mTKoIFe6eS6GvxxK8AcXmxQMehuGAzSegGJdGSTCy9S5dwoghyq31FDASeX1a2FP_gkzUewp7ONM_OaGrNJZVRqW3GL-V8_H7hNWsHrIKXrAixPMH4veIo39qtvPasEmzLn8Q251Jfa2ZfSI0icPwX8zvvWn56ZEt5aMRVFhfSOFYQUSOn7bF6uhhbcNhR/dqPQ6ErFj9k9XagIwoJuUvt6Y85qJjw_zyqM-xz1R-I),(주)아이아트텍스,2026.7.20,"2026.8.11, 2026.7.23, 2026.8.11",입하완료,26.8.17-8.21_(주)아이아트텍스,,김민지,07월,
PNA53035_모먼트 일회용 카메라_A1,PO074728,PNA53035-헤이웨이,모먼트 일회용 카메라,"모먼트일회용카메라_커버, PVC열수축필름, 모먼트일회용카메라_본품",100,101,https://airtable.com/appkRWtF2j99XgBTq/pag4McZ2Tc7xALrrs?5hZOH=recxAQzdjTKyqRFGn&UvxrW=recwcgm7VFexdkcHN&Aq5EA=recnjynnJU9JIz3zv,"""Order_PNA53035_MomentsCamera,.pdf (https://v5.airtableusercontent.com/v3/u/55/55/1785139200000/Pn9JbCLKIpyVrzRKNe-woA/bWIoHNpVgPpim3TtemEpMuVxZSuJKwFlCIzAOfJl4c3m0ihuHVLMvUHztqYsAq-07c5zQWAVN4-inaQgnsZqG9f8_DGpcSkgBCQvwFyv8zmIbSPWrFBhW-uDTFmmyONwWHOdUhLLr78kfSdzFdm1QrNhD_qUyEl1AnzDWycxk45m17xpTmGb2-IYNeD8GmvL/dqHH-ZgBme9y8dFHKVkngO6jUnmRG4zX-9CHwx6SCgY)""",(주)우와,2026.7.16,2026.7.29,,26.8.3-8.7_(주)우와,,김민지,07월,
PNA38461_0720_1201,PO074756,PNA38461-26년7월_재고생산,스탠드업칫솔(화이트),,,2000,https://airtable.com/appkRWtF2j99XgBTq/pag4McZ2Tc7xALrrs?5hZOH=recxAQzdjTKyqRFGn&UvxrW=recN1pBJLeM9QGKdV&Aq5EA=recdLBecYeOxUwCQb,Order_PNA38461_PO074756.pdf (https://v5.airtableusercontent.com/v3/u/55/55/1785139200000/cepS67dbEdwVyGpemEv9Yw/FUnUMrMBRQssAtDUmLmovQnF7w9f8zwGbjHRDFutQ5cMu6hJRoJH-Htcm9nZs1LdCn98Q2shfXx2374gvVnMJTnPGXNDzuNFR40BgKt4sT4HBSPZ9oMisQDD0QjXhlb2EtDwU9PM35oajhd8gZ23o4Q9i4KQ6eGJy6lR_vp3IVAZYYj_ira_eWOFAT5-TOdO/6e3VqaZTtqhQ8omKddFC9J2m9AkfvnXTP4RPXZ8h6OQ),(주)이케이비전,2026.7.20,2026.8.19,,26.8.24-8.28_(주)이케이비전,,김민지,07월,
PNA52817_데스크테리어 매트 [2]_A1,PO074807,PNA52817-델타항공,데스크테리어 매트,"데스크테리어매트(기본형), 단품박스, 데스크테리어매트",100,101,https://airtable.com/appkRWtF2j99XgBTq/pag4McZ2Tc7xALrrs?5hZOH=recxAQzdjTKyqRFGn&UvxrW=rec29Q9RXOAkERshw&Aq5EA=recqOg7F1tsTnyRnH,"""Order_PNA52817_DeskteriorMat_780x300x4T_A1,.pdf (https://v5.airtableusercontent.com/v3/u/55/55/1785139200000/nGnh90krusRTIBw5UZ0okA/JXm_6VcKk1uBPemy9jx_V8Q7nQ9tAO304mLzzYLvceJNHQUZlOUhccocL1UJzEMzpCy_kx94tJ0nADZG40kMjYg5XsrLD_8CEefZZvMv8nsmOSfyZ2QUnEMWaUCGdMmVYTjbr_nKCvnNWxDkljpJWOHK7GJOTku27TirzryhvWztiQojeu5KtYOGVuaYEAEjANNxtt1h0Tjo5lrSYQahOw/o5RgjMSD6J15cRrhQKvdMchyDfLxtZeORkRDnwBHSEo)""",가온팩토리,2026.7.24,2026.7.31,,,,김민지,07월,
PNA52817_데스크테리어 매트 [1]_A1,PO074806,PNA52817-델타항공,데스크테리어 매트,"데스크테리어매트(기본형), 단품박스, 데스크테리어매트",100,101,https://airtable.com/appkRWtF2j99XgBTq/pag4McZ2Tc7xALrrs?5hZOH=recxAQzdjTKyqRFGn&UvxrW=recHq3WHL8RlfWAx1&Aq5EA=recqOg7F1tsTnyRnH,"""Order_,PNA52817_DeskteriorMat_780x300x4T_A2.pdf (https://v5.airtableusercontent.com/v3/u/55/55/1785139200000/yCYj-EBpjVWStMMV__jbmA/UUnSmcy31xlUh9CwbEUmED6CosM8v5SEkX8Gc49wlZlMRWp_2DJqmonAm9v61_YWKeLmMXzIFpErSNGHS_y-P161tT4-jACCDaipx87tUkQHXQ-A2Jpnmt0BeIhDYLc2u_f6d1uk2VWCrndl_uCQ9OBDCOvnyD0JgLZRcWtGVJcFFG-HQGTGHwyNJAdTigsRzur5-kO6wbn1rfVCd4ltkg/Ej-UoT4wLVmdAlqW28mjfeMD2qmJ043EKaU89qTXBZw)""",가온팩토리,2026.7.24,2026.7.31,,,,김민지,07월,
PNA52558_어드벤스 3단 자동우산 [1]_A1,PO074444,PNA52558-한화자산운용,어드벤스3단자동우산,"실크, 3단자동우산, 실크, 실크",50,51,https://airtable.com/appkRWtF2j99XgBTq/pag4McZ2Tc7xALrrs?5hZOH=recxAQzdjTKyqRFGn&UvxrW=recpB8IJbrJIjLDMw&Aq5EA=reck7ewXPx6qe71XA,Order_PNA52558_PO074444.pdf (https://v5.airtableusercontent.com/v3/u/55/55/1785139200000/ckWycKFcmP1o8EeLTXv9Rg/a0vZtjTB9bpUYTbpCEbHNHYEdFfEhDnIvOB4rEqH_gnvfcRaL37_cgbbJGtHAPIzUYsrNmvwflEVAh3oW6brGUbMdGj1ExOWdiXWS1pgBn5r3N9jPWHk2LKTz6-GYaz9Tpr4EHtyMgo_34wvokfA4DlGGvgLses-OnrQqzdLpnacP2nL4B22PluTWoYDpXFr/Z5KNF-2W3mQisjL9Y0QfWYq3assyL7aXiJ4VU3ZU4Kg),개미기획,2026.7.6,2026.7.24,미입하,,,김민지,07월,
런치백 샘플제작,PO074540,,,,,2,https://airtable.com/appkRWtF2j99XgBTq/pag4McZ2Tc7xALrrs?5hZOH=recxAQzdjTKyqRFGn&UvxrW=recVvHbjDeyq7ZpOZ&Aq5EA=,,개미기획,2026.7.9,,,26.7.13-7.17_개미기획,,김민지,월,
PNA53003_올웨이즈 양우산_A1,PO074741,PNA53003-신협중앙회,실크(올웨이즈 양우산),올웨이즈양우산(세트_본품및케이스),50,50,https://airtable.com/appkRWtF2j99XgBTq/pag4McZ2Tc7xALrrs?5hZOH=recxAQzdjTKyqRFGn&UvxrW=recMBvJS0Zn1OCFyU&Aq5EA=recRv9JzmKDouRzcB,,개미기획,2026.7.20,,,,,김민지,월,
PNA52744_올웨이즈 양우산_A1,PO074836,PNA52744-삼성바이오로직스,실크(올웨이즈 양우산),"올웨이즈양우산(세트_본품및케이스), 실크, 실크, 실크",100,101,https://airtable.com/appkRWtF2j99XgBTq/pag4McZ2Tc7xALrrs?5hZOH=recxAQzdjTKyqRFGn&UvxrW=recGDh7Bp08z3becd&Aq5EA=recDlFghuymfNJ35g,Order_PNA52744_PO074836.pdf (https://v5.airtableusercontent.com/v3/u/55/55/1785139200000/HB2DvojIPZH1wIj-NM8H0Q/2YQmYu4zsp9Qp6CpZ83nf7d3pnl6S4sGlYIhgMOFCfuRpTwJ2aesPe8w2Nd1HWIl8xjE1Rc4ak2uCwUBWJ0Br6dSqavdVGFS92oHEBOGKYV5E3bAHcgip41bTTu1Z9zszWSMXyNb7SAdS6Psywt6ewTcDLJEgJKVS7xrYx2aW28kU0fK60d5JygV63A5Rg5n/GEerVnxZ3qEkAxdYL2v4upNKQ1tkf9mjQ8t2QGk2qGs),개미기획,2026.7.24,2026.7.31,,,,김민지,07월,
PNA53099_메시지 캐리어 파우치_C1,PO074844,PNA53099-커스텀그라운드,실크(후드집업_펠트스트링파우치),"실크, 펠트스트링파우치",121,126,https://airtable.com/appkRWtF2j99XgBTq/pag4McZ2Tc7xALrrs?5hZOH=recxAQzdjTKyqRFGn&UvxrW=rec5Zr0vST2arxX7N&Aq5EA=recnvRLjN0z2Nxe6P,"""Order_PNA53099_(A3833)_Felt_stringpouch_GR04_300x350,.pdf (https://v5.airtableusercontent.com/v3/u/55/55/1785139200000/PBPgP67DInThJ-u9xLELRg/BRdpxOkAx1Qu6dkqjIMBDNTCHxv8DQec4DJMfzs3RvTAJA7ttnqP7-Cs_OLGX0ube_K8BvE03gGMrkkWcYdtv0CukrtoaQzjCgmWGiRjWBUDhmS6c96Rj0Hv5Df8TqnRujgwjGCT4BxNi2GYYkbqDm5NVGRvuydsrp033Aj6aOAHWmc8Etw7aPwJmG-vREoFE75QJ840yya4855_Nq5IVA/RvGR7O94GVZmGCJUC5PWaJQfFYgEUkidXjKqjcgU6ls)""",개미기획,2026.7.24,2026.7.31,,,,김민지,07월,
PNA53021_브랜드 스트랩 단우산_A2,PO074864,PNA53021-한국증권금융,실크(브랜드 스트랩 단우산_우산),"실크, 실크",240,241,https://airtable.com/appkRWtF2j99XgBTq/pag4McZ2Tc7xALrrs?5hZOH=recxAQzdjTKyqRFGn&UvxrW=recHRylAFsSICFSHi&Aq5EA=rec4mJQXYObKaKDRT,Order_PNA53021_PO074864.pdf (https://v5.airtableusercontent.com/v3/u/55/55/1785139200000/69_gZbp6Q6yref8Er91gow/KoNlGixZmM_hZvsBAqujI4Zom9nb1fcSnY1rSyFGyHvjttCbDUY-6oWeMQCMIZZ2t7d30KK7eXcEF2uPWv07Ej8iQQVZo8_sXmChoCgKFF36Lew4dnB4IIZkT35blmbcV4xD-MRwLDOaGInDZOToWOgZSG_ZGKGtONCsGMoVwGfeiK8_ikjCghbeezPMlTLw/m-KT9s1TeM--hhjJ1X3gEHZyZPlYzCF123tt8S4QH-w),개미기획,2026.7.24,2026.7.31,,,,김민지,07월,
PNA53059_리멤버 타투스티커_A1,PO074829,PNA53059-지역아동센터강원지원단,리멤버 타투스티커,,100,100,https://airtable.com/appkRWtF2j99XgBTq/pag4McZ2Tc7xALrrs?5hZOH=recxAQzdjTKyqRFGn&UvxrW=rec5hZb2Cbmm3OQww&Aq5EA=rec7CgAhQ6EvarK3n,Order_PNA53059_RememberTattooSticker_130x180.pdf (https://v5.airtableusercontent.com/v3/u/55/55/1785139200000/fVWyESp2mSOfcykKxz2ANg/G6-N9Rlq2TXGBSx73cbVn4SgU5HLRLaVPkTG6rcSLDsO7Z1zZRrpHwCm75MHhfYTzUzs70jIjzDLEYi2NKLDmLrNxkR3SI5sbj_FNv7uiV6CFQC415mHroXhG7wgbOD34spROS8VjRDACscvH6B75ugjU2FPuDlyHmpiIYK5Xb8SVblQErlO3hbF0XuU7n8LrUqztlFnXfJa_X6PFGEjtg/TNDBkjHnnFkrGi138AL84nbOCgRms3XhSzWDMQxOp80),마르멜로,2026.7.24,2026.7.31,,,,김민지,07월,
신제품 개발 샘플,PO074389,,,,,13,https://airtable.com/appkRWtF2j99XgBTq/pag4McZ2Tc7xALrrs?5hZOH=recxAQzdjTKyqRFGn&UvxrW=recoaLSamCmT9dWvp&Aq5EA=,,마이 패스포트(Mai Passport),2026.7.3,,,26.7.6-7.10(2)_마이 패스포트(Mai Passport),,김민지,월,
PNA52885_더블업 트래블 파우치_A1,PO074564,PNA52885-한국공항공사,더블업트래블파우치+인쇄,"더블업트래블파우치(S), 실크",100,101,https://airtable.com/appkRWtF2j99XgBTq/pag4McZ2Tc7xALrrs?5hZOH=recxAQzdjTKyqRFGn&UvxrW=recPErJMQiWOeYycM&Aq5EA=recWKvTcNJlTbd1XN,"""Order_,PNA52885_DoubleupTravelPouch_S.pdf (https://v5.airtableusercontent.com/v3/u/55/55/1785139200000/r8Ik4FVmGEMh7Hg1oK_-zg/wEaJFNjzNRCwFFMCImXZ-yt8lBBQ9crq0YlZ5qS769BUzE5DuKBo50QQKOWDhFIdxjVSk6Fn14LP1neq1IoZbb4Powq_QMXARb4W1iJVle4xHGhVw4qrl2jWHrYhCWSQwV2eMwiOjK-BmHPz0lHsiF4_KBeiYLNGv4J5GnNHbscJgsPKsuUtVoovWxf6Rdi4zFBHfZFKCQAaa_Up2duwdg/ew1IJFkiid38cMHVMGab6CVQo6sVLfg8vifPEBD9luE)""",마이 패스포트(Mai Passport),2026.7.10,2026.7.28,,26.7.20-7.24_마이 패스포트(Mai Passport),,김민지,07월,
PNA52361_셀렉티브 전동오프너&와인잔 세트_C1,PO074669,PNA52361-이노스페이스,실크(Carry me 와인잔),"캐리미와인잔(컵부분), 실크, 캐리미와인잔(받침대)",100,101,https://airtable.com/appkRWtF2j99XgBTq/pag4McZ2Tc7xALrrs?5hZOH=recxAQzdjTKyqRFGn&UvxrW=recT6wLp0ol77U34i&Aq5EA=rec9QiiaIow8O2fWC,"""Order_,PNA52361_Selective_WineSet_CarrymeWineglass.pdf (https://v5.airtableusercontent.com/v3/u/55/55/1785139200000/ho_pN_aNnOPRCLW-Y7QMdA/ZJ4N6gRbRIgzHkLLy4rc6nf4tLGExLDsFFejTvVy0SDIVnFOMT_1RjvK6VO7gi-aSYR2VIkubh_POxA3-mv87dU2EbpKTcximuQxnjkybQIkDewI9PpgIcC4geRtRYU8ACQWt_SKGWbQIPCrPrNESG-QZNBdWhqA_eaEc-Z65_sL5fiBP7-ttd1_xE-TCsNIZiD7ntEpda8_qj8FexVH5Q/PZrgNEWwcdix-PDy5Bm_XByRibS4d9eGKFjr194Y134)""",신명인쇄,2026.7.16,2026.7.28,,26.8.3-8.7_신명인쇄,,김민지,07월,
PNA52321_스탠드-업 칫솔_A1,PO074712,PNA52321-소만사,실크(스탠드-업 칫솔_바디),"스탠드업칫솔, 실크",100,104,https://airtable.com/appkRWtF2j99XgBTq/pag4McZ2Tc7xALrrs?5hZOH=recxAQzdjTKyqRFGn&UvxrW=recTQKoREMxrkdshO&Aq5EA=recJpcpAMS6WxQ2eC,"""Order_,PNA52321_Toothbrush_Standup.pdf (https://v5.airtableusercontent.com/v3/u/55/55/1785139200000/i4gpkI1SUeTsH0aXidwcdQ/Ip8R6J8v1_dQ1Sm8fGxKz1giD3lFN3QCiZW4fiUSweH9QPEwnW1QwmshjJFDPqqFLN-d_tx1m1uy9I5lfI73k62IPiUXqPliH9o2Ns_S0-oOYeFFXXj6MAp4JXgtfhzSlow6iOIAfHEuCaJw18VV6Dd0WeWrQ50A0K-_xFHWuzR_CbUGBYG6urRP-EpWk4qJ/gNNrOMKnXhyML35jF3W5G-LN_dVBtMsSY0uxYAj3cvw)""",신명인쇄,2026.7.16,2026.7.28,,26.8.3-8.7_신명인쇄,,김민지,07월,
PNA52321_스탠드-업 칫솔_F1,PO074713,PNA52321-소만사,실크(스탠드-업 칫솔_칫솔케이스),"칫솔케이스, 실크",100,106,https://airtable.com/appkRWtF2j99XgBTq/pag4McZ2Tc7xALrrs?5hZOH=recxAQzdjTKyqRFGn&UvxrW=recYyCwGLfH8ReX9V&Aq5EA=recJpcpAMS6WxQ2eC,"""Order_,PNA52321_Toothbrush_PP_Case.pdf (https://v5.airtableusercontent.com/v3/u/55/55/1785139200000/z3CBDALTVK-tTe9NlrFqIQ/0zcaupu-1Atv70AKutoVJYmPY-RTcvYyxFYTheuoh-FxpZlouZVnhCmvYvNWeKIMSOHSuDqoWfpo-lGhOvu8X2Msh_ltbLrbcWyJtq09UcxBFiGUPl0OW8VtYzT61F--YDOA5h-9lCr-tLqh42YpaBcbBp0iMDXFCpLTUGrZAtEwakcrStfyyGVJXN-wapcA/h8JMTiWotXSfStWNpOVGCzToBYVTKZo9oDvQ-AJx_38)""",신명인쇄,2026.7.16,2026.7.28,,26.8.3-8.7_신명인쇄,,김민지,07월,
PNA52321_미르(MiiR) 텀블러_A3,PO074704,PNA52321-소만사,실크(MiiR 텀블러),"미르텀블러(12oz), 실크",100,104,https://airtable.com/appkRWtF2j99XgBTq/pag4McZ2Tc7xALrrs?5hZOH=recxAQzdjTKyqRFGn&UvxrW=recZEbnK14SEtuRoN&Aq5EA=recJpcpAMS6WxQ2eC,"""Order_,PNA52321_MiirTumbler_WH_Silk.pdf (https://v5.airtableusercontent.com/v3/u/55/55/1785139200000/N8CUmdpXZnC88RICOO75ew/34k8QucYVUW1UVBSviYuzG88OW_jHBQvytlc1DM6FrmVUS_dyEhmLWmJyMVRtubCIvV3kC7ivdrOz6wdTPJMagkOEdioHkiZ5FWMVs9CCLE50cHlD2TRGCRJP7JxRJv_CiHNM_12dCewNFNsBMnNl7Ko2xzXAaPQ3PuGRCSjSulxQUvLvDNqm1FbkcyglF-n/gOZKkR_5bNqchSjzgcQhICUnzJ7K9Ly8TdBEG29WHd0)""",신명인쇄,2026.7.16,2026.7.28,,26.8.3-8.7_신명인쇄,,김민지,07월,
PNA52998_올 블랙 펜_A2,PO074777,PNA52998-RFHIC,실크(올 블랙 펜),올블랙펜,100,102,https://airtable.com/appkRWtF2j99XgBTq/pag4McZ2Tc7xALrrs?5hZOH=recxAQzdjTKyqRFGn&UvxrW=rec8zzTpq3WPqmgDp&Aq5EA=rec1bPWXsIKeBWg4n,"""Order_PNA52998_AllBlackPen,.pdf (https://v5.airtableusercontent.com/v3/u/55/55/1785139200000/uDZzzOY8CVfpAcTIar_flQ/HcsxDejAanYjsvvL6LTRRvGE5AWLI_GlCKthc1v40muf4EXq6M6Z608J6B8a3q7d7Nh3ztPWqY9xGFRhDIhHd_5-uoHCbHMeLYiGkIhiQrkQMVV4b7ckg7pMGqzveSV_yneZsBluS3boGsmazPoQG16oJToXh0XHBW0mRRIDexkKPERxcSEdOkyEcSg6u8pT/sudFH2xLnNWHcBJ6rmgn4qpdl9l6OMb-2gZLyp9aPsI)""",신명인쇄,2026.7.21,2026.7.28,,26.8.3-8.7_신명인쇄,,김민지,07월,
PNA52998_스탠드-업 칫솔_A1,PO074779,PNA52998-RFHIC,실크(스탠드-업 칫솔_바디),"스탠드업칫솔, 실크",100,101,https://airtable.com/appkRWtF2j99XgBTq/pag4McZ2Tc7xALrrs?5hZOH=recxAQzdjTKyqRFGn&UvxrW=recPFIdjMp8qs6VJE&Aq5EA=rec1bPWXsIKeBWg4n,"""Order_,PNA52998_Toothbrush_Standup.pdf (https://v5.airtableusercontent.com/v3/u/55/55/1785139200000/TIZxzBWC_5QkQO8CW3lJKw/Pe8UfsjoRaCmnzBb5l48wWoLTrCn3oU2Z47-rc7XmpCTfiTpcA_pLneU_oSsj7WLkadMhKlZafAsRXW4Z6caysSPFREtEdGJO4VqVPUgrjYrwvpXzLmuVNQvkud3wa-bSDrweRraa9EE1GVhnYZVthP23zA322vBHEnguf6j1ShkCQKGEFq35Z4Xzp-CpKAk/OioI6BjkU5qMp1pBfuXWo0vFyd9Wh6NogQaTTPU86UE)""",신명인쇄,2026.7.21,2026.7.28,,26.8.3-8.7_신명인쇄,,김민지,07월,
PNA53163_미르(MiiR) 텀블러_A3,PO074869,PNA53163-초등교사커뮤니티인디스쿨,실크(MiiR 텀블러),"미르텀블러(12oz), 실크",50,51,https://airtable.com/appkRWtF2j99XgBTq/pag4McZ2Tc7xALrrs?5hZOH=recxAQzdjTKyqRFGn&UvxrW=recRra6rBZFbnhRQ5&Aq5EA=rec4SzOViGO0bncHY,"""Order_,PNA53163_MiirTumbler_WH_Silk.pdf (https://v5.airtableusercontent.com/v3/u/55/55/1785139200000/SOzK5Xw6A3hDIu5Rdpdizg/CbBh0rj5OFc4elj1GRd_NqGrEsQwLKqOe8kFgnUuF1EF55HfOWtv4WeteTRtbg8KniIF7PBXI2q8G6oY0c1kNalY8e349Ckyx0_sXE3FpK4BRu7Plmv6tLw3fK8fvLqTvGdtT97r_GoQxdJ6gVzqRxfAJ5XpcOJ1EruWuS_FMkHgc35wXsXPqeK4QPIms2F_/hZu8X5hnH5A_OMxOM6pylgLe4GOgv9wZSVFCkvHp_vc)""",신명인쇄,2026.7.27,2026.7.30,,,,김민지,07월,
PNA53040_스탠드-업 칫솔_A1,PO074891,PNA53040-셀트리온,실크(스탠드-업 칫솔_바디),"실크, 스탠드업칫솔",55,57,https://airtable.com/appkRWtF2j99XgBTq/pag4McZ2Tc7xALrrs?5hZOH=recxAQzdjTKyqRFGn&UvxrW=rec1yj6STbSskKqZV&Aq5EA=reckizD0lrY1iGWe2,"""Order_,PNA53040_Toothbrush_Standup.pdf (https://v5.airtableusercontent.com/v3/u/55/55/1785139200000/Xr03CION_FGEajifIa36LA/n_4hJt27JIcKK3uMhnbImeYub7TvHNajbQPcZg4bsSM9FpSLtiF1w-fAJcW3dQNVyvkYiQkM_C5d2-1fMxKNXKN_P078haKL96szN1D3Oxlt5rvTJ7O7lgrs8oN_11DStFQf1SqEU0ngryvF5mRzIH4XtoziQSlZ1dFmNMFdyKD6gMmHvcqsI0q4elphVYA3/rZTJTpDB19CSGoKgqcuLzjV7UwhFda99OPbWSe4y-fA)""",신명인쇄,2026.7.27,2026.7.30,,,,김민지,07월,
PNA53040_미르(MiiR) 텀블러_A3,PO074885,PNA53040-셀트리온,실크(MiiR 텀블러),"미르텀블러(12oz), 실크",55,56,https://airtable.com/appkRWtF2j99XgBTq/pag4McZ2Tc7xALrrs?5hZOH=recxAQzdjTKyqRFGn&UvxrW=recOoeYJJyZ7dBjXB&Aq5EA=reckizD0lrY1iGWe2,"""Order_,PNA53040_MiirTumbler_WH_Silk.pdf (https://v5.airtableusercontent.com/v3/u/55/55/1785139200000/p9tEMV2mMkTxvaqEXQoQJg/kuRLzb_8UMDyzUIa7qQsWf24zJfQO4k9Db-Qt7AblmxgeO-RR_9tmpT9IK0C3Ghs7PKjw547c-qcTM12CWHL844O5CWi0ngGDtkUueeStN0Aw7MzIQlUMSQvajRgWW7pm9sLDAdAHT6iSqncDEgMa8qFc-dp5thCpbI_yvD4oDbCWbkg0SrnOdPnp-1fxRXN/PfGVzjTVL51szrrYl981rWsO_OqvqmnXRHVLy0Ocxzw)""",신명인쇄,2026.7.27,2026.7.30,,,,김민지,07월,
PNA53040_스탠드-업 칫솔_F1,PO074881,PNA53040-셀트리온,실크(스탠드-업 칫솔_칫솔케이스),"칫솔케이스, 실크",55,57,https://airtable.com/appkRWtF2j99XgBTq/pag4McZ2Tc7xALrrs?5hZOH=recxAQzdjTKyqRFGn&UvxrW=recjyftdKHmki7Wc3&Aq5EA=reckizD0lrY1iGWe2,"""Order_,PNA53040_Toothbrush_PP_Case.pdf (https://v5.airtableusercontent.com/v3/u/55/55/1785139200000/1BIJgusOQ240g3IYVOd4LQ/Lmqiog-0uLn76-rI2Ok6_h2Hrvj-03j-kKsToZLUfwEUcrzuWx6862u4cc5_H6xrhnbQnlU8jskbZ6O8sIM0IOMP7_4EEwy_VJ3jQhs-ZhOPyXVbwNEynSchkYGIMsu8zJd7LpE--aXGbRexi11Z5xYLmxkCcKtzWO0DP2CeZv63Rua65710l6iuZ_zli_oR/F2z_FJZlkUEfGB2Nz_DXCVntMO3cHgQ-BsjoXgEobpw)""",신명인쇄,2026.7.27,2026.7.30,,,,김민지,07월,
PNA52744_프라우드 투톤 명함지갑_A2,PO074837,PNA52744-삼성바이오로직스,프라우드투톤명합지갑+인쇄,"펠트스트링파우치, 프라우드투톤명함지갑, 단품박스, 공박(음각)",100,101,https://airtable.com/appkRWtF2j99XgBTq/pag4McZ2Tc7xALrrs?5hZOH=recxAQzdjTKyqRFGn&UvxrW=recVS7rH6uUuoJeqs&Aq5EA=recDlFghuymfNJ35g,"""Order_,PNA52744_Proud_BusinessCardHolder.pdf (https://v5.airtableusercontent.com/v3/u/55/55/1785139200000/jdOca6x4SHqCqvJcA1wA_A/851T5tRHjrDZqDBTSg9EpE3vjq-HSdSB4Liv9xQN9OADUjmHAuR_0y-rjaE2a51ZDnEjnCgJVraG7LZk8TX4S7cTWK9ce5rKcG7Kwf-YBxYR6NAME6Z71WEn5Wev9xE0Rfgk2UKs1t6Y7Lx0o2LE76plw5W5bW22E8lk6WWsvNGGqbEL5AgNRpfwf11ZZGlRaMmkwJFUdzNTw9CkUn4Xtw/lnL577NMX-yW7ixI7UJwhjngYNCrWW83VcoETL80Uho)""",엔엠텍코리아주식회사,2026.7.24,2026.7.31,,,,김민지,07월,
PNA53117_하우스 핸드타월_A1,PO074818,PNA53117-Similiarweb,하우스핸드타월,"자수4도, 하우스핸드타월",300,303,https://airtable.com/appkRWtF2j99XgBTq/pag4McZ2Tc7xALrrs?5hZOH=recxAQzdjTKyqRFGn&UvxrW=rec5Lpah7ciz1lCRb&Aq5EA=recM8FiB5pzr9rJSf,"""Order_PNA53117_House_HandTowel,.pdf (https://v5.airtableusercontent.com/v3/u/55/55/1785139200000/7zN6LwvMBqJVq8P8bMR4HQ/y6o8Uw_AOUvJ8nrtL6iiTbVgzDIufK_8zhTEqZonp4AdSj_s1KNL1r-R7rvdFfB8HUe5LmiRLHcKE5G3gMWsS_6-CRqPX_W_bGEb_o3iZBOGDPmrK3e_GZhsDxsKU2OStsP6G-x2vC2Jh9uvqUjyFh-N4HEdFGa0muRgB8d5NUIPUzahcFhDeotBRRdB0-MC/IBAlnDbHR37IkO-Bor8ojhHNpTSFAzoM1nlUiHSd2t8)""",유노타월 유노디자인,2026.7.23,2026.7.28,,,,김민지,07월,
PNA52791_포켓 마켓백_A1,PO074503,PNA52791-유네스코한국위원회,포켓마켓백,"완제품공임(포켓마켓백), 포켓마켓백, 실크",1000,1003,https://airtable.com/appkRWtF2j99XgBTq/pag4McZ2Tc7xALrrs?5hZOH=recxAQzdjTKyqRFGn&UvxrW=recq1kkwfQQi4W9dM&Aq5EA=recXtLOiB5ZIFe5r4,"""Order_,PNA52791_PocketMarketBag.pdf (https://v5.airtableusercontent.com/v3/u/55/55/1785139200000/tBvlYoEYzr6PwK6cQ2qhtQ/nHnb81o5lQ1wFugLseDR9114z8hqkf8ORoacYORYfgUJGD2dTXQB28ulHjEJpjUDuSNIuYbUvzIzoYssK3vQmSpCgOibA4dD84sp5m_B17LOb6XGfi8l6YPNPywhQy70lZA4r_n8aJUe7K3AcUCmwqEHIH0rzUa6yPfDmHvnhsm80wjoyrMoJ7lFealCoshe/LQkuCHqDlN_LlM4swzaLNpHKUk-gl2JJtD0UrJgVlew)""",유어백,2026.7.8,2026.8.12,,26.7.13-7.17_유어백,,김민지,07월,
PNA53079_포켓 마켓백_A1,PO074816,PNA53079-삼아사운드,포켓마켓백,"실크, 완제품공임(포켓마켓백), 포켓마켓백",170,171,https://airtable.com/appkRWtF2j99XgBTq/pag4McZ2Tc7xALrrs?5hZOH=recxAQzdjTKyqRFGn&UvxrW=recFMpbHGAwEEy3DI&Aq5EA=rec1Dr7wNdhbeO6mJ,"""Order_PNA53079_PocketMarketBag,.pdf (https://v5.airtableusercontent.com/v3/u/55/55/1785139200000/yQFHMNvThFdNKzX0BXhz3g/LhsZhv9P34zUG6Yn5wV0Ya8VVXuyc0aW35Dj4iY90f7-v8KdK5fxD4EIZtJt-6aSA_c8XqBF2SvPOCvgdaVE9WuwycFypnUDw988v_PqRdTO4BqzDwfkBbmJafMqZ75XWR1cvDcFGGtucn0-Is0azzx_aIsT8MQYvxuAx6xoQ4wnp-6K6uX6vaz4wuZ415Sk/uSGXjeeBnJ6tZsvV-54c8RBYhjL3-cmtJaM3U7VpLuE)""",유어백,2026.7.23,2026.8.6,,,,김민지,07월,
PNA52735_레더라벨 캠핑체어_A1,PO074650,PNA52735-삼성전자,불박(레더라벨 캠핑체어),"레더라벨캠핑체어(세트_본품및파우치), 주의사항표기서, 레더라벨(체어시트), 공박(음각)",750,752,https://airtable.com/appkRWtF2j99XgBTq/pag4McZ2Tc7xALrrs?5hZOH=recxAQzdjTKyqRFGn&UvxrW=rec1LDzGhwhiX5R7C&Aq5EA=recBAXKpOZQFd23IT,"""Order_,PNA52735_LeatherLabelCampingChair.pdf (https://v5.airtableusercontent.com/v3/u/55/55/1785139200000/Ypt_9H-5bwjG9XcrBRQN-g/0M74fS__LkUtFHktGV7C2D-pLwZAEU8J3yYe8DS6uOI65jklraQSkr3DrlgZ0JinmzTcxOK4z6I-U2yJ5fYZSOPlkUw8Kb46mwPRLdmQLBGWJ5XzB8C4H9UBoknN2QaIHttDUltd-cB84V53fgDczB_0dAEegaKh95fHlouEFI7TILqGDNobEWmriIy-4LdbWRi8dn4RK94qw2oIwdm3YA/m8-WaPfln8QYn1shhYZGBtPTCua8By8Aw9PFpUSwGXk)""",유엘상사,2026.7.15,2026.8.10,,26.8.3-8.7_유엘상사,,김민지,07월,
PNA52998_매트블랙 텀블러_B1,PO074775,PNA52998-RFHIC,불박(매트블랙 텀블러_가죽슬리브),"공박(음각), 가죽슬리브",100,101,https://airtable.com/appkRWtF2j99XgBTq/pag4McZ2Tc7xALrrs?5hZOH=recxAQzdjTKyqRFGn&UvxrW=reco4zpPLIczeUnF7&Aq5EA=rec1bPWXsIKeBWg4n,"""Order_,PNA52998_Matt_Sleeve.pdf (https://v5.airtableusercontent.com/v3/u/55/55/1785139200000/kgevjgYBcm-0umVSL3R6xg/L1t5DCc3MlYZ-hrNacRqO9MqIcUvLVJks350iYFpGwdPCvO04qnnXH7POj5UVDakvSc-Zf_qo_dbF7mH6ZcAVYu72MZ1aeFA13Cf-L5gvm8_5hXDOau1ecVXobAUQVvBKt0DPnawJY0T0juh8QRwKXmLBIXKVKm0x7_Zw4Ho8vtEy4MNaKc1TGiVDUAl7Beu/jzBTPfmOe9l2h79KZtuEF2u46DCojBbbFejsyHOdFrM)""",유엘상사,2026.7.21,2026.7.30,,,,김민지,07월,
PNA53163_노트북 스탠드패드_A1,PO074870,PNA53163-초등교사커뮤니티인디스쿨,불박(노트북 스탠드패드),"노트북스탠드패드_가죽라벨, 노트북스탠드패드, 공박(음각)",50,51,https://airtable.com/appkRWtF2j99XgBTq/pag4McZ2Tc7xALrrs?5hZOH=recxAQzdjTKyqRFGn&UvxrW=recYIp0OEGkITROUS&Aq5EA=rec4SzOViGO0bncHY,"""Order_,PNA53163_Laptop_StandPad.pdf (https://v5.airtableusercontent.com/v3/u/55/55/1785139200000/DGDweyCPl1hkM-EPHC5WWA/nBXIQ_m-s7RwnVhfwi1wt-SLylPA0sSIK7yWxIi_IIRkbqqTPAzQLCkHdZsiGiExKasA8NnK2bF_j8pAeFUEsxg3s39QC6dMJH2Fdtbr-TKmVwJz5dN0VmQbHioRHcHEBBOQs0vvyLC3b_sIPDPIjJYB8szPGXOvRZjMw-_5nJdzSPGi9MIYgOZgKZSqOqky/6bsyQz9JH_N91mAsM_UdzwMUt_z7wF8JBOWyUU5ePFY)""",유엘상사,2026.7.27,2026.7.31,,,,김민지,07월,
PNA53098_매트블랙 텀블러_B1,PO074875,PNA53098-한국무역협회,불박(매트블랙 텀블러_가죽슬리브),"가죽슬리브, 공박(음각)",230,231,https://airtable.com/appkRWtF2j99XgBTq/pag4McZ2Tc7xALrrs?5hZOH=recxAQzdjTKyqRFGn&UvxrW=recgGmqkYA0Li7hhs&Aq5EA=recZHyMcsg5QVcZXD,"""Order_PNA53098_Matt_Sleeve,.pdf (https://v5.airtableusercontent.com/v3/u/55/55/1785139200000/JIEJDzbKq7gC-vSvkKiq-g/RmZKyKgAo3oHt2maO3dtp11B83qvuPy0vHhSGHHleFFZhxA_7J9wDIyqPIyjBhgzzPZwgcbwznqogc8jc7HyMN72SHGQftLINCB2QenkTGA3FpMcmlh1SvK6oexd24TMKaD3mfH7t_FgMFz2JB7WiVxwmVSz3C1DufD24zZInh-0ao_NfDlWZfimkYK7m7FN/r4oLwKB3THskBJgB8i7FbsAt6CJxVcAIxz-PrxmRHEY)""",유엘상사,2026.7.27,2026.8.11,,,,김민지,07월,
PNA52998_레더스킨 다이어리_A1,PO074774,PNA52998-RFHIC,레더스킨다이어리+인쇄,"레더스킨다이어리, 공박(음각)",500,502,https://airtable.com/appkRWtF2j99XgBTq/pag4McZ2Tc7xALrrs?5hZOH=recxAQzdjTKyqRFGn&UvxrW=rec0U72NlftL78H4l&Aq5EA=rec1bPWXsIKeBWg4n,"""Order_,PNA52998_LeatherskinDiary_Cover.pdf (https://v5.airtableusercontent.com/v3/u/55/55/1785139200000/pvr5Z_LOkQwNkNGWNGXKIg/Mu8IvtVdZVMiwS_vrFhoHW_HeurWAx7Nx8EoSqk9nJ_SZBBMLpERLPNVLvPy4Kv3AIUgsvakt7cxuTbJ3kSplPboInYETfb13RQHc9qn0rsVvR2bTbORGBJacIGkbArgE71TlUPQD_K4qcfIOdfEhxzybXssVQc7rk7D37odWoSpdMs8qdf_BCoYj5XbTecKw25s8Es9VhjhAk8-Znhhqw/eBpYFpi7WTCaVFGeyikqv4vTPh3o_wqLxj--bgWSkr0)""",주식회사 디자인오엔,2026.7.21,2026.7.30,,,,김민지,07월,
PNA53040_베이직 도킹형 보조배터리_A1,PO074888,PNA53040-셀트리온,베이직도킹형보조배터리(화이트/C-pin/type-C),,55,57,https://airtable.com/appkRWtF2j99XgBTq/pag4McZ2Tc7xALrrs?5hZOH=recxAQzdjTKyqRFGn&UvxrW=rec522PbeUZlF5GBZ&Aq5EA=reckizD0lrY1iGWe2,Order_PNA53040_PO074888.pdf (https://v5.airtableusercontent.com/v3/u/55/55/1785139200000/lIBRDk0McS_m983bZtfNPA/5UEBrz_2gkKlrlFqeUw7IFPyKBUuQ5mbVMDEJtSFWm-vW-q0_kWLax5zNKDjL6PKVaep2Nq0T0yIWBo-krTe11BQOPXGUWpZ_RKFTFiDJqnkzpA3uwHflUADGt1KABNPGj_UZ2sKJvglIsxYeQD-FPZMgGovA9_xn-nF8ltf7U2st93Bc1NXJkt54ChCJiPg/nQyCzSMjPHfrtK4m_VGRyNMyVggLc5V2puxk_iI65uI),주식회사 알리오코리아,2026.7.27,2026.7.28,,,,김민지,07월,
PNA52735_데코 스티커_A1,PO074651,PNA52735-삼성전자,데코 스티커,"OPP, 데코스티커",750,750,https://airtable.com/appkRWtF2j99XgBTq/pag4McZ2Tc7xALrrs?5hZOH=recxAQzdjTKyqRFGn&UvxrW=recPtRHcXmsFrAsHo&Aq5EA=recBAXKpOZQFd23IT,"""Order_,PNA52735_DecoSticker_Removable_130x190.pdf (https://v5.airtableusercontent.com/v3/u/55/55/1785139200000/c1V6n2p1I8aq8CiNLgY9SA/Kdg9MbvOZxt60fJNMRkpFZFpy9zOedT8o98KbLnPrYFg68hA2ES0mvrh4aUS3IEhTsZAKSfAuz50-ZdL_cVfpZcyrECEDu_D0TL8-0SRQqL2J9eV9_2PGIILDiQNcrx-G51pjTTguTI-UnBnUICYLXvD1NrN03kR7pia5YDC-yBWdLX3QNQfUdjeLcYKrWmgZN80iNApOjwrH6XI3V1qhA/pyfKBldqI7Lu3l6xMJ7enqtTef59rLZ5dYll6vWaOTI)""",주식회사 케이원랩(KWON LAB),2026.7.16,2026.8.10,,26.7월 사용분_주식회사 케이원랩(KWON LAB),,김민지,07월,
PNA52961_데코 스티커_A1,PO074733,PNA52961-뷰키코리아,데코 스티커,"OPP, 데코스티커",100,100,https://airtable.com/appkRWtF2j99XgBTq/pag4McZ2Tc7xALrrs?5hZOH=recxAQzdjTKyqRFGn&UvxrW=recNNuo21TMlCQXW6&Aq5EA=recntkT0oQzAA4eUM,"""Order_,PNA52961_DecoSticker_Removable_130x190.pdf (https://v5.airtableusercontent.com/v3/u/55/55/1785139200000/7Ftx_OFOLsSpz8e1y8xTFg/MRL01zt8VjXKhnBwZraEYuSmo-hdM9u4G8OC-yuwmYbwD_pk7Ro1hw8STSp9OdihJbx7WX7C_hyLTSC5iIQNR68KpirI5JgE0xb-aQLhq9pq6vfAVqsXIVt1mlIufPg1fmvu7dKBpYWBC08XWhJh68FU2zUNXCazscq59fkEAJGoKEYFZ2If2R1R8hN4Lcz_D5w-ZpX82rs1e7iPcXBQPQ/qkaLDX5rdUS9v97P0QYdAeSb2cnNSJT9mFjP59pmfsE)""",주식회사 케이원랩(KWON LAB),2026.7.20,2026.7.27,,26.7월 사용분_주식회사 케이원랩(KWON LAB),,김민지,07월,
PNA52276_미르캠프컵_P1,PO074862,PNA52276-뤼튼테크놀로지스,,,300,305,https://airtable.com/appkRWtF2j99XgBTq/pag4McZ2Tc7xALrrs?5hZOH=recxAQzdjTKyqRFGn&UvxrW=rec3hlz5C3XqTdzpR&Aq5EA=recxwztT57ROxBvIS,Order_PNA52276_PO074862.pdf (https://v5.airtableusercontent.com/v3/u/55/55/1785139200000/tN0WU3_UrCjLgUGGacDI_w/_cOIdtMD3SDVAMr5Selv7kNxkanODoiYE3_MCIF8p2SM2TncFZnGEQLEPFDww6ySBMYrR7RkB2ZgcaFQrHKUh26qT7JXtqIvydvpsWN3lENTttPrJctJ3Fe0rEgLxDe5ZsPDrtB12foOilZj_srgb4_Cu2xkxWes8kBm8uuhiM9Kp08uCb9x8Ra_PE60Zp7y/jq2X3BwcvgzAxch1WnN8zJ6g5Ww8WlemXiri57LXnFM),타우하이텍,2026.7.27,2026.8.12,,,,김민지,07월,
PNA53081_클리어 리유저블컵_A1,PO074785,PNA53081-삼성전자,실크((클리어 리유저블컵),"UV실크, 클리어리유저블컵_바디(473ml)",230,233,https://airtable.com/appkRWtF2j99XgBTq/pag4McZ2Tc7xALrrs?5hZOH=recwGP2SHVcvsxJMj&UvxrW=recc1CeK0PtOji4hQ&Aq5EA=rec0HpFlqUL2goUAn,"""Order_PNA53081_ClearReusable_Cup,.pdf (https://v5.airtableusercontent.com/v3/u/55/55/1785139200000/M2N9WoIYy7DnCRRm1cFogw/DpSxQ5jmpQQrgfqSWQcpdZEUJbevX1t8eO1mlSzCF86Hs7bSiGo2zU-9nOUc-Mvu-w6_iGmUpFLDtS6c9lWsPCx1TahB3y6A-jwu3eyPI0RRzmajM7nD147skwBCbjCOxKipSmjZWZwyTqUUeaa-qAqkuPyntdkOv3egyi8YCENlLULjtqXl5IlgvjbgMxaK/Nlod3eVqQ3U1Ef0K0vww4eyFqRqla4Gz59ugMlMc-T4)""",성우스크린,2026.7.22,2026.7.29,,,2026.7.22 5:05오후,김영준,07월,
PNA53021_브랜드 스트랩 단우산_A1,PO074863,PNA53021-한국증권금융,브랜드스트랩단우산(블랙),"OPP, 우산스트랩(기본)",240,241,https://airtable.com/appkRWtF2j99XgBTq/pag4McZ2Tc7xALrrs?5hZOH=reclxArUqrG8RX4sO&UvxrW=reciYT4cgTmtReCjI&Aq5EA=rec4mJQXYObKaKDRT,Order_PNA53021_PO074863.pdf (https://v5.airtableusercontent.com/v3/u/55/55/1785139200000/gEv63QcJjR47yUtIedZOYQ/HvEQWObuHzRvbWV7SV935aElzeo8vDBi8WV8i6oF4GG-utCz7Vjtsj58f-yVSSFbt7YWdidPASbGqllZ9qncTi5KCrWRV7S9zyev8iStgxdb3na2e2qr_CxMiYB4acCVeQ5WfUnx-5c9xKy93v_PM_i0sn0CZ6JceRqXvIlHdeee3GGM1KKXcjhzk-84vGEz/-maJq-rSor8nFPs4a93XfAt06BosjaR-5eMGETSEH8g),(주)유닉스글로벌,2026.7.27,2026.7.29,,,2026.7.27 9:52오전,김하은,07월,
PNA53040_스탠드-업 칫솔_B1,PO074894,PNA53040-셀트리온,휴대용치약(블랙/언파차차20g),,55,56,https://airtable.com/appkRWtF2j99XgBTq/pag4McZ2Tc7xALrrs?5hZOH=reclxArUqrG8RX4sO&UvxrW=recgUob5hbcNajYeY&Aq5EA=reckizD0lrY1iGWe2,Order_PNA53040_PO074894.pdf (https://v5.airtableusercontent.com/v3/u/55/55/1785139200000/J72rqS9PvI27Zl1A_4xlRQ/UHYXBL2Bt24pFA5aTFamchLpJuEDnU_VX06ITJLU1bqCsYLsYG9A6bdyzDojBze5LqOxC6OH0ITF-kvFb1V7H_VaRcSf7Tc0IpOIMqYMEsjhuG7rxJV6el79CUqzRy88gRbXtAtC2H-e_VhI2M-9NVOkiLYR9EwAQVnKPrIZrK04XIUEd4upjtUSbTTaV1pk/lk4yY8HW6yhcyLOJkCkIr4UzsahKEZHTGTnztc-Hru4),주식회사 라이클,2026.7.27,2026.7.30,,,2026.7.27 1:14오후,김하은,07월,
PNA38461_0721_2371,PO074782,PNA38461-26년7월_재고생산,클리어리유저블컵_리드(스탠다드_화이트),,,1080,https://airtable.com/appkRWtF2j99XgBTq/pag4McZ2Tc7xALrrs?5hZOH=reclxArUqrG8RX4sO&UvxrW=rec1nde1zcoTOd4Mt&Aq5EA=recdLBecYeOxUwCQb,Order_PNA38461_PO074782.pdf (https://v5.airtableusercontent.com/v3/u/55/55/1785139200000/4JjUekf1pf7ctsgPPP7EOQ/kPVkpGEw_eQvUYIFOHF_uEbmAkocGieEgCA2hyjDOs3suiKaLlXjibvG_1oG1kaqCfBmkp0DGs8W1qZPa37zFI9l6Ber056qV4fVjXGIMmQsYUd2Opna43BUGHjHE7gNkuQSDW57jCs6Tc_dzsSnTq9UVRXxQoGMin-P65I4OtfAVtUoIXPEAo1H1az1dDug/mrYNnYWvfU2OrFZn7Di9ITzBCCeO8W2tNbtG0S9CH1A),주식회사 아조아(AJOAH),2026.7.22,2026.8.3,,26.7.27-7.31_주식회사 아조아(AJOAH),2026.7.22 10:09오전,김하은,07월,
PNA53099_메시지 캐리어 파우치_A1,PO074845,PNA53099-커스텀그라운드,메시지캐리어파우치,"UV, 메시지캐리어파우치",121,122,https://airtable.com/appkRWtF2j99XgBTq/pag4McZ2Tc7xALrrs?5hZOH=recWOWtiCUDDjm3i5&UvxrW=recu0WCtFbz6xh9ti&Aq5EA=recnvRLjN0z2Nxe6P,"""Order_PNA53099_MessageCarrierPouch,.pdf (https://v5.airtableusercontent.com/v3/u/55/55/1785139200000/PotKN6l-qVFbVoSMXOoHJw/srbUmbvHSB9BHfT03VdQydiO0hNRvb7rX2IUbSO--Iwlc0AnlE5fhNINxmyxIqIdkOlyR7VcZHXvmhoWyOskP6je3UQBO81B3qW71EhQHYvrfSJE-phhEzRbm9eU0vWE6vqkx16Vw7ydyvwTok9AjPiKuKiOerTFkMSnKIBfk_5ROQ5jhrKBfMPJCI8WTndT/O4Bt5g73T72UwwwhMyMjnzGt0LMNhhQIEahkfNKGOQM)""",(주)뮤스트,2026.7.24,2026.7.31,,26.8.3-8.7_(주)뮤스트,,육승미,07월,
PNA52997_스탠바이 빅팬선풍기_A1,PO074801,PNA52997-네오메디아,스탠바이빅팬선풍기,"UV, 스탠바이빅팬선풍기",110,114,https://airtable.com/appkRWtF2j99XgBTq/pag4McZ2Tc7xALrrs?5hZOH=recWOWtiCUDDjm3i5&UvxrW=recT38g9rIdmraBdj&Aq5EA=recLzqK2fDV043jSn,"""Order_,PNA52997_Standby_Bigfan_UV.pdf (https://v5.airtableusercontent.com/v3/u/55/55/1785139200000/B1jWB-VUjNX1dM__Ce1xFw/J6V9SVme-lRPhWHXoQbMYKQRkxn8iaC21uSNz854tmgFfG6ofhNqsOdAp8cMLu3MZ-sQMNh0Ecp2YqpZg2vRYr6zB_DKpuHRYtWsNCo6sb8YhDcVh6LAkCWMre74Tq6SC-3-vINOkRR1mgT3_w9lq0aILdQzi4TDtJVuiPqfky5VSTJYuCgCXqaMopRxQNsG/u-3GulnJQNfCym2uP_Ena7ehfmEqq3eRd1Hi6ypc2mw)""",(주)쉔코리아,2026.7.22,2026.7.31,,,,육승미,07월,
PNA53053_에센셜 와인오프너 세트_A1,PO074854,PNA53053-스패로우,에센셜와인오프너세트,"레이저각인, 에센셜와인오프너세트",80,81,https://airtable.com/appkRWtF2j99XgBTq/pag4McZ2Tc7xALrrs?5hZOH=recWOWtiCUDDjm3i5&UvxrW=recaVV0wL29g92Z2B&Aq5EA=recoVCpqeWYDt9x5K,"""Order_,PNA53053_Essential_WineOpenerSet_Laser.pdf (https://v5.airtableusercontent.com/v3/u/55/55/1785139200000/9mf7lDzN7TrS7UVZw7pCJA/oD9OOvDpGmkGn35pWM7q1ENd2ghOntGCk2vuLcR5EDHwUreGb17vV7Vzjn1zj3sJ6ZQYgm1tn8VnOCbdfzBqqniSvMJ0zkNxGbz1nzDt4GJlKEHWt6g5vcyEOUB-skNVa3J33zXom1DVrqnZJy6wivMNvsVKrIJ5zH3Ja4vyTyfS7HMwTsKnhCh5bkYre-hro_EO6UtWA_eJ9TKc4ULJ8g/tExF30Jjuzw6T7U_pMt7AAOkL1vNWNZSI8e1hov4HY8)""",모토잉,2026.7.24,2026.7.31,,26.8.3-8.7_모토잉,,육승미,07월,
task수동생성_휴대폰스트랩배경지 CSO 샘플(블리스터),PO074599,,,,,60,https://airtable.com/appkRWtF2j99XgBTq/pag4McZ2Tc7xALrrs?5hZOH=recWOWtiCUDDjm3i5&UvxrW=recC8UvmXWatSlUO3&Aq5EA=,,서울디지털인쇄협동조합,2026.7.13,,,,,육승미,월,
task수동생성_휴대폰스트랩배경지 CSO 샘플(실버팩),PO074600,,,,,60,https://airtable.com/appkRWtF2j99XgBTq/pag4McZ2Tc7xALrrs?5hZOH=recWOWtiCUDDjm3i5&UvxrW=receUK1Kq0qkOQtVQ&Aq5EA=,,서울디지털인쇄협동조합,2026.7.13,,,,,육승미,월,
PNA52735_Carry me 와인잔_D1,PO074654,PNA52735-삼성전자,사각스티커(Carry me 와인잔),,750,780,https://airtable.com/appkRWtF2j99XgBTq/pag4McZ2Tc7xALrrs?5hZOH=recWOWtiCUDDjm3i5&UvxrW=recwrJVDNOgIAvgRv&Aq5EA=recBAXKpOZQFd23IT,Order_PNA52735_CarrymeWineglass_Sticker_2ea_108x66.pdf (https://v5.airtableusercontent.com/v3/u/55/55/1785139200000/MDNP7gB1UNUul6krHNjbXQ/4nMC01Wrrmw43kao9sJ-zqlcTT1mrZA6y8-lE5_2EuT17BDopOBdb4Xx8aCWel3MK4LYJ3AjaNA_1oCGvv81nzuV8AGoZwP2I9VDxUBNW18W64eKVz74Q9GYyMXh6nyJ0MLGKWgfQG_9onV8m4sws6AyteMWcHoJ0HlRlq041LZonmeMZbjvhZf7m6MD5OML8A-h41VSHr_AEK7NAaB7EA/nLB4kkzAQmVKSwBQi5x5hg3_frH7EYMwGAcoRnAzkpo),서울디지털인쇄협동조합,2026.7.15,2026.7.29,,,2026.7.15 12:11오후,육승미,07월,
PNA52361_프레젠트 골프공 3구_D1,PO074673,PNA52361-이노스페이스,웰컴페이퍼(볼마커_흑지+실버1도),,100,110,https://airtable.com/appkRWtF2j99XgBTq/pag4McZ2Tc7xALrrs?5hZOH=recWOWtiCUDDjm3i5&UvxrW=recchmjsQezf4h6m7&Aq5EA=rec9QiiaIow8O2fWC,Order_PNA52361_PresentGolfball_Welcomepaper_Blackpaper_Withballmarker_165x57.pdf (https://v5.airtableusercontent.com/v3/u/55/55/1785139200000/J-30G8ZFV2-HEOu_8erxMA/eBcS6b93-pfxnf9HrXOriSw30II1hF8Tj-8DVDhaTo3BJQj1drkrOBNhCtWl7MW2RUZhXGIVYQRA9Jm7DYG92c53KAmxYZeAUONf6euNNmWEvlJqo9U3dAjXD_PKofONrfYtJXC1l77Q_jQr942ED-kPyPmpOACnySOrIKZfO3g30iUH9mMxPYH1nriTSv_TXOZey8B_yz5WbOKbugO071ThIItuWe8O0YKshXRlk2MrTr4GZnJJoT-RV2EN74AT/v4lP0NNRKYk1PJYlu0Np_nRa8c3IBzBjAhuA7NWE2og),서울디지털인쇄협동조합,2026.7.15,2026.7.27,,,,육승미,07월,
PNA52927_펜홀더 피규어 세트_D1,PO074694,PNA52927-한국수력원자력새울원자력본부,사각스티커,,100,110,https://airtable.com/appkRWtF2j99XgBTq/pag4McZ2Tc7xALrrs?5hZOH=recWOWtiCUDDjm3i5&UvxrW=rec4WN80dn0rOlxXF&Aq5EA=reca6os8uh1vgcwyh,Order_PNA52927_FigureSet_Penholder_Sticker_84x76.pdf (https://v5.airtableusercontent.com/v3/u/55/55/1785139200000/8_m-NGHbHhYXYn-fUrvinw/h4MAi7OVahD5forza7Vvum4-8IsheMXFvFjhhFIHW1Iec81hXmov1-LlZW9tA9IrcwEDr9gSO7J3mV4G7jdmXa3J8dqKp7slX0XhGzLfHE68Hx-WehWEZ5YYf3g8B-p4r2rNdAoW-5h48AUe76NJqKKw52c2Ts-ZkYre_6OF6f3kCkfq7z_WveX-z0vxBs1LVI0ANAPlpfHv9sgIUUlHiA/I5iv0NMXBPcQGPbgB4X2L1NCEJiNm9Ph4Z9vnggHztA),서울디지털인쇄협동조합,2026.7.16,2026.7.29,,,2026.7.16 11:48오전,육승미,07월,
PNA52927_포켓 마켓백_B1,PO074696,PNA52927-한국수력원자력새울원자력본부,핸들슬리브(포켓 마켓백),,250,270,https://airtable.com/appkRWtF2j99XgBTq/pag4McZ2Tc7xALrrs?5hZOH=recWOWtiCUDDjm3i5&UvxrW=rec4bc1lpEHalv5NS&Aq5EA=reca6os8uh1vgcwyh,Order_PNA52927_PocketMarketbag_HandleSleeve.pdf (https://v5.airtableusercontent.com/v3/u/55/55/1785139200000/p2Y8MGSFucgS8ZSOY8j_Yw/lAfHGHwG6YmUlT8qgVwYWUs_yfyFBLUrY2BzVyee1bVH13_uWREv7opkonH8grvt12NQYr6H2dfcKtfW58sQPM71B37GWjXiVKsxvJwhA0nq-6nMTLxTAhoCwpReLKh9YVku51DV7A-voDDIPKH4M8T08RqHw2C05cnaY_YgAwSypWNxzLdrvupRdZPXKTtsIouuq_dz50cZjvwkFfojYw/nD8TAKdRbYQam0sh3gdZjw7d5HEK9UNFHSM1rRYArJI),서울디지털인쇄협동조합,2026.7.16,2026.7.29,,,2026.7.16 11:49오전,육승미,07월,
PNA52927_브릭스탠드 멀티충전기_B1,PO074692,PNA52927-한국수력원자력새울원자력본부,사각스티커(브릭스탠드 멀티충전 스테이션),,100,110,https://airtable.com/appkRWtF2j99XgBTq/pag4McZ2Tc7xALrrs?5hZOH=recWOWtiCUDDjm3i5&UvxrW=recZl7KLdhBHGrfLR&Aq5EA=reca6os8uh1vgcwyh,Order_PNA52927_BrickStand_MultiCharger_Sticker_62x107.pdf (https://v5.airtableusercontent.com/v3/u/55/55/1785139200000/Hi4YMQUv4vglkU2Uc0xKTg/pPUT_K3hT14Ee53D61Jp-iP3LjqRMh_efDRFZRaqQeA6BMZ_WKsogcnVSTyHJ_SHbVLA3dDfjRSpIISuVab5zl_VaUgZHODQSFYrBvAKYMcHOM38oMxSuti0TnWVqsemdHnLlZFwsSfrQ1xAMaNoH2-_aTwLp8M9pZGSLWCNLMNHrGZJ0JOyz2cONa4193uMyoIJ6e1IeCNzJNK5B3vtPaKT2WH5-xV6tzBDSONYtHA/KEb--l83w3TBRvfBIreNvuH2rvH8y3jXVNKEyVXja-I),서울디지털인쇄협동조합,2026.7.16,2026.7.29,,,2026.7.16 11:48오전,육승미,07월,
PNA38219_홀리데이네임택_B1,PO074758,PNA38219-롯데호텔,삽지(네임택_커스텀),,3300,3400,https://airtable.com/appkRWtF2j99XgBTq/pag4McZ2Tc7xALrrs?5hZOH=recWOWtiCUDDjm3i5&UvxrW=recuMsLe8aH9qdY1v&Aq5EA=recAQ6ScFPbUrbgTN,Order_PNA38219_HolidayNameTag_Innerpaper_60x86.pdf (https://v5.airtableusercontent.com/v3/u/55/55/1785139200000/2LmpL1_CI16z_PCRIwVQvg/HakrF1Ct6Qn4PT8cAbVTQrhnAaD3TPkjs9koDZs4T7CeJsBcm37_Yn2ZV006EXbMvvg0bLWlJAl9rdg-qQdDmPRYhPlUywkO1gIpvxzVMeExcGNDygF1Z8dI--lcdCvF53ga2eLTnoLcS2M3pjAA9OfSE4R2xiLrOYqBCidwu87z7xtSPYMPLPGBHb12e5xmpk2Z-evqoklkQkFjLORIUw/a1TppDtP980ilH0fxW9jAm2wYY4QF_IxhIkjfCTLVKw),서울디지털인쇄협동조합,2026.7.20,2026.8.17,,,2026.7.20 5:27오후,육승미,07월,
PNA53007_액티브 스포츠 타월_B1,PO074755,PNA53007-쇼피캐스트,띠지(액티브 스포츠타월),,100,110,https://airtable.com/appkRWtF2j99XgBTq/pag4McZ2Tc7xALrrs?5hZOH=recWOWtiCUDDjm3i5&UvxrW=recvgR5eelBVG6VLu&Aq5EA=reckxtyx5YIVG0Fbw,Order_PNA53007_ActiveSportsTowel_Band_290x95.pdf (https://v5.airtableusercontent.com/v3/u/55/55/1785139200000/WHN55QmL5ULe_bIz1CVnSQ/Ox1JiCqi0ikjpe9ysvFvSCI4yXOl6udoB-_LfWtinHR8jpi11dFWJqJrN1o3LpKb8dkOiiG6WpkxoPrPMQmpkz_-IYWY4ovRCPKCHiyKx1N5e232KUVTi1qgXs5QlTK4xEhGfT4SqjMMmk-b09KJMeLGHUELEaDTYPGTdsQAHmjx-1new1tuhPCej3HO_7Jjau-6u3XshZNGqjPTU_pZTw/INzQ_BqZY8IC0nOt76zj5kYZEEFFS-yOVjVbSk1CDww),서울디지털인쇄협동조합,2026.7.20,2026.8.5,,,2026.7.20 5:27오후,육승미,07월,
PNA52998_Solid 스탠다드 G형박스_E1,PO074781,PNA52998-RFHIC,사각스티커(Solid 커스텀 G형 박스_L),,100,110,https://airtable.com/appkRWtF2j99XgBTq/pag4McZ2Tc7xALrrs?5hZOH=recWOWtiCUDDjm3i5&UvxrW=recrlW43AjgiKhuGE&Aq5EA=rec1bPWXsIKeBWg4n,Order_PNA52998_(A1286)_Gbox_L_Sticker_62x180.pdf (https://v5.airtableusercontent.com/v3/u/55/55/1785139200000/YiC-pKK3lzY2KD-v2fRxlQ/1RDT6dbvXnLqUjhG0kWDstCJh_rH4egc3KR6JAZASmNxF8riXr5VgexwTxvaXfof2ufVUC2a4XgnwtosHDjrIb56fY2Mhx36DNSNGd2bVtuAStfVlabLrQQov8xqgfHJ1RmSAdUgwnwPKNo3iexBwMV9AWZRAbCcdaZhKwHyszExlv29MC-rCoxg2Q3ah5VzvCr3s_PvNtJ-rEon3knAvQ/DFSTrdRtDRFLFQFzyuaoMA33YCokLiP8lGS9Gf5lDUM),서울디지털인쇄협동조합,2026.7.21,2026.7.31,,,2026.7.21 3:52오후,육승미,07월,
PNA52206_임팩트 슬로건타월_C1,PO074395,PNA52206-유네스코한국위원회,띠지(임팩트슬로건타월),,1200,1250,https://airtable.com/appkRWtF2j99XgBTq/pag4McZ2Tc7xALrrs?5hZOH=recWOWtiCUDDjm3i5&UvxrW=recU7ZxoqTnyEhvC4&Aq5EA=recqP0Qh3I3F6trcO,Order_PNA52206_ImpactSloganTowel_Band_290x95.pdf (https://v5.airtableusercontent.com/v3/u/55/55/1785139200000/3yzHylaHZyVLPyRAosiDFg/poQgmVQuB1OV7twLJhookI1YR3uV9WByvb2hnkEw85IGTKC2ksO_lWhf9rh5rMHalIjv5lSWfmeztBbs40xNZplpKWX0MdcIqBDKzCEtdaOksr-JT8yvMYW1M9XnfKIsGsJwaLodEm_FNOWMq1kPScz7aSP6OFk_NMuRQz7eBmvPtkadl-o4Abe65F3h1iqf639d65YZScO-UR_rVpWpgg/gLYNbwYFS97ovBU2boZ9K88AeNzN_fPGqdZgMfEdV8I),서울디지털인쇄협동조합,2026.7.21,2026.7.31,,,2026.7.21 3:52오후,육승미,07월,
PNA52998_스탠드-업 칫솔_D1,PO074778,PNA52998-RFHIC,사각스티커(스탠드-업 칫솔),,100,110,https://airtable.com/appkRWtF2j99XgBTq/pag4McZ2Tc7xALrrs?5hZOH=recWOWtiCUDDjm3i5&UvxrW=recpOW9sVYqRHPwKa&Aq5EA=rec1bPWXsIKeBWg4n,Order_PNA52998_Toothbrush_Sticker_40x27.pdf (https://v5.airtableusercontent.com/v3/u/55/55/1785139200000/ME0yF1OpPOk90RsSFBYHPw/3QgbNVOwLRzNvebdsNoC9GhINjun0sr5JhfGPRrfTbp1j0sojCXQkFhHxBVq75bjCn7eKuKxfu6AXzGzpM8COQ4Kky29KFwWoCjFjQ2VDEgRl9pPRHNRb4aYWA3Vcxaoo14E02jdpXBhzGz6gqls_JwOXWZSWAI2s8KESxiHwQLyufd73jTZyZmvNz_DM0VajbxfT1fYRhAy8sGr7-C3mg/0FXSodNKk1tTgTehoqu5e12VGTpvLscxlr50zqvanow),서울디지털인쇄협동조합,2026.7.21,2026.7.31,,,2026.7.21 3:52오후,육승미,07월,
PNA52998_올 블랙 펜_C1,PO074773,PNA52998-RFHIC,배경지(펜류),,100,105,https://airtable.com/appkRWtF2j99XgBTq/pag4McZ2Tc7xALrrs?5hZOH=recWOWtiCUDDjm3i5&UvxrW=rectctcP5W4CmiVY0&Aq5EA=rec1bPWXsIKeBWg4n,Order_PNA52998_AllBlackPen_bg_paper_33x167.pdf (https://v5.airtableusercontent.com/v3/u/55/55/1785139200000/heA0Va9ndGlBktbp_RpadA/WFjDibwoA9NxWcW3tnR_lukO8bVDkIH09xcuzYoP6MxVkjTA3J26QwNDxwLRo1ggc6Yc5QB9IRjt7m_ZVeqjPbBcJC7SJ3Ep-vrBSyi2oy8T2jFDXOy23rrXNb03kP4R4LC13SV4NYy51vDx6lijtjGWkVIcxNBr8b7o4mv7-7x4Y7lyJCetcr4j3tIVyiXalI3HAhfwGQJKZItRwVZ5kg/mCy-abvUcRGAajdny7zy3LXDp-Sidt6Gk8h-FtqftoU),서울디지털인쇄협동조합,2026.7.21,2026.7.31,,,2026.7.21 3:52오후,육승미,07월,
PNA52998_Solid 스탠다드 G형박스_C1,PO074771,PNA52998-RFHIC,웰컴페이퍼(Solid 커스텀 G형 박스_반투명L),,100,105,https://airtable.com/appkRWtF2j99XgBTq/pag4McZ2Tc7xALrrs?5hZOH=recWOWtiCUDDjm3i5&UvxrW=recUPmsm5q5DyXDNC&Aq5EA=rec1bPWXsIKeBWg4n,Order_PNA52998_(A2054)_Gbox_L_Welcomepaper_230x200.pdf (https://v5.airtableusercontent.com/v3/u/55/55/1785139200000/byh4zajLjDri9b2myy2K3A/XLJOIr8VGFQURLy2Nkz9CGvDL0zMPbTc-8DvUMkdx0ksGxDUwibhSn2Las0sLL9CeduSX-XVJDoTMT8n_JyksEunHJ_ATMEFRa8MchHPMcMvy0q_vd0dEU3L3dgJU1WndEzLVwQjPYabKSwoMdak79y3XViDDx81qut0pMWSOoTBi4g1nb8R_88dR9e3FvOk7Ng_tVFz7esD-mmI_6tg9w/D6z8ha2_KIsn9OrKAJa-1bKACVjINsxYfVhAnSPZebU),서울디지털인쇄협동조합,2026.7.21,2026.7.31,,,2026.7.21 3:52오후,육승미,07월,
PNA53069_데일리 짐색_B1,PO074784,PNA53069-KCOC,사각스티커(데일리 짐색),,300,310,https://airtable.com/appkRWtF2j99XgBTq/pag4McZ2Tc7xALrrs?5hZOH=recWOWtiCUDDjm3i5&UvxrW=recomgJRhVHERdDYi&Aq5EA=recniX2gRT1xuhNJY,Order_PNA53069_DailyGymSack_HandleZipperbag_L_Sticker_72x122.pdf (https://v5.airtableusercontent.com/v3/u/55/55/1785139200000/8DwjOCjR28Wg1YijHHyI1w/HybZajh_GGsQilbN1a_r4QbsscPbSYD3CwuCRu4Bddc19H45TOQuWyMMVT8jfPkAx3f4K_9XXD9clMWfDhi_uLYWNUMUtl3dPTtkas8GmV0QDhf8s0BAEPkK1qT0N4cNiGGQosdJgWMKAuZBxq4YUOz0HjLpSxWkqguNAbDmtfDS7UKP8d_bVkfgxpaRR5FH0a3_rYNG9CVIH23zXkSyV47znE-rlhoSopAttgWldHY/YI0Y2gW1S569r3eWiiFvODdAh3rFj_caEuXLvB0Dggs),서울디지털인쇄협동조합,2026.7.22,2026.7.29,,,2026.7.22 9:39오전,육승미,07월,
PNA52917_Lite 스트랩 박스_C1,PO074799,PNA52917-비씨카드,사각스티커,,50,55,https://airtable.com/appkRWtF2j99XgBTq/pag4McZ2Tc7xALrrs?5hZOH=recWOWtiCUDDjm3i5&UvxrW=reck6iMF9x6IU3xgG&Aq5EA=recUJqigebHK3VXJD,Order_PNA52917_Lite_StrapBox_Sticker_65x160.pdf (https://v5.airtableusercontent.com/v3/u/55/55/1785139200000/HwuNBRv85Qg5ffLeVSSZLA/VaPzj3-I-4mk2PPX0uYvvq6V86vaJR1ZM23Lw4zOcq6fW75sCYh2eJZEYhMP5yG0U9Q1M2PZhl77GTl84DYGjPPd9WHRN2xlOWMC0YCgnttN2XCTh9kBS-wLz5RHYLRMwuwxUc1HBANPoXM1bRsyalVbqjM71jdt0CfJj7GwUquK0bkja82XJfoAbh8gqkwNmWGGK3cJ_lx4SmbmSSO0rA/M_LhEmmDq4GiqxxHOTNa47NmZD7Kp24EM7aKzK68nng),서울디지털인쇄협동조합,2026.7.22,2026.7.27,,,2026.7.22 10:42오전,육승미,07월,
PNA52917_킵세이프 마그넷 배터리 Slim_B1,PO074798,PNA52917-비씨카드,사각스티커(킵세이프 마그넷 배터리),,50,55,https://airtable.com/appkRWtF2j99XgBTq/pag4McZ2Tc7xALrrs?5hZOH=recWOWtiCUDDjm3i5&UvxrW=recxkGq0doPgGDyiK&Aq5EA=recUJqigebHK3VXJD,Order_PNA52917_(A6562)_KeepSafe_Battery_Slim_Sticker_72x62.pdf (https://v5.airtableusercontent.com/v3/u/55/55/1785139200000/IENKtOtZjoA3WtE_p_0fyQ/uKAkdrF82uiAmQiEv3Fva8coaOt5_CMxCjZkn1cmp0yJxUi5aBTttnU_-4gePNdhgvGWRBKW5iC26EjpWlCPp6ciwckeYNeACCBR22ImGhD6NVaC-wl1c_ex9PZvD-Ei3MrU5bUDRaROiBWYETutGk-EkutyB8NWZ2yZ8CRC9y2oUwWiayP_GgmtGo9U-TYVcJClgQ_Y1N5ihYfUD0k2tpcY_JafovDCewi5fYWVzfM/-yybyntSqwZoM4tXFgeesVASy_B9HT96ZfGXM4XT5B4),서울디지털인쇄협동조합,2026.7.22,2026.7.27,,,2026.7.22 10:42오전,육승미,07월,
PNA52917_스탠리 데일리 텀블러_B1,PO074795,PNA52917-비씨카드,사각스티커(스탠리 데일리 텀블러),,50,55,https://airtable.com/appkRWtF2j99XgBTq/pag4McZ2Tc7xALrrs?5hZOH=recWOWtiCUDDjm3i5&UvxrW=recZx2H3JWRFo2X5S&Aq5EA=recUJqigebHK3VXJD,Order_PNA52917_Stanley_DailyTumbler_Sticker_87x82.pdf (https://v5.airtableusercontent.com/v3/u/55/55/1785139200000/zFHpvP-vZutTU5se2FGASw/dfmW4ILt5wyCOwmL_mkmqn7iEtpbV5ao46WAT6Un_Xgt8BDvPWNobl5Php39u-zQMMcns0yPJtoJ4-9yvRUKhJfqXSebLknIlNftdCp3grhfkCmU43I--xGbi6vK3cP_H_RDhZW8fOLSsMUQZI8Y8QGsc1WqgPfXTIHhU1iZCU_YcE2sA-CKt9hQcwC37e4Ly73Ol5NRI4H_beQ2bECOWA/Oqyl5qIJzzqAm2pupUgQrtVmFTyR3qiQGjpbVcmvT7s),서울디지털인쇄협동조합,2026.7.22,2026.7.27,,,2026.7.22 10:42오전,육승미,07월,
PNA52917_올 블랙 펜_C1,PO074793,PNA52917-비씨카드,배경지(펜류),,50,55,https://airtable.com/appkRWtF2j99XgBTq/pag4McZ2Tc7xALrrs?5hZOH=recWOWtiCUDDjm3i5&UvxrW=reclvpqAlzFDsSEtP&Aq5EA=recUJqigebHK3VXJD,Order_PNA52917_AllBlackPen_bg_paper_33x167.pdf (https://v5.airtableusercontent.com/v3/u/55/55/1785139200000/579IqOzfn5zQXqBXlmbjOA/FZrfnTkVTejAIHYaNstpacbpPZMtV0Y7dA6C1oKIFfjT77JQEQdizOgbOkJrRNC7-TvFRkuQNQe2OH4Z_TsJDwuWkTafOpD3lGfApRCWiRcnepdrc34eLOf_C1sxbEKkb4De_43_1VQrB_-jbzS3ofY2rdfMNACIGypVF0Q6s1vEZar-w9OGtb1Cn7aNNau9OQkmmtjR8JhXxbFh13tbKA/2ix7R0mxk1zIYE3YiGAkF3fIch22XCBfUOK5akIRjkg),서울디지털인쇄협동조합,2026.7.22,2026.7.27,,,2026.7.22 10:42오전,육승미,07월,
PNA52917_칠링패드 냉각선풍기_B1,PO074789,PNA52917-비씨카드,사각스티커(칠링패드 냉각선풍기),,50,55,https://airtable.com/appkRWtF2j99XgBTq/pag4McZ2Tc7xALrrs?5hZOH=recWOWtiCUDDjm3i5&UvxrW=recsMC76pi2x1HOyn&Aq5EA=recUJqigebHK3VXJD,Order_PNA52917_ChillingPad_CoolingFan_Sticker_65x62.pdf (https://v5.airtableusercontent.com/v3/u/55/55/1785139200000/XIIxs2NlPsb2ZkrnxDHNbg/EoNV2dZXzPV6c3H8hqexVtSsvswZ0bVVj7SBJ3_356kGeGw06HwD95ROLIASynI5WpcFqdt2joBK3VYL3IxoimBPYgPeFowqTZo3sdVIPrvn6uxCtrYxkj0JBhc4C74kp3tC-F38ANd2m1bBNZSxs-4Ua9R-OOG0ZEAOnL4lwCHmrZXN36a8w-_0vtKzhCYCB1hU1Hk6b_bMZs-ThkHqWM2BE99p9gCLU3KIQCAEDIA/A4SKbU66YDk_rknhRnsdSNtkICQzRmWtoBOe0JHUEVA),서울디지털인쇄협동조합,2026.7.22,2026.7.27,,,2026.7.22 10:42오전,육승미,07월,
PNA52997_스탠바이 빅팬선풍기_B1,PO074803,PNA52997-네오메디아,사각스티커,,110,120,https://airtable.com/appkRWtF2j99XgBTq/pag4McZ2Tc7xALrrs?5hZOH=recWOWtiCUDDjm3i5&UvxrW=recE9JLdH4jeRT6cU&Aq5EA=recLzqK2fDV043jSn,Order_PNA52997_Standby_Bigfan_Sticker_100x66.pdf (https://v5.airtableusercontent.com/v3/u/55/55/1785139200000/Uu2CdYgCQOxGnPljhIS7Og/y9x6r010SRWhMnR5d5L04lx_jKoSRM1yv3XISlBjmqghoQuDkUK9c76MeR1FaOGdPktwtPAn_d56d6plcdzFnS3t18AGDSaZRoZIBx-kmpYIWSY1-C40Mt5Mr3acXls1KSIUbFY8CqM9qZz6bSy89pBUyJ_7rz6Pcb0UQSjo2Exdhk5p1edy24T7BZOu32uIt0A_2LWvgPrjGq4Qev4l_g/NTyqjlq4CljVS16FZZbkQ72zKFF-sQVTrq_eLQYzNgw),서울디지털인쇄협동조합,2026.7.22,2026.7.27,,,2026.7.22 4:11오후,육승미,07월,
PNA52997_비주얼핏 키캡키링_B1,PO074802,PNA52997-네오메디아,배경지,,110,120,https://airtable.com/appkRWtF2j99XgBTq/pag4McZ2Tc7xALrrs?5hZOH=recWOWtiCUDDjm3i5&UvxrW=recT3Awi6JCANA5r3&Aq5EA=recLzqK2fDV043jSn,Order_PNA52997_Visualfit_KeycapKeyring_Blister_bg_paper_77x171.pdf (https://v5.airtableusercontent.com/v3/u/55/55/1785139200000/gXWX53q2nPcxDusC1USKvg/WMQI4LONtcD3M91ofGrTkoKWz73bWQMW7pkDI3e8noffbOddgxzLVvfA3iGnXg-5KK-bEsT-vTyJT63KVnco69z2V-ENC6usVlZJn0Z5uRQqUDQULRMEM5cYMBAVCmOsHx3Al__f3z_SPzpV12-xex8WHt7S0dXHSJVPpWBbO1EIkC9O5mZLyepTLl1c7c_P7H0QGuWVacEJ46XfmtNTVWEQuq4-JcvKoHJDg5Dj0HM/E9iywpqinvv1iN3KfVEMmmRpu7BIjlBHA5PtVCN5FNE),서울디지털인쇄협동조합,2026.7.22,2026.7.27,,,2026.7.22 4:11오후,육승미,07월,
PNA52917_Lite 스트랩 박스_B1,PO074796,PNA52917-비씨카드,웰컴페이퍼,,50,55,https://airtable.com/appkRWtF2j99XgBTq/pag4McZ2Tc7xALrrs?5hZOH=recWOWtiCUDDjm3i5&UvxrW=rec0IB8hIkgccwJgX&Aq5EA=recUJqigebHK3VXJD,Order_PNA52917_Lite_StrapBox_Welcomepaper_235x200.pdf (https://v5.airtableusercontent.com/v3/u/55/55/1785139200000/u0kvgR51MVgYqBZVlqhtzw/Gp3vhtSzHgjkoZ096BV4nL47AgCoJghDO6d9z6cSjysFVbXbOLvon8DQ6XspqE8D9imWs5eUYfdMUtKYKqVoALxiNQHlNPTUmX1OqUhi9j4pAf_oA71lJp7gJ2jdwrLZF0YjrfJp7cCMQThZcNcfiKXCyH5tQj9YkuWBh5Di4C45FqoWwYOVFGtfPj51SNy2MgiiRMJg9klRVWZT1RwO2g/TS5YKduc-F7lwNK6BPFxdwiZWU07OtOtjeckjdJiwfk),서울디지털인쇄협동조합,2026.7.23,2026.7.27,,,,육승미,07월,
PNA53078_Simple 슬라이드 지퍼백_B1,PO074825,PNA53078-팀스파르타,사각스티커(Simple 슬라이드지퍼백),,100,105,https://airtable.com/appkRWtF2j99XgBTq/pag4McZ2Tc7xALrrs?5hZOH=recWOWtiCUDDjm3i5&UvxrW=reczvcj3HoLfaBQqW&Aq5EA=recFVALoq8W1yejel,Order_PNA53078_Slide_Zipperbag_Sticker_58x80.pdf (https://v5.airtableusercontent.com/v3/u/55/55/1785139200000/jDeHmGgig6AnRWtQSSrsZg/dmZ3wbPCO4aIgLgImCYlzaN2wuPNRtGcJxz99lVTbCA_z2GcKMF2mMf_HNhQS5MPyf5LVPmzbZ1F51vJeKomyyoFoQGD4J5ZBUlWPDocGWIl-aIp3l8DfVQrRaJgLQWm9a3x5-_8kBOMP1D4OUXdTjH0LorQnZcUAJFzcyKua3GaZrmi-LV-i-gjGmvfYCwjT3dtzRtXs9FprxCmpZUrPw/Chb4-Vlxc7HdWzT1ilUQ8P4WjsL89jQ8EqljlMXQDM0),서울디지털인쇄협동조합,2026.7.23,2026.7.29,,,2026.7.23 2:04오후,육승미,07월,
PNA53090_월드와이드 멀티어댑터_B1,PO074821,PNA53090-디씨티커뮤니케이션,사각스티커(월드와이드 멀티어댑터),,100,105,https://airtable.com/appkRWtF2j99XgBTq/pag4McZ2Tc7xALrrs?5hZOH=recWOWtiCUDDjm3i5&UvxrW=recgkB3M0j23v1pD0&Aq5EA=recBnS0is1KYk5pxe,Order_PNA53090_WW_MultiAdaptor_Sticker_66x46.pdf (https://v5.airtableusercontent.com/v3/u/55/55/1785139200000/1wJso_POz-ppJQnTY18rkQ/l3EOviEluaZalExEDhZ32gzvumsidkMkAd7EdX5Jf1mUbxoeLUmcg3AhKWoCPSWBSpXoBZdN4KRp8rlWML78kN9pFc0g3INzD2CAs39hgT_Auom9KvRmseUxCOTanz7hNw4lgoAX5rz-PFhrMI-eAwiICRe3-X1h3tB-yUE9uIzHyFG13uf1DXxmJ09TSoj_Cz0ZkV4ylxc8cmZol3FuSw/Ig4A6577qNt8LNXJDFvkyLr6HARFRV_nTQm6xqaeKqY),서울디지털인쇄협동조합,2026.7.23,2026.7.28,,,2026.7.23 2:04오후,육승미,07월,
PNA53079_포켓 마켓백_B1,PO074817,PNA53079-삼아사운드,핸들슬리브(포켓 마켓백),,170,175,https://airtable.com/appkRWtF2j99XgBTq/pag4McZ2Tc7xALrrs?5hZOH=recWOWtiCUDDjm3i5&UvxrW=rec0o6jS7WsU3UgdO&Aq5EA=rec1Dr7wNdhbeO6mJ,Order_PNA53079_PocketMarketbag_HandleSleeve.pdf (https://v5.airtableusercontent.com/v3/u/55/55/1785139200000/qC3Yqsvk4NwTEcxpjp8XoQ/P0giGsx8juCj1rasmk0FNRoyMBnNI0cPD4r5o9XncEacLcKKVxq-ebW4rfmUawIktBuqzq0hjPnBwJCePvfVPEMOQ5qIW5OezC3zqg1UXnljH6lPJXrVwMvVDIrPK0NLzzs0suaE0s6B6ulmBiCq1t1EVighWuzAF0n9CcPoDhMoit91quJuh5eu70RchrGFHMtDLgWmI_lw6AJ62WIylA/vuChDOxkdTvOjnvEpAf3-Chtt94iAs3sy1Yc-gV_vpc),서울디지털인쇄협동조합,2026.7.23,2026.8.5,,,2026.7.23 2:04오후,육승미,07월,
PNA53107_스펙트럼 컬러펜_B1,PO074811,PNA53107-세무법인리원,배경지(펜류),,100,105,https://airtable.com/appkRWtF2j99XgBTq/pag4McZ2Tc7xALrrs?5hZOH=recWOWtiCUDDjm3i5&UvxrW=recJ92IQJufjeIovz&Aq5EA=reccvRBAHJqxiz9rc,Order_PNA53107_SpectrumPen_bg_paper_33x167.pdf (https://v5.airtableusercontent.com/v3/u/55/55/1785139200000/Yu5UL1i-M6Zs9bcx-VEy2Q/25hw3NBLoBAUFn6ITeT4wWtjEa6c7aI98iAMlF1wfbXHaCZO1lXopNLCH_G2h4iKImyAcwY5pBiRn0SkuqtMMrqlRhQwdK-ZOGMhkVs1kdvS567W6ws1pnyYEbWsIconzncHWGeTH7oMX9gYOX1KmA990DsT5-NThgUxHH6j43UExY3JV0Cq8HMSQxL0mC5na2MV5AeIrUM3fae9VQdL3Q/ShkXWxq6bCGzmlyo1DqUJYpKRB6cqtohVdRYuKA9scg),서울디지털인쇄협동조합,2026.7.23,2026.7.29,,,2026.7.23 2:04오후,육승미,07월,
PNA52817_데스크테리어 매트 [1]_C1,PO074809,PNA52817-델타항공,사각스티커(데스크테리어 매트),,100,105,https://airtable.com/appkRWtF2j99XgBTq/pag4McZ2Tc7xALrrs?5hZOH=recWOWtiCUDDjm3i5&UvxrW=rec1jrWdsvIcsJwEN&Aq5EA=recqOg7F1tsTnyRnH,Order_PNA52817_DeskteriorMat_Sticker_86x124_B1.pdf (https://v5.airtableusercontent.com/v3/u/55/55/1785139200000/XoHI9caGqIB9LLh9w-tMyw/Nw_nM-s6TnGRevfoXWLmg1XB0Vw3ldHD0OzME5F_ei1fDTT-P63mOejnxIy7J930EUXCqGpUjagq4UCBhqYoPPrBCVJDhNZz2fCKxEK5ovK_eDYMkEfWIvlk9Qr3TMTAX95_gr_ic79aw8gLfxXkSl0ZoOudq3PL3G55yKgeYuMlgAA7nh7YFXwshVpZTxP1N-Q6qDpDEx7L9YfgaV4lkQ/9-IYLu5D5v-GQK6OWfvH_sTkhmGxknFXdbCHt9Q1qWI),서울디지털인쇄협동조합,2026.7.23,2026.7.31,,,2026.7.23 2:04오후,육승미,07월,
PNA52817_데스크테리어 매트 [2]_C1,PO074808,PNA52817-델타항공,사각스티커(데스크테리어 매트),,100,105,https://airtable.com/appkRWtF2j99XgBTq/pag4McZ2Tc7xALrrs?5hZOH=recWOWtiCUDDjm3i5&UvxrW=recZNTKXIJTQoQLXx&Aq5EA=recqOg7F1tsTnyRnH,Order_PNA52817_DeskteriorMat_Sticker_86x124_B1.pdf (https://v5.airtableusercontent.com/v3/u/55/55/1785139200000/LrG_SCDh69BfRdMGktovIQ/vQ4e8IfTauLntCJd_aLMC6KFmn1-OWe5g6nUlR2em9ErPbbwNyT3AmTDs5pRNOkJRwsXENZETUj9cddRKz4IqzaUMHz6WqWDU8j3hgmf0KiXqVQpOTBfZTcKzW9PfohFwqmm_i4F33o5ZBpWSnOEqcSUs2f0JA-S8Wvec3v8GJydkygeGfKbN5WYO2wh9jVLYDnfO8N5QXYJ5DK0bjQWfg/ps1MUYBiK4tmtBO2e-3Nj8j5uFCtMQoWECDX53D9WQ4),서울디지털인쇄협동조합,2026.7.23,2026.7.31,,,2026.7.23 2:04오후,육승미,07월,
PNA53117_하우스 핸드타월_B1,PO074819,PNA53117-Similiarweb,사각스티커,,300,310,https://airtable.com/appkRWtF2j99XgBTq/pag4McZ2Tc7xALrrs?5hZOH=recWOWtiCUDDjm3i5&UvxrW=recGFOmWKhTE1hD0z&Aq5EA=recM8FiB5pzr9rJSf,Order_PNA53117_House_HandTowel_Zipperbag_Sticker_58x80.pdf (https://v5.airtableusercontent.com/v3/u/55/55/1785139200000/K5AIYXEfr9rG1IaEC6xiXQ/eYVUKJTNW5w2ANGocH9Sk-DSLswep5Q30wGN7VArrIJmgWV4CnqUuOle3YVC_IPj3jpKi_-RtY1yN6aurYrCaLAcgiGm_NejYk7JX1wrfffsmN3dm7ZgAMvcL51HY-QrD4rDKoFXwBuB4djAIaEhTzxDItQPtaXKm2jeJLq0HcnDczkmTqJ_RlNhGK_lP1mhAH0ROIWi8QUjAtA-cp3DZijO3dSDAHzJI-X0bBK3isE/GyD-4Q9WXEIwxRZGu8QFvMm06loOoAaccmLCuPo6ej8),서울디지털인쇄협동조합,2026.7.23,2026.7.28,,,2026.7.23 2:05오후,육승미,07월,
PNA53059_리멤버 타투스티커_B1,PO074830,PNA53059-지역아동센터강원지원단,배경지(리멤버 타투스티커),,100,105,https://airtable.com/appkRWtF2j99XgBTq/pag4McZ2Tc7xALrrs?5hZOH=recWOWtiCUDDjm3i5&UvxrW=recyHLjG2IYvHi42t&Aq5EA=rec7CgAhQ6EvarK3n,Order_PNA53059_RememberTattooSticker_bg_paper_132x217.pdf (https://v5.airtableusercontent.com/v3/u/55/55/1785139200000/EnSAZicaBYoEgqORTQ5ZWA/hWaZ1ekcUHpdnDRQz_cI7ke-njngLfsgpB8LttovVoGjiexi-gKhskZLA2sOXWEfWZfXAwqbbKpRYZVuJdVBqkz54FuJhCzDmtosk8lfvzlK-SeVXkb9RftOZTRBZeorBk4qIGFvrYyrKFjqyThHQNsLURJDIyApTMv3wOXEVvL6h_9Qf2ux4vRdFeOYFXkifsH-BeFeVIlc5-DufShZXUm8dEz9LYAwI24_ds9yXWA/xaWd-oFRILVghBRXUHEq0SicWA2icwfsd10QHwVGs00),서울디지털인쇄협동조합,2026.7.23,2026.7.31,,,2026.7.23 4:09오후,육승미,07월,
PNA52966_아임히어 리플렉터 키링_A1,PO074828,PNA52966-강남중앙침례교회,배경지(아임히어 리플렉터 키링),,400,420,https://airtable.com/appkRWtF2j99XgBTq/pag4McZ2Tc7xALrrs?5hZOH=recWOWtiCUDDjm3i5&UvxrW=recx6BbaIRopB0Wik&Aq5EA=recwa7ygCjm8o0Cog,Order_PNA52966_ImHere_Reflector_Keyring_Blister_paper_105x165.pdf (https://v5.airtableusercontent.com/v3/u/55/55/1785139200000/qdjL88iJ80jqf4awjiLLmQ/248JJ9k6lhcizCXbPOUiXA27Q6OwzV2yj7WCX1g9vUg8vvmVxYW3K-rcPOliPNg6gSDhYnmwn4XiQINaznYM-2nUZlt9tpSVGM6vUeg4MzJi5wg7bqckYyKdXoOrSMuMKiEffRgZDxjkzECLYlegE3XVEXTmnul_cFH3OhIz5uTtdT7hAyxs3Mv3iheiytX-mQdHZBY2pIrE0FPfBLVFtns2dpJlMq1niTqhElz-Oxg/cgu4LvVumjWHvEv7NfngVbFPugKhaHurBHCPN8WkK98),서울디지털인쇄협동조합,2026.7.23,2026.7.29,,,2026.7.23 4:09오후,육승미,07월,
PNA53047_베이직 도킹형 보조배터리_B1,PO074833,PNA53047-도르트문트아카데미코리아,사각스티커(베이직도킹형보조배터리),,100,110,https://airtable.com/appkRWtF2j99XgBTq/pag4McZ2Tc7xALrrs?5hZOH=recWOWtiCUDDjm3i5&UvxrW=recyEM0uoowMQR39m&Aq5EA=recWpKIo7qPKgqYW7,Order_PNA53047_BasicPortableBattery_Sticker_72x62.pdf (https://v5.airtableusercontent.com/v3/u/55/55/1785139200000/bHwrwJKpd53Oaai11r6zqw/FrkQd7pUzV7N3DK6FNy1U-Sco_wjatGv6nsuiqHndNA-T6ATScgYTJ-4Yrm_OOjCH5rSHOJe-nx9ArT1rc_xcEJrOqHXWlGumYdWz-DWzKhSMcMaGZ8Ep0PPePWr3vukPyXE9tLq1NajDhf_LkF3o2FnXUJMapXpgX04GeYwhPbxzyOJc5GYDdwCehG3sONlJXZ8-TflykNSXU9OOwDqrg/82CSKwF2UMseLsOCuoWhEGB_EQJPJcXmLbavKzdsvrw),서울디지털인쇄협동조합,2026.7.23,2026.7.28,,,,육승미,07월,
PNA52744_Solid 스탠다드 G형박스_E1,PO074842,PNA52744-삼성바이오로직스,사각스티커(Solid 커스텀 G형 박스_L),,100,110,https://airtable.com/appkRWtF2j99XgBTq/pag4McZ2Tc7xALrrs?5hZOH=recWOWtiCUDDjm3i5&UvxrW=rec4XHdBAMaZacvNm&Aq5EA=recDlFghuymfNJ35g,Order_PNA52744_(A1286)_Gbox_L_Sticker_62x180.pdf (https://v5.airtableusercontent.com/v3/u/55/55/1785139200000/Yi8NOvhFWlas2CBwoxUiAA/S-grHI7MpQFWTk-kNlFoh_ehozdyitKdzgjZdtv6_aNtnOZAVmskPmktRNc6ZqOFZYN6EIKDHLBFcBmFc0NAsLwoXh-zkt8haXSKz_XHfmJCS62Trs9sNWlRaXEO0um5RZqIaOMnwvu2FkydDqTIVT_AaplhGVoukv6tfDp9wZaF49xS0gMBeJIomFEGSz4EVNKub7-bHp9LtOj0Mz5IaA/qnLzgrKS9mycXtgNCXMISByhZ6vSjWgx7W4uMTz_xyA),서울디지털인쇄협동조합,2026.7.24,2026.7.31,,,2026.7.24 11:52오전,육승미,07월,
PNA52744_프라우드 투톤 명함지갑_B1,PO074840,PNA52744-삼성바이오로직스,사각스티커(명함지갑),,100,110,https://airtable.com/appkRWtF2j99XgBTq/pag4McZ2Tc7xALrrs?5hZOH=recWOWtiCUDDjm3i5&UvxrW=rec8sBiJwJyMLEgZF&Aq5EA=recDlFghuymfNJ35g,Order_PNA52744_Proud_BusinessCardHolder_Box_Sticker_72x62.pdf (https://v5.airtableusercontent.com/v3/u/55/55/1785139200000/KGgJ21b5OxeISqE5apNmFw/2_VahxbmbO-jSxgTp5gjkZjGHe_OIqisf6gVk2aaeQ1L2o3O80tL4UlvEKTKjkv5ZTIg589CdmTYAuMfRhL-abchiKWV3uGH5EZpG7xW51NY1OQ6a5cACG0g6lkgPHWPt3htcEHrzmRlZd5YDUnTiqidAMfmKM5N21OhzLUZQKLdztJr9LYeRndCtAaxfZuazlDjuVFrN20siyNjlYRe2us2UzwaZvNKNrCOFFZKmmE/I5At4echVvXzOxz9Ns9RJ8NK0VsxgR0YqsOxZ-rRXN0),서울디지털인쇄협동조합,2026.7.24,2026.7.31,,,2026.7.24 11:52오전,육승미,07월,
PNA52744_Solid 스탠다드 G형박스_C1,PO074839,PNA52744-삼성바이오로직스,웰컴페이퍼(Solid 커스텀 G형 박스_반투명L),,100,105,https://airtable.com/appkRWtF2j99XgBTq/pag4McZ2Tc7xALrrs?5hZOH=recWOWtiCUDDjm3i5&UvxrW=recy1a2FiA1GhHOym&Aq5EA=recDlFghuymfNJ35g,Order_PNA52744_(A2054)_Gbox_L_Welcomepaper_230x200.pdf (https://v5.airtableusercontent.com/v3/u/55/55/1785139200000/wA7L8VPZRcngfpNjUM1C-g/H-8gLysr9QFkrVdXVvwyvrWQtIpHWY95BX0W0VFbsvurcb7VHEnvuDMUtA1NL08P8EFnAkMrexwl5Xp57g6xKWbGsqLL74PlI1H7OqXwyM-64Uap-y_PAGXwclKzuuM3ryx5KjbGlJD-C0h_5f1FKmbekqaBasu50nyZQsz2lTpsxaQlbFmwTBbax5HpklwN6aGJUOrwBqdHHX6VcLYung/OD23Hvrif5cCiNSfGj1JtUZIHoPRFyCyCfd_lfalfcI),서울디지털인쇄협동조합,2026.7.24,2026.7.31,,,2026.7.24 11:51오전,육승미,07월,
PNA52744_테크 미니 파우치_B1,PO074838,PNA52744-삼성바이오로직스,사각스티커(테크 미니 파우치),,100,110,https://airtable.com/appkRWtF2j99XgBTq/pag4McZ2Tc7xALrrs?5hZOH=recWOWtiCUDDjm3i5&UvxrW=recXUA0wiCBzLRqZO&Aq5EA=recDlFghuymfNJ35g,Order_PNA52744_TechMiniPouch_Sticker_46x42.pdf (https://v5.airtableusercontent.com/v3/u/55/55/1785139200000/57Vuckk8WsTG3gcavDDqnw/7O8HiyDUu5uomOX9GzyUNFkiUcYu7waoEEk64mbGdyqYoc7NQzTQmHUvD3RhGrJkPfJOb1kbw6KQp8R2ZFRt7iPe942HduW-R-kk-WtRU6iI8Ys1hGHgVU_stuKtVLuV1OLuq3RS1Qd4n6k-5sgL6N5-G1aaGTsl9V0jUQcFC0zSj1ku0Owpl1doKxyB36bYkcPvyDMXWvdLQzNw7_W-RA/fUfIZpW_DGalfImG8NlNTOQeAcCtho16IuxNDRJ1jhw),서울디지털인쇄협동조합,2026.7.24,2026.7.31,,,2026.7.24 11:52오전,육승미,07월,
PNA52744_라이트 캘린더_A1,PO074835,PNA52744-삼성바이오로직스,라이트 캘린더,"라이트캘린더_삼각대(커스텀인쇄), 링제본, 라이트캘린더_표지+내지(커스텀인쇄)",100,103,https://airtable.com/appkRWtF2j99XgBTq/pag4McZ2Tc7xALrrs?5hZOH=recWOWtiCUDDjm3i5&UvxrW=rec5xA0l3E9dPWpSg&Aq5EA=recDlFghuymfNJ35g,Order_PNA52744_PO074835.pdf (https://v5.airtableusercontent.com/v3/u/55/55/1785139200000/BrTlU79C6D9fXm6YoxUjDA/hkA-oz3D2ROUlJttVFREq43vMlDRk0F2yAuKLUL6h3AwH7qePyZqYZnc0YInPAD136k-t1MuOHMQjbSHHN1xcBCtbbVpZMH1tZJ8JOCzhd7kcvbI4howUJFrHk9iRK9P5Wxqh8OG21BmMOTzeObA-uvsc1WKudKXm8Z1iPQMOV0CYg727Dl1Fkj170MwpFko/Xe8cJedjL9j6MZuZx9YOChjLDDZFRCR5dpLRKeDBfPk),서울디지털인쇄협동조합,2026.7.24,2026.7.31,,,2026.7.24 11:52오전,육승미,07월,
PNA52276_심볼 NFC 키링_A1,PO074849,PNA52276-뤼튼테크놀로지스,배경지(브랜드팝키링),,300,310,https://airtable.com/appkRWtF2j99XgBTq/pag4McZ2Tc7xALrrs?5hZOH=recWOWtiCUDDjm3i5&UvxrW=recDleQq7ocTJbHcx&Aq5EA=recxwztT57ROxBvIS,Order_PNA52276_Symbol_NFC_Keyring_bg_paper_76x163.pdf (https://v5.airtableusercontent.com/v3/u/55/55/1785139200000/Rd9OhIQSKd3EisNfL6VaMg/jHFeTH6Lmwi3VopcUEjvPlPPXxkK8CQPmMLiMYzYWoi4-tC0FYURp78jCttHL-csW3VXk21OmIdE8DzRXmJ17SfNM3xpTV8ChHRyyNBzOIJRAPoUbu0d2XAsB9QVhwuR_6f0LXrvNHhmjxPeUdYB0JHJ_0F034N2BDO7smJURYAx3U-j_foz31dEZWH-ffQsmnAcNI4mNsDiz08fR8toIg/GycqU5EBRaLDpeGoK6llUtX-psbg4jx1pWp3tZ81aEI),서울디지털인쇄협동조합,2026.7.24,2026.7.29,,,2026.7.24 3:17오후,육승미,07월,
PNA52276_아이덴티티 스티커팩_A1,PO074846,PNA52276-뤼튼테크놀로지스,아이덴티티스티커팩,"OPP, 아이덴티티스티커팩(리무버블유포지9개입 ), 배경지",500,505,https://airtable.com/appkRWtF2j99XgBTq/pag4McZ2Tc7xALrrs?5hZOH=recWOWtiCUDDjm3i5&UvxrW=recf6vgcStoNcJZyo&Aq5EA=recxwztT57ROxBvIS,Order_PNA52276_PO074846.pdf (https://v5.airtableusercontent.com/v3/u/55/55/1785139200000/Z7iArakze0kIdAdNtZiElA/nV5Wh9nnqTluvcADKiPquupmarg5xFZerImjNNgXZMg3N7724xoxpWyteoPdZvuEgbVrNeWmEgLyi_-aSBkPLL9-XS-rkYjHe787uFB66BYyzaUoUwtZCO1WIqXdue04QtP5Vs28iuxzzdm4IzTZ7sIjVbyDGp2ncnDBwjQVwJiuFjitu6Db8HLaPm9aLvap/Dbcfv9heSww4Wnxz1AvSI35GRWyyO8eX012Po0p0YSg),서울디지털인쇄협동조합,2026.7.24,2026.8.10,,,2026.7.24 3:17오후,육승미,07월,
PNA52276_스펙트럼 컬러펜_B1,PO074851,PNA52276-뤼튼테크놀로지스,배경지(펜류),,300,310,https://airtable.com/appkRWtF2j99XgBTq/pag4McZ2Tc7xALrrs?5hZOH=recWOWtiCUDDjm3i5&UvxrW=reckj9A6u3rv1GNrh&Aq5EA=recxwztT57ROxBvIS,Order_PNA52276_SpectrumPen_bg_paper_33x167.pdf (https://v5.airtableusercontent.com/v3/u/55/55/1785139200000/bcov2kUFAPrDxNU5R8pJDg/-EnNzdY0MG8mRfgjEYDrNnakrQi1Id_Kg0OAkuBtb7sf_Gf5BmOFE7OvZFCEIoaI6Wyrm69gBQghVZptC77kSXe7m_p-GFR_coxBrqbRWNl02WIvWefbSCk9S74hq8X5X9MNcFh2KHrLvl1eWO-y2xPnSCXMyf9dB_8GpLo5g9hRCGT4c9atTxFdZhQwXA1uaaOpWAktvjSGPIe1jP9beA/pYfP2jEQrupoRTK0a_C8cxXFBTd5t_hk_UQRRBBwxOc),서울디지털인쇄협동조합,2026.7.24,2026.8.10,,,2026.7.24 3:17오후,육승미,07월,
PNA53053_에센셜 와인오프너 세트_D1,PO074855,PNA53053-스패로우,웰컴페이퍼(에센셜와인오프너),,80,85,https://airtable.com/appkRWtF2j99XgBTq/pag4McZ2Tc7xALrrs?5hZOH=recWOWtiCUDDjm3i5&UvxrW=recNdjEFM9e8VXJkn&Aq5EA=recoVCpqeWYDt9x5K,Order_PNA53053_Essential_WineOpenerSet_Welcomepaper_Colorprinting_133x73.pdf (https://v5.airtableusercontent.com/v3/u/55/55/1785139200000/dvEHZrrgqN4pmfVfIEGGSA/-XsoQ7xiZWE2y-Lvyp3Fuq-oKY_opzm-uNTgjtODzgcDo9TXocBl0qLhhTVXzbkUkxUGTAORtJDhGKaFi7pU6-sru56OJRtw2plnORdK_7WHi2rU-4Gh-7gG2J8pWJGXGi5ubMW1tFiWJTMS3lx6MSrkELA1oklM-GMLGpMO2C-isY30_L64cvJWaXVs3YhOG3meysyOIVLNNwPTnIep3xkLsJ7lZMXx-BuUPj5vxcbJ-D48lJ6O0otKM1Wsknif/IvrUUEFqpcHmD1e2tPNwt46aZYMW7jv3vKO4_6wnq28),서울디지털인쇄협동조합,2026.7.24,2026.7.31,,,2026.7.24 4:09오후,육승미,07월,
PNA53096_페이퍼 샤쉐 [1]_B1,PO074858,PNA53096-유비온,주의사항표기택(페이퍼 샤쉐_골든뱀부),,500,520,https://airtable.com/appkRWtF2j99XgBTq/pag4McZ2Tc7xALrrs?5hZOH=recWOWtiCUDDjm3i5&UvxrW=recYl3XCdQlbQ7D9N&Aq5EA=recaHP2sTUUoOSdak,Order_PNA53096_Papersachet_Tag_GoldenBamboo_A2.pdf (https://v5.airtableusercontent.com/v3/u/55/55/1785139200000/KlV63atSPD3UDtcXkADSJg/2_7eDTA1ezAb-p2OJvM6PVbfZOliTlgvLijpR73SYCp3bkRJDFeGUMhhdSUMuSA0J51Y8tnibB03wlM-cAAD0IT8M9o5tv8qDtkzP9cUXwJclSE2xHl-tO1oneoTEhPon7OMaIBVw9p9buXD1cRFSgOUfF5zhhE5hVRVSY6bvhrBBL3ivy9AIBcPy9moSQKj051Ro9sdJOAyt2XkS2oh3g/D8HqKqxjPXTWjbdwzZgBSqJwmgc-UbBtGjKVtRIqG9c),서울디지털인쇄협동조합,2026.7.24,2026.7.31,,,2026.7.24 4:26오후,육승미,07월,
PNA53096_페이퍼 샤쉐 [1]_C1,PO074856,PNA53096-유비온,사각스티커(샤쉐_낱장재단),,500,520,https://airtable.com/appkRWtF2j99XgBTq/pag4McZ2Tc7xALrrs?5hZOH=recWOWtiCUDDjm3i5&UvxrW=recrs9pmAjhgBrcmF&Aq5EA=recaHP2sTUUoOSdak,Order_PNA53096_Papersachet_Sticker_46x160.pdf (https://v5.airtableusercontent.com/v3/u/55/55/1785139200000/ie2JpjI_X3uTZYWqC7B6Cg/1ZG5GubFGV1OUx92HBaMmRRTJefISoMamGY_-wXgdrVqJaY9cUtoosmFL8rxUKKI-TzImjh7gK-m8Oj2bwE0cgy6XfSBPO9grhQxl6wOn3m_d3jgqHBV3rjFv2Qe0ip2b0GFr7TfjnU2gegk3mMxwTRe4xJduSjG3AL1fiHyA4GyiYW9q8W7fB3GD4oC1QrlZhFQOguYlRXpcYkFcjvpyQ/YkSE5Ep410jbgkWe4WQHfLxmKNsl8Qk5DZ7Aw7JZLJE),서울디지털인쇄협동조합,2026.7.24,2026.7.31,,,2026.7.24 4:26오후,육승미,07월,
PNA53096_페이퍼 샤쉐 [2]_B1,PO074861,PNA53096-유비온,주의사항표기택(페이퍼 샤쉐_골든뱀부),,500,520,https://airtable.com/appkRWtF2j99XgBTq/pag4McZ2Tc7xALrrs?5hZOH=recWOWtiCUDDjm3i5&UvxrW=recuhUWKVJda4GDx7&Aq5EA=recaHP2sTUUoOSdak,Order_PNA53096_Papersachet_Tag_GoldenBamboo_A1.pdf (https://v5.airtableusercontent.com/v3/u/55/55/1785139200000/cRgx2SwYpR6F2x1kFpTZNw/A4dUzK62HsrOpSZJ2f14B275AFotuouHgxTm02nAG6uQl0ZesxZzsQSbz8mPNpGpHjAgEFLJxP5prU9ZkJmuTB9QlVdJUZY5AdDXjNNTHC4DdY3DODAhchKq_sOZEKsmgifbg74AIecq_Wimi7mq-kctAMHIoPy38Itk316uiGOPOTUmebTtbuy4pzophsAk3XYJ2msq-w6zpnKXiDg6vw/BW-3dcZrmVsm9Zdf-EH7h9oyTHBcBOXOo-WbWqK2ZJo),서울디지털인쇄협동조합,2026.7.24,2026.8.3,,,2026.7.24 5:19오후,육승미,07월,
PNA52276_Quality 슬리브박스_C1,PO074859,PNA52276-뤼튼테크놀로지스,웰컴페이퍼(Quality 슬리브 박스_반투명),,300,310,https://airtable.com/appkRWtF2j99XgBTq/pag4McZ2Tc7xALrrs?5hZOH=recWOWtiCUDDjm3i5&UvxrW=rec0vP9WI4V1c15Ws&Aq5EA=recxwztT57ROxBvIS,Order_PNA52276_Sleevebox_Welcomepaper_Mist_230x200.pdf (https://v5.airtableusercontent.com/v3/u/55/55/1785139200000/Nq1QLK2W2BG9M0R-qnQkbw/cRyCCsQ4kuU8RdJhLGZJ6ktgrXrpIDvT-OAtCdTXVk8tHKVIsNHoGpSELYM3XbfT1HsfF-iJZg_T5BgwnAxlZhRwIkPPp7_uNQOxtanh_iYHIBxeZiDVk_MKZHJN6JW8YBEeDA9SZNJiTLLU0UOZGqMqQXFwijtgUCMRwNKwwhRcvJyZASqBALRTWHeM5M2zQb9BMBuG4TFPQPFfZgJSkg/ALGKVqgbNOwFcqSKUDC6YlQ6AboPYFuGoUcSnziiYPs),서울디지털인쇄협동조합,2026.7.24,2026.8.5,,,2026.7.24 5:18오후,육승미,07월,
PNA53163_노트북 스탠드패드_B1,PO074873,PNA53163-초등교사커뮤니티인디스쿨,웰컴페이퍼(노트북 스탠드패드_반투명),,50,55,https://airtable.com/appkRWtF2j99XgBTq/pag4McZ2Tc7xALrrs?5hZOH=recWOWtiCUDDjm3i5&UvxrW=recbm24dCAX141HBB&Aq5EA=rec4SzOViGO0bncHY,Order_PNA53163_LaptopStandPad_Welcomepaper_302x210.pdf (https://v5.airtableusercontent.com/v3/u/55/55/1785139200000/Hx0LKrE9ZIDpZO7chQxwOg/8V1j9UbA2lsSPfYGj-s9ryNfkZsfypBS3_o2hSBQWd1o79haCmnaiYiBH-CjmbCC5kvoXHhHzyWlECdq2gitIULhJjDB1LfiyjGkuNZStHIKUo96J6c1dLwJt_kNKWCcorovQEwbBSw_pmWHaTcv5ZbBQ4CbXZPreIuavJy-vkvJ1Ue7lhlZ25s6Yus_Jfl5LZZOZBfXPWh28OGwbEN5qw/SnYXZzNZ7n1ClnXtLc0ShgcMTP4Gx_9K1ANMb1nzYps),서울디지털인쇄협동조합,2026.7.27,2026.7.31,,,2026.7.27 10:43오전,육승미,07월,
PNA53163_노트북 스탠드패드_D1,PO074872,PNA53163-초등교사커뮤니티인디스쿨,사각스티커(노트북 스탠드패드),,50,55,https://airtable.com/appkRWtF2j99XgBTq/pag4McZ2Tc7xALrrs?5hZOH=recWOWtiCUDDjm3i5&UvxrW=recbArnuVMejFy3Uv&Aq5EA=rec4SzOViGO0bncHY,Order_PNA53163_LaptopStandPad_Sticker_58x130.pdf (https://v5.airtableusercontent.com/v3/u/55/55/1785139200000/uCVRROKXejKEc_pa7-Li6Q/fpTkUHeMciepjUv8xlrWINkSwvGsQrcFxm7jutXXgdo5Ra_IDCtv2Fh0bLcMwQFTXvrhvnzdWv6zsS04T7NMKa6yILZ8iNSZuO0GZYE27cmHjhOKbvfmDGJKGVnNLKoz1SUt2q8ZuP0coah-Lw-C4PCe-OlJu_eOa02itF3_xYb8nIXSadDQTYMVpI5utnZ1KUOXEtNW2YP5XBUG-Wzefg/UfkveuVtkpKEjliyTZ3beTZfrkDiHTF1aI6rlwtznlU),서울디지털인쇄협동조합,2026.7.27,2026.7.31,,,2026.7.27 10:43오전,육승미,07월,
PNA53098_Tailored 스트랩 박스_C1,PO074868,PNA53098-한국무역협회,웰컴페이퍼(Tailored 스트랩 박스_반투명+블랙),,230,235,https://airtable.com/appkRWtF2j99XgBTq/pag4McZ2Tc7xALrrs?5hZOH=recWOWtiCUDDjm3i5&UvxrW=recw5JzwdwZAJ2knf&Aq5EA=recZHyMcsg5QVcZXD,Order_PNA53098_TailoredStrapBox_Welcomepaper_Mist_Blackprinting_380x260.pdf (https://v5.airtableusercontent.com/v3/u/55/55/1785139200000/QzDmKOyzuaiPEEw3Efv2JA/E-KfOJfl-pfR5gfpfM11X9Ua1Pegw8lhYcjRW_Uv3YswOslfiUfoE9N5JrcetBMbrcGAOc_-PRuHiRM5t-1Go4UqyvO42Mq9_ySZ7j_loKF-K2xk9S3ybgBh6HuLtMWuF1hXCK0iQMECBqQxz2k08KAPwAvA9wC5io_paEx52TIbUf4nZhxy0JCGPJTFmKcAiYBNR607eSzZHIO4iJbftxkHkj0yMR7rBWu8Bf3mK8ws-_4cI-OBO2XRybL9OlVI/iP_HIs0h2I321Oi3c5Bmr9Fmh_74xia_gu-rpi3_ag8),서울디지털인쇄협동조합,2026.7.27,2026.8.7,,,2026.7.27 10:43오전,육승미,07월,
PNA53163_미르(MiiR) 텀블러_C1,PO074871,PNA53163-초등교사커뮤니티인디스쿨,사각스티커(브링유어컵),,50,55,https://airtable.com/appkRWtF2j99XgBTq/pag4McZ2Tc7xALrrs?5hZOH=recWOWtiCUDDjm3i5&UvxrW=recOSVsUObeZ06lEw&Aq5EA=rec4SzOViGO0bncHY,Order_PNA53163_MiirTumbler_12oz_Sticker_72x72.pdf (https://v5.airtableusercontent.com/v3/u/55/55/1785139200000/M__no8ueigFl-n-tRwqFyQ/Spi_c7QfjnKjUGLjxJ5eIbE6MhdpI_UjqkEYFHMmdWWM1wA-PeNnCGLWI8JZTdHF1oQZlOgI5W4_E_9tZoVsm4USyFnlz-FzeBJ4eQIwEd8NdlDYd9HmXXp4FYGNMG-N0DnX2kv5Dc6TFjL_ATBhNv36TGFE0UTvluOEs4mJPcakhhenx78AMVze-bjNwuiVtyid-9GcZy73motL7h0hSg/x95ngV_YmKPOLuzrzkLVDCbuCtrNtTAzYiY6pDF6fMY),서울디지털인쇄협동조합,2026.7.27,2026.7.31,,,2026.7.27 10:43오전,육승미,07월,
PNA53098_Tailored 스트랩 박스_P1,PO074880,PNA53098-한국무역협회,,,230,240,https://airtable.com/appkRWtF2j99XgBTq/pag4McZ2Tc7xALrrs?5hZOH=recWOWtiCUDDjm3i5&UvxrW=rechCn02qF2iw6DMv&Aq5EA=recZHyMcsg5QVcZXD,Order_PNA53098_PO074880.pdf (https://v5.airtableusercontent.com/v3/u/55/55/1785139200000/BkK5KQn0afxarrnkD1BJfw/moieyRCSchee7sKubX7Niq7IgkNvO8SRHRFv1psQ2IOFr6VcFfgxlmx59pjlkIjd0qSrdkoGbnwGg9mAuJNKmy63_k178NiBwqCwWeG3P-u7O701a7aR3l4vvOsKY20bUcXenDCjICRs__qoCb8ltuU1EJ2OAJrsraZSachzavSDI0knQMCb1jCFpTFP6R2_/N5GfBoKDWYtIwKw9JE7t72DgNFAFWtATvM9fu_yjuu8),서울디지털인쇄협동조합,2026.7.27,2026.8.5,,,,육승미,07월,
PNA53098_밥용기상자_P2,PO074878,PNA53098-한국무역협회,,,230,240,https://airtable.com/appkRWtF2j99XgBTq/pag4McZ2Tc7xALrrs?5hZOH=recWOWtiCUDDjm3i5&UvxrW=rec2IG6euGbOSAu1F&Aq5EA=recZHyMcsg5QVcZXD,Order_PNA53098_PO074878.pdf (https://v5.airtableusercontent.com/v3/u/55/55/1785139200000/2OkfK9qq8kgmm2bphAYifg/OWPE4aB6RSn7Twti4y1McIDq-M9lpK_sbNfkO-JNJEh_3-96RuobKLtopAHew5aNqKCY4-cB2FaqoK_CJ_HdyE6i4Iv_OnwdisCdiB9kBB02OFGUB4VfpdLZwDQab6AXXYYRZTP-34tw8MPQCLFH6m3Gi-bHu8sSAhN-2JyucOY-do--dm9qjnG7rvpfQzng/6JkjZ11nU3pWKeeOrv-jO7IlS3Y7C6a7ENeM8UuLfxk),서울디지털인쇄협동조합,2026.7.27,2026.8.5,,,,육승미,07월,
PNA53029_파워업 PD 충전기 65W_B1,PO074904,PNA53029-GC녹십자,사각스티커(파워업 PD 충전기 65W),,300,310,https://airtable.com/appkRWtF2j99XgBTq/pag4McZ2Tc7xALrrs?5hZOH=recWOWtiCUDDjm3i5&UvxrW=recbN2CwY2hnZCN6z&Aq5EA=recIY0aSePBTcWjW6,Order_PNA53029_PowerUp_PD_Charger_Sticker_72x62.pdf (https://v5.airtableusercontent.com/v3/u/55/55/1785139200000/zWmF1QFfmiwTdylaXbovMQ/YpHsQGbug_Ptlrjd11auGQMVnHYs35mFcls87gEtt8Rha49P0j8XA59vBJT2X2X_8dqgio-WqMl8jrmIKbtiI7O_KXFa66XAug_AhgWj66dUsqvtCrepQE3T4CautoojuDGSS8-Ro4CHqY6AAjWrHf24YgwmlGavs5A61TJZwrN90EC2CIH4UMIx02NzLdvHbVs6AM7Kbwc358dn_sBGzQ/U0VoMG-o54x5g1bUMan_ZOcbDSrHkvnJHQBPVBl0uOE),서울디지털인쇄협동조합,2026.7.27,2026.8.3,,,2026.7.27 2:02오후,육승미,07월,
PNA53029_아이덴티티 스티커팩_A1,PO074900,PNA53029-GC녹십자,아이덴티티스티커팩,"OPP, 아이덴티티스티커팩(리무버블유포지6개입 ), 배경지",300,303,https://airtable.com/appkRWtF2j99XgBTq/pag4McZ2Tc7xALrrs?5hZOH=recWOWtiCUDDjm3i5&UvxrW=recLxfoT2ptLGeykO&Aq5EA=recIY0aSePBTcWjW6,Order_PNA53029_PO074900.pdf (https://v5.airtableusercontent.com/v3/u/55/55/1785139200000/8Ekuh3wBghz4xG7VxZPhAw/AIwPWCt3AZZJinUnaUgWLaXNBEmtKUNo7euTm7WAFgKTvQnuQOR69b_NnhnxzZTr0O1PDbXDgyQoY43Cg3hKxqJWyoIF6bfVCKG1dCalT1A1JwdJQV31LBRoYFvrktHudgPkV8uIw1CTqXPfeLiveY4xOKIIAjHJC5Ftp1FPVBrJ7m0A0gWuUBNdxR2tkhOl/Jf1aa_fMMeiT-IdZGxZpPipBMieCkgLgl6xurQJsZIg),서울디지털인쇄협동조합,2026.7.27,2026.8.3,,,2026.7.27 2:02오후,육승미,07월,
PNA53040_베이직 도킹형 보조배터리_B1,PO074890,PNA53040-셀트리온,사각스티커(베이직도킹형보조배터리),,55,60,https://airtable.com/appkRWtF2j99XgBTq/pag4McZ2Tc7xALrrs?5hZOH=recWOWtiCUDDjm3i5&UvxrW=reclIBGtlrq8bk7W2&Aq5EA=reckizD0lrY1iGWe2,Order_PNA53040_BasicPortableBattery_Sticker_72x62.pdf (https://v5.airtableusercontent.com/v3/u/55/55/1785139200000/9NwJYX01-hv3M5W0XFGvJA/84DA1Ov561EdX9rQRePWMmlDYZOG0C-YskymyFe_fyoifD8iHJ_C0emUG8S9S5cWwskKyQQbLUAVzhXSjrRgjo3x61z1pjoInZKTqQZgkMXLwHIXEw8EWW9ywudCr-7oJybCapJuII_C7Ibamh3ooJ9aSVG9bmlnW42AeSUF4iSfP1UtjOnXLxQkA8h7UP4Vw6GtGHZP25aJZjT6hcffww/cDzg4fbWC2ohgsBQWgssHrUg957aTfgLoKw-5S6Wi-g),서울디지털인쇄협동조합,2026.7.27,2026.8.3,,,2026.7.27 2:03오후,육승미,07월,
PNA53029_와이드클립 펜_B1,PO074901,PNA53029-GC녹십자,배경지(펜류),,300,310,https://airtable.com/appkRWtF2j99XgBTq/pag4McZ2Tc7xALrrs?5hZOH=recWOWtiCUDDjm3i5&UvxrW=recPwvUziEIqdG1Qy&Aq5EA=recIY0aSePBTcWjW6,Order_PNA53029_WideClipPen_bg_paper_33x167.pdf (https://v5.airtableusercontent.com/v3/u/55/55/1785139200000/3W3G6GPr17OqeRmibz6L2A/l7qynhdDvsSSXhegAxgOnwUNAx8o95YdTJFilKumIVjvBZiWqBUWFtW3ZXZ27qS7MspMiSBZD-5qL1S4gVu4tKDGxciH9G_mtY7108793cMMuz0tY9QaMP9cnOPy9HFkfpOh_bWiKPMu8qD_RpgKx2VLjSMwYPRx_0JDQRa4mcm0I4RbsEed-41PYW1_ForX7HYKjsDLvsAYKSW8Asg1QQ/_yV8yK9p6l1reCQ_nz1DwhmSjQpcjwso_5t4JBAaEEA),서울디지털인쇄협동조합,2026.7.27,2026.8.3,,,2026.7.27 2:02오후,육승미,07월,
PNA53040_Solid 스탠다드 G형박스_C1,PO074893,PNA53040-셀트리온,웰컴페이퍼(Solid 커스텀 G형 박스_반투명L),,55,60,https://airtable.com/appkRWtF2j99XgBTq/pag4McZ2Tc7xALrrs?5hZOH=recWOWtiCUDDjm3i5&UvxrW=recFIpj27FmQ3p51F&Aq5EA=reckizD0lrY1iGWe2,Order_PNA53040_(A2054)_Gbox_L_Welcomepaper_230x200.pdf (https://v5.airtableusercontent.com/v3/u/55/55/1785139200000/NYUPqcHQI9j4wMYojBfFkA/PoeQKZIwwsUWWL_trUvSgOANxqePaRHFgduPa2PuSmk1xxSWHGIT3JGksD8sUZJ6p5EQhd8SPaO5lXNbCamtQEd7dxFALcsMMvib8kttuE4cbAmqANzGBd4xK9LXQ-xJtsMh-0aQ5xgyCXtE24w2Qw0JzYc6JPLvbUdf80MLd42pqHuVlFxhMR8UTAgzQyc8SfHdJgFBbcezWbGs5ag5lg/zPNEOfshisYd3PRSTnauJa283oB-eaKX9zFiiLRpeKI),서울디지털인쇄협동조합,2026.7.27,2026.8.3,,,2026.7.27 2:02오후,육승미,07월,
PNA53040_클로저 휴대폰 스트랩_B1,PO074887,PNA53040-셀트리온,배경지(휴대폰스트랩실버팩전용),,55,60,https://airtable.com/appkRWtF2j99XgBTq/pag4McZ2Tc7xALrrs?5hZOH=recWOWtiCUDDjm3i5&UvxrW=recf5hUyDPROomK8y&Aq5EA=reckizD0lrY1iGWe2,Order_PNA53040_Closer_MobileStrap_Silverpack_bg_paper_98x152.pdf (https://v5.airtableusercontent.com/v3/u/55/55/1785139200000/kE1xkBzWo0pzaHUU_Ik54Q/238syaxHM91hrw2do7kpVnOC2bttgyBuxHrR7KfuK2IcrX62EReQPWbZ43bcsOOq3KpZvkwNCuTx5jnH8n6_Z81YTzlsRqiuCkDUl-iQSan3CgcYI8R8r8LzHI91vmIZADW7pj9A0SyxbRFMaBF_a7hUdKXqgbi15e-NXkF4RVT2OVVGDenrxYAPFYCMr1zUf8pL2c4y-Pihe06lIPEsJzd7J_PTRNwODdhxz4jtpAQ/e_mOFhC6bVuRpltZFZMgQywS4jPZ3riXno9zseLdTrs),서울디지털인쇄협동조합,2026.7.27,2026.8.3,,,2026.7.27 2:03오후,육승미,07월,
PNA53040_Solid 스탠다드 G형박스_D1,PO074884,PNA53040-셀트리온,띠지(Solid 커스텀 G형 박스_L),,55,60,https://airtable.com/appkRWtF2j99XgBTq/pag4McZ2Tc7xALrrs?5hZOH=recWOWtiCUDDjm3i5&UvxrW=recW4VTC75XIUHFnJ&Aq5EA=reckizD0lrY1iGWe2,Order_PNA53040_(A0887)_Gbox_L_Band_85x665.pdf (https://v5.airtableusercontent.com/v3/u/55/55/1785139200000/CtP94ykrPs8TTkdpqNvKyQ/_cy0SfgCDwscfBywf6E-trqDJ8nEmgMr_KLdVrBhmWug9lFAbWfPko0I3a51qJ5q5n3-w8P5AxZQQegm_SDfUw_MOeGTOPoG-Y4RWPrR1Oc_5wg4r3LyUeUHeq3BNzw5OMf7f37H9bKcqxkRezBZtD_GC48HAVwrFH4DTSM32zts0Ngs-m4nxJfocCsiKMukWSJwpHB7ja4VfG6wkS2s1w/cITCA4YuCynJOzmXXz6w-e3Qt6rKQft1sjLDltze_y0),서울디지털인쇄협동조합,2026.7.27,2026.8.3,,,2026.7.27 2:03오후,육승미,07월,
PNA53040_스펙트럼 컬러펜_B1,PO074892,PNA53040-셀트리온,배경지(펜류),,55,60,https://airtable.com/appkRWtF2j99XgBTq/pag4McZ2Tc7xALrrs?5hZOH=recWOWtiCUDDjm3i5&UvxrW=reczmD7H2bAA5CZp7&Aq5EA=reckizD0lrY1iGWe2,Order_PNA53040_SpectrumPen_bg_paper_33x167.pdf (https://v5.airtableusercontent.com/v3/u/55/55/1785139200000/tUUqR-ghzsbJACm42wBFuA/w_uwtGiUrjL0Uh2ANZFK7e5ZSkOiKqHpxt2ZvgHF2qoJaunDG3v_dlJYc2qcQrVlUAvb2rj9ntlqq520UjKcvRGkCMbohNbUeTJdSqVX8BcbNahHqCdhZkyGtw-1z15WDTSAT9PIYq9ajTw6YXDIpCuEIDM3zXf2tXOdaBhU3uEgKyCJaHi3meE7WDr4U-2-u7SeelCzOEZvdv2HBnpwyA/C8gSDdEfM-G30T8dk5HGQhHd_f-8g1zJcly3ME6uwpU),서울디지털인쇄협동조합,2026.7.27,2026.8.3,,,2026.7.27 2:03오후,육승미,07월,
PNA53029_커넥트 6in1 케이블키트_B1,PO074899,PNA53029-GC녹십자,사각스티커(커넥트 6in1 케이블키트),,300,310,https://airtable.com/appkRWtF2j99XgBTq/pag4McZ2Tc7xALrrs?5hZOH=recWOWtiCUDDjm3i5&UvxrW=receYo1JeQSpg1W5M&Aq5EA=recIY0aSePBTcWjW6,Order_PNA53029_ConnectCableKit_Sticker_49x33.pdf (https://v5.airtableusercontent.com/v3/u/55/55/1785139200000/IbpZnsCX77GnOp83chz2Tw/2gO5k1RfqZbxp_S1SBGTh76o3RVgWsJskta0IrFoFPyAq4y_rlJtiN-3H1wUuHrssjKNtYgvdIYrnoiSu0eCv7F3rf54DVJU-fbjKZ7gKOljN5I7-4qsCA4POYYdPuNfJBVK7HW-CFQaHtZbpoRaj0SpRX678duqc0lUgYnlOlu74qnZkIx8jRMI0NEgqAwPCd_qADUVWv0yMRAMPE0k3g/p-dGsfBCtOcr_HgjAaNIUBAY7idJ80UCVJJcGIAjMiM),서울디지털인쇄협동조합,2026.7.27,2026.8.3,,,2026.7.27 2:02오후,육승미,07월,
PNA53040_풀커버 스티치 노트_A1,PO074886,PNA53040-셀트리온,풀커버스티치노트(디지털인쇄),"풀커버스티치노트(레드프린팅)(커버), 풀커버스티치노트(레드프린팅)(내지), 풀커버스티치노트(레드프린팅)(스티치)",55,57,https://airtable.com/appkRWtF2j99XgBTq/pag4McZ2Tc7xALrrs?5hZOH=recWOWtiCUDDjm3i5&UvxrW=recRPnVKzFFNtnUcB&Aq5EA=reckizD0lrY1iGWe2,"""Order_PNA53040_FullCover_StitchNote,.pdf (https://v5.airtableusercontent.com/v3/u/55/55/1785139200000/LLNgxC4R0j62vy9NHZZ1qw/9NnEKOyU7hE9YRPt4Jt26GP_3UMvgeugeyxGMrs7YSZwm5aHF0W3mK6eaYuPUqXQ4yaLyA30KygbL56HAyUe_ib_qwqlpXjp7cpUJ8LBzMEq4c0u73totUzo1AV8NM2lWVjDIb2OKQDCN4UY3ENu8tX8oCkUO_zt9u3e6hJhC-yNc9P5DQjoSVf9r4Tecm5YUr30yV1-X-PdPEYFX3rjNg/Znbqfz8ibgKgccMvJgFiq33RBCi3cFoV49BWwThpVwM)""",서울디지털인쇄협동조합,2026.7.27,2026.8.3,,,2026.7.27 2:03오후,육승미,07월,
PNA53029_데스크테리어 매트_C1,PO074903,PNA53029-GC녹십자,사각스티커(데스크테리어 매트),,300,310,https://airtable.com/appkRWtF2j99XgBTq/pag4McZ2Tc7xALrrs?5hZOH=recWOWtiCUDDjm3i5&UvxrW=rec5nj55Z02snwtFV&Aq5EA=recIY0aSePBTcWjW6,Order_PNA53029_DeskteriorMat_Sticker_86x124.pdf (https://v5.airtableusercontent.com/v3/u/55/55/1785139200000/3uiEdNs2h23Dg85X0S2FRA/TR85EqJob8QRDb8GdWlyzcU9h3hhxdFgGcSFhmAfH_xXDfF66oRkvXvfLT6w60QN58Q0TpUnz4SePyPND_bnlN43zPMSDuw5szUYeBcvRAcCgo0EZpC_Tq-g3jXAv8nPqPkaqFJVAovow14ii7B2YcsKjZXkX_JCGH7XuxwDKt3b45fDEPiTmmvC4V0S-uyhOEI3HG4t6j4zXr7sBb9y_g/WXTNjpiG3yDVAWbHT8zsuUNrqRyZ8T_GQVqEJA811W8),서울디지털인쇄협동조합,2026.7.27,2026.8.3,,,2026.7.27 2:02오후,육승미,07월,
PNA52795_브랜디드 피규어 키링_A2,PO074601,PNA52795-메틀러토레도,브랜디드피규어키링,"UV, 피규어부품(헤어/모자), 핸드블록(B), 피규어부품(손), 본드접착(키링), 실버팩, UV, 브랜디드피규어(기본피규어)",200,202,https://airtable.com/appkRWtF2j99XgBTq/pag4McZ2Tc7xALrrs?5hZOH=recWOWtiCUDDjm3i5&UvxrW=recDBJJovdQzzniXm&Aq5EA=recVdH2kcvnolTwRj,"""Order_,PNA52795_BrandedFigure_Keyring.pdf (https://v5.airtableusercontent.com/v3/u/55/55/1785139200000/IMEZYXvngKHkZ8Pv6KcK1g/YXB0U-lnDTL1v1wJC8DEU_t5Z_jpvMjGEF14Y8Ym6k4hL7klPBBKfwWZGhvBZRBkXcObc4_QWAtLCIBfdblfybx6q27v7gFXEODkp4zPkLIfeldzzSxGPFfeBE_MIFrY7XVCh5fnByCZJ4KZIlq7KglyTrzGFIL4bIFxyWsH7euYf2inY2f0BU1c-s1F3z_NN6QpehKtg3OLDWCRZ8gayg/LpGP2iO_8w_i8ai5695dACeO3NnR9rC8cyVpWQ-eDR8)""",엠알오즈(MROZ),2026.7.13,2026.7.29,,,,육승미,07월,
PNA52734_브랜디드 피규어 키링 [1]_A2,PO074677,PNA52734-한양대학교일반대학원총학생회,브랜디드피규어키링,"브랜디드피규어(기본피규어), 피규어부품(손), 실버팩, 본드접착(키링), 피규어부품(헤어/모자), UV",125,126,https://airtable.com/appkRWtF2j99XgBTq/pag4McZ2Tc7xALrrs?5hZOH=recWOWtiCUDDjm3i5&UvxrW=recT7MsUmEnIv9bN1&Aq5EA=recw9yoOhAbRnaS2A,"""Order_,PNA52734_BrandedFigure_Keyring_A2.pdf (https://v5.airtableusercontent.com/v3/u/55/55/1785139200000/SM9--XurRaBhTOoGzU2h4w/b3NxpGl00m3nLtElBnHAoN6xD1-1Mv1O_ngDC0FDlr9hjr-jep9vK_AtrfQgs6aTsKtsfHiAbfA9fRkGf_hp0_gh0ilYUfK1-wb33WzOd1y0BKc1k81P6TCmapkbLjj8zMxuEbq8lAyretAntZqLNtKPvvAMo7M4N6_o07O-t9uTNnFkgDXzYE9_UuemANVwsGH4lnyrBOY5nRVpR-yGyg/66YHPPt2J_GDmY3cYSrYaMkleFG3G3DItsvQHY8f3gQ)""",엠알오즈(MROZ),2026.7.15,2026.8.3,,,,육승미,07월,
PNA52734_브랜디드 피규어 키링 [2]_A2,PO074675,PNA52734-한양대학교일반대학원총학생회,브랜디드피규어키링,"브랜디드피규어(기본피규어), UV, 실버팩, 피규어부품(헤어/모자), 피규어부품(손), 본드접착(키링)",125,126,https://airtable.com/appkRWtF2j99XgBTq/pag4McZ2Tc7xALrrs?5hZOH=recWOWtiCUDDjm3i5&UvxrW=recv3SoyEvtBGwTac&Aq5EA=recw9yoOhAbRnaS2A,"""Order_,PNA52734_BrandedFigure_Keyring_A1.pdf (https://v5.airtableusercontent.com/v3/u/55/55/1785139200000/W8wPtwtBYgSH0k9AL_T7wA/wfNMe-CcOSFFXFuLXDDMysxofo_EqG_ftqPNi1KmWK9UOLa9iTiA489nAoo42P8kXiKJvuEWElsumP68lV-UuWqsQcTjsiLvpokgjce1hozmK_OtigHgCrwcegPqaRkHW9vFZIC5VzZX4xTEWJOxGhBQyoQZ8rOl5Jrwcf656NVA0hC9BOMcErd2vNmeiwDhIX7D5TzXR0O7T8tmxjow5g/qFt5gZGJbE17WnYFB7VK-lZXSsaSjqwEgGN9fPQA73Q)""",엠알오즈(MROZ),2026.7.15,2026.8.3,,,,육승미,07월,
PNA52321_브랜디드 피규어 키링_A2,PO074714,PNA52321-소만사,브랜디드피규어키링,"본드접착(키링), 피규어부품(헤어/모자), 실버팩, UV, 핸드블록(A), 피규어부품(손), 브랜디드피규어(기본피규어)",100,101,https://airtable.com/appkRWtF2j99XgBTq/pag4McZ2Tc7xALrrs?5hZOH=recWOWtiCUDDjm3i5&UvxrW=recQZsR4EYMk11JNu&Aq5EA=recJpcpAMS6WxQ2eC,"""Order_,PNA52321_BrandedFigure_Keyring.pdf (https://v5.airtableusercontent.com/v3/u/55/55/1785139200000/8Tlk9xBkV0UT3yXz4Zjeag/1PENSCSqiLUoho0g8x9qy-b0z-3HveR2vfnHRrIDFDHMsOJxfW0nXcsjn4q0_RAXxg5jjmkkxQlsBy4KMAUNwehVcVwltxE7OpxrOpJ-X8DgEMwHT-L6fCH0xOxwZG37FGiNL5qXrJhGcoBdTWSNjGHzwwRNCtWXNvFLINSN6Z-2-8sAEK27KbEbyC3Ev7Kzrnl0XnJY3KkYH9ksioDlEQ/3lIu43w7r5LKsgshOPKfQPgltFjdZxfhlFJAIFKKo5c)""",엠알오즈(MROZ),2026.7.16,2026.8.3,,,,육승미,07월,
PNA52961_브랜디드 피규어_A2,PO074737,PNA52961-뷰키코리아,브랜디드피규어,"브랜디드피규어(기본피규어), 지퍼백, UV",100,101,https://airtable.com/appkRWtF2j99XgBTq/pag4McZ2Tc7xALrrs?5hZOH=recWOWtiCUDDjm3i5&UvxrW=recrgs9PICOMJbWpE&Aq5EA=recntkT0oQzAA4eUM,"""Order_,PNA52961_BrandedFigure.pdf (https://v5.airtableusercontent.com/v3/u/55/55/1785139200000/6lWcvaR_rC_TwY4h8eGiIw/hi0IDKQexcbBnjiB_ycrdae2hLcd8ViKycqfn_Au2sSvTp0DkQgIDA3l63PRiq669ne7U9c7h7o7GbOQCn3RVGkykALMbNXDbea3pTHsNNfo1uC5y89rrvQsWJGKNXVpUO-EAipkj5Pv35aRPCQHUaqWkpKvH23G7YW8nuiLQ3jFba0jDy9RFWaEIqNXkvv1/Ploi7Jtp2z5kUeUPmwP7AbYeJNSsxkYyOcbFcbza7TQ)""",엠알오즈(MROZ),2026.7.20,2026.7.29,,,,육승미,07월,
PNA52998_브랜디드 피규어_A2,PO074776,PNA52998-RFHIC,브랜디드피규어,"UV, 지퍼백, 브랜디드피규어(기본피규어)",100,101,https://airtable.com/appkRWtF2j99XgBTq/pag4McZ2Tc7xALrrs?5hZOH=recWOWtiCUDDjm3i5&UvxrW=recGzQqi7XfnhqI6F&Aq5EA=rec1bPWXsIKeBWg4n,"""Order_PNA52998_BrandedFigure,.pdf (https://v5.airtableusercontent.com/v3/u/55/55/1785139200000/F4V-pn21vUCVnKXTx3ekVA/YZcTdsqPAljW3zVmun6rf8LWCVOcH5juUHXfdbLx8ALTo3b3tSD-ZgPdahopz5psCFC_jdj7LNEsHicrWlL4gtARusRF8ableVhr4ZBhYGTrGyM4BZXhh_fE7ApDyMShiqh_8V7iZpjCHafPxufVTk79AS_Fh1T7uB_02ivn24uB1wQc7J-JjZqcf-23uL9y/2W52tX50gHEdYvLDpZ30ttIvnuw5uLcDRSsUFnRQQEI)""",엠알오즈(MROZ),2026.7.21,2026.7.31,,,,육승미,07월,
PNA52276_심볼 NFC 키링_A2,PO074848,PNA52276-뤼튼테크놀로지스,심볼NFC키링,"OPP, 투명아크릴(라지.NFC), 회전D링",300,305,https://airtable.com/appkRWtF2j99XgBTq/pag4McZ2Tc7xALrrs?5hZOH=recWOWtiCUDDjm3i5&UvxrW=recbpg9wk79fYGHMB&Aq5EA=recxwztT57ROxBvIS,"""Order_,PNA52276_Symbol_NFC_Keyring.pdf (https://v5.airtableusercontent.com/v3/u/55/55/1785139200000/mjIFvIpSlxxUP6cKSZNXQA/ypox5FMR1okpUqptmtI676KGxaGEJ1yV103NBSn9qMKbbudfIP9H3ogH1K7NRttFj3NxpH7SwWk2-9004jyGllpw5X0idA_BTWBaU5cRJaiBNZzNrDQtTREOI0p2sfGD0IbQabGWqB0efYIp0_QnI9nOWbHAzguLeJVa1jovygtKmZcHIi4K7CqrY5kgTpTm/NJ8YF_95Te1kH5qREa0gCdefdsQQy9Zjai28Ix9dH3s)""",올댓프린팅,2026.7.24,2026.8.10,,,,육승미,07월,
PNA53040_클로저 휴대폰 스트랩_A1,PO074889,PNA53040-셀트리온,아크릴 참,,55,57,https://airtable.com/appkRWtF2j99XgBTq/pag4McZ2Tc7xALrrs?5hZOH=recWOWtiCUDDjm3i5&UvxrW=rec2EqQugrcDg7hev&Aq5EA=reckizD0lrY1iGWe2,Order_PNA53040_Closer_MobileStrap_ACC.pdf (https://v5.airtableusercontent.com/v3/u/55/55/1785139200000/1Uq8Gbe9ByDmWls4BHjsVw/ylBBXi84CN_ebB3i9uBt-wAGrQwPzVtOYp4IYiYBbvtDpw0039ccl7-Xw_wU8z4FOGT9SoAtBxOTUmUbT09q6x10hUlN19LLW0is6XXPI_lfdYR4ymLv2s3yk-rTLLGR6If2sexkJ3CJNoZ7P6UEpkABPP1XPJmOkNZqjic-dOOmjqHj5ozIPR0NgBLfof-5VDmwDzVe_LWwScZMmnxQiw/zRNAOXe_MTqqEEhDECwkZMjvJl_lM_fL8rl4dl11Z-8),올댓프린팅,2026.7.27,2026.8.3,,,,육승미,07월,
PNA52519_그립잇_A2,PO074530,PNA52519-큐로홀딩스(일리카페코리아),그립잇(인쇄+조립),"그립잇(사각), 샘플, OPP","0, 1",2,https://airtable.com/appkRWtF2j99XgBTq/pag4McZ2Tc7xALrrs?5hZOH=recWOWtiCUDDjm3i5&UvxrW=recPLKwHchtbq9GBd&Aq5EA=reczvAzwf7R6KSm8C,Order_PNA52519_PO074530.pdf (https://v5.airtableusercontent.com/v3/u/55/55/1785139200000/kjP99QZZJB9iU6JFDH71aQ/0hugtnRaRGCeXkMe6hFFSxuMljrE3Yq4Ry8GNu3S9M7ZMk7NGaQsJ8eQZ-eapkdrn52DfxG-rOfyRCuS9w82YINSN0mGPEvzydVHl_I_bQE6imP70WSAkLxzXQ62pi5P3l9P22Sbiwtm1hMJYSCZcQkCKHljrIzPfKO6LMi6w4f_tCjR6vzJxwJWi1L9xo5D/qZIh3RlepyNw6tTG92nwhpuchMv_JQ8x0Kyw6PxXLxE),이지굿스,2026.7.9,2026.7.14,입하완료,,,육승미,07월,
PNA38219_홀리데이네임택_A1,PO074757,PNA38219-롯데호텔,홀리데이네임택,"홀리데이네임택, 디지털인쇄, 샘플(디지털풀컬러인쇄)","3300, 1",3332,https://airtable.com/appkRWtF2j99XgBTq/pag4McZ2Tc7xALrrs?5hZOH=recWOWtiCUDDjm3i5&UvxrW=recYcoCnfy4KXcyMZ&Aq5EA=recAQ6ScFPbUrbgTN,Order_PNA38219_PO074757.pdf (https://v5.airtableusercontent.com/v3/u/55/55/1785139200000/GvkabPJ-oFDmO5gwqyK5-w/FAbW5PvvLaQHcNKCmUgmCYB9J_rPKdAVjTw9eUWjsraSNmeISwgvgdW7DFLfHgQeLdpE-wGVnfwETyIMGlNpRUulZY1Z13KNRnPnv4h12kbRc1WyICCPlM5QJnMSGg745hvA35ho2tm8L01LJYraK-61ch3Dv5fChhmPo3QULGgEPLt8wcl9Dt1MZgspYn0o/YL7bP7qoiG-Fnx-TZuznm4KS1mV3sKjL9EF4wUqMeRY),이지굿스,2026.7.20,"2026.7.27, 2026.8.20",입하완료,,,육승미,07월,
PNA52873_그립잇 [2]_A2,PO074764,PNA52873-피타소프트,그립잇(인쇄+조립),"OPP, 그립잇(사각)",500,505,https://airtable.com/appkRWtF2j99XgBTq/pag4McZ2Tc7xALrrs?5hZOH=recWOWtiCUDDjm3i5&UvxrW=recxhgXFLM7UVVNgx&Aq5EA=recVwu5tsQB42CRXg,"""Order_,PNA52873_Gripit_A1.pdf (https://v5.airtableusercontent.com/v3/u/55/55/1785139200000/y_oUksFbKgg7HXatEsDRuQ/N8_jk_wqMmBfDCAt3xfrmzzrG7b2HNwxrh1j1Vw1_HMLkmzzsHn0fD2B_v3VJ9dBDs8CVuEgA-DwUWRx0rwfHKovxg7lH9PA_C1V6FHT3T8q0f0ztTgb1Bm9FDGfPe0lsZAZ92gW1iZmJUKuiU2qT-5Qt9xD4V69FtRzXWq4y2lp2ihGyD6wp53jGDzqAXF7/ZnCfrFHAN5kmYFzDYN4NhsD2aRUtSfYT-SgcWfRSmlM)""",이지굿스,2026.7.21,2026.7.30,,,2026.7.21 1:54오후,육승미,07월,
PNA52873_그립잇 [1]_A2,PO074763,PNA52873-피타소프트,그립잇(인쇄+조립),"그립잇(사각), OPP",500,505,https://airtable.com/appkRWtF2j99XgBTq/pag4McZ2Tc7xALrrs?5hZOH=recWOWtiCUDDjm3i5&UvxrW=recCqGp9fDdkMYaJE&Aq5EA=recVwu5tsQB42CRXg,"""Order_,PNA52873_Gripit_A2.pdf (https://v5.airtableusercontent.com/v3/u/55/55/1785139200000/4tHD7IaOqwttVqOvn6ecrg/XMvBR1h9310--GeeLC5JT7lnWPiAW3-vN6MxWD2kzhc7cDEqO0eZAnKdPkys_n8HHm7d_DpiE6MAzxV3kCqeBXwUHPTMnnycGMVqZ2Qa4y__V3yP9Gm0iYzM-J4rn0msxnQeKceEXSxdzDQ118eSaPKD8D-iM8TkngUTyFQ3dUt0vKgZHqcUyhXmUKEqMAkZ/JuTJclZ7BaMfFpzKayXLfPXLmG6A__k21itEEQxY1c0)""",이지굿스,2026.7.21,2026.7.30,,,2026.7.21 1:54오후,육승미,07월,
PNA52966_아임히어 리플렉터 키링_A2,PO074827,PNA52966-강남중앙침례교회,리플렉터키링,"리플렉터키링(팔각형), 실크, 블리스터",400,404,https://airtable.com/appkRWtF2j99XgBTq/pag4McZ2Tc7xALrrs?5hZOH=recWOWtiCUDDjm3i5&UvxrW=reczQWfqYuv0dMgmP&Aq5EA=recwa7ygCjm8o0Cog,"""Order_,PNA52966_ImHere_Reflector_Keyring_Standard.pdf (https://v5.airtableusercontent.com/v3/u/55/55/1785139200000/Hlev_601f8icVZ5GeeT-pQ/eaMZDvM_Kpv7Jbxy5nP1OjxyYEr2otC1doi4fLiR0xPi2WLE5voZDEHmXzxEFYntl6T43uFd0kcJ6-j8kcGMlIKl6fB55IrkVjKi4_hlEUCYUilxrXpLgUyPPv5QNbaS2smMoaQjHpmfzhZt3-p-boz3CvXSXfPcgXuvR_xy_fx5kkKm9aiVsoOKl0aPlU47jdbqHEjqq7Hq6AIcsGzEBg/f-tbFDVmryjIfLBhd_L-vrSvpnA83lGXJbh_Xp-TJo4)""",이지굿스,2026.7.23,2026.8.17,,,,육승미,07월,
task수동생성_미르캠프컵_비스포크,PO074865,,,,,305,https://airtable.com/appkRWtF2j99XgBTq/pag4McZ2Tc7xALrrs?5hZOH=recWOWtiCUDDjm3i5&UvxrW=rect9HVcg5rhZNOac&Aq5EA=,,주식회사 따벨라,2026.7.24,,,26.8.3-8.7_주식회사 따벨라,,육승미,월,
PNA41401-내부(CX) 샘플카드,PO074516,PNA41401-내부(CX),커스텀제작 요청사항,,600,600,https://airtable.com/appkRWtF2j99XgBTq/pag4McZ2Tc7xALrrs?5hZOH=recrzBCkLRHhKYmYc&UvxrW=recVMxnDFavc0oevY&Aq5EA=recbQlUd0KslN1IOT,Order_PNA41401_PO074516.pdf (https://v5.airtableusercontent.com/v3/u/55/55/1785139200000/Qkh4siaVQh6aPggPQrNrew/xbGxyNDzg2KtI7bsCIhMYnJwPbCHDMXhDZnbJs9wnnwVnKhWUNi6RUrDF5gsp-QQOU3ZgizbV1XJAo7OG7psS2YyRPDkEga9QWni2PZ1fztHvXvpzQV_DcXs6yb7nVJsDOZYJ9Pl02kFVHtP54znP9Yc7GUvvz2j3EEHBeeVW67CP1AiLSsUzmvpobSeadi1/roJfEyLSWi8dmPzz2kz1N03MJuw-pYTHa5zddvlhMR8),(주)청산인쇄,2026.7.8,2026.7.22,,,2026.7.8 4:06오후,이난영,07월,
PNA52321_브랜드-잇_A1,PO074708,PNA52321-소만사,커버(브랜드-잇_인쇄포함),"공박(양각), 브랜드잇_커버(그문드비)",100,100,https://airtable.com/appkRWtF2j99XgBTq/pag4McZ2Tc7xALrrs?5hZOH=recrzBCkLRHhKYmYc&UvxrW=recSC97DptrLllTbY&Aq5EA=recJpcpAMS6WxQ2eC,"""Order_,PNA52321_Brandit_Cover_81x168.pdf (https://v5.airtableusercontent.com/v3/u/55/55/1785139200000/syHeAozJPHCEZb-hqY9hHA/U3yHfQ8HKg6oen-_Vi5TQOX_Zr9LEDalMX2Ly7DsLMAJG5OfQ4ylO87OGU24O4ss4KKG3KXvwOFj5TfKBThVxSMEM3zC5G_kRMQ7T4oyDLbC4L2qEdZkpaP5W8DUlDYcKzamkRBtWC_BaXymNdbRa1D8sgagJ9P3D6hNGTR80z81nGk540-PkmN8hckDEgPvci1FjYxKeJVndMprZLjoiA/d28LWWe7yNzJlJsyzSPqBdYN9w8ydDa1IwEwjuDTTRs)""",(주)청산인쇄,2026.7.16,2026.7.30,,,2026.7.16 2:26오후,이난영,07월,
PNA52321_Quality 슬리브박스_A1,PO074716,PNA52321-소만사,슬리브(Quality 슬리브 박스),슬리브(지네발),100,110,https://airtable.com/appkRWtF2j99XgBTq/pag4McZ2Tc7xALrrs?5hZOH=recrzBCkLRHhKYmYc&UvxrW=reckReFP7pjr5nwVt&Aq5EA=recJpcpAMS6WxQ2eC,"""Order_,PNA52321_Sleevebox_Sleeve_Colorprinting_tear-off.pdf (https://v5.airtableusercontent.com/v3/u/55/55/1785139200000/lGfu9mOwhFbEECE7ZNn0sw/QY6fgKRo_IzN3xnMtxZrt2I0hGWk_G2Mgfxk_F2iHt6YdW6eyN9-aCCyvBoMKkJT-PS03Cfo2pFZZex1C6KJelFjp15d11a9vfrvjEj7636Lz8zQ3b4RDoedDsD07LpBWO3Y-21bhC3LvDogoiAVMstGsSmT85v2UxFJ6zcFB5Tz2t6Hbm-XDK9TVij301Kf3LtFenDVIF9jf7sfaD98FW4mxA9ZhD5GcrI4L1oeaRg/W2ytVYSLYO48y7jqTC4ZfL4pMotM0wbTo9vhDZOG5jA)""",(주)청산인쇄,2026.7.16,2026.7.30,,,2026.7.16 2:25오후,이난영,07월,
PNA53096_페이퍼 샤쉐 [1]_A1,PO074857,PNA53096-유비온,페이퍼샤쉐커버,"색박(음각), 페이퍼샤쉐",500,500,https://airtable.com/appkRWtF2j99XgBTq/pag4McZ2Tc7xALrrs?5hZOH=recrzBCkLRHhKYmYc&UvxrW=reciRU2YdJ1Y0rIbB&Aq5EA=recaHP2sTUUoOSdak,"""Order_,PNA53096_Papersachet_Cover_Colorpaper.pdf (https://v5.airtableusercontent.com/v3/u/55/55/1785139200000/FoAWxZCqJ2tohYIpmfcyFw/hwBZ6oQfPe_YCAKnA5CUoYSM9fdB0OcUO-VKdxZzAdTNZ_0uzdYD96QlzRHd8jPIGEjUScIbhN0oRr09ZcFkJmXZBa1SjLVyyHPz_44ix8ah7SB3l8k7s2phf4NI8cKDn8TVijp7L2AUsfAtwqvR-a4enBVD7cWMKQw5DMVr1U5uOINrpktlw5lLe_m3AiiRvDsGiMojxyrmYjqdSF352g/lwofVz0uqUM63zcWItl4NQuwAbaQ_LW14Rk4vo6lY1s)""",(주)청산인쇄,2026.7.24,2026.8.4,,,2026.7.24 4:27오후,이난영,07월,
PNA52276_Quality 슬리브박스_A1,PO074860,PNA52276-뤼튼테크놀로지스,슬리브(Quality 슬리브 박스),"색박(음각), 슬리브(지네발)",300,330,https://airtable.com/appkRWtF2j99XgBTq/pag4McZ2Tc7xALrrs?5hZOH=recrzBCkLRHhKYmYc&UvxrW=recktsovybPNao9oU&Aq5EA=recxwztT57ROxBvIS,"""Order_,PNA52276_Sleevebox_Sleeve_Blackpaper_tear-off.pdf (https://v5.airtableusercontent.com/v3/u/55/55/1785139200000/cqJR2VST2oY0gdi0CPeipg/eziCPZ0ff4VOgyPWFgyAneVIYwIO5aIpneKqLy3dRnez_eQoVce3xx4Z9t6pUcfK8xZwjS5O4NfCyDvrjNaKLEU6eukowvNL2tXECtOM21fK2jIhyoyBPDhTQW5i_4WfG5o8jjaUqCkCgWFUV5x610jdbnWDXbHTfmATvj79Vzgk8TcIORrnR6uaREraB66Be6s1NzKh5oz9LcPpoUvh0Wa729Nh_Em7WKd2D5Uzas0/JDL5Pw6pF8ouuI_48Digp821SkoTJd0QI0mSQgdYzfs)""",(주)청산인쇄,2026.7.24,2026.8.5,,,2026.7.24 4:58오후,이난영,07월,
PNA52998_매트블랙 텀블러_A1,PO074772,PNA52998-RFHIC,"인쇄(매트블랙 텀블러_레이저,실크)","실크, 매트블랙텀블러",100,100,https://airtable.com/appkRWtF2j99XgBTq/pag4McZ2Tc7xALrrs?5hZOH=recrzBCkLRHhKYmYc&UvxrW=recCf6UepC6Sg6mBU&Aq5EA=rec1bPWXsIKeBWg4n,"""Order_,PNA52998_Matt_Tumbler.pdf (https://v5.airtableusercontent.com/v3/u/55/55/1785139200000/ekI6ZIdB0LdG1QKzyJMWvw/LNh8MiSfOvyKbHvf6fTWEbmwmWw7nBOR0onmybIIgAwE6V9l7i2GavAlYaYxfAkl3nR-WCm1tzeMwlzAZ1x1BD930ZZLZIENl-YEj1-tKMpga2mCc4h_r2S6Ptvi9WaI6PAVDZ45ER2vtZILjVrS_DEt6DCr_1knwtk1gqCg0BLqaGQg8Atw6Bwdcxtjdg6s/qWr72Z53nwxhCmrsq-ym5-RuWfGhNXGKI6ZpRKFpzqo)""",주식회사 꾸띠잔홀딩스,2026.7.21,2026.7.28,,,2026.7.21 3:37오후,이난영,07월,
PNA53098_매트블랙 텀블러_A1,PO074874,PNA53098-한국무역협회,"인쇄(매트블랙 텀블러_레이저,실크)","실크, 매트블랙텀블러, 레이저각인",230,240,https://airtable.com/appkRWtF2j99XgBTq/pag4McZ2Tc7xALrrs?5hZOH=recrzBCkLRHhKYmYc&UvxrW=rec30XBFFfTyzzUtQ&Aq5EA=recZHyMcsg5QVcZXD,"""Order_,PNA53098_Matt_Tumbler.pdf (https://v5.airtableusercontent.com/v3/u/55/55/1785139200000/CcCcFAsp4m4Z8kvgEC7Mhw/VWZWUKH9soDQFzk7mBX0cjijJ7s1Y0qcjapeUEsuANm7xK22kNBEo75neKF9FnZx2nF-dd-eWBVAN532tw0c5nqTrqUJxF10URTfiVc4q6j_k4LujQ1WYAjP8usTEebeXWDnX1xT2MRT0XJMz6IirkhYiaAqX-DqQkp0qMPBKOMfwFQsjrIes7bW3M8G8ldy/ybEd1tf5zv92U_NbTvRBZDvaf3W1bmL96Lnu1Kt8-_Y)""",주식회사 꾸띠잔홀딩스,2026.7.27,2026.8.12,,,2026.7.27 11:06오전,이난영,07월,
PNA38461_0715_6161,PO074659,PNA38461-26년7월_재고생산,덮개박스(블랙),,,1000,https://airtable.com/appkRWtF2j99XgBTq/pag4McZ2Tc7xALrrs?5hZOH=recrzBCkLRHhKYmYc&UvxrW=recOmVrGyptBhVJ8U&Aq5EA=recdLBecYeOxUwCQb,Order_PNA38461_PO074659.pdf (https://v5.airtableusercontent.com/v3/u/55/55/1785139200000/5KV89l9AoijdVZmkbwTmug/RsZ3ga6QvRm7zE_pCLQxUpcg4JzPy3ehmrvXMsKjxwTLu-oxEX_59jaBuq0VzeS78QrznEMy_RtedDL1v3aPrwrsECQ3nqApMRCibZz7GDSdariUUGZ-77-2vwQJdudk-HAj5jJqai0rvv73JtRi2eWR-SSKXwVs5rnUmlfRkFX12z8nRw579gn0VtlAyDeS/3E5lrWQSchG3ql9jeHc5GwhCJ0hXJ00afyWYO8KaWjQ),주식회사 모아패키지,2026.7.15,2026.7.30,,,2026.7.15 3:16오후,이난영,07월,
PNA52361_프레젠트 골프공 3구_C1,PO074674,PNA52361-이노스페이스,싸바리뚜껑박스(프레젠트골프공),"색박(음각), 싸바리뚜껑박스",100,103,https://airtable.com/appkRWtF2j99XgBTq/pag4McZ2Tc7xALrrs?5hZOH=recrzBCkLRHhKYmYc&UvxrW=recslMEp9liYSarBV&Aq5EA=rec9QiiaIow8O2fWC,"""Order_,PNA52361_PresentGolfball_Box.pdf (https://v5.airtableusercontent.com/v3/u/55/55/1785139200000/aNC-E7GKY_7-reaeVgqvzg/VpCQz1XtcLLB8MKY4XZAAEsyuLLa0x_mEJRcBKQXAD_CmyIX2bjsQIi9QVyGqmId09LAASXjgsT1kKwOq-UEZo5RXDjfVD4Hd3hWoN1qFNsPETR98IXp73IzAkDsQRuY8rUCa1AsOvSjZhAODdNJokSl0JHVO51Nki0T42yWk9mMh39ziO21NBNbvei2-uVD/D_3X5O6YOAdItUTtyJyh-MtYa8Qjrwn2acTS2QgYwl4)""",주식회사 모아패키지,2026.7.15,2026.7.30,,,2026.7.15 6:10오후,이난영,07월,
PNA38461_07_3291,PO074826,PNA38461-26년7월_재고생산,슬리브(Tailored 스트랩 박스_블랙),,,1500,https://airtable.com/appkRWtF2j99XgBTq/pag4McZ2Tc7xALrrs?5hZOH=recrzBCkLRHhKYmYc&UvxrW=rec3FxtcobDtYInnB&Aq5EA=recdLBecYeOxUwCQb,Order_PNA38461_PO074826.pdf (https://v5.airtableusercontent.com/v3/u/55/55/1785139200000/S3WViUBwEyofmjkEhpfpUw/yCCrbIWH3TlL8XC3uvXjXFSe3sAZWqgUASyVArIFvlM6P5VrZmO7M0xUOH0v5KQld6Gbf5pTpLYNi-pmoad81ZfNupiDuYWp45RDP1paQUFIsJwP50hTfZ3h4s99GMZSFjjf9T96qzmhpE-LL5fCkiVdcNVyL8GwCG7c-G06ddyYQK2lhavKMr8NVg2vk--w/0hc4Ee_DTBdIUtRANzgy8t2MGxTJEWsccNMnJuvkA-M),주식회사 모아패키지,2026.7.23,2026.8.5,,,2026.7.23 3:28오후,이난영,07월,
PNA53098_매트블랙 텀블러_C1,PO074876,PNA53098-한국무역협회,커스텀단품박스(매트블랙 텀블러),"단품박스, 색박(음각)",230,240,https://airtable.com/appkRWtF2j99XgBTq/pag4McZ2Tc7xALrrs?5hZOH=recrzBCkLRHhKYmYc&UvxrW=recxMlBBYHAlYiZ7y&Aq5EA=recZHyMcsg5QVcZXD,"""Order_PNA53098_Matt_Box,.pdf (https://v5.airtableusercontent.com/v3/u/55/55/1785139200000/I9ludW0YcnNXRBuW3sm-xQ/_BARQL12BBNjIpf3dAJdaAqHYLgBvFunokZzBIf0jzrI8rwHi6T6fL7YRXwEMhPupGH7hA1-9OEmk9E-fLI-AWZ0uMObAKsoCDC-MfrnvQtIhg1wkBJ15qBRKL9h9xF5eSFLRnMHDhB-gjF6ySPlRJr_FfPZMROmgnZBMJlVvaQZ7FMl6yFN-txBcX6dk0hZ/R4gI7FaXp9CKY8p5XF-qWzL3NQ_QknBkeiyDi92qf2E)""",주식회사 모아패키지,2026.7.27,2026.8.11,,,2026.7.27 11:05오전,이난영,07월,
PNA53098_Tailored 스트랩 박스_A1,PO074867,PNA53098-한국무역협회,슬리브(Tailored 스트랩 박스_커스텀),"실크, 슬리브, 헤링본끈",230,240,https://airtable.com/appkRWtF2j99XgBTq/pag4McZ2Tc7xALrrs?5hZOH=recrzBCkLRHhKYmYc&UvxrW=recQDu1zKM29gln3H&Aq5EA=recZHyMcsg5QVcZXD,"""Order_,PNA53098_TailoredStrapBox_Sleeve_Blackpaper_Silk.pdf (https://v5.airtableusercontent.com/v3/u/55/55/1785139200000/L6SnfoUL4jcDkXXyO0dVFg/4_VK2db6rv9qNlD_zBAlGBTn_ta8J4LNa0vd-fLSOAenxzXpF3ZVkROhQxT7aPT8DEXICZFwlcr2RccJAcw8ZL_HitL5RNj_ttmre9YJlnuTyJQo66RYcTg8PRRLsdIj0vE_4x1Am1hMw9muLmBrqmCTkltuY1BRSM8KeJdwqGHITeCHVRO9Dy80WWsCPPPNERBnZTAVzySTRXratC5RhQZ6ZYPtXl6t9FCtbSNSsSs/33kXQoBHKJUWRNtnmf-xQPvTgWGv_J7KoE0i5y_t1gc)""",주식회사 모아패키지,2026.7.27,2026.8.11,,,2026.7.27 11:10오전,이난영,07월,
PNA53098_자동우산상자_P1,PO074879,PNA53098-한국무역협회,,,230,240,https://airtable.com/appkRWtF2j99XgBTq/pag4McZ2Tc7xALrrs?5hZOH=recrzBCkLRHhKYmYc&UvxrW=recySLch3Za87BsI4&Aq5EA=recZHyMcsg5QVcZXD,Order_PNA53098_PO074879.pdf (https://v5.airtableusercontent.com/v3/u/55/55/1785139200000/Utp6Q7RSfZ4vPSBhimy75Q/4eaU-FKp8EqSYizGjHYcCAs5zxIvSqfXj7Ptxg3eR5IVYCUwIMF-iGcFjzAhm00StPCijeftSsw9GbLh2jXCbt4sHUIXRkQ7WxrdA-k55jQPdU5UE45yFk-zQx2iUzfYiy0NeBFS_Zc33G9a4rfq45d-ovbMSTS-F72vvoKXQ7i0XXe7sdAO1Nf2j-Kyez4v/vj7ggIpdHcncfMvqC97jbeUQs0SRMqqp9iZIYmzWxls),주식회사 모아패키지,2026.7.27,2026.8.11,,,2026.7.27 11:19오전,이난영,07월,
PNA53098_밥용기상자_P1,PO074877,PNA53098-한국무역협회,,,230,240,https://airtable.com/appkRWtF2j99XgBTq/pag4McZ2Tc7xALrrs?5hZOH=recrzBCkLRHhKYmYc&UvxrW=recYVRvende9zIblr&Aq5EA=recZHyMcsg5QVcZXD,Order_PNA53098_PO074877.pdf (https://v5.airtableusercontent.com/v3/u/55/55/1785139200000/0e5RVBqJESi4C6cnEmZCzg/96QoS48NuUdKl0gjp0RVSH5CQhBZtvha3pmeHlS1fW_SLnDM_hSL4KUj74IXq-5B_Va6clqCIgZD7r1JUr9l2SPe1Embqlpgajik_Rss9wtxb5EU_DoVP_ZWceAVCoeqUKLPsuVwppLKLeGvdbqTYLV4E98YJp7JgnAEzrorY6-PBUnDY7kN-RauwsA659o6/O18KmgQMKB6cR6OwsTqK8IqQuSEDNUamPLfPCicMYLU),주식회사 모아패키지,2026.7.27,2026.8.11,,,2026.7.27 11:23오전,이난영,07월,
PNA52997_비주얼핏 키캡키링_A1,PO074804,PNA52997-네오메디아,키캡키링,키캡키링(4구LED),110,115,https://airtable.com/appkRWtF2j99XgBTq/pag4McZ2Tc7xALrrs?5hZOH=recrzBCkLRHhKYmYc&UvxrW=recxgEnWK911rGWDc&Aq5EA=recLzqK2fDV043jSn,"""Order_,PNA52997_Visualfit_KeycapKeyring.pdf (https://v5.airtableusercontent.com/v3/u/55/55/1785139200000/pXUF7tA95hZUVhOOLXPTQw/DAWekRclzmCosel0bodXpif-8sFxgY5gmeKryCu8-RkBJtYCEb8FaJzxGwqZSjzW4eesbTsbM4UyBc9KCyHZJVVNA9u6NE-cZ9FuCMKrPZkU9hPbueuRAL1y3XsI9yLR0MaQPdVJikKZTBQcCz8a91a54XbJm5x4jN1rWgBWQeqgJ-9QH-IpSu2AJILjTaFaCUNc4dtnvBKDKPtpxeCtUw/oEF1Jkw7MVLc_2pvZa_3DTRHcKAA9EQdbC4TIRNJ4LI)""",주식회사 위즈프로(구.호언),2026.7.22,2026.7.31,,,2026.7.22 3:50오후,이난영,07월,
PNA53125_데스크테리어 매트_A1,PO074831,PNA53125-현대자동차(샘플),,샘플(기본형),1,2,https://airtable.com/appkRWtF2j99XgBTq/pag4McZ2Tc7xALrrs?5hZOH=recrzBCkLRHhKYmYc&UvxrW=recOUug21Ue8KzHe5&Aq5EA=recryrQekRCvilkMj,Order_PNA53125_DeskteriorMat_780x300x4T.pdf (https://v5.airtableusercontent.com/v3/u/55/55/1785139200000/LKVUt1OvBk2AdvLIBTuO8A/sv-eRsYlS-g2kC5I-bN913mHXkMGQ5v8KMf75Ss8wQIaAyj026BVTJofcQGFg-5h-eFjneYEn6PQib-P2UOkyCKprZmMQHUyYj1DjGsiiDfrrARmt3y5LEyWzQdAVN_y59VoMV4j0NiVt-tCjd6ukqB6NrzfAGrP3HyQreRNuFfVwcPKQCD4hEg8WggKwZTLuajJTOsjBvQ1LleB3SY10Q/rLE7whBbWg0DOP0OYR2AYHGkJ5mAKQKkpRLYORrzoNE),주식회사 위즈프로(구.호언),2026.7.24,2026.7.28,,,2026.7.24 9:30오전,이난영,07월,
PNA53029_데스크테리어 매트_A1,PO074895,PNA53029-GC녹십자,데스크테리어 매트,"데스크테리어매트(기본형), 단품박스, 데스크테리어매트",300,303,https://airtable.com/appkRWtF2j99XgBTq/pag4McZ2Tc7xALrrs?5hZOH=recrzBCkLRHhKYmYc&UvxrW=recjL7sA1m780brRK&Aq5EA=recIY0aSePBTcWjW6,"""Order_PNA53029_DeskteriorMat_780x300x4T,.pdf (https://v5.airtableusercontent.com/v3/u/55/55/1785139200000/KCSsT-2RunGa_ox4W2dM8w/JHjeJxGMcOpzeS3laRsO8oKyJddunAioReFEFCWTDQKhb7_SNeXTCa11-K0e7ZIiGnd8xq8OZ3NMUA9BeIVS2ZVNMBO0kcsPajht7dREQOr1GufMvHv0QX15_hOv6KCzbK2Kes3o9hjZsoCmQogyKF04PLhHUZIGDB5irX59VgJbtVRIHJlx1iMdH2b4D_L035tQ8jq-qE5tUrssv6oHlg/wthBKV-0fUcgVv6ZFViy7_8y1HqlKAoO1dnxH3cQOmk)""",주식회사 위즈프로(구.호언),2026.7.27,2026.8.5,,,2026.7.27 2:30오후,이난영,07월,
PNA52953_미니어처 NFC 키링_A1,PO074664,PNA52953-한국지역아동센터연합회,미니어처NFC키링,"OPP, 회전D링(니켈), 배경지(OPP), 미니어처NFC키링(책)",100,103,https://airtable.com/appkRWtF2j99XgBTq/pag4McZ2Tc7xALrrs?5hZOH=recrzBCkLRHhKYmYc&UvxrW=recOXJJFe4UoTmDo1&Aq5EA=recuzii7IB1UMgIhv,Order_PNA52953_PO074664.pdf (https://v5.airtableusercontent.com/v3/u/55/55/1785139200000/ouaRf8rP0UbErQW6Rdf-8A/WQlhmllIM3_6t9wlRxfB09mOsnQNV_M19eRWap3E2SMOSM-R_RQHU9xmvEVcc-Kb-0Q0SPi8AQJ8lTEyIsbCgM2QKjIp1yFR9jpt-1bDeQ8FiCN9db36jNGzhr5M7xgpKuEnTQkEQIjwVkShQtrv6P01f1qNZQk-Z7diaGXu_czCWneQAbRPC6ULaJQVPBRC/o1aptHD3At2sCRxMr_hlIGI-muWAU5arpN2DLqWXQn8),주식회사 프래그(PRAG Corp.),2026.7.15,2026.7.30,,,2026.7.15 6:06오후,이난영,07월,