period_unit,period_key,group_type,parent_group,group_name,inv_amount,inv_ratio,sku_count,sales_1m,sales_3m,sales_ytd,turnover_1m,turnover_3m,turnover_ytd,weighted_avg_unit_price
weekly,2026-01-02,category,,Drinkware,41956925,0.1001526191,14,3412,13566,3412,0.4385168245,1.7435285,0.4385168245,5392.38497
weekly,2026-01-02,category,,Stationery,89515498,0.2136765641,51,29942,126094,29942,1.370291045,5.770672599,1.370291045,4096.663057
weekly,2026-01-02,category,,Fragrance,502009,0.001198312702,5,3102,11273,3102,3.140981592,11.41466328,3.140981592,508.3175461
weekly,2026-01-02,category,,Kit Package,21244117,0.05071043595,10,1800,6800,1800,0.2818283975,1.064685057,0.2818283975,3326.219695
weekly,2026-01-02,category,,Tech,72691766,0.1735177388,19,6666,22959,6666,1.268437684,4.368745991,1.268437684,13832.1295
weekly,2026-01-02,category,,Lifestyle,122547110,0.2925241549,22,7811,33414,7811,0.6764166638,2.893584228,0.6764166638,10612.3297
weekly,2026-01-02,category,,Bag&pouch,42395142,0.1011986581,7,1910,6975,1910,0.5093437373,1.860037993,0.5093437373,11305.60213
weekly,2026-01-02,category,,Figure,14081236,0.03361239332,2,0,0,0,0,0,0,4401.890595
weekly,2026-01-02,category,,Awards & Recognition,13961500,0.03332657938,2,234,2270,234,0.05866131863,0.5690649286,0.05866131863,3500
weekly,2026-01-02,category,,Wine,34580,0.00008254364609,1,0,0,0,0,0,0,380
weekly,2026-01-02,sub_category,,Product Parts,418929883,1,133,54877,223351,54877,1.113172048,4.530642892,1.113172048,8497.932387
weekly,2026-01-02,sourcing,,국내소싱,92838544,0.1685842184,41,18140,67202,18140,1.641790844,6.082228684,1.641790844,8402.5067
weekly,2026-01-02,sourcing,,해당없음,280270863,0.5089399548,215,67884,294601,67884,0.7612570684,3.303681186,0.7612570684,3142.981785
weekly,2026-01-02,sourcing,,중개소싱,118995947,0.2160830821,18,7300,27828,7300,0.6984988222,2.662715784,0.6984988222,11386.09984
weekly,2026-01-02,sourcing,,직소싱,58589989,0.1063927446,17,12048,32215,12048,2.462892531,6.585498249,2.462892531,11977.16188
weekly,2026-01-02,production,,해외생산,270424480,0.4910600452,76,37488,127245,37488,1.454174182,4.935883317,1.454174182,10489.87135
weekly,2026-01-02,production,,국내생산,280270863,0.5089399548,215,67884,294601,67884,0.7612570684,3.303681186,0.7612570684,3142.981785
weekly,2026-01-02,procurement,,국내소싱,91124024,0.2175161708,36,16415,59726,16415,1.538032085,5.59613185,1.538032085,8538.024528
weekly,2026-01-02,procurement,,국내생산,159965813,0.3818438825,72,27261,127290,27261,0.7832917959,3.657430494,0.7832917959,4596.306407
weekly,2026-01-02,procurement,,중개소싱,115625282,0.2760015141,14,6650,23876,6650,0.6718183474,2.41208043,0.6718183474,11681.08058
weekly,2026-01-02,procurement,,직소싱,52214764,0.1246384326,11,4551,12459,4551,1.162026081,3.181209172,1.162026081,13332.21656
weekly,2026-01-02,first_order,,N,489971863,0.8897330788,270,97030,390050,97030,1.170355202,4.704700057,1.170355202,5909.936295
weekly,2026-01-02,first_order,,Y,60723480,0.1102669212,21,8342,31796,8342,1.859416892,7.087271578,1.859416892,13535.15517
weekly,2026-01-02,new_product,,N,435401372,0.7906392846,239,78169,328633,78169,1.080989341,4.544624726,1.080989341,6021.111212
weekly,2026-01-02,new_product,,Y,115293971,0.2093607154,52,27203,93213,27203,2.242930417,7.685559421,2.242930417,9506.170438
weekly,2026-01-02,season,,미분류,407382023,0.7397593391,264,98660,372018,98660,1.430024962,5.392205822,1.430024962,5904.78879
weekly,2026-01-02,season,,겨울,58387659,0.1060253364,13,6312,46254,6312,0.5809519741,4.257185141,0.5809519741,5373.958454
weekly,2026-01-02,season,,여름,37345829,0.06781577051,8,400,2764,400,0.1015599922,0.7017795458,0.1015599922,9482.10525
weekly,2026-01-02,season,,봄가을,47579832,0.08639955395,6,0,810,0,0,0.2304975557,0,13539.54936
weekly,2026-01-02,subcategory,Drinkware,보틀,20463246,0.04884647009,5,851,1911,851,0.238484514,0.5355392553,0.238484514,5734.626648
weekly,2026-01-02,subcategory,Stationery,펜,18037874,0.04305702394,13,14057,45455,14057,1.249696708,4.041044593,1.249696708,1603.604734
weekly,2026-01-02,subcategory,Fragrance,샤쉐,490609,0.001171100511,4,2700,9086,2700,2.824095917,9.503605743,2.824095917,513.1581015
weekly,2026-01-02,subcategory,Stationery,메모패드,1425702,0.003403199576,3,1820,5923,1820,2.388451444,7.772965879,2.388451444,1871
weekly,2026-01-02,subcategory,Stationery,다이어리,54418419,0.1298986327,9,6112,41589,6112,0.6245807765,4.249949266,0.6245807765,5560.97814
weekly,2026-01-02,subcategory,Stationery,미분류,947345,0.002261345009,13,5653,21117,5653,0.6226763326,2.326031508,0.6226763326,104.3497807
weekly,2026-01-02,subcategory,Kit Package,플라스틱 박스,958100,0.002287017563,4,0,0,0,0,0,0,1300
weekly,2026-01-02,subcategory,Tech,충전기,17226448,0.04112012224,3,1725,5148,1725,0.8915655467,2.660741701,0.8915655467,8903.482625
weekly,2026-01-02,subcategory,Lifestyle,타월,0,0,2,2616,10907,2616,0,0,0,0
weekly,2026-01-02,subcategory,Bag&pouch,노트북백,20562930,0.04908441922,3,1710,1910,1710,1.576491976,1.760877002,1.576491976,18957.48196
weekly,2026-01-02,subcategory,Stationery,포스트잇,6234210,0.0148812731,5,2100,5306,2100,0.7766640465,1.962371157,0.7766640465,2305.660364
weekly,2026-01-02,subcategory,Figure,월드 오브 피규어,14081236,0.03361239332,2,0,0,0,0,0,0,4401.890595
weekly,2026-01-02,subcategory,Drinkware,텀블러,13934979,0.03326327284,4,1961,7971,1961,0.9584657339,3.895935933,0.9584657339,6810.912736
weekly,2026-01-02,subcategory,Lifestyle,구강관리,1208000,0.002883537434,1,1125,6136,1125,1.490066225,8.127152318,1.490066225,1600
weekly,2026-01-02,subcategory,Tech,PC/ 노트북 악세사리,13988184,0.033390275,5,3201,7722,3201,1.814044586,4.376148795,1.814044586,7927.269432
weekly,2026-01-02,subcategory,Kit Package,지퍼백,730050,0.001742654391,3,300,2000,300,0.2053699709,1.369133139,0.2053699709,499.7678241
weekly,2026-01-02,subcategory,Tech,배터리,4679170,0.01116933929,4,1090,5893,1090,1.520136503,8.218499462,1.520136503,6525.667084
weekly,2026-01-02,subcategory,Lifestyle,여권케이스,1890000,0.004511494827,1,500,1080,500,1.111111111,2.4,1.111111111,4200
weekly,2026-01-02,subcategory,Drinkware,리유저블컵,5921200,0.0141341075,4,400,2684,400,0.1128918197,0.7575041103,0.1128918197,1671.137607
weekly,2026-01-02,subcategory,Fragrance,디퓨저,11400,0.00002721219102,1,402,2187,402,10.57894737,57.55263158,10.57894737,300
weekly,2026-01-02,subcategory,Lifestyle,우산,37562520,0.08966302363,2,1920,6644,1920,0.3790600438,1.311705693,0.3790600438,7415.859623
weekly,2026-01-02,subcategory,Lifestyle,캠핑,47319622,0.1129535608,4,0,300,0,0,0.08615760491,0,13589.81766
weekly,2026-01-02,subcategory,Lifestyle,구강가전,8481096,0.02024466705,1,200,2145,200,0.1972386588,2.115384615,0.1972386588,8364
weekly,2026-01-02,subcategory,Lifestyle,명함지갑,466182,0.001112792424,1,450,1620,450,5.056179775,18.20224719,5.056179775,5238
weekly,2026-01-02,subcategory,Tech,건강가전,25123140,0.0599697969,2,170,590,170,0.1487314086,0.5161854768,0.1487314086,21980
weekly,2026-01-02,subcategory,Lifestyle,모바일 악세사리,3873672,0.009246587931,2,800,2000,800,0.3316749585,0.8291873964,0.3316749585,1606
weekly,2026-01-02,subcategory,Drinkware,머그컵,1637500,0.003908768666,1,200,1000,200,0.3053435115,1.526717557,0.3053435115,2500
weekly,2026-01-02,subcategory,Kit Package,슬리브박스,19555967,0.046680764,3,1500,4800,1500,0.2708384258,0.8666829624,0.2708384258,3531.004878
weekly,2026-01-02,subcategory,Stationery,노트,8451948,0.02017508978,8,200,6704,200,0.05047708608,1.691991925,0.05047708608,2133.148534
weekly,2026-01-02,subcategory,Lifestyle,가드닝,20320,0.00004850453698,1,100,1572,100,0.09842519685,1.547244094,0.09842519685,20
weekly,2026-01-02,subcategory,Bag&pouch,하드케이스 파우치,21832212,0.05211423889,4,200,5065,200,0.03754624217,0.9508585829,0.03754624217,4098.587594
weekly,2026-01-02,subcategory,Lifestyle,네임택,443500,0.001058649712,1,100,400,100,0.02254791432,0.09019165727,0.02254791432,100
weekly,2026-01-02,subcategory,Tech,충전패드,5256000,0.01254625228,2,300,2000,300,1.369863014,9.132420091,1.369863014,24000
weekly,2026-01-02,subcategory,Awards & Recognition,트로피,13961500,0.03332657938,2,234,2270,234,0.05866131863,0.5690649286,0.05866131863,3500
weekly,2026-01-02,subcategory,Tech,시계,436100,0.001040985658,1,180,1526,180,2.02247191,17.14606742,2.02247191,4900
weekly,2026-01-02,subcategory,Tech,계절가전,5982724,0.0142809674,2,0,80,0,0,0.06749081862,0,5047.236754
weekly,2026-01-02,subcategory,Lifestyle,미분류,18406905,0.04393791359,1,0,0,0,0,0,0,15455
weekly,2026-01-02,subcategory,Lifestyle,도시락,1507255,0.003597869384,2,0,0,0,0,0,0,1696.10403
weekly,2026-01-02,subcategory,Lifestyle,세제,1142408,0.002726967081,2,0,100,0,0,0.09240827314,0,1055.679505
weekly,2026-01-02,subcategory,Lifestyle,골프,225630,0.0005385865491,1,0,510,0,0,11.33333333,0,5014
weekly,2026-01-02,subcategory,Wine,와인잔,34580,0.00008254364609,1,0,0,0,0,0,0,380
weekly,2026-01-09,category,,Drinkware,38196806,0.09034746201,14,3412,13566,3412,0.4552724317,1.810148244,0.4552724317,5347.565067
weekly,2026-01-09,category,,Stationery,102823514,0.2432099565,51,29942,126094,29942,1.321271705,5.564238673,1.321271705,4243.739468
weekly,2026-01-09,category,,Fragrance,3878241,0.009173259969,5,3102,11273,3102,1.534255035,5.575647006,1.534255035,1083.239945
weekly,2026-01-09,category,,Kit Package,20837214,0.04928656601,10,1800,6800,1800,0.2846104003,1.075194846,0.2846104003,3326.884572
weekly,2026-01-09,category,,Tech,65772601,0.1555728919,19,6666,22959,6666,1.333628751,4.593276701,1.333628751,13850.88965
weekly,2026-01-09,category,,Lifestyle,125514933,0.2968823006,22,7811,33414,7811,0.6479985341,2.772016773,0.6479985341,10289.58137
weekly,2026-01-09,category,,Bag&pouch,40298352,0.0953182794,7,1910,6975,1910,0.4995880266,1.824411773,0.4995880266,10814.83756
weekly,2026-01-09,category,,Figure,11459005,0.02710415156,2,0,0,0,0,0,0,4394.706862
weekly,2026-01-09,category,,Awards & Recognition,13961500,0.03302333946,2,234,2270,234,0.05866131863,0.5690649286,0.05866131863,3500
weekly,2026-01-09,category,,Wine,34580,0.00008179257806,1,0,0,0,0,0,0,380
weekly,2026-01-09,sub_category,,Product Parts,422776746,1,133,54877,223351,54877,1.064588856,4.332907879,1.064588856,8164.363008
weekly,2026-01-09,sourcing,,국내소싱,96444273,0.1759085622,41,18140,67202,18140,1.542640955,5.714914965,1.542640955,8048.38549
weekly,2026-01-09,sourcing,,해당없음,290527032,0.5299038593,215,67884,294601,67884,0.7671763931,3.329369698,0.7671763931,3225.374685
weekly,2026-01-09,sourcing,,중개소싱,110888463,0.2022538973,18,7300,27828,7300,0.7302521494,2.783761207,0.7302521494,11498.19072
weekly,2026-01-09,sourcing,,직소싱,50403897,0.09193368122,17,12048,32215,12048,2.702021678,7.224902753,2.702021678,12222.10503
weekly,2026-01-09,production,,해외생산,257736633,0.4700961407,76,37488,127245,37488,1.46908917,4.986509053,1.46908917,10348.85525
weekly,2026-01-09,production,,국내생산,290527032,0.5299038593,215,67884,294601,67884,0.7671763931,3.329369698,0.7671763931,3225.374685
weekly,2026-01-09,procurement,,국내소싱,94825563,0.2242922864,36,16415,59726,16415,1.44144546,5.244701281,1.44144546,8164.367588
weekly,2026-01-09,procurement,,국내생산,175162737,0.4143149751,72,27261,127290,27261,0.7394656967,3.452792947,0.7394656967,4545.249013
weekly,2026-01-09,procurement,,중개소싱,107088148,0.2532971575,14,6650,23876,6650,0.7082434491,2.542860239,0.7082434491,11859.79908
weekly,2026-01-09,procurement,,직소싱,45700298,0.108095581,11,4551,12459,4551,1.243453994,3.404129491,1.243453994,13376.49692
weekly,2026-01-09,first_order,,N,492822639,0.898878898,270,97030,390050,97030,1.148385643,4.61638483,1.148385643,5815.866722
weekly,2026-01-09,first_order,,Y,55441026,0.101121102,21,8342,31796,8342,1.912221718,7.288540126,1.912221718,13314.09082
weekly,2026-01-09,new_product,,N,443302045,0.8085563084,239,78169,328633,78169,1.049168505,4.410845647,1.049168505,5896.889755
weekly,2026-01-09,new_product,,Y,104961620,0.1914436916,52,27203,93213,27203,2.330383087,7.985222169,2.330383087,9434.25181
weekly,2026-01-09,season,,미분류,393223386,0.7172158418,264,98660,372018,98660,1.392557906,5.250928512,1.392557906,5650.15909
weekly,2026-01-09,season,,겨울,70346218,0.1283072771,13,6312,46254,6312,0.5362411977,3.929546951,0.5362411977,5468.346672
weekly,2026-01-09,season,,여름,37114229,0.06769412487,8,400,2764,400,0.1023839112,0.7074728266,0.1023839112,9529.389961
weekly,2026-01-09,season,,봄가을,47579832,0.08678275625,6,0,810,0,0,0.2304975557,0,13539.54936
weekly,2026-01-09,subcategory,Drinkware,보틀,19794097,0.04681926617,5,851,1911,851,0.2455574981,0.5514223019,0.2455574981,5808.162413
weekly,2026-01-09,subcategory,Stationery,펜,19782261,0.0467912703,13,14057,45455,14057,1.106734863,3.578760276,1.106734863,1488.826276
weekly,2026-01-09,subcategory,Fragrance,샤쉐,3866841,0.009146295383,4,2700,9086,2700,1.345274153,4.527096651,1.345274153,1085.549048
weekly,2026-01-09,subcategory,Stationery,메모패드,1692418,0.004003100965,3,1820,5923,1820,1.933580562,6.292636081,1.933580562,1656.356105
weekly,2026-01-09,subcategory,Stationery,다이어리,66782938,0.1579626567,9,6112,41589,6112,0.5653536666,3.846939405,0.5653536666,5605.499966
weekly,2026-01-09,subcategory,Stationery,미분류,978019,0.002313322597,13,5653,21117,5653,0.6145068403,2.295514054,0.6145068403,104.6479169
weekly,2026-01-09,subcategory,Kit Package,플라스틱 박스,958100,0.002266207896,4,0,0,0,0,0,0,1300
weekly,2026-01-09,subcategory,Tech,충전기,12717448,0.03008076513,3,1725,5148,1725,1.021876194,3.049633999,1.021876194,8869.262171
weekly,2026-01-09,subcategory,Lifestyle,타월,2719221,0.006431813069,2,2616,10907,2616,6.133827418,25.57402739,6.133827418,3187.926668
weekly,2026-01-09,subcategory,Bag&pouch,노트북백,18466140,0.04367823012,3,1710,1910,1710,1.643474801,1.835694076,1.643474801,18755.34885
weekly,2026-01-09,subcategory,Stationery,포스트잇,5541890,0.0131083132,5,2100,5306,2100,0.8008931968,2.023590144,0.8008931968,2245.571042
weekly,2026-01-09,subcategory,Figure,월드 오브 피규어,11459005,0.02710415156,2,0,0,0,0,0,0,4394.706862
weekly,2026-01-09,subcategory,Drinkware,텀블러,11325609,0.02678862806,4,1961,7971,1961,1.046774568,4.254890404,1.046774568,6742.004359
weekly,2026-01-09,subcategory,Lifestyle,구강관리,3755200,0.008882229298,1,1125,6136,1125,0.7253384913,3.956157318,0.7253384913,1600
weekly,2026-01-09,subcategory,Tech,PC/ 노트북 악세사리,11669018,0.02760089837,5,3201,7722,3201,2.308577036,5.569144601,2.308577036,9252.050506
weekly,2026-01-09,subcategory,Kit Package,지퍼백,694800,0.001643420568,3,300,2000,300,0.2051047642,1.367365095,0.2051047642,487.0725389
weekly,2026-01-09,subcategory,Tech,배터리,6546871,0.01548540941,4,1090,5893,1090,1.460354106,7.895290592,1.460354106,7520.181223
weekly,2026-01-09,subcategory,Lifestyle,여권케이스,1470000,0.003477012428,1,500,1080,500,1.25,2.7,1.25,4200
weekly,2026-01-09,subcategory,Drinkware,리유저블컵,5694600,0.01346952039,4,400,2684,400,0.1146412934,0.7692430784,0.1146412934,1664.562919
weekly,2026-01-09,subcategory,Fragrance,디퓨저,11400,0.00002696458617,1,402,2187,402,10.57894737,57.55263158,10.57894737,300
weekly,2026-01-09,subcategory,Lifestyle,우산,36437420,0.08618596066,2,1920,6644,1920,0.3849850361,1.332208635,0.3849850361,7418.976451
weekly,2026-01-09,subcategory,Lifestyle,캠핑,47319622,0.1119257917,4,0,300,0,0,0.08615760491,0,13589.81766
weekly,2026-01-09,subcategory,Lifestyle,구강가전,5930076,0.0140264952,1,200,2145,200,0.2321532211,2.489843297,0.2321532211,8364
weekly,2026-01-09,subcategory,Lifestyle,명함지갑,2294244,0.005426608776,1,450,1620,450,1.707779886,6.14800759,1.707779886,5238
weekly,2026-01-09,subcategory,Tech,건강가전,21606340,0.05110579095,2,170,590,170,0.1599247413,0.5550329257,0.1599247413,21980
weekly,2026-01-09,subcategory,Lifestyle,모바일 악세사리,3873672,0.009162452847,2,800,2000,800,0.3316749585,0.8291873964,0.3316749585,1606
weekly,2026-01-09,subcategory,Drinkware,머그컵,1382500,0.003270047402,1,200,1000,200,0.3311258278,1.655629139,0.3311258278,2500
weekly,2026-01-09,subcategory,Kit Package,슬리브박스,19184314,0.04537693755,3,1500,4800,1500,0.2734332759,0.8749864829,0.2734332759,3530.960648
weekly,2026-01-09,subcategory,Stationery,노트,8045988,0.0190312927,8,200,6704,200,0.05183520033,1.737515915,0.05183520033,2137.934544
weekly,2026-01-09,subcategory,Lifestyle,가드닝,20380,0.00004820511107,1,100,1572,100,0.09828009828,1.544963145,0.09828009828,20
weekly,2026-01-09,subcategory,Bag&pouch,하드케이스 파우치,21832212,0.05164004929,4,200,5065,200,0.03754624217,0.9508585829,0.03754624217,4098.587594
weekly,2026-01-09,subcategory,Lifestyle,네임택,412900,0.0009766383887,1,100,400,100,0.0233535731,0.09341429239,0.0233535731,100
weekly,2026-01-09,subcategory,Tech,충전패드,5256000,0.01243209342,2,300,2000,300,1.369863014,9.132420091,1.369863014,24000
weekly,2026-01-09,subcategory,Awards & Recognition,트로피,13961500,0.03302333946,2,234,2270,234,0.05866131863,0.5690649286,0.05866131863,3500
weekly,2026-01-09,subcategory,Tech,시계,1999200,0.004728736902,1,180,1526,180,0.7243460765,6.14084507,0.7243460765,4900
weekly,2026-01-09,subcategory,Tech,계절가전,5977724,0.01413919771,2,0,80,0,0,0.06751956134,0,5047.276265
weekly,2026-01-09,subcategory,Lifestyle,미분류,18406905,0.04353812071,1,0,0,0,0,0,0,15455
weekly,2026-01-09,subcategory,Lifestyle,도시락,1507255,0.003565132222,2,0,0,0,0,0,0,1696.10403
weekly,2026-01-09,subcategory,Lifestyle,세제,1142408,0.002702154295,2,0,100,0,0,0.09240827314,0,1055.679505
weekly,2026-01-09,subcategory,Lifestyle,골프,225630,0.0005336859279,1,0,510,0,0,11.33333333,0,5014
weekly,2026-01-09,subcategory,Wine,와인잔,34580,0.00008179257806,1,0,0,0,0,0,0,380
weekly,2026-01-16,category,,Drinkware,33663523,0.08624739711,14,3412,13566,3412,0.4609663935,1.832787249,0.4609663935,5125.628086
weekly,2026-01-16,category,,Stationery,96086901,0.2461787825,51,29942,126094,29942,1.275423268,5.371158293,1.275423268,4095.307825
weekly,2026-01-16,category,,Fragrance,2661963,0.006820063959,5,3102,11273,3102,1.353074738,4.917218416,1.353074738,1023.924405
weekly,2026-01-16,category,,Kit Package,19976614,0.05118094623,10,1800,6800,1800,0.2970884549,1.122334163,0.2970884549,3414.203517
weekly,2026-01-16,category,,Tech,61343281,0.1571641303,19,6666,22959,6666,1.408479606,4.851077598,1.408479606,14072.65713
weekly,2026-01-16,category,,Lifestyle,125340125,0.3211268035,22,7811,33414,7811,0.642667765,2.749212738,0.642667765,10240.83714
weekly,2026-01-16,category,,Bag&pouch,36733008,0.09411155,7,1910,6975,1910,0.4668523126,1.70486643,0.4668523126,9730.285977
weekly,2026-01-16,category,,Figure,750000,0.001921532331,2,0,0,0,0,0,0,5000
weekly,2026-01-16,category,,Awards & Recognition,13723500,0.0351601986,2,234,2270,234,0.05899655433,0.5723170014,0.05899655433,3500
weekly,2026-01-16,category,,Wine,34580,0.00008859545069,1,0,0,0,0,0,0,380
weekly,2026-01-16,sub_category,,Product Parts,390313495,1,133,54877,223351,54877,1.093165913,4.449217337,1.093165913,8180.733906
weekly,2026-01-16,sourcing,,국내소싱,92249653,0.1801807085,41,18140,67202,18140,1.582736883,5.86345557,1.582736883,8188.015879
weekly,2026-01-16,sourcing,,해당없음,269744981,0.5268620553,215,67884,294601,67884,0.7517190585,3.262288409,0.7517190585,3102.606895
weekly,2026-01-16,sourcing,,중개소싱,101797166,0.1988287749,18,7300,27828,7300,0.7452633604,2.840984766,0.7452633604,11287.22036
weekly,2026-01-16,sourcing,,직소싱,48192273,0.0941284613,17,12048,32215,12048,2.864623349,7.659681375,2.864623349,12457.92224
weekly,2026-01-16,production,,해외생산,242239092,0.4731379447,76,37488,127245,37488,1.509429482,5.123435616,1.509429482,10339.8846
weekly,2026-01-16,production,,국내생산,269744981,0.5268620553,215,67884,294601,67884,0.7517190585,3.262288409,0.7517190585,3102.606895
weekly,2026-01-16,procurement,,국내소싱,90630943,0.2322003829,36,16415,59726,16415,1.479921723,5.384697218,1.479921723,8311.859772
weekly,2026-01-16,procurement,,국내생산,157545861,0.4036392874,72,27261,127290,27261,0.7372714382,3.442547279,0.7372714382,4441.445919
weekly,2026-01-16,procurement,,중개소싱,98008711,0.2511025426,14,6650,23876,6650,0.7260964218,2.606959123,0.7260964218,11672.9423
weekly,2026-01-16,procurement,,직소싱,44127980,0.113057787,11,4551,12459,4551,1.298104082,3.553741761,1.298104082,13505.2115
weekly,2026-01-16,first_order,,N,458378965,0.8952992665,272,98461,394869,98461,1.172813677,4.703463949,1.172813677,5722.578247
weekly,2026-01-16,first_order,,Y,53605108,0.1047007335,19,6911,26977,6911,1.637988023,6.393865271,1.637988023,13404.08459
weekly,2026-01-16,new_product,,N,418556847,0.8175192727,239,78169,328633,78169,1.042022457,4.380802696,1.042022457,5764.323995
weekly,2026-01-16,new_product,,Y,93427226,0.1824807273,52,27203,93213,27203,2.586791103,8.863822338,2.586791103,9942.921983
weekly,2026-01-16,season,,미분류,361364321,0.7058116454,264,98660,372018,98660,1.40888854,5.312506556,1.40888854,5531.069114
weekly,2026-01-16,season,,겨울,65925691,0.1287651208,13,6312,46254,6312,0.5090994099,3.730653375,0.5090994099,5233.474398
weekly,2026-01-16,season,,여름,37114229,0.07249098352,8,400,2764,400,0.1024901728,0.7082070939,0.1024901728,9529.389961
weekly,2026-01-16,season,,봄가을,47579832,0.09293225026,6,0,810,0,0,0.2304975557,0,13539.54936
weekly,2026-01-16,subcategory,Drinkware,보틀,16737584,0.04288241174,5,851,1911,851,0.2508445499,0.5632948707,0.2508445499,5600.02617
weekly,2026-01-16,subcategory,Stationery,펜,17830800,0.04568327826,13,14057,45455,14057,1.132072245,3.660691749,1.132072245,1493.938463
weekly,2026-01-16,subcategory,Fragrance,샤쉐,2661963,0.006820063959,4,2700,9086,2700,1.181550036,3.976134676,1.181550036,1023.924405
weekly,2026-01-16,subcategory,Stationery,메모패드,1501576,0.003847102443,3,1820,5923,1820,1.925398392,6.266008065,1.925398392,1629.076053
weekly,2026-01-16,subcategory,Stationery,다이어리,57322411,0.1468624881,9,6112,41589,6112,0.5845270707,3.977404507,0.5845270707,5691.098122
weekly,2026-01-16,subcategory,Stationery,미분류,807236,0.002068173431,13,5653,21117,5653,0.6378813241,2.382830341,0.6378813241,102.7816797
weekly,2026-01-16,subcategory,Kit Package,플라스틱 박스,97500,0.0002497992031,4,0,0,0,0,0,0,1300
weekly,2026-01-16,subcategory,Tech,충전기,12699448,0.03253653323,3,1725,5148,1725,1.076310356,3.212084472,1.076310356,8869.076866
weekly,2026-01-16,subcategory,Lifestyle,타월,4925226,0.01261864133,2,2616,10907,2616,3.262271117,13.60152564,3.262271117,3177.657831
weekly,2026-01-16,subcategory,Bag&pouch,노트북백,13286196,0.0340398069,3,1710,1910,1710,1.913203354,2.136969828,1.913203354,19510.67103
weekly,2026-01-16,subcategory,Stationery,포스트잇,5538890,0.01419087495,5,2100,5306,2100,0.81728882,2.065016418,0.81728882,2246.245674
weekly,2026-01-16,subcategory,Figure,월드 오브 피규어,750000,0.001921532331,2,0,0,0,0,0,0,5000
weekly,2026-01-16,subcategory,Drinkware,텀블러,9853839,0.0252459603,4,1961,7971,1961,1.120333227,4.553888909,1.120333227,6687.040507
weekly,2026-01-16,subcategory,Lifestyle,구강관리,3724800,0.00954309817,1,1125,6136,1125,0.6215469613,3.390055249,0.6215469613,1600
weekly,2026-01-16,subcategory,Tech,PC/ 노트북 악세사리,8702189,0.02229538336,5,3201,7722,3201,2.591059178,6.250596367,2.591059178,9270.771153
weekly,2026-01-16,subcategory,Kit Package,지퍼백,694800,0.001780107552,3,300,2000,300,0.206810221,1.378734807,0.206810221,487.0725389
weekly,2026-01-16,subcategory,Tech,배터리,5760860,0.01475957166,4,1090,5893,1090,1.460701386,7.897168135,1.460701386,7588.009124
weekly,2026-01-16,subcategory,Lifestyle,여권케이스,1465800,0.003755442788,1,500,1080,500,1.305483029,2.819843342,1.305483029,4200
weekly,2026-01-16,subcategory,Drinkware,리유저블컵,5694600,0.01458981069,4,400,2684,400,0.1153916434,0.7742779269,0.1153916434,1664.562919
weekly,2026-01-16,subcategory,Fragrance,디퓨저,0,0,1,402,2187,402,0,0,0,0
weekly,2026-01-16,subcategory,Lifestyle,우산,35744015,0.0915777073,2,1920,6644,1920,0.3900205493,1.349633609,0.3900205493,7430.971808
weekly,2026-01-16,subcategory,Lifestyle,캠핑,47319622,0.1212349114,4,0,300,0,0,0.08615760491,0,13589.81766
weekly,2026-01-16,subcategory,Lifestyle,구강가전,5118768,0.01311450428,1,200,2145,200,0.2569593148,2.755888651,0.2569593148,8364
weekly,2026-01-16,subcategory,Lifestyle,명함지갑,1759968,0.004509113885,1,450,1620,450,1.564310545,5.631517961,1.564310545,5238
weekly,2026-01-16,subcategory,Tech,건강가전,21144760,0.05417378664,2,170,590,170,0.1651554404,0.5731865285,0.1651554404,21980
weekly,2026-01-16,subcategory,Lifestyle,모바일 악세사리,3546048,0.009085127841,2,800,2000,800,0.3412969283,0.8532423208,0.3412969283,1606
weekly,2026-01-16,subcategory,Drinkware,머그컵,1377500,0.003529214382,1,200,1000,200,0.3411028994,1.705514497,0.3411028994,2500
weekly,2026-01-16,subcategory,Kit Package,슬리브박스,19184314,0.04915103947,3,1500,4800,1500,0.2743104706,0.877793506,0.2743104706,3530.960648
weekly,2026-01-16,subcategory,Stationery,노트,13085988,0.03352686537,8,200,6704,200,0.03978302764,1.333527086,0.03978302764,1961.563444
weekly,2026-01-16,subcategory,Lifestyle,가드닝,20380,0.00005221443855,1,100,1572,100,0.09823182711,1.544204322,0.09823182711,20
weekly,2026-01-16,subcategory,Bag&pouch,하드케이스 파우치,23446812,0.0600717431,4,200,5065,200,0.03744415407,0.9482732019,0.03744415407,4188.205768
weekly,2026-01-16,subcategory,Lifestyle,네임택,433300,0.001110133279,1,100,400,100,0.02326122354,0.09304489416,0.02326122354,100
weekly,2026-01-16,subcategory,Tech,충전패드,5064000,0.0129741863,2,300,2000,300,1.386748844,9.244992296,1.386748844,24000
weekly,2026-01-16,subcategory,Awards & Recognition,트로피,13723500,0.0351601986,2,234,2270,234,0.05899655433,0.5723170014,0.05899655433,3500
weekly,2026-01-16,subcategory,Tech,시계,1994300,0.005109482571,1,180,1526,180,0.5973451327,5.064159292,0.5973451327,4900
weekly,2026-01-16,subcategory,Tech,계절가전,5977724,0.01531518658,2,0,80,0,0,0.06752897138,0,5047.276265
weekly,2026-01-16,subcategory,Lifestyle,미분류,18406905,0.0471592841,1,0,0,0,0,0,0,15455
weekly,2026-01-16,subcategory,Lifestyle,도시락,1507255,0.003861652285,2,0,0,0,0,0,0,1696.10403
weekly,2026-01-16,subcategory,Lifestyle,세제,1142408,0.002926898543,2,0,100,0,0,0.09240827314,0,1055.679505
weekly,2026-01-16,subcategory,Lifestyle,골프,225630,0.0005780737866,1,0,510,0,0,11.33333333,0,5014
weekly,2026-01-16,subcategory,Wine,와인잔,34580,0.00008859545069,1,0,0,0,0,0,0,380
weekly,2026-01-23,category,,Drinkware,27465211,0.07333275955,14,3412,13566,3412,0.4584414835,1.82274829,0.4584414835,4745.731451
weekly,2026-01-23,category,,Stationery,90555951,0.2417865197,51,29942,126094,29942,1.295070789,5.453899409,1.295070789,4097.992299
weekly,2026-01-23,category,,Fragrance,3493506,0.009327743212,5,3102,11273,3102,0.8604736908,3.127053487,0.8604736908,730.6341887
weekly,2026-01-23,category,,Kit Package,20689664,0.05524188965,10,1800,6800,1800,0.2894497365,1.093476782,0.2894497365,3326.565781
weekly,2026-01-23,category,,Tech,64228445,0.1714914593,19,6666,22959,6666,1.630526317,5.615849643,1.630526317,16146.03204
weekly,2026-01-23,category,,Lifestyle,116270142,0.3104440146,22,7811,33414,7811,0.6701055423,2.866586428,0.6701055423,10502.24455
weekly,2026-01-23,category,,Bag&pouch,37267608,0.09950539016,7,1910,6975,1910,0.4713949179,1.721455263,0.4713949179,9668.168471
weekly,2026-01-23,category,,Figure,974928,0.002603080697,2,0,0,0,0,0,0,4026.624292
weekly,2026-01-23,category,,Awards & Recognition,13548500,0.03617481376,2,234,2270,234,0.05935320228,0.5757767914,0.05935320228,3500
weekly,2026-01-23,category,,Wine,34580,0.00009232941357,1,0,0,0,0,0,0,380
weekly,2026-01-23,sub_category,,Product Parts,374528535,1,133,54877,223351,54877,1.182952673,4.814652085,1.182952673,8657.866822
weekly,2026-01-23,sourcing,,국내소싱,95647933,0.1917255398,41,18140,67202,18140,1.864764725,6.908264555,1.864764725,9693.394575
weekly,2026-01-23,sourcing,,해당없음,258481861,0.5181248855,215,67884,294601,67884,0.7400442189,3.211622281,0.7400442189,2995.282036
weekly,2026-01-23,sourcing,,중개소싱,99790376,0.2000290347,18,7300,27828,7300,0.7560803732,2.882219812,0.7560803732,11172.17378
weekly,2026-01-23,sourcing,,직소싱,44959286,0.09012054006,17,12048,32215,12048,3.062053785,8.187588205,3.062053785,12844.04517
weekly,2026-01-23,production,,해외생산,240397595,0.4818751145,76,37488,127245,37488,1.616494443,5.486844733,1.616494443,10896.48038
weekly,2026-01-23,production,,국내생산,258481861,0.5181248855,215,67884,294601,67884,0.7400442189,3.211622281,0.7400442189,2995.282036
weekly,2026-01-23,procurement,,국내소싱,93831311,0.2505318079,36,16415,59726,16415,1.747596804,6.358633368,1.747596804,9858.826525
weekly,2026-01-23,procurement,,국내생산,144677363,0.386291963,72,27261,127290,27261,0.7505473024,3.504536375,0.7505473024,4386.877358
weekly,2026-01-23,procurement,,중개소싱,95524796,0.2550534527,14,6650,23876,6650,0.7424765602,2.665769978,0.7424765602,11618.55616
weekly,2026-01-23,procurement,,직소싱,40495065,0.1081227763,11,4551,12459,4551,1.411149445,3.863219278,1.411149445,14150.10703
weekly,2026-01-23,first_order,,N,448784322,0.8995846925,273,98521,395782,98521,1.251376433,5.027073086,1.251376433,6002.733898
weekly,2026-01-23,first_order,,Y,50095134,0.1004153075,18,6851,26064,6851,1.744482607,6.636723787,1.744482607,13969.0392
weekly,2026-01-23,new_product,,N,409881450,0.8216041873,239,78169,328633,78169,1.120398098,4.710304443,1.120398098,6117.125486
weekly,2026-01-23,new_product,,Y,88998006,0.1783958127,52,27203,93213,27203,2.691372961,9.222179458,2.691372961,9959.970213
weekly,2026-01-23,season,,미분류,356334765,0.7142702725,264,98660,372018,98660,1.533161884,5.781104986,1.533161884,5898.557117
weekly,2026-01-23,season,,겨울,60915642,0.1221049319,13,6312,46254,6312,0.5207356708,3.815923276,0.5207356708,5271.194883
weekly,2026-01-23,season,,여름,36889829,0.0739453761,8,400,2764,400,0.1032027049,0.7131306906,0.1032027049,9576.186467
weekly,2026-01-23,season,,봄가을,44739220,0.08967941947,6,0,810,0,0,0.2385256257,0,13801.99939
weekly,2026-01-23,subcategory,Drinkware,보틀,16544102,0.04417314157,5,851,1911,851,0.2603078417,0.5845455764,0.2603078417,5623.615136
weekly,2026-01-23,subcategory,Stationery,펜,18226219,0.04866443354,13,14057,45455,14057,1.101806661,3.562824342,1.101806661,1447.647798
weekly,2026-01-23,subcategory,Fragrance,샤쉐,2022906,0.005401206613,4,2700,9086,2700,1.246571323,4.194943348,1.246571323,1043.694033
weekly,2026-01-23,subcategory,Stationery,메모패드,1620954,0.004327985316,3,1820,5923,1820,3.571104823,11.62178784,3.571104823,3061.26584
weekly,2026-01-23,subcategory,Stationery,다이어리,52312362,0.1396752373,9,6112,41589,6112,0.6120415985,4.164626642,0.6120415985,5778.849558
weekly,2026-01-23,subcategory,Stationery,미분류,805998,0.002152033623,13,5653,21117,5653,0.6568594014,2.453723683,0.6568594014,102.7932675
weekly,2026-01-23,subcategory,Kit Package,플라스틱 박스,254800,0.0006803219947,4,0,0,0,0,0,0,1300
weekly,2026-01-23,subcategory,Tech,충전기,15444502,0.0412371837,3,1725,5148,1725,2.173839107,6.487492014,2.173839107,18300.52627
weekly,2026-01-23,subcategory,Lifestyle,타월,3946626,0.01053758427,2,2616,10907,2616,2.868739843,11.96075897,2.868739843,3177.730595
weekly,2026-01-23,subcategory,Bag&pouch,노트북백,13286196,0.0354744559,3,1710,1910,1710,2.03429902,2.27222873,2.03429902,19510.67103
weekly,2026-01-23,subcategory,Stationery,포스트잇,4504430,0.01202693408,5,2100,5306,2100,0.999373868,2.52508464,0.999373868,2595.923591
weekly,2026-01-23,subcategory,Figure,월드 오브 피규어,974928,0.002603080697,2,0,0,0,0,0,0,4026.624292
weekly,2026-01-23,subcategory,Drinkware,텀블러,4073409,0.01087609787,4,1961,7971,1961,1.218365915,4.952368542,1.218365915,6086.833717
weekly,2026-01-23,subcategory,Lifestyle,구강관리,3241600,0.008655148265,1,1125,6136,1125,0.6035407725,3.291845494,0.6035407725,1600
weekly,2026-01-23,subcategory,Tech,PC/ 노트북 악세사리,8674299,0.02316058241,5,3201,7722,3201,2.757960976,6.653225447,2.757960976,9269.387509
weekly,2026-01-23,subcategory,Kit Package,지퍼백,1250550,0.003338997922,3,300,2000,300,0.2150324642,1.433549762,0.2150324642,603.9186758
weekly,2026-01-23,subcategory,Tech,배터리,5760860,0.01538163174,4,1090,5893,1090,1.454372577,7.862951921,1.454372577,7588.009124
weekly,2026-01-23,subcategory,Lifestyle,여권케이스,197400,0.0005270626442,1,500,1080,500,1.672240803,3.612040134,1.672240803,4200
weekly,2026-01-23,subcategory,Drinkware,리유저블컵,5470200,0.0146055627,4,400,2684,400,0.1164159163,0.7811507985,0.1164159163,1657.515265
weekly,2026-01-23,subcategory,Fragrance,디퓨저,1470600,0.003926536599,1,402,2187,402,0.3230212937,1.757332262,0.3230212937,300
weekly,2026-01-23,subcategory,Lifestyle,우산,31863200,0.08507549365,2,1920,6644,1920,0.4059723666,1.404833544,0.4059723666,7485.493729
weekly,2026-01-23,subcategory,Lifestyle,캠핑,44479010,0.1187600032,4,0,300,0,0,0.08919011764,0,13857.01341
weekly,2026-01-23,subcategory,Lifestyle,구강가전,4265640,0.01138935916,1,200,2145,200,0.2811950791,3.015817223,0.2811950791,8364
weekly,2026-01-23,subcategory,Lifestyle,명함지갑,3326130,0.008880845354,1,450,1620,450,1.201602136,4.32576769,1.201602136,5238
weekly,2026-01-23,subcategory,Tech,건강가전,21144760,0.05645700667,2,170,590,170,0.1679012346,0.5827160494,0.1679012346,21980
weekly,2026-01-23,subcategory,Lifestyle,모바일 악세사리,3216818,0.008588979742,2,800,2000,800,0.3541781959,0.8854454898,0.3541781959,1606
weekly,2026-01-23,subcategory,Drinkware,머그컵,1377500,0.003677957409,1,200,1000,200,0.3463203463,1.731601732,0.3463203463,2500
weekly,2026-01-23,subcategory,Kit Package,슬리브박스,19184314,0.05122256973,3,1500,4800,1500,0.2747511819,0.8792037822,0.2747511819,3530.960648
weekly,2026-01-23,subcategory,Stationery,노트,13085988,0.03493989583,8,200,6704,200,0.03677651725,1.232748858,0.03677651725,1961.563444
weekly,2026-01-23,subcategory,Lifestyle,가드닝,18220,0.00004864782866,1,100,1572,100,0.1008827238,1.585876419,0.1008827238,20
weekly,2026-01-23,subcategory,Bag&pouch,하드케이스 파우치,23981412,0.06403093425,4,200,5065,200,0.03701918431,0.9375108425,0.03701918431,4215.219406
weekly,2026-01-23,subcategory,Lifestyle,네임택,433300,0.001156921194,1,100,400,100,0.02321532211,0.09286128845,0.02321532211,100
weekly,2026-01-23,subcategory,Tech,충전패드,5232000,0.01396956309,2,300,2000,300,1.384083045,9.2272203,1.384083045,24000
weekly,2026-01-23,subcategory,Awards & Recognition,트로피,13548500,0.03617481376,2,234,2270,234,0.05935320228,0.5757767914,0.05935320228,3500
weekly,2026-01-23,subcategory,Tech,시계,1994300,0.00532482792,1,180,1526,180,0.5491990847,4.655987796,0.5491990847,4900
weekly,2026-01-23,subcategory,Tech,계절가전,5977724,0.01596066372,2,0,80,0,0,0.06753367738,0,5047.276265
weekly,2026-01-23,subcategory,Lifestyle,미분류,18406905,0.04914686941,1,0,0,0,0,0,0,15455
weekly,2026-01-23,subcategory,Lifestyle,도시락,1507255,0.004024406311,2,0,0,0,0,0,0,1696.10403
weekly,2026-01-23,subcategory,Lifestyle,세제,1142408,0.003050256237,2,0,100,0,0,0.09240827314,0,1055.679505
weekly,2026-01-23,subcategory,Lifestyle,골프,225630,0.0006024374084,1,0,510,0,0,11.33333333,0,5014
weekly,2026-01-23,subcategory,Wine,와인잔,34580,0.00009232941357,1,0,0,0,0,0,0,380
weekly,2026-01-30,category,,Drinkware,24188501,0.06446409952,14,3412,13566,3412,0.4586594825,1.823615047,0.4586594825,4448.70033
weekly,2026-01-30,category,,Stationery,88676667,0.2363297125,51,29942,126094,29942,1.232944928,5.192270316,1.232944928,3851.42752
weekly,2026-01-30,category,,Fragrance,3502291,0.009333858082,5,3102,11273,3102,0.8069651306,2.932597652,0.8069651306,730.3794051
weekly,2026-01-30,category,,Kit Package,19608904,0.05225914325,10,1800,6800,1800,0.2912802177,1.100391934,0.2912802177,3312.714155
weekly,2026-01-30,category,,Tech,67044889,0.1786794641,19,6666,22959,6666,1.346540952,4.637748831,1.346540952,13375.76059
weekly,2026-01-30,category,,Lifestyle,130673266,0.3482536774,22,7811,33414,7811,0.6462553328,2.764559684,0.6462553328,10265.05279
weekly,2026-01-30,category,,Bag&pouch,25683192,0.06844755882,7,1910,6975,1910,0.3168225088,1.156982722,0.3168225088,6050.391034
weekly,2026-01-30,category,,Figure,2263578,0.006032598608,2,0,0,0,0,0,0,2178.897488
weekly,2026-01-30,category,,Awards & Recognition,13548500,0.03610772955,2,234,2270,234,0.05956926837,0.5778728171,0.05956926837,3500
weekly,2026-01-30,category,,Wine,34580,0.00009215819373,1,0,0,0,0,0,0,380
weekly,2026-01-30,sub_category,,Product Parts,375224368,1,133,54877,223351,54877,1.093156547,4.449179217,1.093156547,7895.432181
weekly,2026-01-30,sourcing,,국내소싱,87080754,0.1726318346,41,18140,67202,18140,1.640767751,6.078438502,1.640767751,8398.50865
weekly,2026-01-30,sourcing,,해당없음,256498958,0.5084922173,215,67884,294601,67884,0.7299910909,3.16799401,0.7299910909,2915.326795
weekly,2026-01-30,sourcing,,중개소싱,102622884,0.2034430792,18,7300,27828,7300,0.7155849012,2.727848853,0.7155849012,10470.9644
weekly,2026-01-30,sourcing,,직소싱,58227854,0.1154328689,17,12048,32215,12048,2.216929956,5.927821924,2.216929956,9582.160797
weekly,2026-01-30,production,,해외생산,247931492,0.4915077827,76,37488,127245,37488,1.419775149,4.819123156,1.419775149,9534.318013
weekly,2026-01-30,production,,국내생산,256498958,0.5084922173,215,67884,294601,67884,0.7299910909,3.16799401,0.7299910909,2915.326795
weekly,2026-01-30,procurement,,국내소싱,85340780,0.227439333,36,16415,59726,16415,1.538940059,5.599435516,1.538940059,8545.549384
weekly,2026-01-30,procurement,,국내생산,143161329,0.3815352659,72,27261,127290,27261,0.7467372141,3.4867459,0.7467372141,4275.985328
weekly,2026-01-30,procurement,,중개소싱,98857624,0.2634626971,14,6650,23876,6650,0.6989128628,2.509359927,0.6989128628,10827.46476
weekly,2026-01-30,procurement,,직소싱,47864635,0.127562704,11,4551,12459,4551,1.136376547,3.11098998,1.136376547,11506.23038
weekly,2026-01-30,first_order,,N,452741545,0.897530165,274,98621,395882,98621,1.133659182,4.55070689,1.133659182,5387.832399
weekly,2026-01-30,first_order,,Y,51688905,0.102469835,17,6751,25964,6751,1.621843016,6.237525119,1.621843016,13007.44155
weekly,2026-01-30,new_product,,N,405398482,0.8036756742,240,78947,332251,78947,1.050256039,4.420036472,1.050256039,5622.407016
weekly,2026-01-30,new_product,,Y,99031968,0.1963243258,51,26425,89595,26425,2.216069797,7.513671656,2.216069797,8404.565947
weekly,2026-01-30,season,,미분류,365143111,0.723872064,264,98660,372018,98660,1.322905528,4.98828977,1.322905528,5050.928948
weekly,2026-01-30,season,,겨울,57658290,0.1143037459,13,6312,46254,6312,0.5182430834,3.797657728,0.5182430834,5143.570813
weekly,2026-01-30,season,,여름,36889829,0.0731316458,8,400,2764,400,0.1033286501,0.7140009724,0.1033286501,9576.186467
weekly,2026-01-30,season,,봄가을,44739220,0.08869254423,6,0,810,0,0,0.2407139539,0,13801.99939
weekly,2026-01-30,subcategory,Drinkware,보틀,13658442,0.03640073291,5,851,1911,851,0.2611020684,0.5863290866,0.2611020684,5350.749715
weekly,2026-01-30,subcategory,Stationery,펜,18907908,0.05039093836,13,14057,45455,14057,0.8834731033,2.856816526,0.8834731033,1166.29589
weekly,2026-01-30,subcategory,Fragrance,샤쉐,2032291,0.005416202074,4,2700,9086,2700,1.269815258,4.273163493,1.269815258,1041.68213
weekly,2026-01-30,subcategory,Stationery,메모패드,589020,0.001569780777,3,1820,5923,1820,1.381192939,4.49494823,1.381192939,1036.603514
weekly,2026-01-30,subcategory,Stationery,다이어리,49055010,0.1307351392,9,6112,41589,6112,0.6182674824,4.206990564,0.6182674824,5662.552045
weekly,2026-01-30,subcategory,Stationery,미분류,636291,0.001695761401,13,5653,21117,5653,0.6773602277,2.530305312,0.6773602277,100.0496644
weekly,2026-01-30,subcategory,Kit Package,플라스틱 박스,301600,0.0008037857499,4,0,0,0,0,0,0,1300
weekly,2026-01-30,subcategory,Tech,충전기,12888502,0.03434878728,3,1725,5148,1725,1.797323772,5.363839291,1.797323772,14790.43217
weekly,2026-01-30,subcategory,Lifestyle,타월,2987631,0.007962252068,2,2616,10907,2616,2.854723297,11.90231919,2.854723297,3181.816968
weekly,2026-01-30,subcategory,Bag&pouch,노트북백,2511780,0.006694074837,3,1710,1910,1710,2.932556149,3.275545172,2.932556149,23362.09435
weekly,2026-01-30,subcategory,Stationery,포스트잇,6402450,0.01706299096,5,2100,5306,2100,0.8925686879,2.255223552,0.8925686879,2399.043569
weekly,2026-01-30,subcategory,Figure,월드 오브 피규어,2263578,0.006032598608,2,0,0,0,0,0,0,2178.897488
weekly,2026-01-30,subcategory,Drinkware,텀블러,3682359,0.009813752288,4,1961,7971,1961,1.367291093,5.557714075,1.367291093,5978.178049
weekly,2026-01-30,subcategory,Lifestyle,구강관리,2238400,0.005965497422,1,1125,6136,1125,0.6352343309,3.464709204,0.6352343309,1600
weekly,2026-01-30,subcategory,Tech,PC/ 노트북 악세사리,15698754,0.04183831152,5,3201,7722,3201,1.285261622,3.100528037,1.285261622,4716.435879
weekly,2026-01-30,subcategory,Kit Package,지퍼백,1250550,0.003332805933,3,300,2000,300,0.1960456665,1.30697111,0.1960456665,603.9186758
weekly,2026-01-30,subcategory,Tech,배터리,5647449,0.01505085885,4,1090,5893,1090,1.211700596,6.550964784,1.211700596,6313.117962
weekly,2026-01-30,subcategory,Lifestyle,여권케이스,3276000,0.008730776249,1,500,1080,500,1.265182186,2.732793522,1.265182186,4200
weekly,2026-01-30,subcategory,Drinkware,리유저블컵,5470200,0.01457847748,4,400,2684,400,0.1173428904,0.7873707948,0.1173428904,1657.515265
weekly,2026-01-30,subcategory,Fragrance,디퓨저,1470000,0.003917656009,1,402,2187,402,0.2034824863,1.107005467,0.2034824863,300
weekly,2026-01-30,subcategory,Lifestyle,우산,28413535,0.07572411982,2,1920,6644,1920,0.418327117,1.447586128,0.418327117,7408.777612
weekly,2026-01-30,subcategory,Lifestyle,캠핑,44479010,0.1185397693,4,0,300,0,0,0.09001299331,0,13857.01341
weekly,2026-01-30,subcategory,Lifestyle,구강가전,21002004,0.05597185522,1,200,2145,200,0.1867064974,2.002427184,0.1867064974,8364
weekly,2026-01-30,subcategory,Lifestyle,명함지갑,3326130,0.008864376314,1,450,1620,450,1.054852321,3.797468354,1.054852321,5238
weekly,2026-01-30,subcategory,Tech,건강가전,19606160,0.0522518303,2,170,590,170,0.1719951437,0.5969243221,0.1719951437,21980
weekly,2026-01-30,subcategory,Lifestyle,모바일 악세사리,3216818,0.008573051951,2,800,2000,800,0.3623844899,0.9059612249,0.3623844899,1606
weekly,2026-01-30,subcategory,Drinkware,머그컵,1377500,0.003671136838,1,200,1000,200,0.349528137,1.747640685,0.349528137,2500
weekly,2026-01-30,subcategory,Kit Package,슬리브박스,18056754,0.04812255157,3,1500,4800,1500,0.2785091475,0.8912292721,0.2785091475,3533.934357
weekly,2026-01-30,subcategory,Stationery,노트,13085988,0.03487510172,8,200,6704,200,0.03518127128,1.179276213,0.03518127128,1961.563444
weekly,2026-01-30,subcategory,Lifestyle,가드닝,18240,0.00004861091538,1,100,1572,100,0.1025220422,1.611646504,0.1025220422,20
weekly,2026-01-30,subcategory,Bag&pouch,하드케이스 파우치,23171412,0.06175348398,4,200,5065,200,0.03652769897,0.9250639765,0.03652769897,4173.803187
weekly,2026-01-30,subcategory,Lifestyle,네임택,433300,0.001154775747,1,100,400,100,0.02318786811,0.09275147243,0.02318786811,100
weekly,2026-01-30,subcategory,Tech,충전패드,5232000,0.01394365731,2,300,2000,300,1.382488479,9.216589862,1.382488479,24000
weekly,2026-01-30,subcategory,Awards & Recognition,트로피,13548500,0.03610772955,2,234,2270,234,0.05956926837,0.5778728171,0.05956926837,3500
weekly,2026-01-30,subcategory,Tech,시계,1994300,0.005314953319,1,180,1526,180,0.5238649593,4.44121071,0.5238649593,4900
weekly,2026-01-30,subcategory,Tech,계절가전,5977724,0.01593106554,2,0,80,0,0,0.0675365013,0,5047.276265
weekly,2026-01-30,subcategory,Lifestyle,미분류,18406905,0.04905572924,1,0,0,0,0,0,0,15455
weekly,2026-01-30,subcategory,Lifestyle,도시락,1507255,0.004016943271,2,0,0,0,0,0,0,1696.10403
weekly,2026-01-30,subcategory,Lifestyle,세제,1142408,0.003044599705,2,0,100,0,0,0.09240827314,0,1055.679505
weekly,2026-01-30,subcategory,Lifestyle,골프,225630,0.0006013202213,1,0,510,0,0,11.33333333,0,5014
weekly,2026-01-30,subcategory,Wine,와인잔,34580,0.00009215819373,1,0,0,0,0,0,0,380
weekly,2026-02-06,category,,Tech,59065724,0.1497433776,19,4240,20219,10906,1.01632625,4.402362456,2.374606308,14158.02967
weekly,2026-02-06,category,,Stationery,102943172,0.2609814497,51,11056,87893,40998,0.4021529557,3.460694448,1.614253137,3744.47367
weekly,2026-02-06,category,,Drinkware,42541439,0.1078510231,14,2250,11685,5662,0.2770511683,1.765551442,0.8555029749,5238.291278
weekly,2026-02-06,category,,Lifestyle,131068010.4,0.3322835182,21,7020,26156,14831,0.5318570908,2.076226827,1.17726411,9930.121184
weekly,2026-02-06,category,,Kit Package,18808254,0.04768267093,10,396,5396,2196,0.06970843878,0.8846785375,0.3600359652,3310.843491
weekly,2026-02-06,category,,Awards & Recognition,13373500,0.03390448681,2,500,1502,734,0.1308557969,0.3841104765,0.1877077828,3500
weekly,2026-02-06,category,,Bag&pouch,21670918,0.05494009448,6,1487,5162,3397,0.2964055587,0.7455813999,0.4906509135,4319.691028
weekly,2026-02-06,category,,Fragrance,3441691,0.00872537235,5,1300,8969,4402,0.278742215,2.271917441,1.115060829,737.9573637
weekly,2026-02-06,category,,Figure,1533610,0.003888006881,2,0,0,0,0,0,0,1111.123043
weekly,2026-02-06,sub_category,,Product Parts,394446318.4,1,130,28249,166982,83126,0.5361594102,3.190933801,1.588491952,7486.49883
weekly,2026-02-06,sourcing,,중개소싱,97412610,0.1851750411,18,4340,21695,11640,0.4743133831,2.194437712,1.17737981,10646.10705
weekly,2026-02-06,sourcing,,해당없음,276226768.7,0.5250891363,221,42446,227684,110450,0.4491906143,2.448394366,1.187721394,2923.207651
weekly,2026-02-06,sourcing,,국내소싱,108346494.7,0.2059596453,41,10347,52510,28487,0.7034154468,4.232293672,2.296045512,7365.671011
weekly,2026-02-06,sourcing,,직소싱,44071037,0.08377617731,17,9738,29725,21786,2.32098541,6.153484697,4.510002275,10504.02895
weekly,2026-02-06,production,,해외생산,249830141.7,0.4749108637,76,24425,103930,61913,0.8992929621,3.864486462,2.302145197,9198.382318
weekly,2026-02-06,production,,국내생산,276226768.7,0.5250891363,221,42446,227684,110450,0.4491906143,2.448394366,1.187721394,2923.207651
weekly,2026-02-06,procurement,,중개소싱,93668350,0.2374679282,14,2940,18253,9590,0.3461092143,1.983758891,1.042253206,11027.03368
weekly,2026-02-06,procurement,,국내생산,160565386.4,0.4070652429,70,10252,88739,37513,0.2658487335,2.358187452,0.9968862158,4163.685586
weekly,2026-02-06,procurement,,국내소싱,106556426,0.2701417684,35,10047,47035,26462,0.7042939569,3.920363708,2.205605707,7469.597581
weekly,2026-02-06,procurement,,직소싱,33656156,0.08532506055,11,5010,12955,9561,2.015347917,3.985333577,2.941240782,13538.69539
weekly,2026-02-06,first_order,,Y,37758352,0.07177617336,17,6850,22550,13521,2.776969176,6.707733563,4.021962994,15307.12112
weekly,2026-02-06,first_order,,N,488298558.4,0.9282238266,280,60021,309064,158842,0.6362511922,3.42010274,1.757745837,5176.19733
weekly,2026-02-06,new_product,,Y,90077953.4,0.1712323356,52,17978,77385,44523,1.630612456,6.413875148,3.690184961,8170.109735
weekly,2026-02-06,new_product,,N,435978957,0.8287676644,245,48893,254229,127840,0.6095121249,3.284837848,1.651792952,5435.020565
weekly,2026-02-06,season,,미분류,374179880.4,0.7112916359,271,62275,299125,161055,0.7947184286,3.838279505,2.066607959,4775.072607
weekly,2026-02-06,season,,겨울,64075276,0.1218029356,13,4396,30155,10708,0.3382584935,2.364259749,0.8395454615,4930.392704
weekly,2026-02-06,season,,봄가을,50911925,0.09678026083,5,0,410,0,0,0.1109254675,0,12758.99723
weekly,2026-02-06,season,,여름,36889829,0.07012516758,8,200,1924,600,0.05191776013,0.4974154937,0.1551191768,9576.186467
weekly,2026-02-06,subcategory,Tech,충전패드,5232000,0.01326416234,2,0,1800,300,0,8.28856485,1.381427475,24000
weekly,2026-02-06,subcategory,Stationery,다이어리,55471996,0.1406325612,9,4396,26861,10508,0.4244698435,2.574074164,1.00697559,5356.276037
weekly,2026-02-06,subcategory,Drinkware,텀블러,21938139,0.05561755295,4,350,5620,2311,0.09959358627,3.24802841,1.335621647,6242.56554
weekly,2026-02-06,subcategory,Lifestyle,캠핑,44479010,0.1127631516,4,0,100,0,0,0.03019002159,0,13857.01341
weekly,2026-02-06,subcategory,Lifestyle,미분류,18406905,0.04666517126,1,0,0,0,0,0,0,15455
weekly,2026-02-06,subcategory,Kit Package,슬리브박스,17335754,0.04394959007,3,246,3996,1746,0.05010573888,0.7525127049,0.3288005963,3530.978712
weekly,2026-02-06,subcategory,Lifestyle,구강가전,19304112,0.04893976975,1,500,1602,700,0.2166377816,1.254175365,0.5480167015,8364
weekly,2026-02-06,subcategory,Tech,배터리,2519670,0.006387865427,4,1282,5554,2372,3.610666301,7.649491269,3.266941536,7096.480154
weekly,2026-02-06,subcategory,Awards & Recognition,트로피,13373500,0.03390448681,2,500,1502,734,0.1308557969,0.3841104765,0.1877077828,3500
weekly,2026-02-06,subcategory,Lifestyle,우산,15752520,0.03993577647,2,2400,5670,4320,1.212605236,1.457503012,1.110478485,7958.995094
weekly,2026-02-06,subcategory,Tech,건강가전,19430320,0.04925973217,2,0,590,170,0,0.6076210093,0.17507724,21980
weekly,2026-02-06,subcategory,Drinkware,보틀,13755600,0.03487318643,5,1700,3321,2551,0.6593077744,1.052978261,0.8088369599,5334.808248
weekly,2026-02-06,subcategory,Bag&pouch,하드케이스 파우치,21603646,0.05476954656,4,947,2912,1147,0.1876484819,0.5504888245,0.2168305912,4280.772308
weekly,2026-02-06,subcategory,Lifestyle,타월,12356510.4,0.03132621557,2,200,6107,2816,0.05078659796,4.268484402,1.968241702,3137.72563
weekly,2026-02-06,subcategory,Lifestyle,골프,6432915,0.01630872111,1,0,310,0,0,1.271066973,0,5167
weekly,2026-02-06,subcategory,Tech,PC/ 노트북 악세사리,15306892,0.03880602071,5,2380,7612,5581,0.7437124188,2.950547491,2.163295526,4783.162048
weekly,2026-02-06,subcategory,Tech,계절가전,5977724,0.01515472124,2,0,80,0,0,0.06753838404,0,5047.276265
weekly,2026-02-06,subcategory,Stationery,노트,13085988,0.03317558661,8,650,3794,850,0.09743370071,0.6486316911,0.1453181174,1961.563444
weekly,2026-02-06,subcategory,Stationery,메모패드,5630976,0.01427564598,3,0,3935,1820,0,7.256904135,3.356433425,3829.975158
weekly,2026-02-06,subcategory,Drinkware,리유저블컵,5470200,0.01386804679,4,200,1844,600,0.06060163301,0.5438376349,0.1769536773,1657.515265
weekly,2026-02-06,subcategory,Stationery,펜,21767235,0.05518427726,13,5340,34130,19397,0.2896357476,2.110560997,1.199488768,1180.63097
weekly,2026-02-06,subcategory,Tech,충전기,8908618,0.02258512143,3,518,3953,2243,1.005519764,5.134334962,2.913309719,17293.03373
weekly,2026-02-06,subcategory,Lifestyle,여권케이스,3198000,0.008107567116,1,150,880,650,0.1923076923,1.882893226,1.390773406,4100
weekly,2026-02-06,subcategory,Lifestyle,모바일 악세사리,2804076,0.007108891297,2,600,2200,1400,0.3436426117,1.032540676,0.6570713392,1606
weekly,2026-02-06,subcategory,Stationery,포스트잇,6379450,0.01617317668,5,350,4356,2450,0.1320038654,1.81739068,1.022177954,2406.034454
weekly,2026-02-06,subcategory,Lifestyle,명함지갑,3326130,0.008432402192,1,100,1400,550,0.157480315,3.034682081,1.192196532,5238
weekly,2026-02-06,subcategory,Fragrance,샤쉐,2032291,0.005152262565,4,1200,7382,3900,0.6150785274,3.520144456,1.859734947,1041.68213
weekly,2026-02-06,subcategory,Drinkware,머그컵,1377500,0.00349223693,1,0,900,200,0,1.582649472,0.3516998828,2500
weekly,2026-02-06,subcategory,Lifestyle,구강관리,2155200,0.005463861366,1,370,4045,1495,0.274684484,2.378945305,0.8792393648,1600
weekly,2026-02-06,subcategory,Tech,시계,1690500,0.004285754287,1,60,630,240,0.1739130435,1.832283083,0.698012603,4900
weekly,2026-02-06,subcategory,Lifestyle,도시락,1342384,0.003403210874,1,0,0,0,0,0,0,1583
weekly,2026-02-06,subcategory,Fragrance,디퓨저,1409400,0.003573109785,1,100,1587,502,0.02128565347,0.6532656422,0.2066410538,300
weekly,2026-02-06,subcategory,Lifestyle,세제,1142408,0.002896231874,2,0,0,0,0,0,0,1055.679505
weekly,2026-02-06,subcategory,Kit Package,지퍼백,1170900,0.00296846477,3,150,1400,450,0.07296758066,0.8261054192,0.2655338847,569.5849347
weekly,2026-02-06,subcategory,Lifestyle,네임택,351700,0.0008916295668,1,1300,1700,1400,0.3696332101,0.4066985646,0.3349282297,100
weekly,2026-02-06,subcategory,Kit Package,플라스틱 박스,301600,0.0007646160857,4,0,0,0,0,0,0,1300
weekly,2026-02-06,subcategory,Stationery,미분류,607527,0.001540201978,13,320,14817,5973,0.05282794756,1.864419017,0.7515809402,100.295014
weekly,2026-02-06,subcategory,Bag&pouch,노트북백,67272,0.0001705479221,2,540,2250,2250,135,5.210343497,5.210343497,16818
weekly,2026-02-06,subcategory,Figure,월드 오브 피규어,1533610,0.003888006881,2,0,0,0,0,0,0,1111.123043
weekly,2026-02-06,subcategory,Lifestyle,가드닝,16140,0.00004091811546,1,1400,2142,1500,1.734820322,2.261083744,1.583391977,20
weekly,2026-02-13,category,,Tech,104085249,0.2414185018,19,4240,20219,10906,0.989624731,5.45244441,2.941013835,19039.88653
weekly,2026-02-13,category,,Stationery,100802533,0.2338044701,51,11056,87893,40998,0.3967887231,3.350333261,1.562774772,3656.114242
weekly,2026-02-13,category,,Drinkware,41823329,0.09700630515,14,2250,11685,5662,0.2776952161,1.704469374,0.8259054851,5206.153885
weekly,2026-02-13,category,,Lifestyle,127471952.4,0.2956623351,21,7020,26156,14831,0.5435099328,2.086952908,1.183346023,10008.47848
weekly,2026-02-13,category,,Kit Package,18808624,0.04362529629,10,396,5396,2196,0.0697064125,0.8934182014,0.3635927298,3310.779817
weekly,2026-02-13,category,,Awards & Recognition,13198500,0.03061300354,2,500,1502,734,0.1317175975,0.386075717,0.18866816,3500
weekly,2026-02-13,category,,Bag&pouch,21591702,0.0500804523,6,1487,5162,3397,0.2973863632,0.7775666068,0.5116996829,4326.063626
weekly,2026-02-13,category,,Fragrance,2767516,0.006419061037,5,1300,8969,4402,0.3011376555,2.229998557,1.094486971,719.163861
weekly,2026-02-13,category,,Figure,590910,0.00137057468,2,0,0,0,0,0,0,4386.616761
weekly,2026-02-13,sub_category,,Product Parts,431140315.4,1,130,28249,166982,83126,0.6428952124,3.947464453,1.965103605,9394.415631
weekly,2026-02-13,sourcing,,중개소싱,146733469,0.2590585854,18,4340,21695,11640,0.5305793968,2.912219096,1.562490448,14923.83402
weekly,2026-02-13,sourcing,,해당없음,270714554.6,0.4779477377,221,42446,227684,110450,0.4487968306,2.423271256,1.175534118,2891.503704
weekly,2026-02-13,sourcing,,국내소싱,108323446.7,0.1912455219,41,10347,52510,28487,0.691543465,4.053103875,2.198833938,7240.585773
weekly,2026-02-13,sourcing,,직소싱,40638899,0.07174815506,17,9738,29725,21786,2.545327199,6.675353187,4.892489303,11070.77963
weekly,2026-02-13,production,,해외생산,295695814.7,0.5220522623,76,24425,103930,61913,1.036918825,4.732861599,2.819452133,11579.65473
weekly,2026-02-13,production,,국내생산,270714554.6,0.4779477377,221,42446,227684,110450,0.4487968306,2.423271256,1.175534118,2891.503704
weekly,2026-02-13,procurement,,중개소싱,140414984,0.3256827974,14,2940,18253,9590,0.3904094508,2.650666154,1.392641671,15542.23569
weekly,2026-02-13,procurement,,국내생산,153786922.4,0.3566980793,70,10252,88739,37513,0.2727187371,2.374327534,1.003709178,4181.123911
weekly,2026-02-13,procurement,,국내소싱,106533950,0.2470980936,35,10047,47035,26462,0.6923733058,3.752413217,2.111116372,7342.395146
weekly,2026-02-13,procurement,,직소싱,30404459,0.07052102973,11,5010,12955,9561,2.2776147,4.484436076,3.309586517,14561.41701
weekly,2026-02-13,first_order,,N,537215397.2,0.9484561484,281,60021,309964,158992,0.816701814,4.508310736,2.312479322,7012.646338
weekly,2026-02-13,first_order,,Y,29194972,0.05154385157,16,6850,21650,13371,3.341656685,7.439578514,4.594669945,15054.85219
weekly,2026-02-13,new_product,,Y,134321683.9,0.2371455242,52,17978,77385,44523,2.236942924,10.41987758,5.995014658,13960.65137
weekly,2026-02-13,new_product,,N,432088685.3,0.7628544758,245,48893,254229,127840,0.6078634245,3.248707115,1.633624479,5396.136152
weekly,2026-02-13,season,,미분류,418303010.2,0.7385158058,271,62275,299125,161055,1.091613007,5.485814288,2.953674284,6945.681503
weekly,2026-02-13,season,,겨울,60305605,0.1064698111,13,4396,30155,10708,0.3499740015,2.388182544,0.848040414,4951.10039
weekly,2026-02-13,season,,봄가을,50911925,0.08988522768,5,0,410,0,0,0.1096787499,0,12758.99723
weekly,2026-02-13,season,,여름,36889829,0.06512915547,8,200,1924,600,0.05191776013,0.4977049593,0.1552094468,9576.186467
weekly,2026-02-13,subcategory,Tech,충전패드,53688000,0.124525585,2,0,1800,300,0,3.559322034,0.593220339,24000
weekly,2026-02-13,subcategory,Stationery,다이어리,51702325,0.1199199498,9,4396,26861,10508,0.4439285577,2.628766081,1.02837102,5411.48109
weekly,2026-02-13,subcategory,Drinkware,텀블러,21220029,0.04921838261,4,350,5620,2311,0.1007746065,2.841245552,1.168348483,6213.210568
weekly,2026-02-13,subcategory,Lifestyle,캠핑,44479010,0.1031659727,4,0,100,0,0,0.03032407108,0,13857.01341
weekly,2026-02-13,subcategory,Lifestyle,미분류,18406905,0.04269353698,1,0,0,0,0,0,0,15455
weekly,2026-02-13,subcategory,Kit Package,슬리브박스,17336124,0.04020993487,3,246,3996,1746,0.05010415721,0.7606927239,0.3323747487,3530.904931
weekly,2026-02-13,subcategory,Lifestyle,구강가전,19304112,0.04477454627,1,500,1602,700,0.2166377816,1.124548736,0.4913758524,8364
weekly,2026-02-13,subcategory,Tech,배터리,2519670,0.005844199464,4,1282,5554,2372,3.610666301,8.251851915,3.524197469,7096.480154
weekly,2026-02-13,subcategory,Awards & Recognition,트로피,13198500,0.03061300354,2,500,1502,734,0.1317175975,0.386075717,0.18866816,3500
weekly,2026-02-13,subcategory,Lifestyle,우산,12701000,0.02945908686,2,2400,5670,4320,1.36115069,1.613533505,1.229358861,8068.651744
weekly,2026-02-13,subcategory,Tech,건강가전,19430320,0.04506727695,2,0,590,170,0,0.6154992548,0.1773472429,21980
weekly,2026-02-13,subcategory,Drinkware,보틀,13755600,0.03190515827,5,1700,3321,2551,0.6593077744,1.081158785,0.8304836073,5334.808248
weekly,2026-02-13,subcategory,Bag&pouch,하드케이스 파우치,21524430,0.04992441957,4,947,2912,1147,0.1882675891,0.5552161012,0.2186926058,4287.021591
weekly,2026-02-13,subcategory,Lifestyle,타월,12356510.4,0.02866006717,2,200,6107,2816,0.05078659796,3.413813815,1.574144376,3137.72563
weekly,2026-02-13,subcategory,Lifestyle,골프,6432915,0.01492069929,1,0,310,0,0,0.8012295287,0,5167
weekly,2026-02-13,subcategory,Tech,PC/ 노트북 악세사리,13466475,0.03123455293,5,2380,7612,5581,0.8582347612,3.159000966,2.316130372,5187.87894
weekly,2026-02-13,subcategory,Tech,계절가전,5977724,0.0138649154,2,0,80,0,0,0.06753972892,0,5047.276265
weekly,2026-02-13,subcategory,Stationery,노트,13085988,0.03035203977,8,650,3794,850,0.09743370071,0.6358666241,0.1424582579,1961.563444
weekly,2026-02-13,subcategory,Stationery,메모패드,5630976,0.01306065751,3,0,3935,1820,0,5.831244193,2.697043058,3829.975158
weekly,2026-02-13,subcategory,Drinkware,리유저블컵,5470200,0.01268774876,4,200,1844,600,0.06060163301,0.545918651,0.1776307975,1657.515265
weekly,2026-02-13,subcategory,Stationery,펜,23469407,0.05443565856,13,5340,34130,19397,0.2630318632,1.928476767,1.096005387,1114.108449
weekly,2026-02-13,subcategory,Tech,충전기,7312560,0.01696097474,3,518,3953,2243,1.222596632,6.074723579,3.44690235,19142.81621
weekly,2026-02-13,subcategory,Lifestyle,여권케이스,3185700,0.007389009764,1,150,880,650,0.1926782274,1.720096166,1.270525577,4100
weekly,2026-02-13,subcategory,Lifestyle,모바일 악세사리,2804076,0.006503859416,2,600,2200,1400,0.3436426117,1.059876118,0.6744666208,1606
weekly,2026-02-13,subcategory,Stationery,포스트잇,6306310,0.0146270478,5,350,4356,2450,0.1340103445,1.810249208,1.018161286,2428.604382
weekly,2026-02-13,subcategory,Lifestyle,명함지갑,2797092,0.006487660514,1,100,1400,550,0.1710863986,2.967898243,1.165960024,5238
weekly,2026-02-13,subcategory,Fragrance,샤쉐,1476616,0.003424908196,4,1200,7382,3900,0.7425279135,3.846654755,2.032234292,1085.608914
weekly,2026-02-13,subcategory,Drinkware,머그컵,1377500,0.003195015522,1,0,900,200,0,1.589704769,0.3532677265,2500
weekly,2026-02-13,subcategory,Lifestyle,구강관리,2152000,0.004991414449,1,370,4045,1495,0.2748885587,2.452152074,0.9062960076,1600
weekly,2026-02-13,subcategory,Tech,시계,1690500,0.003920997271,1,60,630,240,0.1739130435,1.831395349,0.6976744186,4900
weekly,2026-02-13,subcategory,Lifestyle,도시락,1342384,0.003113566401,1,0,0,0,0,0,0,1583
weekly,2026-02-13,subcategory,Fragrance,디퓨저,1290900,0.00299415284,1,100,1587,502,0.02221975336,0.5884315907,0.1861327401,300
weekly,2026-02-13,subcategory,Lifestyle,세제,1142408,0.002649735966,2,0,0,0,0,0,0,1055.679505
weekly,2026-02-13,subcategory,Kit Package,지퍼백,1170900,0.00271582118,3,150,1400,450,0.07296758066,0.8017080466,0.2576918721,569.5849347
weekly,2026-02-13,subcategory,Lifestyle,네임택,351700,0.000815743709,1,1300,1700,1400,0.3696332101,0.4161275658,0.3426932895,100
weekly,2026-02-13,subcategory,Kit Package,플라스틱 박스,301600,0.0006995402407,4,0,0,0,0,0,0,1300
weekly,2026-02-13,subcategory,Stationery,미분류,607527,0.001409116657,13,320,14817,5973,0.05282794756,1.929983037,0.7780109794,100.295014
weekly,2026-02-13,subcategory,Bag&pouch,노트북백,67272,0.000156032729,2,540,2250,2250,135,6.069364162,6.069364162,16818
weekly,2026-02-13,subcategory,Figure,월드 오브 피규어,590910,0.00137057468,2,0,0,0,0,0,0,4386.616761
weekly,2026-02-13,subcategory,Lifestyle,가드닝,16140,0.00003743560837,1,1400,2142,1500,1.734820322,2.309967648,1.617624403,20
weekly,2026-02-20,category,,Tech,120304176,0.2736870197,19,4240,20219,10906,0.793718934,4.655498778,2.51114643,17687.39927
weekly,2026-02-20,category,,Stationery,93261506,0.212166065,51,11056,87893,40998,0.3987768106,3.283599993,1.531646803,3570.899311
weekly,2026-02-20,category,,Drinkware,43766912.33,0.09956791356,14,2250,11685,5662,0.2704554398,1.634583865,0.7920422632,5133.912585
weekly,2026-02-20,category,,Lifestyle,126260896.6,0.2872383124,21,7020,26156,14831,0.5494042175,2.09150044,1.185924569,10038.51923
weekly,2026-02-20,category,,Kit Package,19034820,0.04330342744,10,396,5396,2196,0.06965934128,0.9018166112,0.3670106149,3321.818152
weekly,2026-02-20,category,,Awards & Recognition,13373500,0.03042415882,2,500,1502,734,0.1314290721,0.3869388807,0.1890899723,3500
weekly,2026-02-20,category,,Bag&pouch,20792502,0.04730208122,6,1487,5162,3397,0.2984058795,0.7976675325,0.5249276652,4284.784805
weekly,2026-02-20,category,,Fragrance,2766316,0.006293254372,5,1300,8969,4402,0.3125665425,2.242788708,1.100764399,719.3456901
weekly,2026-02-20,category,,Figure,7810,0.00001776742666,2,0,0,0,0,0,0,781
weekly,2026-02-20,sub_category,,Product Parts,439568438.9,1,130,28249,166982,83126,0.6330532542,3.919084903,1.950975864,9450.606344
weekly,2026-02-20,sourcing,,중개소싱,145880341,0.2543215442,18,4340,21695,11640,0.4994733501,2.810062926,1.507680685,14962.19682
weekly,2026-02-20,sourcing,,해당없음,264266956.8,0.4607117043,221,42446,227684,110450,0.4469921154,2.394615946,1.161633366,2847.568716
weekly,2026-02-20,sourcing,,국내소싱,122954614,0.2143538128,41,10347,52510,28487,0.6875289644,4.053392457,2.198990495,7522.364576
weekly,2026-02-20,sourcing,,직소싱,40503999,0.07061293867,17,9738,29725,21786,2.590404357,6.847284996,5.018501293,11102.71523
weekly,2026-02-20,production,,해외생산,309338954,0.5392882957,76,24425,103930,61913,0.9856999293,4.576318737,2.72619669,11499.69678
weekly,2026-02-20,production,,국내생산,264266956.8,0.4607117043,221,42446,227684,110450,0.4469921154,2.394615946,1.161633366,2847.568716
weekly,2026-02-20,procurement,,중개소싱,139561856,0.3174974444,14,2940,18253,9590,0.3679146495,2.560841152,1.345448236,15586.11555
weekly,2026-02-20,procurement,,국내생산,148459956.6,0.3377402549,70,10252,88739,37513,0.2746216852,2.361446113,0.9982637628,4132.4712
weekly,2026-02-20,procurement,,국내소싱,121165117.3,0.2756456256,35,10047,47035,26462,0.6867654138,3.744124362,2.106453043,7616.041677
weekly,2026-02-20,procurement,,직소싱,30381509,0.06911667515,11,5010,12955,9561,2.31873029,4.648452499,3.430633295,14569.91441
weekly,2026-02-20,first_order,,N,544563173.8,0.9493681351,281,60021,309964,158992,0.8124141318,4.496548068,2.306445815,7107.531245
weekly,2026-02-20,first_order,,Y,29042737,0.05063186494,16,6850,21650,13371,3.424869508,7.80395016,4.819705201,15126.76715
weekly,2026-02-20,new_product,,Y,149593005.1,0.2607940439,52,17978,77385,44523,1.94549071,9.540894707,5.489297087,13490.54792
weekly,2026-02-20,new_product,,N,424012905.7,0.7392059561,245,48893,254229,127840,0.6135682738,3.252288756,1.63542552,5404.861169
weekly,2026-02-20,season,,미분류,430280830.8,0.7501331885,271,62275,299125,161055,1.077961463,5.479103237,2.950060917,7055.223715
weekly,2026-02-20,season,,겨울,55523326,0.09679699068,13,4396,30155,10708,0.3581174276,2.389840658,0.8486292079,4885.26174
weekly,2026-02-20,season,,봄가을,50911925,0.0887576715,5,0,410,0,0,0.1087619489,0,12758.99723
weekly,2026-02-20,season,,여름,36889829,0.06431214935,8,200,1924,600,0.05191776013,0.4979222797,0.1552772182,9576.186467
weekly,2026-02-20,subcategory,Tech,충전패드,53688000,0.1221379773,2,0,1800,300,0,2.49264324,0.4154405401,24000
weekly,2026-02-20,subcategory,Stationery,다이어리,46920046,0.1067411621,9,4396,26861,10508,0.4604837757,2.664152589,1.042214192,5380.494081
weekly,2026-02-20,subcategory,Drinkware,텀블러,21220029,0.04827468744,4,350,5620,2311,0.1013366543,2.604663268,1.07106349,6213.210568
weekly,2026-02-20,subcategory,Lifestyle,캠핑,44479010,0.1011879063,4,0,100,0,0,0.03042539202,0,13857.01341
weekly,2026-02-20,subcategory,Lifestyle,미분류,18406905,0.04187494681,1,0,0,0,0,0,0,15455
weekly,2026-02-20,subcategory,Kit Package,슬리브박스,17616320,0.04007639867,3,246,3996,1746,0.04983453606,0.7654856444,0.3344689527,3530.837519
weekly,2026-02-20,subcategory,Lifestyle,구강가전,18450984,0.04197522471,1,500,1602,700,0.219876869,1.052389555,0.4598456233,8364
weekly,2026-02-20,subcategory,Tech,배터리,18763580,0.04268636767,4,1282,5554,2372,1.412969329,7.44379852,3.179094362,8744.876729
weekly,2026-02-20,subcategory,Awards & Recognition,트로피,13373500,0.03042415882,2,500,1502,734,0.1314290721,0.3869388807,0.1890899723,3500
weekly,2026-02-20,subcategory,Lifestyle,우산,12694215,0.02887881357,2,2400,5670,4320,1.411966722,1.733332836,1.320634541,8069.33785
weekly,2026-02-20,subcategory,Tech,건강가전,19430320,0.04420317357,2,0,590,170,0,0.6215433237,0.1790887543,21980
weekly,2026-02-20,subcategory,Drinkware,보틀,15699183.33,0.03571499212,5,1700,3321,2551,0.6040021221,1.042585116,0.8008535477,5117.482987
weekly,2026-02-20,subcategory,Bag&pouch,하드케이스 파우치,20725230,0.0471490402,4,947,2912,1147,0.188831215,0.5550869727,0.2186417437,4244.103257
weekly,2026-02-20,subcategory,Lifestyle,타월,12029967.6,0.02736767824,2,200,6107,2816,0.05120972542,2.985331821,1.376566957,3135.997245
weekly,2026-02-20,subcategory,Lifestyle,골프,6432915,0.0146346153,1,0,310,0,0,0.627318053,0,5167
weekly,2026-02-20,subcategory,Tech,PC/ 노트북 악세사리,13450310,0.03059889839,5,2380,7612,5581,0.8779447643,3.131707146,2.296118967,5191.884615
weekly,2026-02-20,subcategory,Tech,계절가전,5977724,0.01359907462,2,0,80,0,0,0.06754073762,0,5047.276265
weekly,2026-02-20,subcategory,Stationery,노트,13085988,0.02977008093,8,650,3794,850,0.09743370071,0.6266177496,0.140386159,1961.563444
weekly,2026-02-20,subcategory,Stationery,메모패드,5630976,0.01281023727,3,0,3935,1820,0,5.08239519,2.3506885,3829.975158
weekly,2026-02-20,subcategory,Drinkware,리유저블컵,5470200,0.01244447853,4,200,1844,600,0.06060163301,0.5474898947,0.1781420482,1657.515265
weekly,2026-02-20,subcategory,Stationery,펜,20722299,0.0471423723,13,5340,34130,19397,0.2105524956,1.491078484,0.8474201393,866.9050958
weekly,2026-02-20,subcategory,Tech,충전기,7303742,0.01661571067,3,518,3953,2243,1.265352131,6.410142838,3.63722499,19155.28163
weekly,2026-02-20,subcategory,Lifestyle,여권케이스,3161100,0.007191371627,1,150,880,650,0.1932989691,1.617574535,1.194799372,4100
weekly,2026-02-20,subcategory,Lifestyle,모바일 악세사리,2804076,0.006379156808,2,600,2200,1400,0.3436426117,1.081346768,0.6881297616,1606
weekly,2026-02-20,subcategory,Stationery,포스트잇,6304470,0.01434240824,5,350,4356,2450,0.1343131641,1.793015507,1.008468318,2429.178932
weekly,2026-02-20,subcategory,Lifestyle,명함지갑,2797092,0.006363268498,1,100,1400,550,0.1761597181,2.919708029,1.147028154,5238
weekly,2026-02-20,subcategory,Fragrance,샤쉐,1476616,0.003359240267,4,1200,7382,3900,0.7839081456,3.991979395,2.109011059,1085.608914
weekly,2026-02-20,subcategory,Drinkware,머그컵,1377500,0.00313375547,1,0,900,200,0,1.595037661,0.3544528135,2500
weekly,2026-02-20,subcategory,Lifestyle,구강관리,2152000,0.004895710905,1,370,4045,1495,0.274956651,2.510083773,0.9277071052,1600
weekly,2026-02-20,subcategory,Tech,시계,1690500,0.003845817512,1,60,630,240,0.1739130435,1.830730113,0.6974209953,4900
weekly,2026-02-20,subcategory,Lifestyle,도시락,1342384,0.003053868024,1,0,0,0,0,0,0,1583
weekly,2026-02-20,subcategory,Fragrance,디퓨저,1289700,0.002934014105,1,100,1587,502,0.02255639098,0.5477608077,0.1732677539,300
weekly,2026-02-20,subcategory,Lifestyle,세제,1142408,0.002598930903,2,0,0,0,0,0,0,1055.679505
weekly,2026-02-20,subcategory,Kit Package,지퍼백,1116900,0.002540901259,3,150,1400,450,0.07429291052,0.7915602516,0.2544300809,571.0153102
weekly,2026-02-20,subcategory,Lifestyle,네임택,351700,0.0008001029393,1,1300,1700,1400,0.3696332101,0.4234913122,0.3487575512,100
weekly,2026-02-20,subcategory,Kit Package,플라스틱 박스,301600,0.0006861275135,4,0,0,0,0,0,0,1300
weekly,2026-02-20,subcategory,Stationery,미분류,597727,0.001359804179,13,320,14817,5973,0.05313346519,1.986253423,0.8006945869,100.3326418
weekly,2026-02-20,subcategory,Bag&pouch,노트북백,67272,0.0001530410149,2,540,2250,2250,135,6.925740669,6.925740669,16818
weekly,2026-02-20,subcategory,Figure,월드 오브 피규어,7810,0.00001776742666,2,0,0,0,0,0,0,781
weekly,2026-02-20,subcategory,Lifestyle,가드닝,16140,0.00003671783179,1,1400,2142,1500,1.734820322,2.348040559,1.644286106,20
weekly,2026-02-27,category,,Tech,113989080,0.2468783568,19,4240,20219,10906,0.7567259196,4.429416851,2.389199277,17733.27534
weekly,2026-02-27,category,,Stationery,106214679,0.230040504,51,11056,87893,40998,0.4066107073,3.367465547,1.570766187,3707.361114
weekly,2026-02-27,category,,Drinkware,62090375.33,0.1344757746,14,2250,11685,5662,0.2718355623,1.698714971,0.8231171727,5745.457717
weekly,2026-02-27,category,,Lifestyle,121318514.6,0.2627524981,21,7020,26156,14831,0.5650416578,2.129856861,1.207673463,10184.42059
weekly,2026-02-27,category,,Kit Package,18457768,0.03997596466,10,396,5396,2196,0.06987350536,0.9066744331,0.3689875936,3313.233381
weekly,2026-02-27,category,,Awards & Recognition,12848500,0.0278273723,2,500,1502,734,0.1325908247,0.389287257,0.190237581,3500
weekly,2026-02-27,category,,Bag&pouch,20792502,0.04503254809,6,1487,5162,3397,0.3003725835,0.8204709239,0.5399340815,4284.784805
weekly,2026-02-27,category,,Fragrance,6010222,0.01301698137,5,1300,8969,4402,0.3258823499,2.61197351,1.281960909,939.1518839
weekly,2026-02-27,category,,Figure,0,0,2,0,0,0,0,0,0,0
weekly,2026-02-27,sub_category,,Product Parts,461721640.9,1,130,28249,166982,83126,0.5963916992,3.719073077,1.851407149,9114.437127
weekly,2026-02-27,sourcing,,중개소싱,137437663,0.2321405947,18,4340,21695,11640,0.4929046289,2.754635426,1.477942215,14976.353
weekly,2026-02-27,sourcing,,해당없음,291128470.6,0.4917337419,221,42446,227684,110450,0.491191477,2.659585836,1.290170832,3189.101545
weekly,2026-02-27,sourcing,,국내소싱,124279537,0.2099157175,41,10347,52510,28487,0.6641465131,3.892200208,2.111542703,7444.193615
weekly,2026-02-27,sourcing,,직소싱,39199263,0.06620994586,17,9738,29725,21786,2.692748801,7.158077996,5.246287206,11365.87189
weekly,2026-02-27,production,,해외생산,300916463,0.5082662581,76,24425,103930,61913,0.9632558098,4.459321281,2.656499168,11395.22132
weekly,2026-02-27,production,,국내생산,291128470.6,0.4917337419,221,42446,227684,110450,0.491191477,2.659585836,1.290170832,3189.101545
weekly,2026-02-27,procurement,,중개소싱,131583903,0.284985349,14,2940,18253,9590,0.362834208,2.509711535,1.318585088,15587.959
weekly,2026-02-27,procurement,,국내생산,178750987.6,0.3871401549,70,10252,88739,37513,0.2845359469,2.501766772,1.057582088,4451.516965
weekly,2026-02-27,procurement,,국내소싱,122295846.3,0.2648692101,35,10047,47035,26462,0.6643458103,3.599029546,2.024822363,7547.227274
weekly,2026-02-27,procurement,,직소싱,29090904,0.06300528591,11,5010,12955,9561,2.445275431,4.965564465,3.664667067,15073.46698
weekly,2026-02-27,first_order,,N,564328552.6,0.9531853421,282,61283,314918,161234,0.7962406338,4.391020912,2.24814671,6950.241649
weekly,2026-02-27,first_order,,Y,27716381,0.04681465785,15,5588,16696,11129,2.96433485,6.532654709,4.354451021,15702.92093
weekly,2026-02-27,new_product,,Y,142016272.1,0.2398741447,52,17978,77385,44523,1.86713858,9.171726105,5.276898124,13397.76604
weekly,2026-02-27,new_product,,N,450028661.5,0.7601258553,245,48893,254229,127840,0.6123474206,3.258649271,1.638623929,5454.646273
weekly,2026-02-27,season,,미분류,437854281.6,0.7395625851,271,62275,299125,161055,1.03940956,5.300676367,2.853992252,6929.19401
weekly,2026-02-27,season,,겨울,66613298,0.1125139229,13,4396,30155,10708,0.3437634491,2.336666578,0.8297471637,4819.364637
weekly,2026-02-27,season,,봄가을,50911925,0.0859933463,5,0,410,0,0,0.1080594095,0,12758.99723
weekly,2026-02-27,season,,여름,36665429,0.0619301457,8,200,1924,600,0.05225404021,0.5008929106,0.1562036104,9623.555782
weekly,2026-02-27,subcategory,Tech,충전패드,50064000,0.1084289658,2,0,1800,300,0,2.060282335,0.3433803892,24000
weekly,2026-02-27,subcategory,Stationery,다이어리,58010018,0.1256385078,9,4396,26861,10508,0.4319347546,2.560080701,1.001501359,5210.148742
weekly,2026-02-27,subcategory,Drinkware,텀블러,40481892,0.0876759684,4,350,5620,2311,0.08881535653,2.27761095,0.9365763177,6652.27585
weekly,2026-02-27,subcategory,Lifestyle,캠핑,44479010,0.09633295487,4,0,100,0,0,0.03050466652,0,13857.01341
weekly,2026-02-27,subcategory,Lifestyle,미분류,18406905,0.03986580521,1,0,0,0,0,0,0,15455
weekly,2026-02-27,subcategory,Kit Package,슬리브박스,17028198,0.03687979183,3,246,3996,1746,0.05011994357,0.7719708549,0.3373025807,3530.623838
weekly,2026-02-27,subcategory,Lifestyle,구강가전,15465036,0.0334942845,1,500,1602,700,0.2306539038,1.027874813,0.4491338134,8364
weekly,2026-02-27,subcategory,Tech,배터리,18580415,0.0402415944,4,1282,5554,2372,1.046807511,6.11027413,2.609573323,8651.948795
weekly,2026-02-27,subcategory,Awards & Recognition,트로피,12848500,0.0278273723,2,500,1502,734,0.1325908247,0.389287257,0.190237581,3500
weekly,2026-02-27,subcategory,Lifestyle,우산,12694215,0.02749322075,2,2400,5670,4320,1.438759988,1.83942399,1.401465897,8069.33785
weekly,2026-02-27,subcategory,Tech,건강가전,19342400,0.04189190691,2,0,590,170,0,0.6266226103,0.1805522776,21980
weekly,2026-02-27,subcategory,Drinkware,보틀,14985183.33,0.03245501619,5,1700,3321,2551,0.5874837325,1.033581218,0.7939372742,5027.786577
weekly,2026-02-27,subcategory,Bag&pouch,하드케이스 파우치,20725230,0.04488684992,4,947,2912,1147,0.1900797046,0.5593844598,0.2203344696,4244.103257
weekly,2026-02-27,subcategory,Lifestyle,타월,11403767.6,0.02469836063,2,200,6107,2816,0.05214015107,2.749640421,1.267887248,3137.973914
weekly,2026-02-27,subcategory,Lifestyle,골프,6432915,0.01393245287,1,0,310,0,0,0.5367100512,0,5167
weekly,2026-02-27,subcategory,Tech,PC/ 노트북 악세사리,11867299,0.02570228022,5,2380,7612,5581,0.9363195778,3.230382898,2.368466494,5320.004182
weekly,2026-02-27,subcategory,Tech,계절가전,5977724,0.01294659698,2,0,80,0,0,0.06754152218,0,5047.276265
weekly,2026-02-27,subcategory,Stationery,노트,12624561,0.02734236363,8,650,3794,850,0.0981234982,0.6211454102,0.1391601472,1958.03648
weekly,2026-02-27,subcategory,Stationery,메모패드,5630976,0.0121956077,3,0,3935,1820,0,4.620853673,2.137218217,3829.975158
weekly,2026-02-27,subcategory,Drinkware,리유저블컵,5245800,0.01136139079,4,200,1844,600,0.060946959,0.5486413542,0.1785167096,1649.864654
weekly,2026-02-27,subcategory,Stationery,펜,23358855,0.05059077359,13,5340,34130,19397,0.3123953877,2.203451007,1.252280668,1306.295295
weekly,2026-02-27,subcategory,Tech,충전기,6466742,0.01400571562,3,518,3953,2243,1.41416663,7.212683811,4.092600503,20469.69478
weekly,2026-02-27,subcategory,Lifestyle,여권케이스,3116000,0.006748654869,1,150,880,650,0.1943005181,1.549236641,1.144322519,4100
weekly,2026-02-27,subcategory,Lifestyle,모바일 악세사리,2725382,0.005902651638,2,600,2200,1400,0.3460706561,1.101652479,0.7010515774,1606
weekly,2026-02-27,subcategory,Stationery,포스트잇,5834840,0.0126371378,5,350,4356,2450,0.1416624798,1.85646741,1.044156372,2511.986413
weekly,2026-02-27,subcategory,Lifestyle,명함지갑,2011392,0.004356287039,1,100,1400,550,0.1916626737,2.985781991,1.172985782,5238
weekly,2026-02-27,subcategory,Fragrance,샤쉐,4720522,0.01022373998,4,1200,7382,3900,0.550803335,3.560860354,1.881245649,1113.775407
weekly,2026-02-27,subcategory,Drinkware,머그컵,1377500,0.002983399256,1,0,900,200,0,1.599210267,0.3553800592,2500
weekly,2026-02-27,subcategory,Lifestyle,구강관리,1798400,0.003894987457,1,370,4045,1495,0.2867661306,2.597388699,0.9599743151,1600
weekly,2026-02-27,subcategory,Tech,시계,1690500,0.003661296873,1,60,630,240,0.1739130435,1.830213041,0.6972240155,4900
weekly,2026-02-27,subcategory,Lifestyle,도시락,1342384,0.002907344774,1,0,0,0,0,0,0,1583
weekly,2026-02-27,subcategory,Fragrance,디퓨저,1289700,0.002793241394,1,100,1587,502,0.02272856412,0.5198165739,0.1644284311,300
weekly,2026-02-27,subcategory,Lifestyle,세제,1142408,0.002474235337,2,0,0,0,0,0,0,1055.679505
weekly,2026-02-27,subcategory,Kit Package,지퍼백,1127970,0.002442965415,3,150,1400,450,0.07453008163,0.7796692971,0.2506079883,569.7414825
weekly,2026-02-27,subcategory,Lifestyle,네임택,300700,0.0006512581897,1,1300,1700,1400,0.3835373949,0.4356367985,0.3587597164,100
weekly,2026-02-27,subcategory,Kit Package,플라스틱 박스,301600,0.000653207416,4,0,0,0,0,0,0,1300
weekly,2026-02-27,subcategory,Stationery,미분류,755429,0.001636113478,13,320,14817,5973,0.05205367133,2.065452363,0.8326211086,104.4412182
weekly,2026-02-27,subcategory,Bag&pouch,노트북백,67272,0.000145698174,2,540,2250,2250,135,7.779485209,7.779485209,16818
weekly,2026-02-27,subcategory,Figure,월드 오브 피규어,0,0,2,0,0,0,0,0,0,0
weekly,2026-02-27,subcategory,Lifestyle,가드닝,0,0,1,1400,2142,1500,0,0,0,0
weekly,2026-03-06,category,,Drinkware,74627965.33,0.165861649,15,4237,10699,10699,0.4856185096,1.577257411,1.577257411,8553.391858
weekly,2026-03-06,category,,Stationery,115770506,0.2573014948,51,19650,60648,60648,0.6684364281,2.420741647,2.420741647,3938.179313
weekly,2026-03-06,category,,Tech,95152741,0.2114782369,19,8981,19887,19887,1.695391022,4.336889117,4.336889117,17962.48778
weekly,2026-03-06,category,,Fragrance,3127138,0.006950105943,5,6428,10830,10830,1.642420017,2.691477941,2.691477941,799.0158752
weekly,2026-03-06,category,,Lifestyle,112349774.6,0.2496988736,21,11310,26141,26141,1.051817679,2.206251396,2.206251396,10448.40664
weekly,2026-03-06,category,,Kit Package,16492982,0.03665587263,10,250,2446,2446,0.04989408919,0.4151020508,0.4151020508,3291.60926
weekly,2026-03-06,category,,Bag&pouch,19524588,0.04339365743,6,2110,5507,5507,0.4629018483,0.8998347624,0.8998347624,4283.397096
weekly,2026-03-06,category,,Awards & Recognition,12848500,0.02855596274,2,100,834,834,0.02724053391,0.2172101261,0.2172101261,3500
weekly,2026-03-06,category,,Figure,46860,0.0001041469754,1,0,0,0,0,0,0,781
weekly,2026-03-06,sub_category,,Product Parts,449941054.9,1,130,53066,136992,136992,1.091146781,2.976476041,2.976476041,9251.719248
weekly,2026-03-06,sourcing,,국내소싱,127089208.3,0.2337681529,42,21474,50761,50761,1.503552166,3.825318344,3.825318344,8898.447165
weekly,2026-03-06,sourcing,,중개소싱,119344697,0.2195228827,18,12930,24570,24570,1.607409349,3.086894559,3.086894559,14836.48737
weekly,2026-03-06,sourcing,,직소싱,37214980,0.06845331124,17,5381,27167,27167,1.716911996,6.982342557,6.982342557,11874.15826
weekly,2026-03-06,sourcing,,해당없음,260006042.8,0.4782556532,217,78151,189581,189581,1.066393154,2.513304866,2.513304866,3547.858173
weekly,2026-03-06,production,,해외생산,283648885.3,0.5217443468,77,39785,102498,102498,1.65330103,4.27867711,4.27867711,11787.2815
weekly,2026-03-06,production,,국내생산,260006042.8,0.4782556532,217,78151,189581,189581,1.066393154,2.513304866,2.513304866,3547.858173
weekly,2026-03-06,procurement,,국내소싱,125154956.3,0.2781585609,36,20824,48086,48086,1.500624424,3.729872534,3.729872534,9018.948532
weekly,2026-03-06,procurement,,직소싱,28445790,0.06322114794,11,2211,11772,11772,1.190736001,4.716263422,4.716263422,15319.50531
weekly,2026-03-06,procurement,,국내생산,182092211.6,0.4047023707,69,21201,58714,58714,0.5335199797,1.704556195,1.704556195,4582.323147
weekly,2026-03-06,procurement,,중개소싱,114248097,0.2539179205,14,8830,18420,18420,1.193184265,2.506395608,2.506395608,15438.16893
weekly,2026-03-06,first_order,,N,517715434.1,0.952286841,279,110014,271578,271578,1.574026023,3.928548883,3.928548883,7407.21695
weekly,2026-03-06,first_order,,Y,25939494,0.04771315895,15,7922,20501,20501,5.075432066,8.98169073,8.98169073,16618.80076
weekly,2026-03-06,new_product,,N,419092848.5,0.770880253,243,88757,218377,218377,1.330495293,3.130279128,3.130279128,6282.333361
weekly,2026-03-06,new_product,,Y,124562079.6,0.229119747,51,29179,73702,73702,3.071097619,8.649148925,8.649148925,13110.19247
weekly,2026-03-06,season,,미분류,383228354.1,0.7049110277,268,112374,275209,275209,2.221573247,5.197884169,5.197884169,7576.217444
weekly,2026-03-06,season,,여름,32249519,0.059319832,8,2488,3088,3088,0.7916829674,0.8683242278,0.8683242278,10261.81467
weekly,2026-03-06,season,,봄가을,49425485,0.09091333941,5,150,150,150,0.03945686662,0.04019999012,0.04019999012,13001.16513
weekly,2026-03-06,season,,겨울,78751570,0.1448558009,13,2924,13632,13632,0.1833873826,1.054503994,1.054503994,4939.139636
weekly,2026-03-06,subcategory,Drinkware,보틀,14619683.33,0.03249244134,5,980,3531,3531,0.3394478938,1.117450298,1.117450298,5063.89869
weekly,2026-03-06,subcategory,Stationery,펜,21739378,0.04831605776,13,13326,32723,32723,0.7573447669,1.983352335,1.983352335,1235.494834
weekly,2026-03-06,subcategory,Tech,PC/ 노트북 악세사리,11288293,0.02508838186,5,1470,7051,7051,0.7191703502,3.137477772,3.137477772,5522.588864
weekly,2026-03-06,subcategory,Fragrance,샤쉐,2373838,0.005275886639,4,6100,10000,10000,2.460134669,4.134708034,4.134708034,957.3706824
weekly,2026-03-06,subcategory,Lifestyle,네임택,0,0,1,1200,2600,2600,0,0,0,0
weekly,2026-03-06,subcategory,Tech,계절가전,1702724,0.003784326816,2,980,980,980,2.97326668,0.9120706659,0.9120706659,5165.971974
weekly,2026-03-06,subcategory,Tech,충전패드,40464000,0.08993178008,2,4340,4640,4640,2.574139976,4.859147555,4.859147555,24000
weekly,2026-03-06,subcategory,Drinkware,리유저블컵,5135800,0.01141438405,4,1508,2108,2108,0.4913587305,0.6408759126,0.6408759126,1673.421862
weekly,2026-03-06,subcategory,Lifestyle,우산,7822215,0.01738497724,2,1300,5620,5620,1.335826025,1.949732212,1.949732212,8037.783361
weekly,2026-03-06,subcategory,Tech,배터리,16029600,0.03562599995,4,1590,3962,3962,0.8529055289,3.924465232,3.924465232,8598.575136
weekly,2026-03-06,subcategory,Lifestyle,가드닝,3160,0.000007023142177,1,2200,3700,3700,13.92405063,4.962446352,4.962446352,20
weekly,2026-03-06,subcategory,Kit Package,플라스틱 박스,301600,0.0006703100255,4,0,0,0,0,0,0,1300
weekly,2026-03-06,subcategory,Lifestyle,캠핑,44542670,0.09899667859,4,0,0,0,0,0,0,13859.95467
weekly,2026-03-06,subcategory,Stationery,노트,12646003,0.02810591046,8,1460,2310,2310,0.2256799028,0.3754013961,0.3754013961,1954.759403
weekly,2026-03-06,subcategory,Lifestyle,구강가전,12679824,0.02818107808,1,980,1680,1680,0.6464379947,1.080872418,1.080872418,8364
weekly,2026-03-06,subcategory,Lifestyle,타월,10312567.6,0.02291981913,2,3050,5866,5866,0.9292618557,2.523469743,2.523469743,3141.992035
weekly,2026-03-06,subcategory,Stationery,다이어리,70148290,0.1559055108,9,2514,13022,13022,0.1891188074,1.222409708,1.222409708,5276.993215
weekly,2026-03-06,subcategory,Lifestyle,구강관리,779200,0.0017317824,1,1180,2675,2675,2.422997947,1.844445977,1.844445977,1600
weekly,2026-03-06,subcategory,Lifestyle,골프,4882815,0.01085212151,1,150,150,150,0.1587301587,0.2441669522,0.2441669522,5167
weekly,2026-03-06,subcategory,Bag&pouch,하드케이스 파우치,19524588,0.04339365743,4,2110,3257,3257,0.4629018483,0.6388791615,0.6388791615,4283.397096
weekly,2026-03-06,subcategory,Fragrance,디퓨저,753300,0.001674219304,1,328,830,830,0.1306252489,0.2767773776,0.2767773776,300
weekly,2026-03-06,subcategory,Drinkware,텀블러,53494982,0.1188933115,5,1605,4716,4716,0.3097318523,1.386626444,1.386626444,10323.42671
weekly,2026-03-06,subcategory,Tech,충전기,4723144,0.01049725058,3,470,2713,2713,2.055841087,5.303151376,5.303151376,20659.64573
weekly,2026-03-06,subcategory,Stationery,메모패드,5630976,0.01251491932,3,700,2520,2520,0.476113308,2.758799927,2.758799927,3829.975158
weekly,2026-03-06,subcategory,Lifestyle,모바일 악세사리,2725382,0.006057197871,2,1000,2400,2400,0.5892751915,1.220132181,1.220132181,1606
weekly,2026-03-06,subcategory,Drinkware,머그컵,1377500,0.003061512136,1,144,344,344,0.2613430127,0.6125356125,0.6125356125,2500
weekly,2026-03-06,subcategory,Bag&pouch,노트북백,0,0,2,0,2250,2250,0,0,0,0
weekly,2026-03-06,subcategory,Stationery,포스트잇,4790980,0.010648017,5,1350,3800,3800,0.736573163,1.717423539,1.717423539,2614.005402
weekly,2026-03-06,subcategory,Stationery,미분류,814879,0.001811079454,13,300,6273,6273,0.0379651802,0.8559078328,0.8559078328,103.1234269
weekly,2026-03-06,subcategory,Kit Package,슬리브박스,15063412,0.03347863422,3,150,1896,1896,0.03520420231,0.3733279299,0.3733279299,3535.30269
weekly,2026-03-06,subcategory,Kit Package,지퍼백,1127970,0.00250692838,3,100,550,550,0.05051034003,0.3031891543,0.3031891543,569.7414825
weekly,2026-03-06,subcategory,Tech,건강가전,19254480,0.04279333879,2,31,201,201,0.03538812785,0.214973262,0.214973262,21980
weekly,2026-03-06,subcategory,Tech,시계,1690500,0.003757158813,1,100,340,340,0.2898550725,0.9875108917,0.9875108917,4900
weekly,2026-03-06,subcategory,Lifestyle,명함지갑,4625154,0.0102794665,1,250,800,800,0.2831257078,1.567705271,1.567705271,5238
weekly,2026-03-06,subcategory,Lifestyle,도시락,1342384,0.002983466357,1,0,0,0,0,0,0,1583
weekly,2026-03-06,subcategory,Awards & Recognition,트로피,12848500,0.02855596274,2,100,834,834,0.02724053391,0.2172101261,0.2172101261,3500
weekly,2026-03-06,subcategory,Lifestyle,미분류,18375995,0.04084089415,1,0,0,0,0,0,0,15455
weekly,2026-03-06,subcategory,Lifestyle,여권케이스,3116000,0.00692535159,1,0,650,650,0,1.106911447,1.106911447,4100
weekly,2026-03-06,subcategory,Lifestyle,세제,1142408,0.002539017028,2,0,0,0,0,0,0,1055.679505
weekly,2026-03-06,subcategory,Figure,월드 오브 피규어,46860,0.0001041469754,1,0,0,0,0,0,0,781
weekly,2026-03-13,category,,Drinkware,68918728.67,0.1646768708,15,4237,10699,10699,0.5144376443,1.579967257,1.579967257,8714.399705
weekly,2026-03-13,category,,Stationery,108970052,0.2603769326,51,19650,60648,60648,0.6911122116,2.406502407,2.406502407,3952.186872
weekly,2026-03-13,category,,Tech,95018005,0.2270394134,19,8981,19887,19887,1.558414225,3.928819491,3.928819491,16499.54325
weekly,2026-03-13,category,,Fragrance,4607240,0.01100870374,5,6428,10830,10830,1.480682513,2.887015888,2.887015888,890.802602
weekly,2026-03-13,category,,Lifestyle,92208575.6,0.2203264625,21,11310,26141,26141,1.202694388,2.351138317,2.351138317,10876.26789
weekly,2026-03-13,category,,Kit Package,17575104,0.04199458095,10,250,2446,2446,0.04846308122,0.4200080127,0.4200080127,3302.088837
weekly,2026-03-13,category,,Bag&pouch,18490790,0.04418255377,6,2110,5507,5507,0.4947337733,0.9620197669,0.9620197669,4456.751517
weekly,2026-03-13,category,,Awards & Recognition,12673500,0.03028251336,2,100,834,834,0.02742731761,0.2183401956,0.2183401956,3500
weekly,2026-03-13,category,,Figure,46860,0.000111968957,1,0,0,0,0,0,0,781
weekly,2026-03-13,sub_category,,Product Parts,418508855.3,1,130,53066,136992,136992,1.106959862,2.918688094,2.918688094,9057.957946
weekly,2026-03-13,sourcing,,국내소싱,127494498.3,0.2351808268,42,21474,50761,50761,1.474702996,3.730939184,3.730939184,8741.626035
weekly,2026-03-13,sourcing,,중개소싱,92713733,0.1710230062,18,12930,24570,24570,1.921735989,3.344102803,3.344102803,15758.71294
weekly,2026-03-13,sourcing,,직소싱,36394791,0.06713510897,17,5381,27167,27167,1.701019407,6.976078093,6.976078093,11634.60779
weekly,2026-03-13,sourcing,,해당없음,285509615.3,0.526661058,217,78151,189581,189581,0.9357998302,2.299542636,2.299542636,3266.071196
weekly,2026-03-13,production,,해외생산,256603022.3,0.473338942,77,39785,102498,102498,1.721342842,4.277912537,4.277912537,11687.30369
weekly,2026-03-13,production,,국내생산,285509615.3,0.526661058,217,78151,189581,189581,0.9357998302,2.299542636,2.299542636,3266.071196
weekly,2026-03-13,procurement,,국내소싱,125612525.7,0.3001430533,36,20824,48086,48086,1.470781613,3.635831331,3.635831331,8855.748212
weekly,2026-03-13,procurement,,직소싱,26688622,0.06377074622,11,2211,11772,11772,1.252687211,4.944151467,4.944151467,15618.76363
weekly,2026-03-13,procurement,,국내생산,178851774.6,0.4273548154,69,21201,58714,58714,0.530138179,1.658608264,1.658608264,4512.763256
weekly,2026-03-13,procurement,,중개소싱,87355933,0.208731385,14,8830,18420,18420,1.458505082,2.76089385,2.76089385,16650.08507
weekly,2026-03-13,first_order,,N,517442040.6,0.9544917508,279,110014,271578,271578,1.445273314,3.602681317,3.602681317,6799.523123
weekly,2026-03-13,first_order,,Y,24670597,0.04550824919,15,7922,20501,20501,5.242494769,9.347555037,9.347555037,16745.96928
weekly,2026-03-13,new_product,,N,425638744.5,0.7851481684,246,90357,221816,221816,1.232816503,2.893296285,2.893296285,5775.203979
weekly,2026-03-13,new_product,,Y,116473893.1,0.2148518316,48,27579,70263,70263,2.916882112,8.343047949,8.343047949,12649.54377
weekly,2026-03-13,season,,미분류,392522020.6,0.7240598971,268,112374,275209,275209,1.961423559,4.653733339,4.653733339,6770.138379
weekly,2026-03-13,season,,여름,32634469,0.06019868702,8,2488,3088,3088,0.7819603657,0.8711544583,0.8711544583,10196.28356
weekly,2026-03-13,season,,봄가을,41900685,0.07729147431,5,150,150,150,0.04482879927,0.04272566644,0.04272566644,13646.80848
weekly,2026-03-13,season,,겨울,75055463,0.1384499416,13,2924,13632,13632,0.1871831129,1.034566605,1.034566605,4923.064162
weekly,2026-03-13,subcategory,Drinkware,보틀,10821716.67,0.02585779615,5,980,3531,3531,0.3424809595,1.01073277,1.01073277,4445.507696
weekly,2026-03-13,subcategory,Stationery,펜,18214367,0.04352205878,13,13326,32723,32723,0.7762946586,1.886411314,1.886411314,1163.735511
weekly,2026-03-13,subcategory,Tech,PC/ 노트북 악세사리,9481960,0.02265653374,5,1470,7051,7051,0.6581022321,2.699263794,2.699263794,4649.302674
weekly,2026-03-13,subcategory,Fragrance,샤쉐,3395840,0.008114141331,4,6100,10000,10000,2.329251569,4.563844671,4.563844671,1101.559962
weekly,2026-03-13,subcategory,Lifestyle,네임택,259900,0.0006210143387,1,1200,2600,2600,0.9234320893,0.7582184517,0.7582184517,100
weekly,2026-03-13,subcategory,Tech,계절가전,2207724,0.005275214544,2,980,980,980,2.570266634,0.9578090893,0.9578090893,5128.007153
weekly,2026-03-13,subcategory,Tech,충전패드,35304000,0.08435663799,2,4340,4640,4640,2.749445676,4.631578947,4.631578947,24000
weekly,2026-03-13,subcategory,Drinkware,리유저블컵,5015750,0.01198481212,4,1508,2108,2108,0.4668188883,0.6066475438,0.6066475438,1571.265015
weekly,2026-03-13,subcategory,Lifestyle,우산,3637760,0.008692193616,2,1300,5620,5620,1.842237876,2.133149846,2.133149846,8120
weekly,2026-03-13,subcategory,Tech,배터리,16006415,0.03824629945,4,1590,3962,3962,0.8532650401,3.643743988,3.643743988,8595.978498
weekly,2026-03-13,subcategory,Lifestyle,가드닝,85240,0.0002036754992,1,2200,3700,3700,0.9954751131,3.473288957,3.473288957,20
weekly,2026-03-13,subcategory,Kit Package,플라스틱 박스,301600,0.0007206538075,4,0,0,0,0,0,0,1300
weekly,2026-03-13,subcategory,Lifestyle,캠핑,37017870,0.08845182016,4,0,0,0,0,0,0,14765.3314
weekly,2026-03-13,subcategory,Stationery,노트,11878068,0.02838187974,8,1460,2310,2310,0.2324303206,0.3753175974,0.3753175974,1952.101947
weekly,2026-03-13,subcategory,Lifestyle,구강가전,4867848,0.0116314098,1,980,1680,1680,0.9342230696,1.146046512,1.146046512,8364
weekly,2026-03-13,subcategory,Lifestyle,타월,10297067.6,0.02460418094,2,3050,5866,5866,0.9299794395,2.432879643,2.432879643,3142.055244
weekly,2026-03-13,subcategory,Stationery,다이어리,66452183,0.1587832185,9,2514,13022,13022,0.1942593141,1.202645275,1.202645275,5277.62812
weekly,2026-03-13,subcategory,Lifestyle,구강관리,488000,0.001166044622,1,1180,2675,2675,2.97979798,1.987101567,1.987101567,1600
weekly,2026-03-13,subcategory,Lifestyle,골프,4882815,0.01166717248,1,150,150,150,0.1587301587,0.2327767257,0.2327767257,5167
weekly,2026-03-13,subcategory,Bag&pouch,하드케이스 파우치,18423518,0.04402181165,4,2110,3257,3257,0.4905914678,0.667487971,0.667487971,4411.615408
weekly,2026-03-13,subcategory,Fragrance,디퓨저,1211400,0.002894562408,1,328,830,830,0.1001679646,0.2683242227,0.2683242227,300
weekly,2026-03-13,subcategory,Drinkware,텀블러,52058762,0.1243910645,5,1605,4716,4716,0.3166422711,1.339742901,1.339742901,10412.08013
weekly,2026-03-13,subcategory,Tech,충전기,11732326,0.0280336386,3,470,2713,2713,0.5378114213,2.392764685,2.392764685,9414.829478
weekly,2026-03-13,subcategory,Stationery,메모패드,5254905,0.01255625761,3,700,2520,2520,0.5105915493,2.734955757,2.734955757,3970.170603
weekly,2026-03-13,subcategory,Lifestyle,모바일 악세사리,2070134,0.004946452086,2,1000,2400,2400,0.6697923644,1.25960208,1.25960208,1606
weekly,2026-03-13,subcategory,Drinkware,머그컵,1022500,0.002443198004,1,144,344,344,0.3,0.6280497925,0.6280497925,2500
weekly,2026-03-13,subcategory,Bag&pouch,노트북백,67272,0.0001607421185,2,0,2250,2250,0,9.493670886,9.493670886,16818
weekly,2026-03-13,subcategory,Stationery,포스트잇,6342810,0.01515573666,5,1350,3800,3800,0.5592636418,1.501991508,1.501991508,2306.194053
weekly,2026-03-13,subcategory,Stationery,미분류,827719,0.001977781329,13,300,6273,6273,0.03776403902,0.8507212551,0.8507212551,103.3852249
weekly,2026-03-13,subcategory,Kit Package,슬리브박스,16145534,0.03857871535,3,150,1896,1896,0.03393620306,0.3762541089,0.3762541089,3530.377096
weekly,2026-03-13,subcategory,Kit Package,지퍼백,1127970,0.002695211788,3,100,550,550,0.05051034003,0.3006915921,0.3006915921,569.7414825
weekly,2026-03-13,subcategory,Tech,건강가전,18595080,0.04443174802,2,31,201,201,0.03600464576,0.216849745,0.216849745,21980
weekly,2026-03-13,subcategory,Tech,시계,1690500,0.004039341053,1,100,340,340,0.2898550725,0.9873284055,0.9873284055,4900
weekly,2026-03-13,subcategory,Lifestyle,명함지갑,4625154,0.01105150809,1,250,800,800,0.2831257078,1.470096893,1.470096893,5238
weekly,2026-03-13,subcategory,Lifestyle,도시락,1342384,0.003207540254,1,0,0,0,0,0,0,1583
weekly,2026-03-13,subcategory,Awards & Recognition,트로피,12673500,0.03028251336,2,100,834,834,0.02742731761,0.2183401956,0.2183401956,3500
weekly,2026-03-13,subcategory,Lifestyle,미분류,18375995,0.0439082585,1,0,0,0,0,0,0,15455
weekly,2026-03-13,subcategory,Lifestyle,여권케이스,3116000,0.007445481645,1,0,650,650,0,1.078074434,1.078074434,4100
weekly,2026-03-13,subcategory,Lifestyle,세제,1142408,0.00272971046,2,0,0,0,0,0,0,1055.679505
weekly,2026-03-13,subcategory,Figure,월드 오브 피규어,46860,0.000111968957,1,0,0,0,0,0,0,781
weekly,2026-03-20,category,,Drinkware,66597802.33,0.1676940866,15,4237,10699,10699,0.5451392633,1.610311239,1.610311239,9012.510104
weekly,2026-03-20,category,,Stationery,114064475,0.2872157531,51,19650,60648,60648,0.6476726444,2.239478355,2.239478355,3722.387645
weekly,2026-03-20,category,,Tech,54663448,0.1376432354,19,8981,19887,19887,1.481775692,3.301306729,3.301306729,13465.06911
weekly,2026-03-20,category,,Fragrance,4823388,0.0121453504,5,6428,10830,10830,1.298038526,2.641874466,2.641874466,845.2843843
weekly,2026-03-20,category,,Lifestyle,91791801.6,0.2311328871,21,11310,26141,26141,1.224151925,2.358648839,2.358648839,10691.94249
weekly,2026-03-20,category,,Kit Package,17390932,0.043790581,10,250,2446,2446,0.04809182256,0.4230736219,0.4230736219,3299.677283
weekly,2026-03-20,category,,Bag&pouch,35086438,0.08834808309,6,2110,5507,5507,0.9002551325,2.176115782,2.176115782,10396.56952
weekly,2026-03-20,category,,Awards & Recognition,12673500,0.03191202912,2,100,834,834,0.02749014936,0.2192909418,0.2192909418,3500
weekly,2026-03-20,category,,Figure,46860,0.0001179940572,1,0,0,0,0,0,0,781
weekly,2026-03-20,sub_category,,Product Parts,397138644.9,1,130,53066,136992,136992,1.017660095,2.619768865,2.619768865,8090.17054
weekly,2026-03-20,sourcing,,국내소싱,121334906,0.2352031391,42,21474,50761,50761,1.516897414,3.764059168,3.764059168,8851.478867
weekly,2026-03-20,sourcing,,중개소싱,69100477,0.1339486685,18,12930,24570,24570,1.857472372,2.956351558,2.956351558,13463.3901
weekly,2026-03-20,sourcing,,직소싱,35782879,0.06936376138,17,5381,27167,27167,1.732801099,7.166194802,7.166194802,11742.28484
weekly,2026-03-20,sourcing,,해당없음,289654555.3,0.561484431,217,78151,189581,189581,0.8945427674,2.229476462,2.229476462,3186.546872
weekly,2026-03-20,production,,해외생산,226218262,0.438515569,77,39785,102498,102498,1.668931823,3.983376147,3.983376147,10717.49367
weekly,2026-03-20,production,,국내생산,289654555.3,0.561484431,217,78151,189581,189581,0.8945427674,2.229476462,2.229476462,3186.546872
weekly,2026-03-20,procurement,,국내소싱,119452933.3,0.3007839576,36,20824,48086,48086,1.514164959,3.670562785,3.670562785,8973.21648
weekly,2026-03-20,procurement,,직소싱,26380465,0.06642633583,11,2211,11772,11772,1.276352471,5.088503332,5.088503332,15685.46883
weekly,2026-03-20,procurement,,국내생산,185432169.6,0.4669204873,69,21201,58714,58714,0.5030010011,1.567128377,1.567128377,4320.98727
weekly,2026-03-20,procurement,,중개소싱,65873077,0.1658692193,14,8830,18420,18420,1.392193078,2.41280904,2.41280904,14057.37172
weekly,2026-03-20,first_order,,N,491458005.3,0.9526728077,279,110014,271578,271578,1.292146677,3.176198755,3.176198755,5976.848765
weekly,2026-03-20,first_order,,Y,24414812,0.04732719225,15,7922,20501,20501,5.321188908,9.647502854,9.647502854,16798.01741
weekly,2026-03-20,new_product,,N,437579841.2,0.8482320187,246,90357,221816,221816,1.288342887,3.059006744,3.059006744,6103.271177
weekly,2026-03-20,new_product,,Y,78292976.1,0.1517679813,48,27579,70263,70263,2.252759993,5.830458945,5.830458945,8644.736866
weekly,2026-03-20,season,,미분류,365467247.3,0.7084444751,268,112374,275209,275209,1.684228677,3.945438846,3.945438846,5701.412086
weekly,2026-03-20,season,,여름,32410069,0.0628256964,8,2488,3088,3088,0.7866574338,0.8837057249,0.8837057249,10254.16576
weekly,2026-03-20,season,,봄가을,41787813,0.08100409946,5,150,150,150,0.04617259817,0.04322184139,0.04322184139,13658.26322
weekly,2026-03-20,season,,겨울,76207688,0.147725729,13,2924,13632,13632,0.1805175019,0.9804351314,0.9804351314,4733.433975
weekly,2026-03-20,subcategory,Drinkware,보틀,10087133.33,0.02539952599,5,980,3531,3531,0.3730631299,1.055846761,1.055846761,4508.294505
weekly,2026-03-20,subcategory,Stationery,펜,18947791,0.04771077114,13,13326,32723,32723,0.7546660038,1.811630987,1.811630987,1111.886207
weekly,2026-03-20,subcategory,Tech,PC/ 노트북 악세사리,5496183,0.0138394565,5,1470,7051,7051,0.2364274909,0.8566374091,0.8566374091,1408.187655
weekly,2026-03-20,subcategory,Fragrance,샤쉐,3735888,0.009407012004,4,6100,10000,10000,1.932915898,3.978102865,3.978102865,1004.014188
weekly,2026-03-20,subcategory,Lifestyle,네임택,239500,0.0006030639502,1,1200,2600,2600,0.720865038,0.7777639287,0.7777639287,100
weekly,2026-03-20,subcategory,Tech,계절가전,2207724,0.005559076227,2,980,980,980,2.464190453,1.006386164,1.006386164,5128.007153
weekly,2026-03-20,subcategory,Tech,충전패드,4080000,0.01027349026,2,4340,4640,4640,3.913435528,4.975871314,4.975871314,24000
weekly,2026-03-20,subcategory,Drinkware,리유저블컵,4791350,0.01206467832,4,1508,2108,2108,0.4719454821,0.6080584517,0.6080584517,1558.84928
weekly,2026-03-20,subcategory,Lifestyle,우산,2403520,0.006052092967,2,1300,5620,5620,2.284272472,2.303544791,2.303544791,8120
weekly,2026-03-20,subcategory,Tech,배터리,11488415,0.02892797049,4,1590,3962,3962,0.924651341,3.509384069,3.509384069,8437.090684
weekly,2026-03-20,subcategory,Lifestyle,가드닝,41220,0.0001037924678,1,2200,3700,3700,1.018361364,3.222294796,3.222294796,20
weekly,2026-03-20,subcategory,Kit Package,플라스틱 박스,301600,0.0007594325152,4,0,0,0,0,0,0,1300
weekly,2026-03-20,subcategory,Lifestyle,캠핑,36904998,0.09292723957,4,0,0,0,0,0,0,14781.72263
weekly,2026-03-20,subcategory,Stationery,노트,11892331,0.02994503595,8,1460,2310,2310,0.2348554887,0.3757413999,0.3757413999,1952.64655
weekly,2026-03-20,subcategory,Lifestyle,구강가전,3169956,0.007981988256,1,980,1680,1680,1.186919661,1.221522055,1.221522055,8364
weekly,2026-03-20,subcategory,Lifestyle,타월,9980867.6,0.02513194756,2,3050,5866,5866,0.9402263359,2.371184221,2.371184221,3143.38758
weekly,2026-03-20,subcategory,Stationery,다이어리,67604408,0.1702287321,9,2514,13022,13022,0.1868030705,1.135241518,1.135241518,5057.822696
weekly,2026-03-20,subcategory,Lifestyle,구강관리,3576000,0.00900441205,1,1180,2675,2675,1.169474727,1.88347122,1.88347122,1600
weekly,2026-03-20,subcategory,Lifestyle,골프,4882815,0.01229498832,1,150,150,150,0.1587301587,0.2240662731,0.2240662731,5167
weekly,2026-03-20,subcategory,Bag&pouch,하드케이스 파우치,18201166,0.04583076019,4,2110,3257,3257,0.5004756467,0.6804497257,0.6804497257,4439.390713
weekly,2026-03-20,subcategory,Fragrance,디퓨저,1087500,0.002738338396,1,328,830,830,0.09671712208,0.2645348065,0.2645348065,300
weekly,2026-03-20,subcategory,Drinkware,텀블러,50704319,0.1276740998,5,1605,4716,4716,0.3310480825,1.331236282,1.331236282,10743.28808
weekly,2026-03-20,subcategory,Tech,충전기,11732326,0.02954214139,3,470,2713,2713,0.470945283,2.373173905,2.373173905,9414.829478
weekly,2026-03-20,subcategory,Stationery,메모패드,6216599,0.01565347286,3,700,2520,2520,0.4476199092,2.372950399,2.372950399,3645.433593
weekly,2026-03-20,subcategory,Lifestyle,모바일 악세사리,2070134,0.005212622912,2,1000,2400,2400,0.701754386,1.294498382,1.294498382,1606
weekly,2026-03-20,subcategory,Drinkware,머그컵,1015000,0.002555782503,1,144,344,344,0.3162518302,0.6418908412,0.6418908412,2500
weekly,2026-03-20,subcategory,Bag&pouch,노트북백,16885272,0.04251732289,2,0,2250,2250,0,7.477153143,7.477153143,16818
weekly,2026-03-20,subcategory,Stationery,포스트잇,8581900,0.02160932991,5,1350,3800,3800,0.3740015323,1.141003019,1.141003019,1820.666239
weekly,2026-03-20,subcategory,Stationery,미분류,821446,0.002068411147,13,300,6273,6273,0.03770707522,0.844034972,0.844034972,103.235436
weekly,2026-03-20,subcategory,Kit Package,슬리브박스,15961362,0.04019090613,3,150,1896,1896,0.0336795057,0.3795057466,0.3795057466,3530.383683
weekly,2026-03-20,subcategory,Kit Package,지퍼백,1127970,0.002840242355,3,100,550,550,0.05051034003,0.2986415084,0.2986415084,569.7414825
weekly,2026-03-20,subcategory,Tech,건강가전,18463200,0.04649056503,2,31,201,201,0.03629976581,0.2185574484,0.2185574484,21980
weekly,2026-03-20,subcategory,Tech,시계,1195600,0.003010535528,1,100,340,340,0.3211991435,1.011904762,1.011904762,4900
weekly,2026-03-20,subcategory,Lifestyle,명함지갑,4625154,0.01164619475,1,250,800,800,0.2831257078,1.397583345,1.397583345,5238
weekly,2026-03-20,subcategory,Lifestyle,도시락,1263234,0.003180838773,1,0,0,0,0,0,0,1583
weekly,2026-03-20,subcategory,Awards & Recognition,트로피,12673500,0.03191202912,2,100,834,834,0.02749014936,0.2192909418,0.2192909418,3500
weekly,2026-03-20,subcategory,Lifestyle,미분류,18375995,0.04627098177,1,0,0,0,0,0,0,15455
weekly,2026-03-20,subcategory,Lifestyle,여권케이스,3116000,0.007846126384,1,0,650,650,0,1.055166953,1.055166953,4100
weekly,2026-03-20,subcategory,Lifestyle,세제,1142408,0.002876597416,2,0,0,0,0,0,0,1055.679505
weekly,2026-03-20,subcategory,Figure,월드 오브 피규어,46860,0.0001179940572,1,0,0,0,0,0,0,781
weekly,2026-03-27,category,,Drinkware,60911556,0.1394619822,15,4237,10699,10699,0.5814835826,1.656445313,1.656445313,9299.896413
weekly,2026-03-27,category,,Stationery,113725124,0.2603829595,51,19650,60648,60648,0.6425192771,2.203821302,2.203821302,3699.228363
weekly,2026-03-27,category,,Tech,104466750,0.2391851561,19,8981,19887,19887,1.809106327,4.219325905,4.219325905,17590.53969
weekly,2026-03-27,category,,Fragrance,3048752,0.006980366699,5,6428,10830,10830,1.305698246,2.500087706,2.500087706,792.5250148
weekly,2026-03-27,category,,Lifestyle,91049703.6,0.2084657325,21,11310,26141,26141,1.274604067,2.451473306,2.451473306,10914.70891
weekly,2026-03-27,category,,Kit Package,18190553,0.04164875674,10,250,2446,2446,0.0476855138,0.4273705999,0.4273705999,3321.275579
weekly,2026-03-27,category,,Bag&pouch,32823210,0.07515142001,6,2110,5507,5507,0.8694850591,2.241392852,2.241392852,10912.34923
weekly,2026-03-27,category,,Awards & Recognition,12498500,0.02861633652,2,100,834,834,0.02761668048,0.2203255502,0.2203255502,3500
weekly,2026-03-27,category,,Figure,46860,0.0001072897971,1,0,0,0,0,0,0,781
weekly,2026-03-27,sub_category,,Product Parts,436761008.6,1,130,53066,136992,136992,1.222837888,3.167038384,3.167038384,9807.115412
weekly,2026-03-27,sourcing,,국내소싱,171846596.7,0.3119073135,42,21474,50761,50761,1.991508263,5.219396193,5.219396193,12699.99698
weekly,2026-03-27,sourcing,,중개소싱,69990567,0.1270352172,18,12930,24570,24570,1.987439303,3.050867619,3.050867619,13493.58596
weekly,2026-03-27,sourcing,,직소싱,33817202,0.06137935131,17,5381,27167,27167,1.833046664,7.583381844,7.583381844,12196.169
weekly,2026-03-27,sourcing,,해당없음,275299681.3,0.499678118,217,78151,189581,189581,0.8894815239,2.208064111,2.208064111,3159.724297
weekly,2026-03-27,production,,해외생산,275654365.7,0.500321882,77,39785,102498,102498,1.960713376,4.770426344,4.770426344,12839.68528
weekly,2026-03-27,production,,국내생산,275299681.3,0.499678118,217,78151,189581,189581,0.8894815239,2.208064111,2.208064111,3159.724297
weekly,2026-03-27,procurement,,국내소싱,170008096,0.3892474206,36,20824,48086,48086,1.977437343,5.067502798,5.067502798,12824.96197
weekly,2026-03-27,procurement,,직소싱,25952893,0.05942126813,11,2211,11772,11772,1.292875737,5.210734822,5.210734822,15710.36549
weekly,2026-03-27,procurement,,국내생산,173597552.6,0.3974657746,69,21201,58714,58714,0.5120094829,1.567799954,1.567799954,4346.88654
weekly,2026-03-27,procurement,,중개소싱,67202467,0.1538655367,14,8830,18420,18420,1.477230142,2.473694801,2.473694801,13997.69973
weekly,2026-03-27,first_order,,N,528502654.9,0.9592499735,279,110014,271578,271578,1.623296581,4.017246782,4.017246782,7581.003878
weekly,2026-03-27,first_order,,Y,22451392,0.04075002648,15,7922,20501,20501,5.829515756,10.60508685,10.60508685,17932.32762
weekly,2026-03-27,new_product,,N,456348450.8,0.8282876827,250,90457,222466,222466,1.614436322,3.892028803,3.892028803,7785.998731
weekly,2026-03-27,new_product,,Y,94605596.1,0.1717123173,44,27479,69613,69613,2.440167528,6.168228367,6.168228367,9048.702924
weekly,2026-03-27,season,,미분류,407911031.9,0.7403721494,268,112374,275209,275209,2.258080619,5.373391847,5.373391847,7782.176905
weekly,2026-03-27,season,,여름,30906269,0.05609591067,8,2488,3088,3088,0.8237980772,0.9243227897,0.9243227897,10612.05607
weekly,2026-03-27,season,,봄가을,40209495,0.07298157664,5,150,150,150,0.04842479773,0.04478986118,0.04478986118,13988.59061
weekly,2026-03-27,season,,겨울,71927251,0.1305503633,13,2924,13632,13632,0.1854189426,0.9844430649,0.9844430649,4786.744286
weekly,2026-03-27,subcategory,Drinkware,보틀,8265800,0.01892522418,5,980,3531,3531,0.3676482468,0.9965825525,0.9965825525,4107.374967
weekly,2026-03-27,subcategory,Stationery,펜,22874818,0.05237376403,13,13326,32723,32723,0.9556600399,2.363538365,2.363538365,1466.126252
weekly,2026-03-27,subcategory,Tech,PC/ 노트북 악세사리,5486683,0.01256220883,5,1470,7051,7051,0.2581718209,0.8839224123,0.8839224123,1394.176965
weekly,2026-03-27,subcategory,Fragrance,샤쉐,1961252,0.004490446632,4,6100,10000,10000,2.267524268,4.295885539,4.295885539,1065.626561
weekly,2026-03-27,subcategory,Lifestyle,네임택,189300,0.0004334178104,1,1200,2600,2600,0.6969652969,0.804608646,0.804608646,100
weekly,2026-03-27,subcategory,Tech,계절가전,1702724,0.003898525662,2,980,980,980,2.589295413,1.067976356,1.067976356,5165.971974
weekly,2026-03-27,subcategory,Tech,충전패드,3624000,0.008297443977,2,4340,4640,4640,4.991374353,5.31875496,5.31875496,24000
weekly,2026-03-27,subcategory,Drinkware,리유저블컵,3792550,0.008683352967,4,1508,2108,2108,0.4783512353,0.593156936,0.593156936,1485.763536
weekly,2026-03-27,subcategory,Lifestyle,우산,2403520,0.005503055338,2,1300,5620,5620,2.595682121,2.470528682,2.470528682,8120
weekly,2026-03-27,subcategory,Tech,배터리,33264415,0.07616159489,4,1590,3962,3962,0.7345824658,3.095629701,3.095629701,8869.141368
weekly,2026-03-27,subcategory,Lifestyle,가드닝,41900,0.00009593347202,1,2200,3700,3700,1.026119403,3.030112133,3.030112133,20
weekly,2026-03-27,subcategory,Kit Package,플라스틱 박스,301600,0.000690537832,4,0,0,0,0,0,0,1300
weekly,2026-03-27,subcategory,Lifestyle,캠핑,36876780,0.08443239958,4,0,0,0,0,0,0,14785.83612
weekly,2026-03-27,subcategory,Stationery,노트,11101910,0.02541872965,8,1460,2310,2310,0.2393395506,0.3769183866,0.3769183866,1947.433466
weekly,2026-03-27,subcategory,Lifestyle,구강가전,6716292,0.01537749906,1,980,1680,1680,1.195121951,1.261917143,1.261917143,8364
weekly,2026-03-27,subcategory,Lifestyle,타월,8255849.6,0.01890244192,2,3050,5866,5866,0.9793090379,2.341113054,2.341113054,3118.24459
weekly,2026-03-27,subcategory,Stationery,다이어리,64139871,0.146853473,9,2514,13022,13022,0.1911499393,1.135677581,1.135677581,5100.843581
weekly,2026-03-27,subcategory,Lifestyle,구강관리,3331200,0.007627054463,1,1180,2675,2675,0.9238598552,1.818300654,1.818300654,1600
weekly,2026-03-27,subcategory,Lifestyle,골프,3332715,0.007630523179,1,150,150,150,0.1724137931,0.224697414,0.224697414,5167
weekly,2026-03-27,subcategory,Bag&pouch,하드케이스 파우치,15937938,0.03649121072,4,2110,3257,3257,0.545088084,0.7275901042,0.7275901042,4655.672888
weekly,2026-03-27,subcategory,Fragrance,디퓨저,1087500,0.002489920067,1,328,830,830,0.09507935358,0.2614109894,0.2614109894,300
weekly,2026-03-27,subcategory,Drinkware,텀블러,47838206,0.1095294796,5,1605,4716,4716,0.3447821449,1.328137133,1.328137133,10960.86439
weekly,2026-03-27,subcategory,Tech,충전기,36093888,0.08263990441,3,470,2713,2713,0.8178076432,5.968058115,5.968058115,27962.79388
weekly,2026-03-27,subcategory,Stationery,메모패드,6216599,0.01423341113,3,700,2520,2520,0.437719434,2.267294273,2.267294273,3645.433593
weekly,2026-03-27,subcategory,Lifestyle,모바일 악세사리,1906322,0.004364679911,2,1000,2400,2400,0.7323324789,1.33134201,1.33134201,1606
weekly,2026-03-27,subcategory,Drinkware,머그컵,1015000,0.002323925396,1,144,344,344,0.3250564334,0.6540880503,0.6540880503,2500
weekly,2026-03-27,subcategory,Bag&pouch,노트북백,16885272,0.03866020929,2,0,2250,2250,0,6.338028169,6.338028169,16818
weekly,2026-03-27,subcategory,Stationery,포스트잇,8580520,0.01964580132,5,1350,3800,3800,0.3474945727,1.105830333,1.105830333,1820.885075
weekly,2026-03-27,subcategory,Stationery,미분류,811406,0.001857780306,13,300,6273,6273,0.03784287714,0.8407902932,0.8407902932,103.2937099
weekly,2026-03-27,subcategory,Kit Package,슬리브박스,16833433,0.03854151966,3,150,1896,1896,0.03309687237,0.3808583966,0.3808583966,3530.539412
weekly,2026-03-27,subcategory,Kit Package,지퍼백,1055520,0.002416699246,3,100,550,550,0.05059091276,0.2941801465,0.2941801465,561.4870396
weekly,2026-03-27,subcategory,Tech,건강가전,18199440,0.04166910425,2,31,201,201,0.03657817109,0.2202461227,0.2202461227,21980
weekly,2026-03-27,subcategory,Tech,시계,6095600,0.01395637404,1,100,340,340,0.1836547291,0.8377558757,0.8377558757,4900
weekly,2026-03-27,subcategory,Lifestyle,명함지갑,4101354,0.009390384946,1,250,800,800,0.2913752914,1.359121798,1.359121798,5238
weekly,2026-03-27,subcategory,Lifestyle,도시락,1260068,0.002885028597,1,0,0,0,0,0,0,1583
weekly,2026-03-27,subcategory,Awards & Recognition,트로피,12498500,0.02861633652,2,100,834,834,0.02761668048,0.2203255502,0.2203255502,3500
weekly,2026-03-27,subcategory,Lifestyle,미분류,18375995,0.04207334134,1,0,0,0,0,0,0,15455
weekly,2026-03-27,subcategory,Lifestyle,여권케이스,3116000,0.007134336488,1,0,650,650,0,1.036530637,1.036530637,4100
weekly,2026-03-27,subcategory,Lifestyle,세제,1142408,0.002615636418,2,0,0,0,0,0,0,1055.679505
weekly,2026-03-27,subcategory,Figure,월드 오브 피규어,46860,0.0001072897971,1,0,0,0,0,0,0,781
weekly,2026-04-03,category,,Stationery,105565785.6,0.2277153976,39,21061,51297,78989,0.7223827188,1.748263116,2.819111613,3620.858421
weekly,2026-04-03,category,,Lifestyle,99383983,0.2143806639,23,6842,25172,32983,0.6943200211,2.222752326,2.828546941,10085.39742
weekly,2026-04-03,category,,Tech,132062215,0.2848707053,19,6439,19660,26326,0.7263268547,3.008964349,4.563111536,14896.77485
weekly,2026-04-03,category,,Drinkware,60186582.67,0.129828159,15,1125,7662,11824,0.1747190718,1.091852221,1.837838011,9347.327876
weekly,2026-04-03,category,,Bag&pouch,29343472,0.06329664821,8,2250,5847,7757,0.907237736,2.828614986,3.400230931,11831.78005
weekly,2026-04-03,category,,Kit Package,19442633,0.04193960078,10,150,796,2596,0.02428420155,0.1373300744,0.4291690082,3147.658789
weekly,2026-04-03,category,,Awards & Recognition,12043500,0.02597897013,2,260,860,1094,0.0755594304,0.234481505,0.2909021842,3500
weekly,2026-04-03,category,,Fragrance,5558335,0.01198985502,5,1450,9178,12280,0.2611265286,2.287192869,3.428853762,1000.985327
weekly,2026-04-03,sub_category,,Product Parts,463586506.3,1,121,39577,120472,173849,0.8048546887,2.564176425,3.830166418,9427.692175
weekly,2026-04-03,sourcing,,국내소싱,167455045.3,0.2873871192,39,18293,50114,69004,1.394113671,4.633131316,6.994340226,12761.78691
weekly,2026-04-03,sourcing,,해당없음,282453530.5,0.4847480487,200,56410,176617,241400,0.603858371,1.859508506,2.580311964,3023.611572
weekly,2026-04-03,sourcing,,직소싱,42185972,0.07239975926,21,10394,25513,37561,2.415821987,6.436107797,8.449983062,9805.060487
weekly,2026-04-03,sourcing,,중개소싱,90586561,0.1554650728,17,5141,22411,29711,0.6872136104,2.642385831,3.578400945,12108.99001
weekly,2026-04-03,production,,해외생산,300227578.3,0.5152519513,77,33828,98038,136276,1.368923543,4.259928903,6.131469223,12149.36148
weekly,2026-04-03,production,,국내생산,282453530.5,0.4847480487,200,56410,176617,241400,0.603858371,1.859508506,2.580311964,3023.611572
weekly,2026-04-03,procurement,,국내소싱,165954747.3,0.3579801073,36,17343,48264,65429,1.344495007,4.54786447,6.764336194,12865.44019
weekly,2026-04-03,procurement,,국내생산,177863563,0.3836685507,58,13796,44779,69790,0.3209921491,1.034707735,1.679021719,4138.359476
weekly,2026-04-03,procurement,,직소싱,33482135,0.07222413627,14,4447,11668,16219,1.617809253,4.836315294,5.588825569,12180.73033
weekly,2026-04-03,procurement,,중개소싱,86286061,0.1861272057,13,3991,15761,22411,0.5851294349,2.036167139,2.949840134,12650.59236
weekly,2026-04-03,first_order,,N,544104561.8,0.9337947525,255,85578,257705,356436,1.180445439,3.679813255,5.307062369,7505.267105
weekly,2026-04-03,first_order,,Y,38576547,0.06620524747,22,4660,16950,21240,1.308780247,4.459520337,4.712985659,10834.38256
weekly,2026-04-03,new_product,,N,455490741.8,0.7817153069,238,68396,208610,286491,1.157124976,3.573303028,4.946447916,7706.002014
weekly,2026-04-03,new_product,,Y,127190367,0.2182846931,39,21842,66045,91185,1.338801983,4.404125118,6.669996326,7796.113706
weekly,2026-04-03,season,,미분류,440045867.8,0.7552087431,251,83641,257900,354209,1.415650586,4.543571058,6.405411312,7447.916581
weekly,2026-04-03,season,,겨울,64257788,0.1102795114,12,5405,12725,19037,0.3949126406,0.8809950654,1.357064132,4694.951478
weekly,2026-04-03,season,,봄가을,39330824,0.06749974112,4,50,200,200,0.01790212099,0.06824797305,0.07135296686,14082.1034
weekly,2026-04-03,season,,여름,39046629,0.06701200436,10,1142,3830,4230,0.2761150223,1.034463258,1.118308509,9440.771312
weekly,2026-04-03,subcategory,Stationery,펜,23225218.6,0.05009899617,13,12436,31102,45159,0.808326971,2.174607606,3.324287866,1509.614876
weekly,2026-04-03,subcategory,Lifestyle,타월,19315390,0.04166512558,5,1991,5241,7857,0.2631361248,0.6118350382,1.047984215,2552.775929
weekly,2026-04-03,subcategory,Lifestyle,모바일 악세사리,1909534,0.004119045689,2,1200,2800,3600,1.009251472,1.854850581,2.046783626,1606
weekly,2026-04-03,subcategory,Tech,배터리,27424000,0.05915616531,2,955,3827,4917,0.3101405569,2.133435031,3.642315682,8906.067678
weekly,2026-04-03,subcategory,Stationery,포스트잇,8235700,0.0177651849,5,2900,4600,6700,0.6487627947,1.243153686,1.92923802,1842.419224
weekly,2026-04-03,subcategory,Drinkware,텀블러,47482706,0.1024246939,5,820,2825,5536,0.1897859479,0.6569436985,1.536622052,10989.69557
weekly,2026-04-03,subcategory,Stationery,다이어리,56789908,0.1225012101,9,5405,12315,18427,0.4823358532,1.045524873,1.599986911,5067.864704
weekly,2026-04-03,subcategory,Lifestyle,여권케이스,3116000,0.006721507114,1,500,650,1150,0.6578947368,0.8493031359,1.80651341,4100
weekly,2026-04-03,subcategory,Lifestyle,골프,3317214,0.007155544769,1,0,150,150,0,0.1483190508,0.2253137286,5167
weekly,2026-04-03,subcategory,Tech,건강가전,17452120,0.03764587572,2,340,371,541,0.4282115869,0.4327371695,0.5983567704,21980
weekly,2026-04-03,subcategory,Lifestyle,구강가전,7535964,0.01625578807,1,400,1880,2080,0.4439511654,1.316526611,1.599297012,8364
weekly,2026-04-03,subcategory,Bag&pouch,하드케이스 파우치,12458200,0.02687351731,6,2250,5307,5507,0.9163277823,1.432881016,1.380337483,5073.686568
weekly,2026-04-03,subcategory,Drinkware,리유저블컵,3802910,0.008203237041,4,0,1708,2108,0,0.5154894123,0.6037359291,1482.040779
weekly,2026-04-03,subcategory,Tech,PC/ 노트북 악세사리,13760201,0.02968205678,5,2467,6317,9518,0.3150183359,1.002921121,1.478711664,1757.0797
weekly,2026-04-03,subcategory,Lifestyle,구강관리,3331200,0.007185713896,1,700,2250,3375,0.3362151777,1.639410622,2.228037912,1600
weekly,2026-04-03,subcategory,Drinkware,머그컵,1015000,0.00218945113,1,0,144,344,0,0.2957553628,0.6649178517,2500
weekly,2026-04-03,subcategory,Tech,시계,1719900,0.003709987191,1,935,1095,1275,2.663817664,2.521105142,3.172205438,4900
weekly,2026-04-03,subcategory,Stationery,노트,11081842,0.02390458275,8,0,2110,2310,0,0.3347060018,0.3788270041,1947.299408
weekly,2026-04-03,subcategory,Tech,충전기,60844270,0.1312468529,3,850,1838,3563,0.282918458,2.159677663,4.468038754,20251.72594
weekly,2026-04-03,subcategory,Drinkware,보틀,7885966.667,0.01701077697,5,305,2985,3836,0.1598342824,1.010437753,1.126169589,4132.615814
weekly,2026-04-03,subcategory,Lifestyle,우산,1006880,0.002171935521,3,681,4381,6301,5.491935484,4.501999238,2.970506647,8120
weekly,2026-04-03,subcategory,Tech,계절가전,9832724,0.02121011692,4,892,1872,1872,0.4561947601,2.038378891,1.844342117,5028.741218
weekly,2026-04-03,subcategory,Lifestyle,미분류,18375995,0.03963876159,1,150,150,150,0.126156434,0.1260621907,0.1260201632,15455
weekly,2026-04-03,subcategory,Lifestyle,명함지갑,4105500,0.008855952329,1,100,450,900,0.1278772379,0.6440445214,1.49705762,5250
weekly,2026-04-03,subcategory,Lifestyle,캠핑,36013610,0.0776847676,3,50,50,50,0.0206911688,0.02067492598,0.02068072406,14903.27367
weekly,2026-04-03,subcategory,Bag&pouch,노트북백,16885272,0.0364231309,2,0,540,2250,0,1.602902375,5.605979712,16818
weekly,2026-04-03,subcategory,Kit Package,슬리브박스,16833433,0.03631130926,3,0,396,1896,0,0.08379982217,0.38201097,3530.539412
weekly,2026-04-03,subcategory,Awards & Recognition,트로피,12043500,0.02597897013,2,260,860,1094,0.0755594304,0.234481505,0.2909021842,3500
weekly,2026-04-03,subcategory,Stationery,메모패드,6204557,0.01338381708,3,320,1020,2840,0.1880053572,0.6429445192,2.461671959,3645.281109
weekly,2026-04-03,subcategory,Fragrance,샤쉐,4538335,0.009789618418,4,600,7900,10600,0.1531662869,3.203728998,4.673713489,1158.533201
weekly,2026-04-03,subcategory,Kit Package,지퍼백,2307600,0.004977711751,3,150,400,700,0.03874905386,0.1893481917,0.3661631305,596.1154446
weekly,2026-04-03,subcategory,Fragrance,디퓨저,1020000,0.002200236604,1,850,1278,1680,0.25,0.3305362377,0.5264571582,300
weekly,2026-04-03,subcategory,Lifestyle,세제,1142408,0.002464282253,2,0,0,0,0,0,0,1055.679505
weekly,2026-04-03,subcategory,Tech,충전패드,1029000,0.002219650456,2,0,4340,4640,0,3.87166074,5.825198655,24500
weekly,2026-04-03,subcategory,Kit Package,플라스틱 박스,301600,0.0006505797643,4,0,0,0,0,0,0,1300
weekly,2026-04-03,subcategory,Lifestyle,네임택,179100,0.0003863356624,1,120,2620,2720,0.06700167504,1.060442526,0.8694262426,100
weekly,2026-04-03,subcategory,Lifestyle,가드닝,35188,0.00007590384863,1,950,4550,4650,0.5129589633,3.049645668,3.507264623,19
weekly,2026-04-03,subcategory,Stationery,미분류,28560,0.0000616066249,1,0,150,3553,0,0.2208769634,4.215423729,120
weekly,2026-04-10,category,,Stationery,91896282.8,0.2140973368,39,21061,51297,78989,0.7311462151,1.677561307,2.685441191,3427.511608
weekly,2026-04-10,category,,Lifestyle,89963284,0.2095938913,23,6842,25172,32983,0.7442716921,2.318975221,2.934313305,10298.58308
weekly,2026-04-10,category,,Tech,131715933,0.3068680213,19,6439,19660,26326,0.7280959343,2.909557098,4.411594413,14913.48013
weekly,2026-04-10,category,,Drinkware,51697381,0.1204430827,15,1125,7662,11824,0.1730742789,1.032515658,1.722853992,8606.32726
weekly,2026-04-10,category,,Bag&pouch,27116302,0.06317478644,8,2250,5847,7757,0.9855626002,2.924411636,3.552514647,12365.47593
weekly,2026-04-10,category,,Kit Package,19388633,0.04517108377,10,150,796,2596,0.02437408152,0.1367892233,0.4296345873,3154.921476
weekly,2026-04-10,category,,Awards & Recognition,12043500,0.02805860255,2,260,860,1094,0.0755594304,0.2359396433,0.2925603038,3500
weekly,2026-04-10,category,,Fragrance,5405335,0.0125931952,5,1450,9178,12280,0.2700189103,2.254587804,3.382316824,1020.826975
weekly,2026-04-10,sub_category,,Product Parts,429226650.8,1,121,39577,120472,173849,0.8457989187,2.604821167,3.879676846,9540.142038
weekly,2026-04-10,sourcing,,국내소싱,155785816.8,0.2861357123,39,18293,50114,69004,1.443331411,4.581923606,6.907604386,12751.97315
weekly,2026-04-10,sourcing,,해당없음,264269280,0.4853900068,200,56410,176617,241400,0.5943377708,1.786124396,2.469623656,2880.14551
weekly,2026-04-10,sourcing,,직소싱,38460663,0.07064166321,21,10394,25513,37561,2.71729347,6.926887489,9.156568911,10541.68629
weekly,2026-04-10,sourcing,,중개소싱,85931543,0.1578326177,17,5141,22411,29711,0.7238960258,2.756930944,3.708481725,12427.61661
weekly,2026-04-10,production,,해외생산,280178022.8,0.5146099932,77,33828,98038,136276,1.43949234,4.334331576,6.228400229,12349.08089
weekly,2026-04-10,production,,국내생산,264269280,0.4853900068,200,56410,176617,241400,0.5943377708,1.786124396,2.469623656,2880.14551
weekly,2026-04-10,procurement,,국내소싱,154314690.8,0.3595179622,36,17343,48264,65429,1.39287847,4.498890068,6.682405154,12860.99305
weekly,2026-04-10,procurement,,국내생산,160513618,0.3739600458,58,13796,44779,69790,0.3276540582,1.015201993,1.637576747,4018.217475
weekly,2026-04-10,procurement,,직소싱,31440299,0.07324871124,14,4447,11668,16219,1.748236211,5.031704625,5.898727178,12761.38409
weekly,2026-04-10,procurement,,중개소싱,82958043,0.1932732808,13,3991,15761,22411,0.6049210965,2.096481835,3.018343431,12826.27524
weekly,2026-04-10,first_order,,N,507653260.8,0.9324194613,255,85578,257705,356436,1.220951124,3.693584834,5.308125769,7502.774637
weekly,2026-04-10,first_order,,Y,36794042,0.06758053867,22,4660,16950,21240,1.385527391,4.672749951,4.966581525,11204.7227
weekly,2026-04-10,new_product,,N,423696077.3,0.7782131992,238,68396,208610,286491,1.192125241,3.577179381,4.941705494,7662.003614
weekly,2026-04-10,new_product,,Y,120751225.5,0.2217868008,39,21842,66045,91185,1.422193684,4.545098788,6.845425742,8072.08513
weekly,2026-04-10,season,,미분류,415883795.8,0.763864186,251,83641,257900,354209,1.456278864,4.557749223,6.4137258,7451.323384
weekly,2026-04-10,season,,겨울,54197704,0.09954628064,12,5405,12725,19037,0.4085634617,0.8573140926,1.309532018,4477.019969
weekly,2026-04-10,season,,봄가을,39330824,0.07223990972,4,50,200,200,0.01790212099,0.06856976375,0.07136994459,14082.1034
weekly,2026-04-10,season,,여름,35034979,0.06434962359,10,1142,3830,4230,0.2866039749,1.018363743,1.102549414,9296.008459
weekly,2026-04-10,subcategory,Stationery,펜,20621945.8,0.04804442073,13,12436,31102,45159,0.7972039941,2.033614765,3.0936496,1405.401037
weekly,2026-04-10,subcategory,Lifestyle,타월,18982185,0.04422415282,5,1991,5241,7857,0.2641803679,0.6171064418,1.043637308,2540.800465
weekly,2026-04-10,subcategory,Lifestyle,모바일 악세사리,926662,0.002158910679,2,1200,2800,3600,1.359003398,1.976982278,2.142772112,1606
weekly,2026-04-10,subcategory,Tech,배터리,29227000,0.0680922304,2,955,3827,4917,0.2951842385,1.936665578,3.268794471,8755.226332
weekly,2026-04-10,subcategory,Stationery,포스트잇,7455620,0.01736989068,5,2900,4600,6700,0.6668844789,1.206068458,1.868624846,1804.189269
weekly,2026-04-10,subcategory,Drinkware,텀블러,40582821,0.09454869805,5,820,2825,5536,0.1882329102,0.6173828177,1.429316275,10107.82344
weekly,2026-04-10,subcategory,Stationery,다이어리,46742824,0.1089000972,9,5405,12315,18427,0.5110473373,1.032162705,1.566062535,4894.55384
weekly,2026-04-10,subcategory,Lifestyle,여권케이스,1037300,0.002416671933,1,500,650,1150,0.9871668312,0.9102366615,1.882120323,4100
weekly,2026-04-10,subcategory,Lifestyle,골프,3317214,0.007728350497,1,0,150,150,0,0.1539408867,0.2258506093,5167
weekly,2026-04-10,subcategory,Tech,건강가전,17276280,0.04024978404,2,340,371,541,0.4303797468,0.4363679134,0.6036149955,21980
weekly,2026-04-10,subcategory,Lifestyle,구강가전,5010036,0.01167223888,1,400,1880,2080,0.5333333333,1.397665601,1.658956771,8364
weekly,2026-04-10,subcategory,Bag&pouch,하드케이스 파우치,10231030,0.02383596168,6,2250,5307,5507,0.9950392709,1.484509983,1.411463306,5017.038861
weekly,2026-04-10,subcategory,Drinkware,리유저블컵,3802910,0.008859911175,4,0,1708,2108,0,0.5273851108,0.6145976364,1482.040779
weekly,2026-04-10,subcategory,Tech,PC/ 노트북 악세사리,12877077,0.03000064646,5,2467,6317,9518,0.3309291317,1.003358111,1.48978586,1786.593287
weekly,2026-04-10,subcategory,Lifestyle,구강관리,3168000,0.007380715979,1,700,2250,3375,0.344657804,1.56991348,2.18333549,1600
weekly,2026-04-10,subcategory,Drinkware,머그컵,1015000,0.00236471803,1,0,144,344,0,0.3007518797,0.6745979867,2500
weekly,2026-04-10,subcategory,Tech,시계,1705200,0.00397272629,1,935,1095,1275,2.675250358,2.572233968,3.20083682,4900
weekly,2026-04-10,subcategory,Stationery,노트,11068842,0.02578787216,8,0,2110,2310,0,0.3380394137,0.3805586592,1947.355682
weekly,2026-04-10,subcategory,Tech,충전기,59773652,0.1392589484,3,850,1838,3563,0.2883083031,1.749632387,3.824390161,20455.96965
weekly,2026-04-10,subcategory,Drinkware,보틀,6296650,0.01466975545,5,305,2985,3836,0.1813342058,1.083296156,1.192859406,4216.054966
weekly,2026-04-10,subcategory,Lifestyle,우산,430360,0.001002640445,3,681,4381,6301,7.694915254,4.972132344,3.177015625,8120
weekly,2026-04-10,subcategory,Tech,계절가전,9827724,0.02289635087,4,892,1872,1872,0.4563121054,1.831761163,1.737171311,5028.755841
weekly,2026-04-10,subcategory,Lifestyle,미분류,16057745,0.03741087598,1,150,150,150,0.1346499102,0.1276813075,0.1270971022,15455
weekly,2026-04-10,subcategory,Lifestyle,명함지갑,3580500,0.008341746705,1,100,450,900,0.1366120219,0.6455884299,1.483759475,5250
weekly,2026-04-10,subcategory,Lifestyle,캠핑,36013610,0.08390348067,3,50,50,50,0.0206911688,0.02067654911,0.02068142004,14903.27367
weekly,2026-04-10,subcategory,Bag&pouch,노트북백,16885272,0.03933882476,2,0,540,2250,0,1.337958375,5.095878001,16818
weekly,2026-04-10,subcategory,Kit Package,슬리브박스,16833433,0.03921805174,3,0,396,1896,0,0.08372469606,0.3830155245,3530.539412
weekly,2026-04-10,subcategory,Awards & Recognition,트로피,12043500,0.02805860255,2,260,860,1094,0.0755594304,0.2359396433,0.2925603038,3500
weekly,2026-04-10,subcategory,Stationery,메모패드,5978491,0.01392851769,3,320,1020,2840,0.1950541391,0.652692253,2.438892135,3713.05303
weekly,2026-04-10,subcategory,Fragrance,샤쉐,4538335,0.01057328335,4,600,7900,10600,0.1531662869,3.025637549,4.457606755,1158.533201
weekly,2026-04-10,subcategory,Kit Package,지퍼백,2253600,0.005250372958,3,150,400,700,0.03929624203,0.1758877964,0.3445361074,597.4600639
weekly,2026-04-10,subcategory,Fragrance,디퓨저,867000,0.002019911854,1,850,1278,1680,0.2702702703,0.3390999788,0.5297901863,300
weekly,2026-04-10,subcategory,Lifestyle,세제,1142408,0.002661549552,2,0,0,0,0,0,0,1055.679505
weekly,2026-04-10,subcategory,Tech,충전패드,1029000,0.00239733483,2,0,4340,4640,0,4.284010604,6.217865972,24500
weekly,2026-04-10,subcategory,Kit Package,플라스틱 박스,301600,0.0007026590717,4,0,0,0,0,0,0,1300
weekly,2026-04-10,subcategory,Lifestyle,네임택,167000,0.0003890718335,1,120,2620,2720,0.0693441202,1.095959173,0.8973146539,100
weekly,2026-04-10,subcategory,Lifestyle,가드닝,130264,0.0003034853492,1,950,4550,4650,0.21819017,2.24317059,2.744175163,19
weekly,2026-04-10,subcategory,Stationery,미분류,28560,0.00006653827284,1,0,150,3553,0,0.2362204724,4.427230437,120
weekly,2026-04-17,category,,Stationery,88354737,0.1901315204,39,21061,51297,78989,0.7249654387,1.628346239,2.589462449,3279.478748
weekly,2026-04-17,category,,Lifestyle,116687136,0.2511003183,23,6842,25172,32983,0.6457369188,2.090390919,2.647303005,9627.677699
weekly,2026-04-17,category,,Tech,121785209,0.2620709171,19,6439,19660,26326,0.7336506551,2.803736104,4.23423163,14643.51656
weekly,2026-04-17,category,,Drinkware,68464881,0.1473303228,15,1125,7662,11824,0.2121622909,1.335862823,2.204718702,11337.25157
weekly,2026-04-17,category,,Bag&pouch,32401262,0.06972462844,8,2250,5847,7757,0.9238079446,2.650761274,3.263477946,12161.56015
weekly,2026-04-17,category,,Kit Package,19388093,0.0417214484,10,150,796,2596,0.02438617434,0.1360988691,0.4291872291,3154.994307
weekly,2026-04-17,category,,Awards & Recognition,12218500,0.02629312317,2,260,860,1094,0.07519521836,0.2368493528,0.2937800007,3500
weekly,2026-04-17,category,,Fragrance,5403440,0.01162772136,5,1450,9178,12280,0.2713666586,2.195117036,3.288867508,1021.031713
weekly,2026-04-17,sub_category,,Product Parts,464703258,1,121,39577,120472,173849,0.8424765948,2.583306955,3.834907463,9632.495362
weekly,2026-04-17,sourcing,,국내소싱,167824526,0.2897457886,39,18293,50114,69004,1.446109588,4.541369395,6.81282904,12940.00193
weekly,2026-04-17,sourcing,,해당없음,251809458,0.4347441445,200,56410,176617,241400,0.5987849819,1.771753673,2.44022335,2825.43952
weekly,2026-04-17,sourcing,,직소싱,58124514,0.1003508459,21,10394,25513,37561,2.119406031,5.260015421,7.093182552,9432.121419
weekly,2026-04-17,sourcing,,중개소싱,101454497,0.175159221,17,5141,22411,29711,0.6404791443,2.559810586,3.440580761,11543.51641
weekly,2026-04-17,production,,해외생산,327403537,0.5652558555,77,33828,98038,136276,1.328568976,4.023180347,5.76989907,11884.50452
weekly,2026-04-17,production,,국내생산,251809458,0.4347441445,200,56410,176617,241400,0.5987849819,1.771753673,2.44022335,2825.43952
weekly,2026-04-17,procurement,,국내소싱,166382572,0.3580404681,36,17343,48264,65429,1.394193796,4.454337183,6.583427184,13040.5584
weekly,2026-04-17,procurement,,국내생산,149911195,0.3225955326,58,13796,44779,69790,0.3375573882,1.020466662,1.635735026,3982.442952
weekly,2026-04-17,procurement,,직소싱,52496194,0.1129671314,14,4447,11668,16219,1.179808098,3.294253778,4.021494832,10383.88788
weekly,2026-04-17,procurement,,중개소싱,95913297,0.206396868,13,3991,15761,22411,0.5481806581,1.985294405,2.855611208,12140.16191
weekly,2026-04-17,first_order,,N,537808147,0.9285153331,255,85578,257705,356436,1.240734269,3.739845327,5.354654821,7681.993704
weekly,2026-04-17,first_order,,Y,41404848,0.07148466688,22,4660,16950,21240,1.362018246,4.601483333,4.947297099,11376.98683
weekly,2026-04-17,new_product,,N,454575138.5,0.7848151585,230,67646,205193,283074,1.219154747,3.652482181,5.062202098,7925.003024
weekly,2026-04-17,new_product,,Y,124637856.5,0.2151848415,47,22592,69462,94602,1.404527017,4.421684701,6.484943093,8023.179236
weekly,2026-04-17,season,,미분류,457529736,0.7899162138,251,83641,257900,354209,1.472009757,4.614250692,6.480540756,7705.252416
weekly,2026-04-17,season,,겨울,50236840,0.08673292974,12,5405,12725,19037,0.4237375718,0.8633136965,1.308093889,4408.342839
weekly,2026-04-17,season,,봄가을,38535074,0.06653005774,4,50,200,200,0.01797523064,0.06877189292,0.07128279787,14044.25405
weekly,2026-04-17,season,,여름,32911345,0.05682079871,10,1142,3830,4230,0.3059525423,1.052325004,1.138738546,9554.806181
weekly,2026-04-17,subcategory,Stationery,펜,21558903,0.04639283807,13,12436,31102,45159,0.6877027296,1.744079492,2.645506302,1205.637694
weekly,2026-04-17,subcategory,Lifestyle,타월,15032250,0.03234806243,5,1991,5241,7857,0.2641422909,0.5890484248,0.9818526148,2358.389779
weekly,2026-04-17,subcategory,Lifestyle,모바일 악세사리,926662,0.001994094046,2,1200,2800,3600,1.536491677,2.089552239,2.234463496,1606
weekly,2026-04-17,subcategory,Tech,배터리,27877000,0.05998881979,2,955,3827,4917,0.2963486976,1.832222889,3.051394334,8743.372673
weekly,2026-04-17,subcategory,Stationery,포스트잇,7314140,0.01573937749,5,2900,4600,6700,0.6774864741,1.190763688,1.840434709,1791.481377
weekly,2026-04-17,subcategory,Drinkware,텀블러,57350321,0.1234127801,5,820,2825,5536,0.2187201051,0.7608787508,1.727354945,12929.01201
weekly,2026-04-17,subcategory,Stationery,다이어리,42781960,0.09206296548,9,5405,12315,18427,0.5377748106,1.04880468,1.57798915,4852.565882
weekly,2026-04-17,subcategory,Lifestyle,여권케이스,1037300,0.002232177163,1,500,650,1150,1.184834123,0.9670002705,1.953665194,4100
weekly,2026-04-17,subcategory,Lifestyle,골프,3317214,0.00713834892,1,0,150,150,0,0.1588677065,0.226322483,5167
weekly,2026-04-17,subcategory,Tech,건강가전,17276280,0.03717701501,2,340,371,541,0.4311073542,0.4393841516,0.6082923401,21980
weekly,2026-04-17,subcategory,Lifestyle,구강가전,21830040,0.04697630073,1,400,1880,2080,0.2919708029,1.287591059,1.553905776,8364
weekly,2026-04-17,subcategory,Bag&pouch,하드케이스 파우치,15515990,0.0333890278,6,2250,5307,5507,1.253383369,1.969078867,1.870160622,7094.190722
weekly,2026-04-17,subcategory,Drinkware,리유저블컵,3802910,0.00818352343,4,0,1708,2108,0,0.5375341774,0.6244273541,1482.040779
weekly,2026-04-17,subcategory,Tech,PC/ 노트북 악세사리,12877077,0.02771032219,5,2467,6317,9518,0.3346271733,0.9903202196,1.477947728,1786.593287
weekly,2026-04-17,subcategory,Lifestyle,구강관리,2601600,0.005598411363,1,700,2250,3375,0.3691983122,1.550946234,2.176278564,1600
weekly,2026-04-17,subcategory,Drinkware,머그컵,1015000,0.00218418955,1,0,144,344,0,0.3049672699,0.6833022967,2500
weekly,2026-04-17,subcategory,Tech,시계,1705200,0.003669438444,1,935,1095,1275,2.679083095,2.615635179,3.226316622,4900
weekly,2026-04-17,subcategory,Stationery,노트,11068842,0.0238191616,8,0,2110,2310,0,0.3408083372,0.3820771517,1947.355682
weekly,2026-04-17,subcategory,Tech,충전기,53383652,0.1148768619,3,850,1838,3563,0.2929286631,1.5063746,3.358839033,19988.25429
weekly,2026-04-17,subcategory,Drinkware,보틀,6296650,0.01354982968,5,305,2985,3836,0.1883705289,1.130359327,1.234171504,4216.054966
weekly,2026-04-17,subcategory,Lifestyle,우산,15692695,0.03376928121,3,681,4381,6301,0.6581466349,2.078618714,1.72030055,5518.359802
weekly,2026-04-17,subcategory,Tech,계절가전,7735000,0.01664503071,4,892,1872,1872,0.4884023068,1.741329377,1.682302328,5000
weekly,2026-04-17,subcategory,Lifestyle,미분류,16026835,0.03448832072,1,150,150,150,0.1378254211,0.1290574892,0.1280683031,15455
weekly,2026-04-17,subcategory,Lifestyle,명함지갑,3575250,0.007693619398,1,100,450,900,0.1398601399,0.6469416854,1.472466455,5250
weekly,2026-04-17,subcategory,Lifestyle,캠핑,35217860,0.07578569634,3,50,50,50,0.0208127221,0.02068768855,0.02067884969,14880.41364
weekly,2026-04-17,subcategory,Bag&pouch,노트북백,16885272,0.03633560064,2,0,540,2250,0,1.178571429,4.720073423,16818
weekly,2026-04-17,subcategory,Kit Package,슬리브박스,16833433,0.03622404773,3,0,396,1896,0,0.08366332935,0.3838988537,3530.539412
weekly,2026-04-17,subcategory,Awards & Recognition,트로피,12218500,0.02629312317,2,260,860,1094,0.07519521836,0.2368493528,0.2937800007,3500
weekly,2026-04-17,subcategory,Stationery,메모패드,5602332,0.01205571922,3,320,1020,2840,0.207160341,0.6767692843,2.475177456,3837.943109
weekly,2026-04-17,subcategory,Fragrance,샤쉐,4539440,0.009768470356,4,600,7900,10600,0.1531186675,2.893255953,4.283182259,1158.267011
weekly,2026-04-17,subcategory,Kit Package,지퍼백,2253060,0.004848384343,3,150,400,700,0.03945596822,0.1659611825,0.3270451583,597.4738356
weekly,2026-04-17,subcategory,Fragrance,디퓨저,864000,0.001859251006,1,850,1278,1680,0.2780806979,0.3465292842,0.5328470047,300
weekly,2026-04-17,subcategory,Lifestyle,세제,1142408,0.002458360212,2,0,0,0,0,0,0,1055.679505
weekly,2026-04-17,subcategory,Tech,충전패드,931000,0.002003429036,2,0,4340,4640,0,4.694801572,6.609950831,24500
weekly,2026-04-17,subcategory,Kit Package,플라스틱 박스,301600,0.0006490163234,4,0,0,0,0,0,0,1300
weekly,2026-04-17,subcategory,Lifestyle,네임택,166600,0.0003585083537,1,120,2620,2720,0.07021650088,1.127013921,0.9233053994,100
weekly,2026-04-17,subcategory,Lifestyle,가드닝,120422,0.0002591374128,1,950,4550,4650,0.1894191147,1.880038908,2.342903171,19
weekly,2026-04-17,subcategory,Stationery,미분류,28560,0.00006145857493,1,0,150,3553,0,0.2504553734,4.630824373,120
weekly,2026-04-24,category,,Stationery,98305850,0.1975176534,39,21061,51297,78989,0.8303630525,1.887548369,2.992582538,3786.159972
weekly,2026-04-24,category,,Lifestyle,118756941,0.2386083058,23,6842,25172,32983,0.6144003455,2.037117936,2.582508927,9536.390987
weekly,2026-04-24,category,,Tech,144752450,0.2908388896,19,6439,19660,26326,0.5940402839,2.219272771,3.330257119,12231.28407
weekly,2026-04-24,category,,Drinkware,67753881,0.1361321588,15,1125,7662,11824,0.2064356722,1.326038736,2.169803306,11381.61177
weekly,2026-04-24,category,,Bag&pouch,31395672,0.06308067588,8,2250,5847,7757,0.9277101283,2.602350497,3.227447408,12395.92956
weekly,2026-04-24,category,,Kit Package,19360553,0.0388995263,10,150,796,2596,0.02442937098,0.1357028855,0.4293265114,3158.714085
weekly,2026-04-24,category,,Awards & Recognition,12218500,0.02454960156,2,260,860,1094,0.07501442585,0.23761282,0.2948646806,3500
weekly,2026-04-24,category,,Fragrance,5162805,0.01037318866,5,1450,9178,12280,0.2866799582,2.248632061,3.357857113,1064.171574
weekly,2026-04-24,sub_category,,Product Parts,497706652,1,121,39577,120472,173849,0.7792263308,2.400758013,3.557843053,9131.810542
weekly,2026-04-24,sourcing,,국내소싱,198853606,0.323618534,39,18293,50114,69004,1.241617277,3.907488173,5.839073779,11706.87343
weekly,2026-04-24,sourcing,,해당없음,266480832.5,0.4336765025,200,56410,176617,241400,0.6368817339,1.893966812,2.60407949,3006.060053
weekly,2026-04-24,sourcing,,직소싱,51716041,0.08416377108,21,10394,25513,37561,1.715054326,4.116580497,5.583074456,7857.799676
weekly,2026-04-24,sourcing,,중개소싱,97418672,0.1585411924,17,5141,22411,29711,0.6406160195,2.601064028,3.490188143,11694.30379
weekly,2026-04-24,production,,해외생산,347988319,0.5663234975,77,33828,98038,136276,1.199398943,3.642489701,5.217087176,11131.32718
weekly,2026-04-24,production,,국내생산,266480832.5,0.4336765025,200,56410,176617,241400,0.6368817339,1.893966812,2.60407949,3006.060053
weekly,2026-04-24,procurement,,국내소싱,197426238,0.3966718894,36,17343,48264,65429,1.194782628,3.825255038,5.631348697,11781.76796
weekly,2026-04-24,procurement,,국내생산,162471474,0.3264402301,58,13796,44779,69790,0.3567128867,1.084243033,1.732248659,4206.55307
weekly,2026-04-24,procurement,,직소싱,45601608,0.09162346498,14,4447,11668,16219,0.9631031013,2.585830038,3.198916247,8826.472615
weekly,2026-04-24,procurement,,중개소싱,92207332,0.1852644156,13,3991,15761,22411,0.5488950428,2.016643475,2.895727245,12287.37975
weekly,2026-04-24,first_order,,N,566071641.5,0.921236876,255,85578,257705,356436,1.194681658,3.625411751,5.181620672,7523.255728
weekly,2026-04-24,first_order,,Y,48397510,0.07876312404,22,4660,16950,21240,0.9698433809,3.226458879,3.516217754,8593.98548
weekly,2026-04-24,new_product,,N,480171425.5,0.7814410607,227,67406,204953,282834,1.177517667,3.58251191,4.970120135,7799.595803
weekly,2026-04-24,new_product,,Y,134297726,0.2185589393,50,22832,69702,94842,1.181727495,3.60780597,5.227204897,6921.086528
weekly,2026-04-24,season,,미분류,441848083.5,0.7190728492,251,83641,257900,354209,1.385446454,4.314529962,6.045074799,7268.817109
weekly,2026-04-24,season,,겨울,63758876,0.1037625336,12,5405,12725,19037,0.4531057434,0.9555388724,1.44609647,4871.645578
weekly,2026-04-24,season,,봄가을,38519159,0.0626868882,4,50,200,200,0.01803731389,0.0690957199,0.07137318717,14043.48111
weekly,2026-04-24,season,,여름,70343033,0.114477729,10,1142,3830,4230,0.2238757143,0.8341401757,0.9184484114,8691.160363
weekly,2026-04-24,subcategory,Stationery,펜,19729187,0.03964019151,13,12436,31102,45159,0.6468890138,1.612646227,2.435276725,1107.129719
weekly,2026-04-24,subcategory,Lifestyle,타월,16568875,0.03329044314,5,1991,5241,7857,0.2779690576,0.6202280659,1.023044182,2439.688067
weekly,2026-04-24,subcategory,Lifestyle,모바일 악세사리,928268,0.001865090604,2,1200,2800,3600,1.643272852,2.193497846,2.322051905,1606
weekly,2026-04-24,subcategory,Tech,배터리,28318000,0.0568969691,2,955,3827,4917,0.2961110736,1.752641441,2.881599435,8747.369164
weekly,2026-04-24,subcategory,Stationery,포스트잇,5571080,0.01119350119,5,2900,4600,6700,0.7682656192,1.278767714,1.961152123,1892.618379
weekly,2026-04-24,subcategory,Drinkware,텀블러,56639321,0.1138006108,5,820,2825,5536,0.2110648934,0.7460540876,1.668441346,13002.05875
weekly,2026-04-24,subcategory,Stationery,다이어리,56303996,0.1131268706,9,5405,12315,18427,0.5623804374,1.140265141,1.714548564,5270.526659
weekly,2026-04-24,subcategory,Lifestyle,여권케이스,1037300,0.002084159406,1,500,650,1150,1.316655695,1.020007846,2.021466815,4100
weekly,2026-04-24,subcategory,Lifestyle,골프,3317214,0.006664998321,1,0,150,150,0,0.1632208923,0.2267404828,5167
weekly,2026-04-24,subcategory,Tech,건강가전,10704260,0.02150716684,2,340,371,541,0.4766912022,0.4554475703,0.6249235578,21980
weekly,2026-04-24,subcategory,Lifestyle,구강가전,21830040,0.04386125826,1,400,1880,2080,0.2380952381,1.208290932,1.471677696,8364
weekly,2026-04-24,subcategory,Bag&pouch,하드케이스 파우치,14510400,0.02915452293,6,2250,5307,5507,1.237792773,1.985292578,1.878501979,7250.112609
weekly,2026-04-24,subcategory,Drinkware,리유저블컵,3802910,0.007640866331,4,0,1708,2108,0,0.5462949864,0.6333654887,1482.040779
weekly,2026-04-24,subcategory,Tech,PC/ 노트북 악세사리,11916050,0.02394191428,5,2467,6317,9518,0.3423303633,0.9852319268,1.472852949,1784.169966
weekly,2026-04-24,subcategory,Lifestyle,구강관리,2520000,0.005063223467,1,700,2250,3375,0.3855156272,1.539953231,2.174283765,1600
weekly,2026-04-24,subcategory,Drinkware,머그컵,1015000,0.002039353896,1,0,144,344,0,0.3085714286,0.6911712564,2500
weekly,2026-04-24,subcategory,Tech,시계,1705200,0.003426114546,1,935,1095,1275,2.681003584,2.652937614,3.24913806,4900
weekly,2026-04-24,subcategory,Stationery,노트,11068842,0.0222396907,8,0,2110,2310,0,0.3431506624,0.3834270971,1947.355682
weekly,2026-04-24,subcategory,Tech,충전기,46084752,0.09259420547,3,850,1838,3563,0.3021396241,1.37221371,3.074305092,19557.88229
weekly,2026-04-24,subcategory,Drinkware,보틀,6296650,0.01265132779,5,305,2985,3836,0.1920975152,1.172819719,1.273074602,4216.054966
weekly,2026-04-24,subcategory,Lifestyle,우산,16323190,0.03279680899,3,681,4381,6301,0.4544212691,1.785852315,1.605845232,5580.694389
weekly,2026-04-24,subcategory,Tech,계절가전,45166688,0.0907496169,4,892,1872,1872,0.3653318273,1.280960197,1.340097738,7429.724703
weekly,2026-04-24,subcategory,Lifestyle,미분류,16026835,0.03220136789,1,150,150,150,0.1394700139,0.1302271741,0.1289376549,15455
weekly,2026-04-24,subcategory,Lifestyle,명함지갑,3575250,0.007183448294,1,100,450,900,0.1415428167,0.6480737397,1.462643831,5250
weekly,2026-04-24,subcategory,Lifestyle,캠핑,35201945,0.07072829921,3,50,50,50,0.02089190125,0.02072365137,0.0207045297,14879.9459
weekly,2026-04-24,subcategory,Bag&pouch,노트북백,16885272,0.03392615295,2,0,540,2250,0,1.072137657,4.431699687,16818
weekly,2026-04-24,subcategory,Kit Package,슬리브박스,16833433,0.03382199722,3,0,396,1896,0,0.08361225911,0.3846816522,3530.539412
weekly,2026-04-24,subcategory,Awards & Recognition,트로피,12218500,0.02454960156,2,260,860,1094,0.07501442585,0.23761282,0.2948646806,3500
weekly,2026-04-24,subcategory,Stationery,메모패드,5604185,0.01126001627,3,320,1020,2840,0.2099965134,0.6784148749,2.435692929,3837.286796
weekly,2026-04-24,subcategory,Fragrance,샤쉐,4602405,0.009247224206,4,600,7900,10600,0.1524452186,2.784983997,4.132106885,1157.218959
weekly,2026-04-24,subcategory,Kit Package,지퍼백,2225520,0.004471549639,3,150,400,700,0.03970351403,0.1589343146,0.313770804,598.1850534
weekly,2026-04-24,subcategory,Fragrance,디퓨저,560400,0.001125964457,1,850,1278,1680,0.3080268165,0.3613912716,0.5459341668,300
weekly,2026-04-24,subcategory,Lifestyle,세제,1142408,0.002295344045,2,0,0,0,0,0,0,1055.679505
weekly,2026-04-24,subcategory,Tech,충전패드,857500,0.00172290243,2,0,4340,4640,0,5.104033953,7.001255296,24500
weekly,2026-04-24,subcategory,Kit Package,플라스틱 박스,301600,0.0006059794435,4,0,0,0,0,0,0,1300
weekly,2026-04-24,subcategory,Lifestyle,네임택,166600,0.0003347353292,1,120,2620,2720,0.07066097453,1.15426977,0.9475215672,100
weekly,2026-04-24,subcategory,Lifestyle,가드닝,119016,0.0002391288112,1,950,4550,4650,0.1783200375,1.660291599,2.079197641,19
weekly,2026-04-24,subcategory,Stationery,미분류,28560,0.00005738319929,1,0,150,3553,0,0.2636976267,4.826674125,120
weekly,2026-04-30,category,,Stationery,102479232.2,0.2059718872,39,21061,51297,78989,0.8216131541,1.893329537,2.996578351,3796.576722
weekly,2026-04-30,category,,Lifestyle,115851385,0.2328484308,23,6842,25172,32983,0.6111306529,2.053202154,2.604415111,9658.092486
weekly,2026-04-30,category,,Tech,144245466,0.2899173834,19,6439,19660,26326,0.5776235926,2.119291841,3.164314882,12102.57822
weekly,2026-04-30,category,,Drinkware,67392054,0.1354505518,15,1125,7662,11824,0.2033345362,1.318854253,2.143288644,11404.6195
weekly,2026-04-30,category,,Bag&pouch,30855222,0.062015573,8,2250,5847,7757,0.9359555061,2.584833527,3.221735472,12571.91493
weekly,2026-04-30,category,,Kit Package,19348336,0.03888800877,10,150,796,2596,0.02444566762,0.1352675484,0.4290959958,3159.300978
weekly,2026-04-30,category,,Awards & Recognition,12215000,0.02455079481,2,260,860,1094,0.07491068342,0.2382677635,0.2958400312,3500
weekly,2026-04-30,category,,Fragrance,5153205,0.01035737033,5,1450,9178,12280,0.2889606054,2.215443327,3.296378046,1063.49938
weekly,2026-04-30,sub_category,,Product Parts,497539900.2,1,121,39577,120472,173849,0.7640178381,2.359188088,3.491651537,9083.825838
weekly,2026-04-30,sourcing,,국내소싱,206374548.2,0.3353339474,39,18293,50114,69004,1.162586692,3.659986869,5.456196235,11392.54299
weekly,2026-04-30,sourcing,,해당없음,264273054,0.4294120916,200,56410,176617,241400,0.6326721126,1.887262059,2.590949947,2981.74891
weekly,2026-04-30,sourcing,,직소싱,49434162,0.08032459829,21,10394,25513,37561,1.740217902,4.106616931,5.585041872,8033.77779
weekly,2026-04-30,sourcing,,중개소싱,95348167,0.1549293627,17,5141,22411,29711,0.6377121506,2.608327405,3.493669303,11678.51627
weekly,2026-04-30,production,,해외생산,351156877.2,0.5705879084,77,33828,98038,136276,1.157527427,3.520574507,5.038808243,10997.36145
weekly,2026-04-30,production,,국내생산,264273054,0.4294120916,200,56410,176617,241400,0.6326721126,1.887262059,2.590949947,2981.74891
weekly,2026-04-30,procurement,,국내소싱,204747552.2,0.4115198643,36,17343,48264,65429,1.119359518,3.58435287,5.263863946,11473.39698
weekly,2026-04-30,procurement,,국내생산,159731813,0.3210432227,58,13796,44779,69790,0.3571846535,1.088475148,1.73377017,4196.798837
weekly,2026-04-30,procurement,,직소싱,42701208,0.08582469061,14,4447,11668,16219,0.9935791624,2.608095918,3.248141271,9192.738476
weekly,2026-04-30,procurement,,중개소싱,90359327,0.1816122224,13,3991,15761,22411,0.5462820861,2.020799577,2.89652649,12256.75938
weekly,2026-04-30,first_order,,N,566648241.2,0.9207355906,255,85578,257705,356436,1.174534506,3.576604761,5.104343566,7472.524872
weekly,2026-04-30,first_order,,Y,48781690,0.07926440936,22,4660,16950,21240,0.9275779353,3.080232195,3.385879461,8517.579418
weekly,2026-04-30,new_product,,N,483577346.7,0.7857553268,227,67406,204953,282834,1.14991072,3.525347725,4.89400771,7743.301954
weekly,2026-04-30,new_product,,Y,131852584.5,0.2142446732,50,22832,69702,94842,1.175620412,3.541976481,5.097891237,6866.073841
weekly,2026-04-30,season,,미분류,442120527.2,0.7183929555,251,83641,257900,354209,1.373416361,4.263236533,5.962406871,7216.517214
weekly,2026-04-30,season,,겨울,61804412,0.1004247744,12,5405,12725,19037,0.4468206891,0.9577444875,1.447073508,4865.106342
weekly,2026-04-30,season,,봄가을,38519159,0.06258902443,4,50,200,200,0.01807537033,0.06937537793,0.07145723019,14043.48111
weekly,2026-04-30,season,,여름,72985833,0.1185932456,10,1142,3830,4230,0.1930205932,0.7431973707,0.8282372958,8461.867949
weekly,2026-04-30,subcategory,Stationery,펜,25927213.2,0.05211082205,13,12436,31102,45159,1.051495272,2.691320093,4.071711756,1878.122541
weekly,2026-04-30,subcategory,Lifestyle,타월,16568875,0.03330160052,5,1991,5241,7857,0.2808809511,0.6297369134,1.029663008,2439.688067
weekly,2026-04-30,subcategory,Lifestyle,모바일 악세사리,404712,0.0008134262194,2,1200,2800,3600,1.890954932,2.337829159,2.435357787,1606
weekly,2026-04-30,subcategory,Tech,배터리,27247000,0.05476344709,2,955,3827,4917,0.3004907723,1.710290658,2.776879521,8816.053143
weekly,2026-04-30,subcategory,Stationery,포스트잇,5500900,0.0110561987,5,2900,4600,6700,0.8111373617,1.307327629,1.991853455,1906.309295
weekly,2026-04-30,subcategory,Drinkware,텀블러,56277494,0.1131115193,5,820,2825,5536,0.2069584137,0.7346751744,1.62342917,13040.02881
weekly,2026-04-30,subcategory,Stationery,다이어리,54349532,0.1092365295,9,5405,12315,18427,0.5550206595,1.145743166,1.720668989,5277.434632
weekly,2026-04-30,subcategory,Lifestyle,여권케이스,1037300,0.002084857917,1,500,650,1150,1.410835214,1.069620253,2.085811468,4100
weekly,2026-04-30,subcategory,Lifestyle,골프,3317214,0.006667232113,1,0,150,150,0,0.1670951157,0.2271133364,5167
weekly,2026-04-30,subcategory,Tech,건강가전,10770200,0.0216469071,2,340,371,541,0.5085252767,0.4698490015,0.6403629907,21980
weekly,2026-04-30,subcategory,Lifestyle,구강가전,21830040,0.04387595847,1,400,1880,2080,0.2143622722,1.148442272,1.40556369,8364
weekly,2026-04-30,subcategory,Bag&pouch,하드케이스 파우치,13969950,0.02807804961,6,2250,5307,5507,1.255099344,2.043590491,1.926469344,7439.734681
weekly,2026-04-30,subcategory,Drinkware,리유저블컵,3802910,0.007643427187,4,0,1708,2108,0,0.5539341462,0.6415280813,1482.040779
weekly,2026-04-30,subcategory,Tech,PC/ 노트북 악세사리,11128626,0.0223673036,5,2467,6317,9518,0.3501988028,0.9828261347,1.469024498,1776.092238
weekly,2026-04-30,subcategory,Lifestyle,구강관리,2196800,0.004415324277,1,700,2250,3375,0.4052802223,1.547127896,2.188321746,1600
weekly,2026-04-30,subcategory,Drinkware,머그컵,1015000,0.002040037391,1,0,144,344,0,0.3116883117,0.698319612,2500
weekly,2026-04-30,subcategory,Tech,시계,1205400,0.002422720267,1,935,1095,1275,2.848872639,2.738026544,3.31791239,4900
weekly,2026-04-30,subcategory,Stationery,노트,11068842,0.02224714439,8,0,2110,2310,0,0.3451579249,0.384635082,1947.355682
weekly,2026-04-30,subcategory,Tech,충전기,46084752,0.09262523866,3,850,1838,3563,0.3122841158,1.296499567,2.907428906,19557.88229
weekly,2026-04-30,subcategory,Drinkware,보틀,6296650,0.01265556792,5,305,2985,3836,0.1944053477,1.21132108,1.309773441,4216.054966
weekly,2026-04-30,subcategory,Lifestyle,우산,14272800,0.02868674451,3,681,4381,6301,0.3941158904,1.674008846,1.559402195,5524.095573
weekly,2026-04-30,subcategory,Tech,계절가전,47809488,0.09609176667,4,892,1872,1872,0.2648996335,0.9008239147,0.968714548,7149.416835
weekly,2026-04-30,subcategory,Lifestyle,미분류,16026835,0.03221216026,1,150,150,150,0.1404757445,0.1312335958,0.1297203805,15455
weekly,2026-04-30,subcategory,Lifestyle,명함지갑,3575250,0.007185855845,1,100,450,900,0.1425719989,0.6490347308,1.454021979,5250
weekly,2026-04-30,subcategory,Lifestyle,캠핑,35201945,0.07075200398,3,50,50,50,0.02094009594,0.02075473307,0.02072799052,14879.9459
weekly,2026-04-30,subcategory,Bag&pouch,노트북백,16885272,0.03393752339,2,0,540,2250,0,0.9960272418,4.203425013,16818
weekly,2026-04-30,subcategory,Kit Package,슬리브박스,16843296,0.03385315629,3,0,396,1896,0,0.08349950883,0.3850645777,3527.759606
weekly,2026-04-30,subcategory,Awards & Recognition,트로피,12215000,0.02455079481,2,260,860,1094,0.07491068342,0.2382677635,0.2958400312,3500
weekly,2026-04-30,subcategory,Stationery,메모패드,5604185,0.0112637901,3,320,1020,2840,0.2117580125,0.6799124024,2.401992666,3837.286796
weekly,2026-04-30,subcategory,Fragrance,샤쉐,4590405,0.009226204769,4,600,7900,10600,0.1521913957,2.701911871,4.009998242,1157.107123
weekly,2026-04-30,subcategory,Kit Package,지퍼백,2203440,0.00442866994,3,150,400,700,0.03984167817,0.1532255655,0.30235106,597.2650038
weekly,2026-04-30,subcategory,Fragrance,디퓨저,562800,0.00113116556,1,850,1278,1680,0.3291002013,0.3749322982,0.5580365381,300
weekly,2026-04-30,subcategory,Lifestyle,세제,1142408,0.002296113336,2,0,0,0,0,0,0,1055.679505
weekly,2026-04-30,subcategory,Tech,충전패드,0,0,2,0,4340,4640,0,0,0,0
weekly,2026-04-30,subcategory,Kit Package,플라스틱 박스,301600,0.0006061825391,4,0,0,0,0,0,0,1300
weekly,2026-04-30,subcategory,Lifestyle,네임택,158000,0.0003175624707,1,120,2620,2720,0.07165890362,1.181900201,0.9717949227,100
weekly,2026-04-30,subcategory,Lifestyle,가드닝,119206,0.0002395908347,1,950,4550,4650,0.1722012761,1.510477988,1.889668907,19
weekly,2026-04-30,subcategory,Stationery,미분류,28560,0.00005740243142,1,0,150,3553,0,0.2760475651,5.0152133,120
weekly,2026-05-08,category,,Stationery,106153698,0.1936089513,39,23600,64161,102589,0.8749357545,2.421979427,4.02143598,3935.494316
weekly,2026-05-08,category,,Lifestyle,138292431,0.2522253397,24,5813,22524,35865,0.3888835776,1.497413333,2.292131638,9251.61798
weekly,2026-05-08,category,,Kit Package,19091991,0.03482102297,10,400,800,2996,0.06626314593,0.136273677,0.4957807239,3162.738464
weekly,2026-05-08,category,,Drinkware,90134086,0.1643915021,17,2600,8282,14744,0.2783955683,0.8823413452,1.60093977,9651.126958
weekly,2026-05-08,category,,Awards & Recognition,12215000,0.02227838865,2,172,532,1266,0.04928366762,0.1505887681,0.3433685924,3500
weekly,2026-05-08,category,,Tech,137594442,0.250952309,19,9915,25335,36241,0.892534416,2.656267061,4.369410649,12386.05899
weekly,2026-05-08,category,,Bag&pouch,38111602,0.06951003531,8,1210,5570,8967,0.3631398078,2.044602806,3.296061714,11437.88415
weekly,2026-05-08,category,,Fragrance,6233005,0.01136809724,6,8400,17457,22361,4.147577914,7.938827783,11.28651946,3077.604033
weekly,2026-05-08,category,,Wine,462950,0.0008443536655,2,0,1320,4120,0,5.617021277,17.53191489,1970
weekly,2026-05-08,sub_category,,Product Parts,548289205,1,127,52110,145981,229149,0.8373228295,2.466338422,3.986101689,8810.114536
weekly,2026-05-08,sourcing,,해당없음,259788184,0.3816406245,201,59433,194334,304753,0.675803213,2.087214677,3.249150232,2954.010221
weekly,2026-05-08,sourcing,,직소싱,122494869,0.1799505181,32,6526,23261,45047,0.3424596489,1.326033915,2.450850487,6428.064639
weekly,2026-05-08,sourcing,,중개소싱,109809049,0.1613144732,16,2950,19580,29730,0.2958915311,2.389387779,3.562140393,11014.09072
weekly,2026-05-08,sourcing,,국내소싱,188622076,0.2770943842,41,31180,72076,101865,1.931708167,5.033957485,7.976173862,11685.78591
weekly,2026-05-08,production,,국내생산,259788184,0.3816406245,201,59433,194334,304753,0.675803213,2.087214677,3.249150232,2954.010221
weekly,2026-05-08,production,,해외생산,420925994,0.6183593755,89,40656,114917,176642,0.9639863815,3.097026965,4.906491982,9980.49306
weekly,2026-05-08,procurement,,직소싱,99411437,0.181312045,18,3383,10361,19922,0.2633096534,0.8237113767,1.497498724,7737.508431
weekly,2026-05-08,procurement,,국내소싱,186723152,0.3405559517,37,30685,70031,97795,1.938047602,4.99082854,7.821382005,11793.33085
weekly,2026-05-08,procurement,,중개소싱,105337769,0.1921208151,12,1900,13280,21380,0.20620147,1.768191006,2.795196352,11432.00148
weekly,2026-05-08,procurement,,국내생산,156816847,0.2860111882,60,16142,52309,90052,0.4299350777,1.264390042,2.230459233,4176.747819
weekly,2026-05-08,first_order,,N,615401761,0.9040530973,267,92751,293421,457951,1.072167986,3.616169508,5.805893532,7113.821596
weekly,2026-05-08,first_order,,Y,65312417,0.0959469027,23,7338,15830,23444,1.015980116,2.100623123,2.816569632,9042.806894
weekly,2026-05-08,new_product,,N,514392807,0.7556663628,235,82076,239760,368540,1.203914766,3.773876404,5.885750896,7545.264096
weekly,2026-05-08,new_product,,Y,166321371,0.2443336372,55,18013,69491,112855,0.7079684337,2.736361357,4.500168482,6536.961112
weekly,2026-05-08,season,,미분류,510948360,0.7506063139,262,90974,286657,444693,1.24117116,4.054423612,6.35106171,6970.940803
weekly,2026-05-08,season,,여름,66530105,0.09773574159,10,7160,10790,11390,0.8831652159,1.899452249,2.098309866,8206.295328
weekly,2026-05-08,season,,겨울,65803704,0.09666862558,12,1755,10084,20792,0.132477818,0.7580141014,1.611275404,4967.254199
weekly,2026-05-08,season,,봄가을,37432009,0.05498931888,6,200,1720,4520,0.07620079338,0.6161449563,1.625969699,14261.74392
weekly,2026-05-08,subcategory,Stationery,노트,10832315,0.01975657172,8,200,1660,2510,0.03532274441,0.2792951625,0.4121932296,1913.135471
weekly,2026-05-08,subcategory,Lifestyle,가드닝,117287,0.0002139144797,1,400,3550,5050,0.06479831524,0.829742294,1.901262224,19
weekly,2026-05-08,subcategory,Stationery,펜,25861594,0.04716779715,13,20775,46537,65934,1.615595304,4.279525454,6.286061183,2011.161002
weekly,2026-05-08,subcategory,Kit Package,슬리브박스,16640951,0.03035068144,3,300,450,2196,0.06359643761,0.09631362924,0.4469705387,3527.684007
weekly,2026-05-08,subcategory,Drinkware,리유저블컵,6691670,0.01220463569,4,1440,2948,3548,0.3612742111,1.113643262,1.199525525,1678.83875
weekly,2026-05-08,subcategory,Stationery,포스트잇,5475940,0.009987320469,5,650,4900,7350,0.2262735675,1.376664143,2.201943913,1906.246891
weekly,2026-05-08,subcategory,Awards & Recognition,트로피,12215000,0.02227838865,2,172,532,1266,0.04928366762,0.1505887681,0.3433685924,3500
weekly,2026-05-08,subcategory,Tech,PC/ 노트북 악세사리,20628626,0.03762362237,5,1220,5157,10738,0.3154081929,2.392800265,4.777217198,5333.145613
weekly,2026-05-08,subcategory,Lifestyle,모바일 악세사리,398288,0.0007264195544,2,640,2840,4240,2.580645161,3.197118091,2.999702115,1606
weekly,2026-05-08,subcategory,Drinkware,보틀,22781934,0.0415509439,6,55,1660,4211,0.0126381541,0.3478915114,0.7680596035,5234.938049
weekly,2026-05-08,subcategory,Bag&pouch,하드케이스 파우치,21226330,0.03871374779,6,1210,5570,6717,0.408043515,2.259633115,2.215724754,7158.071325
weekly,2026-05-08,subcategory,Lifestyle,구강가전,20976912,0.03825884553,1,500,1880,2580,0.1993620415,1.243550734,1.681935152,8364
weekly,2026-05-08,subcategory,Tech,계절가전,38465000,0.07015458201,4,5670,7542,7542,1.01393529,2.762811563,3.409686459,6878.486936
weekly,2026-05-08,subcategory,Drinkware,텀블러,59645482,0.1087847097,6,1005,3430,6541,0.2081598544,0.7048987368,1.496556283,12354.02472
weekly,2026-05-08,subcategory,Tech,배터리,23863000,0.04352265152,2,1075,3620,5992,0.4019242801,1.348343079,3.331936099,8921.971253
weekly,2026-05-08,subcategory,Lifestyle,우산,13035330,0.02377455161,2,1023,1563,4393,0.4273182957,0.8789922693,1.663986349,5445
weekly,2026-05-08,subcategory,Stationery,다이어리,58758764,0.1071674647,9,1555,9474,19982,0.1413493755,0.8663698736,1.884470267,5341.166942
weekly,2026-05-08,subcategory,Tech,충전기,43421716,0.0791949132,3,830,2150,4393,0.3864366055,1.162571812,3.553631419,20216.55486
weekly,2026-05-08,subcategory,Lifestyle,타월,14226012,0.02594618291,5,1250,6291,9107,0.2097090078,0.8152294814,1.188991589,2386.658289
weekly,2026-05-08,subcategory,Fragrance,샤쉐,3544605,0.006464845501,4,7800,14500,18400,2.556870109,4.454761402,6.931836663,1161.935202
weekly,2026-05-08,subcategory,Lifestyle,세제,1142408,0.002083586526,2,0,0,0,0,0,0,1055.679505
weekly,2026-05-08,subcategory,Fragrance,디퓨저,2688400,0.004903251743,2,600,2957,3961,1.250567804,5.550016979,7.366096156,5603.377474
weekly,2026-05-08,subcategory,Kit Package,지퍼백,2149440,0.00392026686,3,100,350,800,0.02785393695,0.1175107807,0.3365554948,598.7036623
weekly,2026-05-08,subcategory,Lifestyle,네임택,158800,0.0002896281717,1,0,1320,2720,0,0.7834757835,0.9944389925,100
weekly,2026-05-08,subcategory,Bag&pouch,노트북백,16885272,0.03079628752,2,0,0,2250,0,0,4.018234797,16818
weekly,2026-05-08,subcategory,Lifestyle,구강관리,1987200,0.003624364627,1,1045,2925,4420,0.8413848631,1.951691466,2.895562528,1600
weekly,2026-05-08,subcategory,Lifestyle,캠핑,35201945,0.06420324289,3,0,50,50,0,0.02083092467,0.0207490269,14879.9459
weekly,2026-05-08,subcategory,Stationery,메모패드,5196525,0.009477708028,3,420,1440,3260,0.322723269,0.999811237,2.847283734,3992.951275
weekly,2026-05-08,subcategory,Lifestyle,미분류,16026835,0.02923062292,1,50,200,200,0.04821600771,0.179662235,0.1739050844,15455
weekly,2026-05-08,subcategory,Drinkware,머그컵,1015000,0.00185121281,1,100,244,444,0.2463054187,0.5798479087,0.9097379489,2500
weekly,2026-05-08,subcategory,Lifestyle,골프,1767114,0.003222959679,1,200,350,350,0.5847953216,0.4977246871,0.5437298836,5167
weekly,2026-05-08,subcategory,Tech,건강가전,10770200,0.01964328296,2,0,371,541,0,0.5136369929,0.6548385042,21980
weekly,2026-05-08,subcategory,Kit Package,플라스틱 박스,301600,0.0005500746636,4,0,0,0,0,0,0,1300
weekly,2026-05-08,subcategory,Lifestyle,명함지갑,1428000,0.002604464919,1,405,755,1305,1.488970588,1.048151754,2.17242554,5250
weekly,2026-05-08,subcategory,Tech,충전패드,0,0,2,800,5140,5440,0,0,0,0
weekly,2026-05-08,subcategory,Lifestyle,여권케이스,1037300,0.001891884776,1,0,500,1150,0,0.9871668312,2.14695697,4100
weekly,2026-05-08,subcategory,Stationery,미분류,28560,0.00005208929838,1,0,150,3553,0,0.2505428428,5.196843726,120
weekly,2026-05-08,subcategory,Wine,와인잔,462950,0.0008443536655,2,0,1320,4120,0,5.617021277,17.53191489,1970
weekly,2026-05-08,subcategory,Tech,시계,445900,0.000813256938,1,320,1355,1595,3.516483516,3.465473146,4.324343607,4900
weekly,2026-05-08,subcategory,Lifestyle,도시락,30789000,0.05615467115,2,300,300,300,0.06380827328,0.06380827328,0.06380827328,6548.643087
weekly,2026-05-15,category,,Stationery,105390082,0.1579642949,39,23600,64161,102589,0.8797139943,2.424049937,4.018860498,3942.754739
weekly,2026-05-15,category,,Lifestyle,136077960,0.2039609288,24,5813,22524,35865,0.3899111013,1.499591613,2.296711444,9201.794367
weekly,2026-05-15,category,,Kit Package,18730951,0.02807495176,10,400,800,2996,0.06671722604,0.1358011553,0.4949522146,3154.302213
weekly,2026-05-15,category,,Drinkware,140234503,0.2101909778,15,2600,7602,13143,0.1878897239,0.6814901381,1.268006009,8283.949132
weekly,2026-05-15,category,,Awards & Recognition,12215000,0.01830849569,2,172,532,1266,0.04928366762,0.1507548045,0.3442883755,3500
weekly,2026-05-15,category,,Tech,212201617,0.3180591397,19,9915,25335,36241,0.9460996856,3.326703408,5.551956071,16688.95317
weekly,2026-05-15,category,,Bag&pouch,36066812,0.05405886797,8,1210,5570,8967,0.3783692083,2.037189119,3.296123964,11597.86272
weekly,2026-05-15,category,,Fragrance,5796730,0.00868844914,6,8400,17457,22361,7.428552423,12.32286793,16.93342967,5319.256969
weekly,2026-05-15,category,,Wine,462950,0.0006938942351,2,0,1320,4120,0,5.617021277,17.53191489,1970
weekly,2026-05-15,sub_category,,Product Parts,667176605,1,125,52110,145301,227548,0.8905056928,2.830127712,4.628214999,10376.09347
weekly,2026-05-15,sourcing,,해당없음,293941553,0.3679399424,201,59433,194334,304753,0.7528688268,2.463414717,3.847943076,3507.191774
weekly,2026-05-15,sourcing,,직소싱,113638891,0.1422469419,32,6526,23261,45047,0.3596895488,1.360556381,2.518585358,6507.419981
weekly,2026-05-15,sourcing,,중개소싱,203857263,0.2551773604,16,2950,19580,29730,0.3193967345,3.305475141,5.176561357,16980.33827
weekly,2026-05-15,sourcing,,국내소싱,187446891,0.2346357552,39,31180,71396,100264,1.623422434,4.129359112,6.595093545,9761.500784
weekly,2026-05-15,production,,국내생산,293941553,0.3679399424,201,59433,194334,304753,0.7528688268,2.463414717,3.847943076,3507.191774
weekly,2026-05-15,production,,해외생산,504943045,0.6320600576,87,40656,114237,175041,1.050164493,3.584735397,5.770169191,11943.57325
weekly,2026-05-15,procurement,,직소싱,91032106,0.1364437921,18,3383,10361,19922,0.281625211,0.8630518176,1.566813255,7926.943983
weekly,2026-05-15,procurement,,국내소싱,185547967,0.2781092227,35,30685,69351,96194,1.628635381,4.092054957,6.462649425,9850.033462
weekly,2026-05-15,procurement,,중개소싱,195102323,0.2924298028,12,1900,13280,21380,0.2237583261,2.452596386,4.074725306,17691.04528
weekly,2026-05-15,procurement,,국내생산,195494209,0.2930171825,60,16142,52309,90052,0.4321090966,1.410916731,2.499154843,4715.549874
weekly,2026-05-15,first_order,,N,737459521,0.9231114517,266,93911,293901,457510,1.224760963,4.376449155,7.103098947,8817.909087
weekly,2026-05-15,first_order,,Y,61425077,0.0768885483,22,6178,14670,22284,0.8905907923,2.049668827,2.811356001,9098.606947
weekly,2026-05-15,new_product,,N,538777330,0.6744119631,233,82076,239080,366939,1.077463609,3.417443882,5.374760677,6905.571713
weekly,2026-05-15,new_product,,Y,260107268,0.3255880369,55,18013,69491,112855,1.085214346,5.124676176,8.596621303,12845.34715
weekly,2026-05-15,season,,미분류,631636968,0.7906485738,260,90974,285977,443092,1.433538337,5.112910606,8.130748622,8993.546609
weekly,2026-05-15,season,,여름,64609055,0.08087407763,10,7160,10790,11390,0.8851170937,1.797304651,1.994860331,8105.692191
weekly,2026-05-15,season,,겨울,65216900,0.08163494473,12,1755,10084,20792,0.1329211192,0.7580599102,1.608054975,4961.653938
weekly,2026-05-15,season,,봄가을,37421675,0.04684240389,6,200,1720,4520,0.07622473429,0.619636075,1.630830761,14264.25543
weekly,2026-05-15,subcategory,Stationery,노트,10832315,0.01623605342,8,200,1660,2510,0.03532274441,0.2805027385,0.4136445398,1913.135471
weekly,2026-05-15,subcategory,Lifestyle,가드닝,111302,0.000166825394,1,400,3550,5050,0.06649488821,0.8027980805,1.793181425,19
weekly,2026-05-15,subcategory,Stationery,펜,25393101,0.03806053871,13,20775,46537,65934,1.651318047,4.271969828,6.30264754,2037.010899
weekly,2026-05-15,subcategory,Kit Package,슬리브박스,16280451,0.02440201122,3,300,450,2196,0.06426163726,0.09637411441,0.4481127214,3525.971989
weekly,2026-05-15,subcategory,Drinkware,리유저블컵,10602370,0.01589139955,4,1440,2948,3548,0.2993990023,1.05916637,1.215571062,1797.853584
weekly,2026-05-15,subcategory,Stationery,포스트잇,5958480,0.008930888696,5,650,4900,7350,0.231218997,1.485180427,2.356698427,2033.734711
weekly,2026-05-15,subcategory,Awards & Recognition,트로피,12215000,0.01830849569,2,172,532,1266,0.04928366762,0.1507548045,0.3442883755,3500
weekly,2026-05-15,subcategory,Tech,PC/ 노트북 악세사리,17991241,0.02696623482,5,1220,5157,10738,0.369448312,2.495369464,5.110047,5847.559292
weekly,2026-05-15,subcategory,Lifestyle,모바일 악세사리,412742,0.0006186397978,2,640,2840,4240,2.534653465,3.417943107,3.127650942,1606
weekly,2026-05-15,subcategory,Drinkware,보틀,31307351,0.04692513311,5,55,980,2610,0.008986271129,0.192212875,0.5122965184,4402.152428
weekly,2026-05-15,subcategory,Bag&pouch,하드케이스 파우치,19181540,0.02875031867,6,1210,5570,6717,0.4193834055,2.180365511,2.161513757,7002.640549
weekly,2026-05-15,subcategory,Lifestyle,구강가전,19270656,0.0288838905,1,500,1880,2580,0.2078137988,1.187004936,1.640751693,8364
weekly,2026-05-15,subcategory,Tech,계절가전,33406000,0.05007070055,4,5670,7542,7542,1.163943748,2.71175776,3.300543377,7376.878405
weekly,2026-05-15,subcategory,Drinkware,텀블러,97309782,0.1458531089,5,1005,3430,6541,0.1326631975,0.5527843647,1.182393558,10299.85607
weekly,2026-05-15,subcategory,Tech,배터리,24381000,0.03654354757,2,1075,3620,5992,0.387497812,1.311926906,3.164988014,8695.090439
weekly,2026-05-15,subcategory,Lifestyle,우산,13035330,0.0195380502,2,1023,1563,4393,0.4273182957,0.8366689869,1.634023087,5445
weekly,2026-05-15,subcategory,Stationery,다이어리,58171960,0.08719124676,9,1555,9474,19982,0.1419920519,0.8662804236,1.881033692,5338.660267
weekly,2026-05-15,subcategory,Tech,충전기,30377576,0.04553153659,3,830,2150,4393,0.3431133312,0.8924021533,2.652725481,15253.92826
weekly,2026-05-15,subcategory,Lifestyle,타월,13698712,0.02053236264,5,1250,6291,9107,0.2087986402,0.817139878,1.18048127,2332.257759
weekly,2026-05-15,subcategory,Fragrance,샤쉐,1141330,0.001710686483,4,7800,14500,18400,3.374750143,4.149888006,6.244231027,1013.708962
weekly,2026-05-15,subcategory,Lifestyle,세제,1142408,0.001712302247,2,0,0,0,0,0,0,1055.679505
weekly,2026-05-15,subcategory,Fragrance,디퓨저,4655400,0.006977762657,2,600,2957,3961,1.041665025,4.720285629,6.254665497,6374.816342
weekly,2026-05-15,subcategory,Kit Package,지퍼백,2148900,0.00322088632,3,100,350,800,0.02785812263,0.1153629472,0.3281951509,598.7184141
weekly,2026-05-15,subcategory,Lifestyle,네임택,158800,0.0002380179383,1,0,1320,2720,0,0.7875894988,1.015740239,100
weekly,2026-05-15,subcategory,Bag&pouch,노트북백,16885272,0.0253085493,2,0,0,2250,0,0,3.864983252,16818
weekly,2026-05-15,subcategory,Lifestyle,구강관리,780800,0.001170304825,1,1045,2925,4420,1.208092486,2.079159935,2.997524669,1600
weekly,2026-05-15,subcategory,Lifestyle,캠핑,35201945,0.05276255902,3,0,50,50,0,0.02085821638,0.02076799617,14879.9459
weekly,2026-05-15,subcategory,Stationery,메모패드,5005666,0.007502760083,3,420,1440,3260,0.3354786701,1.032404477,2.891742398,4074.544606
weekly,2026-05-15,subcategory,Lifestyle,미분류,15254085,0.02286363893,1,50,200,200,0.04940711462,0.1815331298,0.1751466853,15455
weekly,2026-05-15,subcategory,Drinkware,머그컵,1015000,0.001521336318,1,100,244,444,0.2463054187,0.5817078457,0.9174501498,2500
weekly,2026-05-15,subcategory,Lifestyle,골프,1756780,0.002633155879,1,200,350,350,0.5865102639,0.5222463375,0.556866511,5167
weekly,2026-05-15,subcategory,Tech,건강가전,10770200,0.01614295213,2,0,371,541,0,0.529106703,0.6684376351,21980
weekly,2026-05-15,subcategory,Kit Package,플라스틱 박스,301600,0.0004520542203,4,0,0,0,0,0,0,1300
weekly,2026-05-15,subcategory,Lifestyle,명함지갑,1428000,0.00214036282,1,405,755,1305,1.488970588,1.111013688,2.233535433,5250
weekly,2026-05-15,subcategory,Tech,충전패드,92389500,0.1384783269,2,800,5140,5440,0.4242906391,7.708226679,7.235220672,24500
weekly,2026-05-15,subcategory,Lifestyle,여권케이스,5047100,0.007564863579,1,0,500,1150,0,0.873570521,2.016094549,4100
weekly,2026-05-15,subcategory,Stationery,미분류,28560,0.00004280725641,1,0,150,3553,0,0.265060241,5.371938313,120
weekly,2026-05-15,subcategory,Wine,와인잔,462950,0.0006938942351,2,0,1320,4120,0,5.617021277,17.53191489,1970
weekly,2026-05-15,subcategory,Tech,시계,2886100,0.004325841132,1,320,1355,1595,0.9411764706,3.312958435,4.199025931,4900
weekly,2026-05-15,subcategory,Lifestyle,도시락,28779300,0.04313595498,2,300,300,300,0.0658320517,0.0658320517,0.0658320517,6535.839009
weekly,2026-05-22,category,,Stationery,102693663.5,0.1515091379,39,23600,64161,102589,0.8857488758,2.420220594,4.003298359,3931.291841
weekly,2026-05-22,category,,Lifestyle,157384262,0.2321969344,24,5813,22524,35865,0.3545280904,1.416378047,2.184542224,8777.404247
weekly,2026-05-22,category,,Kit Package,18723551,0.02762379852,10,400,800,2996,0.06696478149,0.1357673134,0.4956003105,3155.519623
weekly,2026-05-22,category,,Drinkware,135910898.7,0.2005161992,15,2600,7602,13143,0.1783237454,0.6684714035,1.257571697,8348.657949
weekly,2026-05-22,category,,Awards & Recognition,11914000,0.01757732471,2,172,532,1266,0.04969183359,0.1512007958,0.3455105462,3500
weekly,2026-05-22,category,,Tech,211662384,0.3122761836,19,9915,25335,36241,0.8824132369,3.14056096,5.283831145,16656.18968
weekly,2026-05-22,category,,Bag&pouch,34026642,0.05020122,8,1210,5570,8967,0.4018951759,2.086526303,3.376773631,11979.9146
weekly,2026-05-22,category,,Fragrance,5026730,0.007416188134,6,8400,17457,22361,7.602595502,12.12070878,16.37675976,5145.770004
weekly,2026-05-22,category,,Wine,462950,0.0006830134693,2,0,1320,4120,0,5.617021277,17.53191489,1970
weekly,2026-05-22,sub_category,,Product Parts,677805081.2,1,125,52110,145301,227548,0.850872867,2.751385577,4.528006841,10298.68744
weekly,2026-05-22,sourcing,,해당없음,287020848.8,0.3554480842,201,59433,194334,304753,0.7392425841,2.441577424,3.820719904,3485.82233
weekly,2026-05-22,sourcing,,직소싱,136893386,0.1695294679,32,6526,23261,45047,0.3370643442,1.331225387,2.49082815,6422.216281
weekly,2026-05-22,sourcing,,중개소싱,202364987,0.2506098328,16,2950,19580,29730,0.2921728975,3.058441597,4.940656685,17036.19885
weekly,2026-05-22,sourcing,,국내소싱,181210990.2,0.2244126151,39,31180,71396,100264,1.658888783,4.139582474,6.561363835,9863.531326
weekly,2026-05-22,production,,국내생산,287020848.8,0.3554480842,201,59433,194334,304753,0.7392425841,2.441577424,3.820719904,3485.82233
weekly,2026-05-22,production,,해외생산,520469363.2,0.6445519158,87,40656,114237,175041,0.9913857745,3.428629489,5.566673066,11747.22242
weekly,2026-05-22,procurement,,직소싱,114504331,0.1689340109,18,3383,10361,19922,0.2503815443,0.8154168184,1.495692112,7523.235751
weekly,2026-05-22,procurement,,국내소싱,179369266.2,0.2646325192,35,30685,69351,96194,1.664259849,4.101896079,6.428595624,9953.139609
weekly,2026-05-22,procurement,,중개소싱,193390347,0.2853185265,12,1900,13280,21380,0.205153058,2.271231447,3.892953905,17773.82889
weekly,2026-05-22,procurement,,국내생산,190541137,0.2811149434,60,16142,52309,90052,0.4197120417,1.397729801,2.480741464,4704.943672
weekly,2026-05-22,first_order,,N,746837025,0.9248867836,267,94509,294599,461038,1.185861876,4.279305541,6.974071048,8779.55585
weekly,2026-05-22,first_order,,Y,60653187,0.07511321636,21,5580,13972,18756,0.8235788479,1.993526715,2.572701042,9194.499248
weekly,2026-05-22,new_product,,N,530720548.7,0.6572470363,238,83916,247360,383019,1.075839934,3.414358028,5.434267521,6837.568121
weekly,2026-05-22,new_product,,Y,276769663.3,0.3427529637,50,16173,61211,96775,0.8907852091,4.443597775,7.364515932,12594.35412
weekly,2026-05-22,season,,미분류,641764538,0.7947644794,260,90974,285977,443092,1.371685855,4.992190069,8.001698431,8962.464287
weekly,2026-05-22,season,,여름,66910055,0.08286175362,10,7160,10790,11390,0.8514757781,1.680600381,1.875619901,7850.749974
weekly,2026-05-22,season,,겨울,63150724,0.07820617893,12,1755,10084,20792,0.1342959768,0.7594391073,1.606377444,4952.787875
weekly,2026-05-22,season,,봄가을,35664895,0.044167588,6,200,1720,4520,0.07987272991,0.6444324302,1.689940453,14712.36768
weekly,2026-05-22,subcategory,Stationery,노트,10832315,0.01598146031,8,200,1660,2510,0.03532274441,0.2815170575,0.4149664644,1913.135471
weekly,2026-05-22,subcategory,Lifestyle,가드닝,111378,0.0001643215772,1,400,3550,5050,0.06706533281,0.7815887283,1.705354778,19
weekly,2026-05-22,subcategory,Stationery,펜,24216824.5,0.0357283018,13,20775,46537,65934,1.732969743,4.367712107,6.451034976,2098.513594
weekly,2026-05-22,subcategory,Kit Package,슬리브박스,16273051,0.02400845236,3,300,450,2196,0.0645354785,0.09651021638,0.4495587717,3527.541738
weekly,2026-05-22,subcategory,Drinkware,리유저블컵,10602370,0.01564221086,4,1440,2948,3548,0.2784131536,0.9688400078,1.159240934,1797.853584
weekly,2026-05-22,subcategory,Stationery,포스트잇,6545280,0.009656581489,5,650,4900,7350,0.2005516761,1.353154743,2.139557615,1849.158447
weekly,2026-05-22,subcategory,Awards & Recognition,트로피,11914000,0.01757732471,2,172,532,1266,0.04969183359,0.1512007958,0.3455105462,3500
weekly,2026-05-22,subcategory,Tech,PC/ 노트북 악세사리,17772644,0.0262208775,5,1220,5157,10738,0.3835576142,2.42673665,5.056927775,5909.77513
weekly,2026-05-22,subcategory,Lifestyle,모바일 악세사리,5258044,0.007757457337,2,640,2840,4240,0.5080709182,2.745287579,2.930200415,1606
weekly,2026-05-22,subcategory,Drinkware,보틀,31280716.67,0.04615001795,5,55,980,2610,0.008526754879,0.1919203003,0.521165409,4401.200891
weekly,2026-05-22,subcategory,Bag&pouch,하드케이스 파우치,17141370,0.02528952715,6,1210,5570,6717,0.4550403465,2.244359253,2.234683115,7214.111877
weekly,2026-05-22,subcategory,Lifestyle,구강가전,17564400,0.02591364463,1,500,1880,2580,0.2170138889,1.155619301,1.614951265,8364
weekly,2026-05-22,subcategory,Tech,계절가전,35707000,0.05268033686,4,5670,7542,7542,1.098304954,2.380790588,2.883810445,6946.117008
weekly,2026-05-22,subcategory,Drinkware,텀블러,93012812,0.1372264897,5,1005,3430,6541,0.1269436875,0.5453850475,1.172379202,10486.74754
weekly,2026-05-22,subcategory,Tech,배터리,22267000,0.03285162744,2,1075,3620,5992,0.4050526143,1.344264034,3.170325981,8856.020119
weekly,2026-05-22,subcategory,Lifestyle,우산,34825350,0.05137959417,2,1023,1563,4393,0.3187802516,0.8032478075,1.764066381,6325.332482
weekly,2026-05-22,subcategory,Stationery,다이어리,56105784,0.08277569106,9,1555,9474,19982,0.1440335613,0.8697443283,1.883368006,5342.564733
weekly,2026-05-22,subcategory,Tech,충전기,30359940,0.04479154973,3,830,2150,4393,0.3647453019,0.9057453795,2.62811444,15257.66688
weekly,2026-05-22,subcategory,Lifestyle,타월,12528652,0.01848415178,5,1250,6291,9107,0.2115274866,0.8228244294,1.178969558,2281.86692
weekly,2026-05-22,subcategory,Fragrance,샤쉐,1141330,0.001683861676,4,7800,14500,18400,4.07065574,4.398308013,6.433534973,1013.708962
weekly,2026-05-22,subcategory,Lifestyle,세제,1142408,0.001685452104,2,0,0,0,0,0,0,1055.679505
weekly,2026-05-22,subcategory,Fragrance,디퓨저,3885400,0.005732326458,2,600,2957,3961,1.019413789,4.621191702,6.103953554,6359.556288
weekly,2026-05-22,subcategory,Kit Package,지퍼백,2148900,0.003170380482,3,100,350,800,0.02785928928,0.1136299068,0.320974243,598.7184141
weekly,2026-05-22,subcategory,Lifestyle,네임택,158800,0.0002342856441,1,0,1320,2720,0,0.7910507391,1.03581467,100
weekly,2026-05-22,subcategory,Bag&pouch,노트북백,16885272,0.02491169286,2,0,0,2250,0,0,3.736063889,16818
weekly,2026-05-22,subcategory,Lifestyle,구강관리,84800,0.0001251097142,1,1045,2925,4420,1.758272574,2.260432767,3.141754671,1600
weekly,2026-05-22,subcategory,Lifestyle,캠핑,35201945,0.05193520376,3,0,50,50,0,0.02088101417,0.02078518876,14879.9459
weekly,2026-05-22,subcategory,Stationery,메모패드,4964900,0.007324967218,3,420,1440,3260,0.3400065012,1.04806483,2.893545133,4092.785353
weekly,2026-05-22,subcategory,Lifestyle,미분류,15254085,0.02250512046,1,50,200,200,0.04981733643,0.1831222341,0.1762854145,15455
weekly,2026-05-22,subcategory,Drinkware,머그컵,1015000,0.00149748066,1,100,244,444,0.2463054187,0.5832669323,0.9245413981,2500
weekly,2026-05-22,subcategory,Lifestyle,골프,0,0,1,200,350,350,0,0,0,0
weekly,2026-05-22,subcategory,Tech,건강가전,10770200,0.01588981892,2,0,371,541,0,0.5427282701,0.6812376327,21980
weekly,2026-05-22,subcategory,Kit Package,플라스틱 박스,301600,0.0004449656817,4,0,0,0,0,0,0,1300
weekly,2026-05-22,subcategory,Lifestyle,명함지갑,1428000,0.002106800376,1,405,755,1305,1.488970588,1.169461499,2.291865167,5250
weekly,2026-05-22,subcategory,Tech,충전패드,92389500,0.1363068861,2,800,5140,5440,0.3182179793,5.553744522,6.073833113,24500
weekly,2026-05-22,subcategory,Lifestyle,여권케이스,5047100,0.007446241022,1,0,500,1150,0,0.7971303308,1.910722935,4100
weekly,2026-05-22,subcategory,Stationery,미분류,28560,0.00004213600752,1,0,150,3553,0,0.2785084326,5.540843606,120
weekly,2026-05-22,subcategory,Wine,와인잔,462950,0.0006830134693,2,0,1320,4120,0,5.617021277,17.53191489,1970
weekly,2026-05-22,subcategory,Tech,시계,2396100,0.003535087102,1,320,1355,1595,0.8212147134,3.259823577,4.142344793,4900
weekly,2026-05-22,subcategory,Lifestyle,도시락,28779300,0.04245955187,2,300,300,300,0.06658081383,0.06658081383,0.06658081383,6535.839009
weekly,2026-05-29,category,,Stationery,99727768.5,0.1515862228,39,23600,64161,102589,0.9016068856,2.442143195,4.02801308,3953.748787
weekly,2026-05-29,category,,Tech,201602099,0.3064352201,19,9915,25335,36241,0.8703313601,3.037459871,5.122700766,16745.22237
weekly,2026-05-29,category,,Lifestyle,154329291,0.234580545,24,5813,22524,35865,0.3462442593,1.398522998,2.168381482,8727.343931
weekly,2026-05-29,category,,Drinkware,133189733.7,0.2024484148,15,2600,7602,13143,0.1716868147,0.6425831678,1.217305555,8227.192892
weekly,2026-05-29,category,,Bag&pouch,33223222,0.05049930233,8,1210,5570,8967,0.4152074845,2.10308832,3.40124822,12132.66106
weekly,2026-05-29,category,,Kit Package,18539379,0.02817985881,10,400,800,2996,0.0671615331,0.1356378141,0.495649796,3151.801423
weekly,2026-05-29,category,,Wine,348690,0.0005300088513,2,0,1320,4120,0,5.986394558,18.68480726,1970
weekly,2026-05-29,category,,Awards & Recognition,11893000,0.01807736175,2,172,532,1266,0.04992018575,0.1516001754,0.3466550501,3500
weekly,2026-05-29,category,,Fragrance,5041490,0.007663065542,6,8400,17457,22361,7.803126658,12.32615674,16.43546369,5131.938742
weekly,2026-05-29,sub_category,,Product Parts,657894673.2,1,125,52110,145301,227548,0.837716884,2.697028397,4.454093906,10248.65651
weekly,2026-05-29,sourcing,,국내소싱,171697554.2,0.2185702353,39,31180,71396,100264,1.716092187,4.196040838,6.601244898,10015.22396
weekly,2026-05-29,sourcing,,해당없음,286550349.8,0.3647773418,201,59433,194334,304753,0.7296794817,2.418387187,3.789906293,3460.065799
weekly,2026-05-29,sourcing,,직소싱,130945310,0.1666928068,32,6526,23261,45047,0.318270115,1.264199361,2.382773438,6144.628086
weekly,2026-05-29,sourcing,,중개소싱,196355440,0.2499596161,16,2950,19580,29730,0.283289968,2.892315419,4.761811345,17102.71326
weekly,2026-05-29,production,,해외생산,498998304.2,0.6352226582,87,40656,114237,175041,0.9860355242,3.373019221,5.50163388,11788.43781
weekly,2026-05-29,production,,국내생산,286550349.8,0.3647773418,201,59433,194334,304753,0.7296794817,2.418387187,3.789906293,3460.065799
weekly,2026-05-29,procurement,,국내소싱,169937340.2,0.2583047821,35,30685,69351,96194,1.721791964,4.157847787,6.467263727,10106.78311
weekly,2026-05-29,procurement,,직소싱,108842616,0.1654407923,18,3383,10361,19922,0.2364689753,0.7803523695,1.441526777,7230.905495
weekly,2026-05-29,procurement,,중개소싱,187492800,0.2849890836,12,1900,13280,21380,0.1991925937,2.148956504,3.754088944,17857.17673
weekly,2026-05-29,procurement,,국내생산,191621917,0.291265342,60,16142,52309,90052,0.4082572594,1.370864547,2.43681473,4644.009219
weekly,2026-05-29,first_order,,N,729438467,0.9285719774,268,97509,301953,468992,1.206907015,4.306959779,6.994863383,8754.967325
weekly,2026-05-29,first_order,,Y,56110187,0.07142802259,20,2580,6618,10802,0.3703529894,0.9059101775,1.416301677,8691.53396
weekly,2026-05-29,new_product,,N,529057884.7,0.6734883727,241,85116,256971,397210,1.049978545,3.392456374,5.386189925,6693.048464
weekly,2026-05-29,new_product,,Y,256490769.3,0.3265116273,47,14973,51600,82584,0.8635102743,3.937027092,6.719223527,12994.16539
weekly,2026-05-29,season,,미분류,624183200,0.794582483,260,90974,285977,443092,1.341155637,4.867555354,7.8398281,8872.693297
weekly,2026-05-29,season,,겨울,61493204,0.07828057968,12,1755,10084,20792,0.1352461439,0.7590607564,1.60052125,4925.590042
weekly,2026-05-29,season,,여름,64321615,0.08188113451,10,7160,10790,11390,0.8626683256,1.652360656,1.848945863,7902.898206
weekly,2026-05-29,season,,봄가을,35550635,0.04525580283,6,200,1720,4520,0.08080181357,0.6512965366,1.703131643,14753.32175
weekly,2026-05-29,subcategory,Stationery,펜,21225037.5,0.03226206012,13,20775,46537,65934,1.948590295,4.737733408,6.973545193,2267.412425
weekly,2026-05-29,subcategory,Tech,PC/ 노트북 악세사리,16703259,0.02538895614,5,1220,5157,10738,0.4127331871,2.475747206,5.211601391,6182.1824
weekly,2026-05-29,subcategory,Lifestyle,구강가전,14151888,0.02151087184,1,500,1880,2580,0.2324500232,1.152069388,1.610623989,8364
weekly,2026-05-29,subcategory,Lifestyle,우산,33333420,0.0506668033,2,1023,1563,4393,0.2763944598,0.7139848208,1.687837814,6364.734213
weekly,2026-05-29,subcategory,Stationery,다이어리,54448264,0.08276136929,9,1555,9474,19982,0.1455635797,0.8709898544,1.880091892,5323.713462
weekly,2026-05-29,subcategory,Tech,계절가전,33345000,0.05068440491,4,5670,7542,7542,1.117189992,2.275476143,2.739854386,6941.700405
weekly,2026-05-29,subcategory,Tech,건강가전,7912800,0.01202745716,2,0,371,541,0,0.5632371832,0.6985971709,21980
weekly,2026-05-29,subcategory,Tech,시계,1808100,0.002748312266,1,320,1355,1595,0.8322496749,3.288221019,4.150206978,4900
weekly,2026-05-29,subcategory,Drinkware,텀블러,90770587,0.1379713056,5,1005,3430,6541,0.1221809139,0.5238160992,1.128888843,10328.78734
weekly,2026-05-29,subcategory,Bag&pouch,하드케이스 파우치,16337950,0.0248336864,6,1210,5570,6717,0.4775571694,2.276135169,2.272276423,7290.363081
weekly,2026-05-29,subcategory,Drinkware,리유저블컵,10375930,0.01577141513,4,1440,2948,3548,0.2704929922,0.9060416224,1.114030871,1797.291626
weekly,2026-05-29,subcategory,Drinkware,머그컵,762500,0.001159000112,1,100,244,444,0.2626395272,0.5956807512,0.9401347449,2500
weekly,2026-05-29,subcategory,Tech,충전패드,89915000,0.1366708132,2,800,5140,5440,0.2854084909,4.522191913,5.324186594,24500
weekly,2026-05-29,subcategory,Lifestyle,타월,11933152,0.0181383928,5,1250,6291,9107,0.2143720474,0.8325426681,1.184334713,2246.041453
weekly,2026-05-29,subcategory,Tech,배터리,21558000,0.03276816317,2,1075,3620,5992,0.4164243315,1.363476415,3.150639958,8916.225995
weekly,2026-05-29,subcategory,Stationery,포스트잇,6516520,0.009905111359,5,650,4900,7350,0.1968466606,1.359953434,2.143353983,1854.61504
weekly,2026-05-29,subcategory,Kit Package,슬리브박스,16088879,0.02445509845,3,300,450,2196,0.06484073114,0.09667184047,0.450914342,3527.515815
weekly,2026-05-29,subcategory,Wine,와인잔,348690,0.0005300088513,2,0,1320,4120,0,5.986394558,18.68480726,1970
weekly,2026-05-29,subcategory,Awards & Recognition,트로피,11893000,0.01807736175,2,172,532,1266,0.04992018575,0.1516001754,0.3466550501,3500
weekly,2026-05-29,subcategory,Stationery,노트,10832315,0.01646512039,8,200,1660,2510,0.03532274441,0.2823810746,0.4161755673,1913.135471
weekly,2026-05-29,subcategory,Lifestyle,모바일 악세사리,5258044,0.007992227654,2,640,2840,4240,0.3629661137,2.353391127,2.771159502,1606
weekly,2026-05-29,subcategory,Drinkware,보틀,31280716.67,0.04754669393,5,55,980,2610,0.008315012177,0.1889677211,0.5203547111,4401.200891
weekly,2026-05-29,subcategory,Tech,충전기,30359940,0.04614711327,3,830,2150,4393,0.3765667992,0.9171559787,2.605563521,15257.66688
weekly,2026-05-29,subcategory,Fragrance,샤쉐,1145290,0.001740840968,4,7800,14500,18400,4.531994613,4.628413094,6.609564237,1012.807106
weekly,2026-05-29,subcategory,Lifestyle,세제,1142408,0.001736460328,2,0,0,0,0,0,0,1055.679505
weekly,2026-05-29,subcategory,Kit Package,지퍼백,2148900,0.003266328316,3,100,350,800,0.02785987264,0.1122036471,0.3146801053,598.7184141
weekly,2026-05-29,subcategory,Lifestyle,네임택,158800,0.0002413760234,1,0,1320,2720,0,0.7940033315,1.054765304,100
weekly,2026-05-29,subcategory,Bag&pouch,노트북백,16885272,0.02566561592,2,0,0,2250,0,0,3.626107977,16818
weekly,2026-05-29,subcategory,Lifestyle,캠핑,35201945,0.05350696158,3,0,50,50,0,0.02090034356,0.02080084311,14879.9459
weekly,2026-05-29,subcategory,Stationery,메모패드,6677072,0.01014915042,3,420,1440,3260,0.2705981984,0.8881877247,2.437848008,3518.447115
weekly,2026-05-29,subcategory,Lifestyle,미분류,15254085,0.02318621144,1,50,200,200,0.05002501251,0.1844887533,0.1773335483,15455
weekly,2026-05-29,subcategory,Fragrance,디퓨저,3896200,0.005922224573,2,600,2957,3961,1.006427801,4.57988811,6.035459676,6342.759612
weekly,2026-05-29,subcategory,Kit Package,플라스틱 박스,301600,0.0004584320444,4,0,0,0,0,0,0,1300
weekly,2026-05-29,subcategory,Lifestyle,명함지갑,1428000,0.00217056021,1,405,755,1305,1.488970588,1.223944353,2.347600245,5250
weekly,2026-05-29,subcategory,Lifestyle,여권케이스,5047100,0.007671592743,1,0,500,1150,0,0.7421785796,1.824055089,4100
weekly,2026-05-29,subcategory,Stationery,미분류,28560,0.0000434112042,1,0,150,3553,0,0.2910013431,5.703882078,120
weekly,2026-05-29,subcategory,Lifestyle,도시락,28779300,0.04374454023,2,300,300,300,0.06696161865,0.06696161865,0.06696161865,6535.839009
weekly,2026-05-29,subcategory,Lifestyle,가드닝,111549,0.0001695544964,1,400,3550,5050,0.06732873254,0.7643845695,1.632443786,19
weekly,2026-05-29,subcategory,Lifestyle,구강관리,2529600,0.003844992372,1,1045,2925,4420,1.242568371,2.222514466,3.124176707,1600
weekly,2026-05-29,subcategory,Lifestyle,골프,0,0,1,200,350,350,0,0,0,0
weekly,2026-06-05,category,,Stationery,98196086.5,0.154966805,39,7163,51824,109752,0.2882807319,2.050610842,4.311988686,3951.980969
weekly,2026-06-05,category,,Lifestyle,157211163,0.2481006373,23,9291,21505,44806,0.5067602717,1.310212548,2.707504588,8574.789762
weekly,2026-06-05,category,,Drinkware,120905300.3,0.1908050389,15,3852,7577,16995,0.2653629282,0.608787762,1.574707123,8329.12371
weekly,2026-06-05,category,,Kit Package,18532243,0.02924640472,10,500,1050,3496,0.08503052804,0.1736686759,0.5790197314,3151.612816
weekly,2026-06-05,category,,Tech,189834939,0.2995854013,20,10151,26505,46392,0.9222113356,2.804123748,6.556696704,17246.37303
weekly,2026-06-05,category,,Awards & Recognition,11893000,0.01876877458,2,144,576,1410,0.04237786933,0.1667921469,0.3872562483,3500
weekly,2026-06-05,category,,Fragrance,4222600,0.006663838185,6,2620,13320,24981,3.688525957,11.32900142,21.55758338,5944.721262
weekly,2026-06-05,category,,Bag&pouch,32514822,0.05131281969,8,2824,6284,11791,1.068366529,2.378024077,4.519327219,12300.90209
weekly,2026-06-05,category,,Wine,348690,0.0005502803336,2,100,1320,4220,0.5649717514,6.232294618,19.92445703,1970
weekly,2026-06-05,sub_category,,Product Parts,633658843.8,1,125,36645,129961,263843,0.5971373827,2.320258803,5.183465749,10325.59377
weekly,2026-06-05,sourcing,,해당없음,279872923.5,0.3699219634,201,57303,174366,361686,0.7158961952,2.217320681,4.528209048,3496.500377
weekly,2026-06-05,sourcing,,직소싱,127086880,0.1679770504,31,12717,29437,57564,0.6232078024,1.608833679,3.1335496,6228.004655
weekly,2026-06-05,sourcing,,중개소싱,192522412,0.2544664477,16,4658,12508,34388,0.4180948257,1.57387685,5.377396823,17280.51187
weekly,2026-06-05,sourcing,,국내소싱,157090659.8,0.2076345385,39,13492,63615,113406,0.8629542237,3.597023126,7.594227612,10047.58734
weekly,2026-06-05,production,,국내생산,279872923.5,0.3699219634,201,57303,174366,361686,0.7158961952,2.217320681,4.528209048,3496.500377
weekly,2026-06-05,production,,해외생산,476699951.8,0.6300780366,86,30867,105560,205358,0.7738068297,2.940642799,6.545009165,11950.42208
weekly,2026-06-05,procurement,,직소싱,106940636,0.1687668957,18,7313,15143,27235,0.4955938941,1.120356978,1.976897589,7247.248221
weekly,2026-06-05,procurement,,국내소싱,155331303.8,0.2451339634,35,12472,61150,108316,0.8148178149,3.528295654,7.414279525,10148.06876
weekly,2026-06-05,procurement,,중개소싱,183765872,0.2900075866,12,3738,9388,25118,0.367135253,1.292976818,4.306700117,18048.93791
weekly,2026-06-05,procurement,,국내생산,187621032,0.2960915544,60,13122,44280,103174,0.3260913415,1.190174769,2.793267365,4662.520502
weekly,2026-06-05,first_order,,N,699799758.3,0.9249601475,266,82986,269872,551058,1.048554007,3.718534054,8.298355317,8842.18833
weekly,2026-06-05,first_order,,Y,56773117,0.07503985254,21,5184,10054,15986,0.7841976538,1.387725649,2.047063411,8588.222444
weekly,2026-06-05,new_product,,N,523802059.3,0.6923352349,242,68354,233776,472018,0.8813397423,2.941100689,6.305864072,6753.775521
weekly,2026-06-05,new_product,,Y,232770816,0.3076647651,45,19816,46150,95026,1.147546619,3.722610462,8.614583578,13479.78214
weekly,2026-06-05,season,,미분류,606462905.3,0.8015921864,259,81103,256127,523625,1.190389897,4.143942591,9.232085983,8901.363889
weekly,2026-06-05,season,,여름,53398175,0.07057902383,10,5437,13739,16827,0.8586186356,2.046616164,2.892277997,8432.714395
weekly,2026-06-05,season,,겨울,61161160,0.08083974723,13,1300,8460,22092,0.1050279558,0.6810774847,1.701647337,4941.255086
weekly,2026-06-05,season,,봄가을,35550635,0.04698904251,5,330,1600,4500,0.1369482198,0.6596774614,1.835989912,14753.32175
weekly,2026-06-05,subcategory,Stationery,노트,10832315,0.01709486912,8,0,200,2510,0,0.03493712007,0.4172857009,1913.135471
weekly,2026-06-05,subcategory,Lifestyle,가드닝,101574,0.0001602976128,1,920,2270,5970,0.1720912832,0.4003951035,1.870619919,19
weekly,2026-06-05,subcategory,Stationery,펜,20828149.5,0.03286965802,13,4053,37264,69987,0.4474491439,3.748481541,7.515993318,2299.417139
weekly,2026-06-05,subcategory,Drinkware,텀블러,83888427,0.1323873687,5,2052,3877,8593,0.2509543856,0.5495185209,1.450369334,10259.34145
weekly,2026-06-05,subcategory,Kit Package,슬리브박스,16081743,0.02537918181,3,450,750,2646,0.09870567719,0.1598142612,0.5448204926,3527.465185
weekly,2026-06-05,subcategory,Drinkware,리유저블컵,5697490,0.008991415579,4,1100,2540,4648,0.3188695893,0.6660469544,1.341383198,1651.596633
weekly,2026-06-05,subcategory,Drinkware,보틀,30556883.33,0.04822292568,5,600,960,3210,0.08680023822,0.1766807788,0.6385292267,4420.574588
weekly,2026-06-05,subcategory,Tech,충전패드,89890500,0.1418594578,2,0,800,5440,0,0.5319856364,4.785151768,24500
weekly,2026-06-05,subcategory,Awards & Recognition,트로피,11893000,0.01876877458,2,144,576,1410,0.04237786933,0.1667921469,0.3872562483,3500
weekly,2026-06-05,subcategory,Stationery,포스트잇,6523420,0.01029484566,5,770,4320,8120,0.2187376769,1.229788562,2.363369758,1853.139917
weekly,2026-06-05,subcategory,Lifestyle,도시락,28779300,0.04541765696,2,0,300,300,0,0.0671921996,0.0671921996,6535.839009
weekly,2026-06-05,subcategory,Lifestyle,우산,31738500,0.05008767779,2,1705,3168,6098,0.3420896176,1.17719496,2.257131713,6367.983184
weekly,2026-06-05,subcategory,Lifestyle,모바일 악세사리,5258044,0.00829790991,2,1140,2980,5380,0.348197923,2.207407407,3.350209828,1606
weekly,2026-06-05,subcategory,Fragrance,샤쉐,324000,0.0005113161493,4,2620,11020,21020,9.703703704,4.392556503,9.30432351,1200
weekly,2026-06-05,subcategory,Bag&pouch,하드케이스 파우치,15629550,0.02466555963,6,1824,5284,8541,0.8660325739,2.510332359,2.964916012,7420.887837
weekly,2026-06-05,subcategory,Tech,배터리,19083600,0.03011652119,3,917,2947,6909,0.4186956582,1.011195264,3.472562739,8713.43562
weekly,2026-06-05,subcategory,Tech,충전기,28596340,0.04512892115,3,992,2672,5385,0.543061698,0.9743995722,3.261242793,15654.81548
weekly,2026-06-05,subcategory,Tech,PC/ 노트북 악세사리,15514439,0.02448389879,5,3594,7281,14332,1.399225621,2.909198491,6.73227477,6040.122578
weekly,2026-06-05,subcategory,Tech,계절가전,27100000,0.04276749273,4,4137,10699,11679,1.029019673,2.50071083,4.01091864,6740.738007
weekly,2026-06-05,subcategory,Stationery,다이어리,53816620,0.08492995959,9,1300,8260,21282,0.1283665806,0.8154648076,2.003026096,5314.042683
weekly,2026-06-05,subcategory,Lifestyle,구강가전,11625960,0.01834734907,1,1150,2050,3730,0.8273381295,1.060856965,2.342005405,8364
weekly,2026-06-05,subcategory,Lifestyle,타월,15129297,0.02387609223,5,2536,5777,11643,0.419482044,0.9388827018,1.704414657,2502.550643
weekly,2026-06-05,subcategory,Lifestyle,세제,1142408,0.001802875492,2,0,0,0,0,0,0,1055.679505
weekly,2026-06-05,subcategory,Lifestyle,구강관리,2446400,0.003860752554,1,1190,2935,5610,0.7782864617,2.169413852,3.951430146,1600
weekly,2026-06-05,subcategory,Lifestyle,네임택,158800,0.0002506080386,1,0,120,2720,0,0.07356096365,1.072683939,100
weekly,2026-06-05,subcategory,Kit Package,지퍼백,2148900,0.003391257016,3,50,300,850,0.01393081144,0.08168701126,0.3284666441,598.7184141
weekly,2026-06-05,subcategory,Bag&pouch,노트북백,16885272,0.02664726006,2,1000,1000,3250,0.9960159363,0.9960159363,5.100648243,16818
weekly,2026-06-05,subcategory,Fragrance,디퓨저,3898600,0.006152522036,2,0,2300,3961,0,3.664258444,6.010135747,6339.039655
weekly,2026-06-05,subcategory,Lifestyle,여권케이스,4227100,0.006670939799,1,320,820,1470,0.3103782735,1.214994814,2.268945526,4100
weekly,2026-06-05,subcategory,Lifestyle,캠핑,35201945,0.05555346594,3,230,280,280,0.09722154719,0.1178080706,0.1165648782,14879.9459
weekly,2026-06-05,subcategory,Stationery,메모패드,6167022,0.009732401055,3,1040,1780,4300,0.584552413,1.082363563,3.125676421,3466.295761
weekly,2026-06-05,subcategory,Lifestyle,미분류,15254085,0.0240730247,1,0,200,200,0,0.193723363,0.1783014846,15455
weekly,2026-06-05,subcategory,Tech,시계,1803200,0.00284569531,1,381,1636,1976,1.035326087,4.612348463,5.151082398,4900
weekly,2026-06-05,subcategory,Drinkware,머그컵,762500,0.001203328901,1,100,200,544,0.3278688525,0.5184033178,1.169892473,2500
weekly,2026-06-05,subcategory,Tech,건강가전,7846860,0.01238341432,2,130,470,671,0.3641456583,0.8499095841,0.8872599747,21980
weekly,2026-06-05,subcategory,Kit Package,플라스틱 박스,301600,0.000475965897,4,0,0,0,0,0,0,1300
weekly,2026-06-05,subcategory,Lifestyle,명함지갑,6147750,0.009701987213,1,100,605,1405,0.0853970965,1.049254249,2.411475436,5250
weekly,2026-06-05,subcategory,Stationery,미분류,28560,0.00004507157168,1,0,0,3553,0,0,5.861354182,120
weekly,2026-06-05,subcategory,Wine,와인잔,348690,0.0005502803336,2,100,1320,4220,0.5649717514,6.232294618,19.92445703,1970
weekly,2026-06-12,category,,Stationery,97706500,0.1563352743,39,7163,51824,109752,0.2784867693,1.979916052,4.160077167,3808.200364
weekly,2026-06-12,category,,Lifestyle,150358318,0.2405808098,23,9291,21505,44806,0.5269230011,1.324707847,2.750773287,8721.635667
weekly,2026-06-12,category,,Drinkware,119345900.3,0.1909593944,15,3852,7577,16995,0.2682594593,0.6040098267,1.56379037,8365.739509
weekly,2026-06-12,category,,Kit Package,18490607,0.02958589365,10,500,1050,3496,0.08524510183,0.1743805985,0.5805128915,3156.016618
weekly,2026-06-12,category,,Tech,192651576,0.3082521325,21,10351,26705,46592,0.884858832,2.548804691,5.748388971,16865.68268
weekly,2026-06-12,category,,Awards & Recognition,11630500,0.01860938022,2,144,576,1410,0.04285076626,0.1673666693,0.3886706636,3500
weekly,2026-06-12,category,,Fragrance,6956090,0.01113009102,6,2620,13320,24981,1.904198338,7.733595843,14.6890986,4062.298267
weekly,2026-06-12,category,,Bag&pouch,27492332,0.04398910272,8,2824,6284,11791,1.161579598,2.419740031,4.565023971,12341.19791
weekly,2026-06-12,category,,Wine,348690,0.0005579213952,2,100,1320,4220,0.5649717514,6.40776699,20.48543689,1970
weekly,2026-06-12,sub_category,,Product Parts,624980513.3,1,126,36845,130161,264043,0.5936834427,2.24554899,4.996271097,10237.7109
weekly,2026-06-12,sourcing,,해당없음,278396905.5,0.3706514992,201,57303,174366,361686,0.7011591688,2.165338033,4.430984162,3415.493162
weekly,2026-06-12,sourcing,,직소싱,120713012,0.1607146415,31,12717,29437,57564,0.6307117341,1.581333431,3.093622408,6144.935897
weekly,2026-06-12,sourcing,,중개소싱,188655606,0.2511719125,16,4658,12508,34388,0.4249270428,1.531501074,5.255528022,17386.52297
weekly,2026-06-12,sourcing,,국내소싱,163335999.3,0.2174619467,40,13692,63815,113606,0.7899291829,3.26639437,6.710849104,9592.189314
weekly,2026-06-12,production,,국내생산,278396905.5,0.3706514992,201,57303,174366,361686,0.7011591688,2.165338033,4.430984162,3415.493162
weekly,2026-06-12,production,,해외생산,472704617.3,0.6293485008,87,31067,105760,205558,0.7639945399,2.817455191,6.223566235,11822.58089
weekly,2026-06-12,procurement,,직소싱,101333154,0.1621381017,18,7313,15143,27235,0.5031562701,1.106158819,1.959773516,7164.929806
weekly,2026-06-12,procurement,,국내소싱,161592373.3,0.2585558588,36,12672,61350,108516,0.7458543977,3.200840869,6.542782392,9682.913375
weekly,2026-06-12,procurement,,중개소싱,179935666,0.2879060421,12,3738,9388,25118,0.373551209,1.259160782,4.211815082,18172.97341
weekly,2026-06-12,procurement,,국내생산,182119320,0.2913999975,60,13122,44280,103174,0.3264766442,1.168845508,2.751117311,4599.588071
weekly,2026-06-12,first_order,,N,686505360.8,0.9139980947,266,82986,269872,551058,1.037087591,3.620807097,8.074153888,8662.424001
weekly,2026-06-12,first_order,,Y,64596162,0.08600190525,22,5384,10254,16186,0.7401945504,1.28550901,1.902029293,9174.705885
weekly,2026-06-12,new_product,,N,515038148.8,0.6857104308,242,68354,233776,472018,0.8479732159,2.817230521,6.014221744,6443.724377
weekly,2026-06-12,new_product,,Y,236063374,0.3142895692,46,20016,46350,95226,1.135642412,3.434543734,7.943460339,13643.31693
weekly,2026-06-12,season,,미분류,606611728.8,0.8076294754,260,81303,256327,523825,1.163350849,3.970303368,8.830088054,8765.408105
weekly,2026-06-12,season,,여름,50711775,0.06751653865,10,5437,13739,16827,0.8558862266,2.007800511,2.798941649,8194.433718
weekly,2026-06-12,season,,겨울,58825384,0.07831881871,13,1300,8460,22092,0.1064881158,0.6799305035,1.698233649,4914.284996
weekly,2026-06-12,season,,봄가을,34952635,0.04653516727,5,330,1600,4500,0.1386308519,0.6636628392,1.845922831,14808.9824
weekly,2026-06-12,subcategory,Stationery,노트,10832315,0.0173322444,8,0,200,2510,0,0.03497182855,0.4183085389,1913.135471
weekly,2026-06-12,subcategory,Lifestyle,가드닝,98914,0.0001582673346,1,920,2270,5970,0.1743745262,0.4033925687,1.822681075,19
weekly,2026-06-12,subcategory,Stationery,펜,23604169,0.03776784795,13,4053,37264,69987,0.3713199766,3.308206969,6.62460868,2035.357447
weekly,2026-06-12,subcategory,Drinkware,텀블러,83177427,0.1330880327,5,2052,3877,8593,0.2526837066,0.5440392077,1.433592349,10286.262
weekly,2026-06-12,subcategory,Kit Package,슬리브박스,16074607,0.02572017312,3,450,750,2646,0.09872616323,0.1602339879,0.5462169228,3527.41451
weekly,2026-06-12,subcategory,Drinkware,리유저블컵,5697490,0.009116268233,4,1100,2540,4648,0.3188695893,0.6718746872,1.341631543,1651.596633
weekly,2026-06-12,subcategory,Drinkware,보틀,29708483.33,0.04753505541,5,600,960,3210,0.08814761561,0.1738100912,0.6345706798,4426.873646
weekly,2026-06-12,subcategory,Tech,충전패드,89890500,0.1438292844,2,0,800,5440,0,0.4704121452,4.378776067,24500
weekly,2026-06-12,subcategory,Awards & Recognition,트로피,11630500,0.01860938022,2,144,576,1410,0.04285076626,0.1673666693,0.3886706636,3500
weekly,2026-06-12,subcategory,Stationery,포스트잇,6204640,0.009927733534,5,770,4320,8120,0.2265704121,1.248018759,2.390725673,1872.598571
weekly,2026-06-12,subcategory,Lifestyle,도시락,28779300,0.04604831573,2,0,300,300,0,0.0673468045,0.0673468045,6535.839009
weekly,2026-06-12,subcategory,Lifestyle,우산,30239015,0.04838393255,2,1705,3168,6098,0.3492283856,1.097119465,2.183005834,6347.304255
weekly,2026-06-12,subcategory,Lifestyle,모바일 악세사리,4320140,0.006912439521,2,1140,2980,5380,0.3822937626,2.024706609,3.258548896,1606
weekly,2026-06-12,subcategory,Fragrance,샤쉐,3057490,0.00489213653,4,2620,11020,21020,1.796356678,4.237310805,8.940592268,1159.229417
weekly,2026-06-12,subcategory,Bag&pouch,하드케이스 파우치,12288860,0.01966278906,6,1824,5284,8541,0.8888729757,2.346680161,2.77026584,6802.609697
weekly,2026-06-12,subcategory,Tech,배터리,16685600,0.0266977924,3,917,2947,6909,0.4534729805,1.059405067,3.530218938,8844.256125
weekly,2026-06-12,subcategory,Tech,충전기,36980250,0.05917024485,4,1192,2872,5585,0.4031841451,0.7066900683,1.935387539,13136.73219
weekly,2026-06-12,subcategory,Tech,PC/ 노트북 악세사리,14725386,0.02356135221,5,3594,7281,14332,1.491036663,3.028383881,6.949543814,6272.772363
weekly,2026-06-12,subcategory,Tech,계절가전,25262000,0.04042046026,4,4137,10699,11679,0.9476417635,2.250226895,3.502531596,5997.149869
weekly,2026-06-12,subcategory,Stationery,다이어리,51480844,0.08237191865,9,1300,8260,21282,0.1308707794,0.816566765,2.005155126,5300.138917
weekly,2026-06-12,subcategory,Lifestyle,구강가전,10379724,0.01660807622,1,1150,2050,3730,0.8741923223,1.096523219,2.363751584,8364
weekly,2026-06-12,subcategory,Lifestyle,타월,13341537,0.02134712477,5,2536,5777,11643,0.4369279434,0.9314620115,1.698422434,2452.622821
weekly,2026-06-12,subcategory,Lifestyle,세제,1142408,0.001827909792,2,0,0,0,0,0,0,1055.679505
weekly,2026-06-12,subcategory,Lifestyle,구강관리,2190400,0.003504749273,1,1190,2935,5610,0.8212560386,2.167069405,3.957322987,1600
weekly,2026-06-12,subcategory,Lifestyle,네임택,158800,0.0002540879221,1,0,120,2720,0,0.07373889727,1.08965264,100
weekly,2026-06-12,subcategory,Kit Package,지퍼백,2114400,0.003383145482,3,50,300,850,0.01400860838,0.08176921982,0.3227451594,597.2290011
weekly,2026-06-12,subcategory,Bag&pouch,노트북백,15203472,0.02432631366,2,1000,1000,3250,1.048218029,1.005116959,5.013175654,16818
weekly,2026-06-12,subcategory,Fragrance,디퓨저,3898600,0.006237954491,2,0,2300,3961,0,3.661510589,6.002458955,6339.039655
weekly,2026-06-12,subcategory,Lifestyle,여권케이스,3702300,0.005923864698,1,320,820,1470,0.3309203723,1.17877679,2.23231868,4100
weekly,2026-06-12,subcategory,Lifestyle,캠핑,34603945,0.0553680383,3,230,280,280,0.09843930931,0.1185026079,0.1171780418,14938.35565
weekly,2026-06-12,subcategory,Stationery,메모패드,5555972,0.008889832373,3,1040,1780,4300,0.6016993197,1.061364064,3.037074507,3391.210344
weekly,2026-06-12,subcategory,Lifestyle,미분류,15254085,0.02440729699,1,0,200,200,0,0.1945009283,0.1791980886,15455
weekly,2026-06-12,subcategory,Tech,시계,1788500,0.002861689224,1,381,1636,1976,1.039563438,4.600204499,5.16151502,4900
weekly,2026-06-12,subcategory,Drinkware,머그컵,762500,0.001220038039,1,100,200,544,0.3278688525,0.5284650492,1.186909091,2500
weekly,2026-06-12,subcategory,Tech,건강가전,7319340,0.01171130914,2,130,470,671,0.3768115942,0.8818011257,0.9084447453,21980
weekly,2026-06-12,subcategory,Kit Package,플라스틱 박스,301600,0.000482575046,4,0,0,0,0,0,0,1300
weekly,2026-06-12,subcategory,Lifestyle,명함지갑,6147750,0.009836706695,1,100,605,1405,0.0853970965,0.9593484215,2.314104761,5250
weekly,2026-06-12,subcategory,Stationery,미분류,28560,0.00004569742478,1,0,0,3553,0,0,6.013540197,120
weekly,2026-06-12,subcategory,Wine,와인잔,348690,0.0005579213952,2,100,1320,4220,0.5649717514,6.40776699,20.48543689,1970
weekly,2026-06-19,category,,Stationery,94574131,0.1563725007,39,7163,51824,109752,0.2818975883,1.989623585,4.172424567,3810.539631
weekly,2026-06-19,category,,Lifestyle,148438508,0.2454339305,23,9291,21505,44806,0.5304426742,1.31299159,2.735256655,8678.150797
weekly,2026-06-19,category,,Drinkware,118102120.3,0.1952745819,15,3852,7577,16995,0.2692497686,0.595376448,1.535441982,8349.476353
weekly,2026-06-19,category,,Kit Package,18303675,0.03026399927,10,500,1050,3496,0.08547330744,0.1747294466,0.5807483105,3152.627387
weekly,2026-06-19,category,,Tech,186431408,0.3082528506,21,10351,26705,46592,0.9191627814,2.596810241,5.80930441,17161.12767
weekly,2026-06-19,category,,Awards & Recognition,11630500,0.01923031541,2,144,576,1410,0.04301075269,0.1678484701,0.3899810818,3500
weekly,2026-06-19,category,,Fragrance,7466730,0.01234577817,6,2620,13320,24981,1.629227528,7.309725199,13.90671724,3864.838617
weekly,2026-06-19,category,,Bag&pouch,19853200,0.03282604342,8,2824,6284,11791,1.384750095,2.643162002,4.930635186,13053.19084
weekly,2026-06-19,category,,Wine,0,0,2,100,1320,4220,0,0,0,0
weekly,2026-06-19,sub_category,,Product Parts,604800272.3,1,126,36845,130161,264043,0.606555795,2.255598103,5.005181947,10285.09957
weekly,2026-06-19,sourcing,,해당없음,266596312.2,0.3646300745,201,57303,174366,361686,0.6864644781,2.093264857,4.281390737,3293.843284
weekly,2026-06-19,sourcing,,직소싱,124413274,0.1701629741,31,12717,29437,57564,0.6125542351,1.524177193,2.994514866,5976.271951
weekly,2026-06-19,sourcing,,중개소싱,183731874,0.2512944248,16,4658,12508,34388,0.4331327115,1.505481804,5.165687666,17509.72902
weekly,2026-06-19,sourcing,,국내소싱,156400403.3,0.2139125266,40,13692,63815,113606,0.8177416198,3.371122081,6.844957877,9708.755883
weekly,2026-06-19,production,,국내생산,266596312.2,0.3646300745,201,57303,174366,361686,0.6864644781,2.093264857,4.281390737,3293.843284
weekly,2026-06-19,production,,해외생산,464545551.3,0.6353699255,87,31067,105760,205558,0.7715152907,2.805104859,6.175660922,11794.48647
weekly,2026-06-19,procurement,,직소싱,105125948,0.1738192802,18,7313,15143,27235,0.4846705182,1.060405482,1.886941359,6923.543162
weekly,2026-06-19,procurement,,국내소싱,154702823.3,0.2557915901,36,12672,61350,108516,0.7723300382,3.304418193,6.674943561,9802.029453
weekly,2026-06-19,procurement,,중개소싱,175011534,0.2893707923,12,3738,9388,25118,0.3814475499,1.239531694,4.14499247,18324.48559
weekly,2026-06-19,procurement,,국내생산,169959967,0.2810183374,60,13122,44280,103174,0.3301072397,1.152594685,2.710771005,4525.707021
weekly,2026-06-19,first_order,,N,672331411.5,0.9195635554,267,83501,270543,551729,1.057672048,3.62619105,8.054822423,8691.998779
weekly,2026-06-19,first_order,,Y,58810452,0.0804364446,21,4869,9583,15515,0.6674024281,1.185326298,1.794352248,8728.021436
weekly,2026-06-19,new_product,,N,497363579.8,0.6802559184,242,68354,233776,472018,0.8564275149,2.820406309,5.987996307,6415.85078
weekly,2026-06-19,new_product,,Y,233778283.7,0.3197440816,46,20016,46350,95226,1.139877722,3.352198401,7.811801564,13543.56843
weekly,2026-06-19,season,,미분류,593215285.5,0.8113545607,260,81303,256327,523825,1.175821635,3.957318997,8.791455035,8759.975159
weekly,2026-06-19,season,,여름,47676675,0.06520851476,10,5437,13739,16827,0.8947551605,2.065913145,2.842286983,8326.397279
weekly,2026-06-19,season,,겨울,58289908,0.07972448428,13,1300,8460,22092,0.1074444608,0.6821992071,1.703278094,4911.491606
weekly,2026-06-19,season,,봄가을,31959995,0.04371244022,5,330,1600,4500,0.1443212095,0.6757597194,1.872637185,14936.99226
weekly,2026-06-19,subcategory,Stationery,노트,10832315,0.01791056568,8,0,200,2510,0,0.03500080501,0.4192539884,1913.135471
weekly,2026-06-19,subcategory,Lifestyle,가드닝,99085,0.0001638309447,1,920,2270,5970,0.1750491533,0.4058705207,1.780506258,19
weekly,2026-06-19,subcategory,Stationery,펜,22592646,0.03735554866,13,4053,37264,69987,0.3650782197,3.274944553,6.536793071,2012.447958
weekly,2026-06-19,subcategory,Drinkware,텀블러,77152247,0.1275664885,5,2052,3877,8593,0.2658049894,0.5557335648,1.456597934,10544.89762
weekly,2026-06-19,subcategory,Kit Package,슬리브박스,15890435,0.02627385556,3,450,750,2646,0.09911115105,0.1607358615,0.5477476537,3527.386789
weekly,2026-06-19,subcategory,Drinkware,리유저블컵,5131390,0.008484437317,4,1100,2540,4648,0.3260031186,0.6741644733,1.331713932,1632.620654
weekly,2026-06-19,subcategory,Drinkware,보틀,35308483.33,0.0583804025,5,600,960,3210,0.08687816943,0.1727633697,0.6330935128,4612.933963
weekly,2026-06-19,subcategory,Tech,충전패드,89890500,0.1486284053,2,0,800,5440,0,0.4290311048,4.061453249,24500
weekly,2026-06-19,subcategory,Awards & Recognition,트로피,11630500,0.01923031541,2,144,576,1410,0.04301075269,0.1678484701,0.3899810818,3500
weekly,2026-06-19,subcategory,Stationery,포스트잇,6139320,0.01015098749,5,770,4320,8120,0.2311089752,1.263601825,2.413266078,1887.628076
weekly,2026-06-19,subcategory,Lifestyle,도시락,28779300,0.0475848,2,0,300,300,0,0.06745767287,0.06745767287,6535.839009
weekly,2026-06-19,subcategory,Lifestyle,우산,34013305,0.0562389049,2,1705,3168,6098,0.3414071019,1.033722041,2.128437711,6407.027892
weekly,2026-06-19,subcategory,Lifestyle,모바일 악세사리,4302474,0.007113875765,2,1140,2980,5380,0.3956959389,1.895171975,3.179368381,1606
weekly,2026-06-19,subcategory,Fragrance,샤쉐,3568130,0.00589968319,4,2620,11020,21020,1.313635197,4.181597754,8.84854441,1161.484153
weekly,2026-06-19,subcategory,Bag&pouch,하드케이스 파우치,5557900,0.009189645333,6,1824,5284,8541,0.5508308247,1.227671222,1.426508576,3369.843466
weekly,2026-06-19,subcategory,Tech,배터리,16678600,0.02757703785,3,917,2947,6909,0.4639408701,1.088718749,3.53567963,8845.030158
weekly,2026-06-19,subcategory,Tech,충전기,36224432,0.05989486721,4,1192,2872,5585,0.4126882547,0.7332944116,1.978744769,13000.9174
weekly,2026-06-19,subcategory,Tech,PC/ 노트북 악세사리,11780996,0.01947915128,5,3594,7281,14332,1.65423421,3.170345812,7.168250498,6447.0673
weekly,2026-06-19,subcategory,Tech,계절가전,22793000,0.03768682165,4,4137,10699,11679,0.9705096331,2.242618189,3.397442466,5876.935901
weekly,2026-06-19,subcategory,Stationery,다이어리,50945368,0.08423502821,9,1300,8260,21282,0.1323189914,0.8201005007,2.013078907,5300.998447
weekly,2026-06-19,subcategory,Lifestyle,구강가전,10379724,0.01716223434,1,1150,2050,3730,0.8910123967,1.128129873,2.384117812,8364
weekly,2026-06-19,subcategory,Lifestyle,타월,10560082,0.01746044518,5,2536,5777,11643,0.4338689446,0.8674431946,1.574300632,2225.85467
weekly,2026-06-19,subcategory,Lifestyle,세제,1142408,0.001888901266,2,0,0,0,0,0,0,1055.679505
weekly,2026-06-19,subcategory,Lifestyle,구강관리,1939200,0.003206347763,1,1190,2935,5610,0.8686131387,2.186219739,3.980417199,1600
weekly,2026-06-19,subcategory,Lifestyle,네임택,158800,0.0002625660193,1,0,120,2720,0,0.07388783416,1.105744996,100
weekly,2026-06-19,subcategory,Kit Package,지퍼백,2111640,0.003491466682,3,50,300,850,0.01404972625,0.08200058305,0.3183184528,597.1077456
weekly,2026-06-19,subcategory,Bag&pouch,노트북백,14295300,0.02363639809,2,1000,1000,3250,1.087744743,1.017466508,4.951550978,16818
weekly,2026-06-19,subcategory,Fragrance,디퓨저,3898600,0.006446094981,2,0,2300,3961,0,3.66170008,6.002086375,6339.039655
weekly,2026-06-19,subcategory,Lifestyle,여권케이스,3702300,0.006121525021,1,320,820,1470,0.3383856186,1.150204559,2.199651092,4100
weekly,2026-06-19,subcategory,Lifestyle,캠핑,31959995,0.05284388328,3,230,280,280,0.1012768145,0.1194326288,0.1176598785,14936.99226
weekly,2026-06-19,subcategory,Stationery,메모패드,4035922,0.00667314845,3,1040,1780,4300,0.6148961335,0.9961418964,2.799320599,3105.800166
weekly,2026-06-19,subcategory,Lifestyle,미분류,15254085,0.02522169003,1,0,200,200,0,0.1951536835,0.1800309653,15455
weekly,2026-06-19,subcategory,Tech,시계,1788500,0.002957174594,1,381,1636,1976,1.040983607,4.590133271,5.171150424,4900
weekly,2026-06-19,subcategory,Drinkware,머그컵,510000,0.0008432535885,1,100,200,544,0.3685503686,0.5495763682,1.213852196,2500
weekly,2026-06-19,subcategory,Tech,건강가전,7275380,0.01202939273,2,130,470,671,0.3819784525,0.9105586051,0.9289511574,21980
weekly,2026-06-19,subcategory,Kit Package,플라스틱 박스,301600,0.0004986770241,4,0,0,0,0,0,0,1300
weekly,2026-06-19,subcategory,Lifestyle,명함지갑,6147750,0.01016492598,1,100,605,1405,0.0853970965,0.8954119388,2.23121984,5250
weekly,2026-06-19,subcategory,Stationery,미분류,28560,0.00004722220096,1,0,0,3553,0,0,6.1607019,120
weekly,2026-06-19,subcategory,Wine,와인잔,0,0,2,100,1320,4220,0,0,0,0
weekly,2026-06-26,category,,Stationery,91930899,0.1556145551,39,7163,51824,109752,0.2856180601,2.001766614,4.18740526,3812.038308
weekly,2026-06-26,category,,Lifestyle,140910080,0.2385232784,23,9291,21505,44806,0.5443172628,1.323761108,2.760891192,8742.675962
weekly,2026-06-26,category,,Drinkware,111484675.3,0.1887138965,15,3852,7577,16995,0.2689394696,0.5825261258,1.496442124,8200.803578
weekly,2026-06-26,category,,Kit Package,18289403,0.03095909365,10,500,1050,3496,0.08564031981,0.1751746402,0.5814897914,3152.245809
weekly,2026-06-26,category,,Tech,186919978,0.3164057954,21,10351,26705,46592,0.9291108871,2.594877996,5.755752421,17195.33209
weekly,2026-06-26,category,,Awards & Recognition,11630500,0.01968734238,2,144,576,1410,0.04309119473,0.1682583197,0.3911985658,3500
weekly,2026-06-26,category,,Fragrance,7466730,0.01263918748,6,2620,13320,24981,1.551136491,7.271227911,13.8497493,3864.838617
weekly,2026-06-26,category,,Bag&pouch,21777360,0.03686327693,8,2824,6284,11791,1.178986441,2.198498878,4.073621038,10608.13445
weekly,2026-06-26,category,,Wine,350660,0.0005935740921,2,100,1320,4220,0.7518796992,7.468175389,23.87553041,1970
weekly,2026-06-26,sub_category,,Product Parts,590760285.3,1,126,36845,130161,264043,0.6143875654,2.255275385,4.989512851,10274.41343
weekly,2026-06-26,sourcing,,해당없음,262375520.5,0.3683000188,201,57303,174366,361686,0.7000658448,2.118377904,4.329533168,3320.684573
weekly,2026-06-26,sourcing,,직소싱,113786227,0.159723245,31,12717,29437,57564,0.6297174053,1.536174282,3.02257278,6016.400817
weekly,2026-06-26,sourcing,,중개소싱,173028639,0.2428826091,16,4658,12508,34388,0.4518460636,1.516581554,5.183017168,17895.80401
weekly,2026-06-26,sourcing,,국내소싱,163205777.3,0.2290941271,40,13692,63815,113606,0.7988359199,3.328725174,6.700643931,9487.651269
weekly,2026-06-26,production,,국내생산,262375520.5,0.3683000188,201,57303,174366,361686,0.7000658448,2.118377904,4.329533168,3320.684573
weekly,2026-06-26,production,,해외생산,450020643.3,0.6316999812,87,31067,105760,205558,0.7851447997,2.816034466,6.175930133,11842.81153
weekly,2026-06-26,procurement,,직소싱,94667045,0.1602461224,18,7313,15143,27235,0.5066482228,1.086108121,1.93524135,7067.766662
weekly,2026-06-26,procurement,,국내소싱,161538227.3,0.273441244,36,12672,61350,108516,0.7539327555,3.261016333,6.530163202,9572.943874
weekly,2026-06-26,procurement,,중개소싱,164364999,0.2782262164,12,3738,9388,25118,0.3993352617,1.252431583,4.170481493,18777.67961
weekly,2026-06-26,procurement,,국내생산,170190014,0.2880864172,60,13122,44280,103174,0.3335846619,1.150891152,2.705098693,4511.669843
weekly,2026-06-26,first_order,,N,654936403.8,0.9193429683,267,83501,270543,551729,1.069548946,3.622304622,8.022558829,8689.442741
weekly,2026-06-26,first_order,,Y,57459760,0.08065703174,21,4869,9583,15515,0.6964911211,1.23022635,1.860270155,8871.314896
weekly,2026-06-26,new_product,,N,505988906.8,0.7102633795,244,69594,236016,476578,0.8509845371,2.758484673,5.926066765,6424.376567
weekly,2026-06-26,new_product,,Y,206407257,0.2897366205,44,18776,44110,90666,1.248046596,3.743048017,8.364267087,14292.6793
weekly,2026-06-26,season,,미분류,573168384.8,0.804564109,260,81303,256327,523825,1.193534346,3.962278045,8.784284382,8770.966759
weekly,2026-06-26,season,,여름,49527675,0.0695226582,10,5437,13739,16827,0.9046421183,2.094730432,2.856305217,8373.983575
weekly,2026-06-26,season,,겨울,57428364,0.08061296076,13,1300,8460,22092,0.1080371673,0.6832013535,1.704743189,4897.092431
weekly,2026-06-26,season,,봄가을,32271740,0.04530027201,5,330,1600,4500,0.1449767408,0.6740085843,1.86243581,14798.06205
weekly,2026-06-26,subcategory,Stationery,노트,10832315,0.01833622752,8,0,200,2510,0,0.03502536109,0.4201305123,1913.135471
weekly,2026-06-26,subcategory,Lifestyle,가드닝,93822,0.000158815686,1,920,2270,5970,0.1777348467,0.4095596297,1.748711968,19
weekly,2026-06-26,subcategory,Stationery,펜,21268758,0.03600234905,13,4053,37264,69987,0.3643997545,3.24739439,6.449510845,1984.592327
weekly,2026-06-26,subcategory,Drinkware,텀블러,73171952,0.1238606484,5,2052,3877,8593,0.266720225,0.544491561,1.41967978,10313.63869
weekly,2026-06-26,subcategory,Kit Package,슬리브박스,15876163,0.02687412034,3,450,750,2646,0.09932444579,0.1611701511,0.5491740261,3527.284102
weekly,2026-06-26,subcategory,Drinkware,리유저블컵,5049390,0.008547273954,4,1100,2540,4648,0.3317278321,0.6810845663,1.332683985,1626.654566
weekly,2026-06-26,subcategory,Drinkware,보틀,32753333.33,0.05544267979,5,600,960,3210,0.08571085154,0.1673725685,0.6145110135,4582.930066
weekly,2026-06-26,subcategory,Tech,충전패드,89890500,0.1521607025,2,0,800,5440,0,0.3993088885,3.806801485,24500
weekly,2026-06-26,subcategory,Awards & Recognition,트로피,11630500,0.01968734238,2,144,576,1410,0.04309119473,0.1682583197,0.3911985658,3500
weekly,2026-06-26,subcategory,Stationery,포스트잇,5681520,0.009617301875,5,770,4320,8120,0.2201541393,1.185540418,2.252486458,1754.721413
weekly,2026-06-26,subcategory,Lifestyle,도시락,28779300,0.04871569859,2,0,300,300,0,0.067541064,0.067541064,6535.839009
weekly,2026-06-26,subcategory,Lifestyle,우산,27758860,0.04698836514,2,1705,3168,6098,0.3542147337,1.005003529,2.105702035,6427.266855
weekly,2026-06-26,subcategory,Lifestyle,모바일 악세사리,4305686,0.007288380934,2,1140,2980,5380,0.4026845638,1.797679814,3.109480938,1606
weekly,2026-06-26,subcategory,Fragrance,샤쉐,3568130,0.006039894842,4,2620,11020,21020,1.157315388,4.12896823,8.749871968,1161.484153
weekly,2026-06-26,subcategory,Bag&pouch,하드케이스 파우치,10845660,0.01835881705,6,1824,5284,8541,0.7159055035,1.615740309,1.888358457,4349.005243
weekly,2026-06-26,subcategory,Tech,배터리,22552600,0.03817555201,3,917,2947,6909,0.4242607177,1.072572675,3.427507852,8674.95189
weekly,2026-06-26,subcategory,Tech,충전기,31508432,0.05333539302,4,1192,2872,5585,0.4510931741,0.7953858826,2.102371811,13599.75159
weekly,2026-06-26,subcategory,Tech,PC/ 노트북 악세사리,10560366,0.01787589021,5,3594,7281,14332,1.913064577,3.518468584,7.834340351,6997.162374
weekly,2026-06-26,subcategory,Tech,계절가전,24726000,0.04185454001,4,4137,10699,11679,1.017715785,2.365549215,3.515718403,6142.764701
weekly,2026-06-26,subcategory,Stationery,다이어리,50083824,0.08477858997,9,1300,8260,21282,0.1333525112,0.8225021845,2.017602817,5291.188019
weekly,2026-06-26,subcategory,Lifestyle,구강가전,7828704,0.01325191316,1,1150,2050,3730,0.9567387687,1.171840647,2.421533621,8364
weekly,2026-06-26,subcategory,Lifestyle,타월,12046085,0.02039081722,5,2536,5777,11643,0.4763626309,0.9484260224,1.724216927,2398.577935
weekly,2026-06-26,subcategory,Lifestyle,세제,1142408,0.001933792823,2,0,0,0,0,0,0,1055.679505
weekly,2026-06-26,subcategory,Lifestyle,구강관리,1771200,0.002998170398,1,1190,2935,5610,0.9124017635,2.216123599,4.013538055,1600
weekly,2026-06-26,subcategory,Lifestyle,네임택,158800,0.0002688061536,1,0,120,2720,0,0.07401432841,1.121027186,100
weekly,2026-06-26,subcategory,Kit Package,지퍼백,2111640,0.003574444749,3,50,300,850,0.01407181092,0.08221157737,0.3143960928,597.1077456
weekly,2026-06-26,subcategory,Bag&pouch,노트북백,10931700,0.01850445988,2,1000,1000,3250,1.17370892,1.044680167,4.953397034,16818
weekly,2026-06-26,subcategory,Fragrance,디퓨저,3898600,0.006599292635,2,0,2300,3961,0,3.663290673,6.005759263,6339.039655
weekly,2026-06-26,subcategory,Lifestyle,여권케이스,3702300,0.006267008958,1,320,820,1470,0.3422459893,1.127088179,2.170333704,4100
weekly,2026-06-26,subcategory,Lifestyle,캠핑,31921080,0.05403389631,3,230,280,280,0.1028063028,0.1202668297,0.1181389335,14938.9811
weekly,2026-06-26,subcategory,Stationery,메모패드,4035922,0.006831742248,3,1040,1780,4300,0.652701916,1.017491388,2.816003575,3105.800166
weekly,2026-06-26,subcategory,Lifestyle,미분류,15254085,0.02582110778,1,0,200,200,0,0.1957094467,0.1808066759,15455
weekly,2026-06-26,subcategory,Tech,시계,406700,0.0006884349035,1,381,1636,1976,1.290431837,4.877981651,5.331672893,4900
weekly,2026-06-26,subcategory,Drinkware,머그컵,510000,0.000863294322,1,100,200,544,0.3929273084,0.5688033253,1.239831697,2500
weekly,2026-06-26,subcategory,Tech,건강가전,7275380,0.01231528283,2,130,470,671,0.3846153846,0.9363984674,0.9487193431,21980
weekly,2026-06-26,subcategory,Kit Package,플라스틱 박스,301600,0.0005105285638,4,0,0,0,0,0,0,1300
weekly,2026-06-26,subcategory,Lifestyle,명함지갑,6147750,0.01040650523,1,100,605,1405,0.0853970965,0.8476128893,2.159811927,5250
weekly,2026-06-26,subcategory,Stationery,미분류,28560,0.00004834448203,1,0,0,3553,0,0,6.303084061,120
weekly,2026-06-26,subcategory,Wine,와인잔,350660,0.0005935740921,2,100,1320,4220,0.7518796992,7.468175389,23.87553041,1970
weekly,2026-07-03,category,,Stationery,85011200,0.1491297275,39,7680,38443,117432,0.3354930134,1.457783438,4.389003575,3713.628081
weekly,2026-07-03,category,,Lifestyle,135261828,0.2372812001,23,6351,21255,51157,0.4672306263,1.447865441,3.604448966,9950.947664
weekly,2026-07-03,category,,Kit Package,20998169,0.03683574895,6,550,1450,4046,0.06206799248,0.1848563255,0.512769592,2369.662174
weekly,2026-07-03,category,,Drinkware,109211017,0.1915819234,12,2196,8448,17627,0.1656798297,0.5857692018,1.570319175,8239.554961
weekly,2026-07-03,category,,Tech,184876339,0.3243167731,19,7208,27474,53800,0.7149437945,2.588938142,7.04275714,18337.42943
weekly,2026-07-03,category,,Awards & Recognition,11137000,0.01953692896,2,886,1202,2296,0.2784412319,0.3566647984,0.6397919376,3500
weekly,2026-07-03,category,,Bag&pouch,17036568,0.02988616493,8,943,4977,12734,0.5745796844,1.787665292,4.394619114,10380.55765
weekly,2026-07-03,category,,Fragrance,6516530,0.01143153306,6,2040,13060,27021,1.307951574,8.973561376,16.21950724,4178.091016
weekly,2026-07-03,sub_category,,Product Parts,570048651,1,115,27854,116309,286113,0.5352561735,2.045717972,5.78837152,10954.33545
weekly,2026-07-03,sourcing,,해당없음,257484378,0.3659057024,194,47125,161859,399112,0.5687351476,1.819587737,4.46995847,3107.488928
weekly,2026-07-03,sourcing,,직소싱,117567873,0.1670732628,29,5220,24263,62464,0.3132264417,1.402268971,3.858741019,7054.667915
weekly,2026-07-03,sourcing,,중개소싱,174066905,0.2473628638,16,4791,12399,39179,0.5136541928,1.282032854,6.053502462,18662.11555
weekly,2026-07-03,sourcing,,국내소싱,154571375,0.219658171,37,10511,55183,123097,0.6629140853,3.091239081,7.509196065,9748.600673
weekly,2026-07-03,production,,국내생산,257484378,0.3659057024,194,47125,161859,399112,0.5687351476,1.819587737,4.46995847,3107.488928
weekly,2026-07-03,production,,해외생산,446206153,0.6340942976,82,20522,91845,224740,0.5756380329,2.412048295,7.124926968,12515.99416
weekly,2026-07-03,procurement,,직소싱,92856329,0.1628919371,17,2180,12876,29415,0.2045804879,1.105486478,2.598099895,8714.03353
weekly,2026-07-03,procurement,,중개소싱,164628265,0.288796868,12,4021,9659,29139,0.4801562729,1.103234669,4.981022203,19658.6158
weekly,2026-07-03,procurement,,국내소싱,153202075,0.2687526314,33,9451,52608,116947,0.6059946695,2.999509502,7.268751491,9823.261116
weekly,2026-07-03,procurement,,국내생산,159361982,0.2795585635,53,12202,41166,110612,0.3334633195,1.013425904,2.837821674,4355.136495
weekly,2026-07-03,first_order,,N,637652531,0.9061547696,251,59072,238028,599954,0.8378559408,3.144962093,9.095162997,9044.233499
weekly,2026-07-03,first_order,,Y,66038000,0.09384523038,25,8575,15676,23898,1.214701755,2.141282732,2.954968687,9354.690903
weekly,2026-07-03,new_product,,N,499364079,0.7096359223,235,53676,208867,525953,0.6747917267,2.347863705,6.262203664,6277.791734
weekly,2026-07-03,new_product,,Y,204326452,0.2903640777,41,13971,44837,97899,1.087560981,3.666138107,10.73986613,15905.62426
weekly,2026-07-03,season,,미분류,573933448,0.815604904,251,60895,231070,577901,0.9699722296,3.508437067,10.06322723,9141.95757
weekly,2026-07-03,season,,여름,46226269,0.06569119089,10,3337,15934,20164,0.6475718074,2.522860111,3.673338506,8970.58093
weekly,2026-07-03,season,,겨울,51609734,0.0733415212,12,2555,5610,24647,0.2363793253,0.444971361,1.875888691,4774.745245
weekly,2026-07-03,season,,봄가을,31921080,0.04536238388,3,860,1090,1140,0.4024777277,0.4782762266,0.4827544283,14938.9811
weekly,2026-07-03,subcategory,Stationery,노트,9941562,0.01743984831,8,400,600,2910,0.07648386881,0.1062626755,0.4863193831,1900.922809
weekly,2026-07-03,subcategory,Stationery,펜,20221850,0.03547390203,13,4325,29153,74312,0.4287873089,2.563299958,6.933559735,2004.826044
weekly,2026-07-03,subcategory,Lifestyle,가드닝,93822,0.0001645859522,1,170,1490,6140,0.03442689348,0.2714190297,1.769254663,19
weekly,2026-07-03,subcategory,Kit Package,슬리브박스,18955529,0.03325247585,3,0,750,2646,0,0.1166752615,0.3970353688,2561.010046
weekly,2026-07-03,subcategory,Drinkware,리유저블컵,5231710,0.009177655259,4,660,3200,5308,0.1999956658,0.7015627509,1.487547028,1585.33231
weekly,2026-07-03,subcategory,Tech,충전패드,93926400,0.1647690944,2,1001,1801,6441,0.2728263832,0.5698440391,4.433341974,25600
weekly,2026-07-03,subcategory,Drinkware,보틀,32976600,0.05784874667,3,50,705,2240,0.007011826654,0.10624767,0.4272349842,4624.524056
weekly,2026-07-03,subcategory,Awards & Recognition,트로피,11137000,0.01953692896,2,886,1202,2296,0.2784412319,0.3566647984,0.6397919376,3500
weekly,2026-07-03,subcategory,Drinkware,텀블러,71002707,0.1245555215,5,1486,4543,10079,0.2178441055,0.5844106206,1.676249595,10408.82988
weekly,2026-07-03,subcategory,Lifestyle,도시락,27925740,0.04898834503,2,400,700,700,0.143523502,0.2426338118,0.2426338118,10020
weekly,2026-07-03,subcategory,Stationery,포스트잇,5288540,0.009277348505,5,400,1820,8520,0.1206164244,0.4807587403,2.161050694,1594.711962
weekly,2026-07-03,subcategory,Lifestyle,우산,27301600,0.04789345603,2,531,3259,6629,0.1474096208,0.9063227526,2.680783567,7579.130893
weekly,2026-07-03,subcategory,Lifestyle,모바일 악세사리,3624712,0.006358601136,2,310,2090,5690,0.1156284968,0.7674267146,2.737657271,1352
weekly,2026-07-03,subcategory,Bag&pouch,하드케이스 파우치,8694840,0.0152528034,6,533,3567,9074,0.2577420025,1.063628318,1.992874984,4204.550606
weekly,2026-07-03,subcategory,Stationery,다이어리,45478134,0.07977939062,9,2155,5010,23437,0.2450917236,0.4865934659,2.186979011,5172.303596
weekly,2026-07-03,subcategory,Lifestyle,세제,1269080,0.002226266123,2,0,0,0,0,0,0,1192.378889
weekly,2026-07-03,subcategory,Tech,PC/ 노트북 악세사리,10166700,0.01783479354,4,800,5614,15132,0.5660915949,2.700725692,8.691672042,7194.104272
weekly,2026-07-03,subcategory,Lifestyle,타월,10386695,0.01822071674,5,1420,5206,13063,0.3188906166,0.9599388282,1.922432125,2332.548995
weekly,2026-07-03,subcategory,Tech,배터리,19692885,0.03454597246,2,855,2847,7764,0.3766299605,1.197828425,3.897679916,8674.772515
weekly,2026-07-03,subcategory,Fragrance,샤쉐,2617930,0.00459246767,4,2040,12460,23060,0.7480905981,5.35388032,7.952279096,960.0239311
weekly,2026-07-03,subcategory,Tech,충전기,30959032,0.05430945577,4,1336,3358,6921,0.5775895927,1.159541826,2.603996994,13384.44213
weekly,2026-07-03,subcategory,Kit Package,지퍼백,2042640,0.003583273106,3,550,700,1400,0.1599319628,0.1956569776,0.5100952281,593.9698625
weekly,2026-07-03,subcategory,Fragrance,디퓨저,3898600,0.006839065391,2,0,600,3961,0,0.9888040504,6.011748524,6339.039655
weekly,2026-07-03,subcategory,Tech,계절가전,20762592,0.03642249124,4,2677,12484,14356,0.8487583588,2.827686501,4.622675354,6582.900079
weekly,2026-07-03,subcategory,Lifestyle,캠핑,31921080,0.05599711524,3,860,1090,1140,0.4024777277,0.4782762266,0.4827544283,14938.9811
weekly,2026-07-03,subcategory,Lifestyle,구강관리,1603200,0.002812391534,1,660,2895,6270,0.6586826347,2.718877178,4.533258355,1600
weekly,2026-07-03,subcategory,Lifestyle,미분류,15733767,0.0276007442,1,0,50,200,0,0.05177920874,0.1870441984,15941
weekly,2026-07-03,subcategory,Lifestyle,명함지갑,5044000,0.008848367576,1,600,1105,2005,0.618556701,1.463037882,2.99981055,5200
weekly,2026-07-03,subcategory,Bag&pouch,노트북백,8341728,0.01463336153,2,410,1410,3660,0.8266129032,1.602272727,5.62916548,16818
weekly,2026-07-03,subcategory,Stationery,메모패드,4052554,0.007109137076,3,400,1860,4700,0.306802802,1.138800518,3.097160243,3108.337306
weekly,2026-07-03,subcategory,Lifestyle,구강가전,7009032,0.01229549792,1,300,1950,4030,0.3579952267,1.231578947,2.661237068,8364
weekly,2026-07-03,subcategory,Lifestyle,여권케이스,3292300,0.005775471961,1,100,420,1570,0.1245330012,0.4452821298,2.302153413,4100
weekly,2026-07-03,subcategory,Lifestyle,네임택,56800,0.00009964061822,1,1000,1000,3720,1.76056338,0.678119349,1.577930341,100
weekly,2026-07-03,subcategory,Tech,시계,1643355,0.00288283289,1,350,1051,2326,1.051051051,3.118986093,6.343213755,4935
weekly,2026-07-03,subcategory,Tech,건강가전,7725375,0.01355213276,2,189,319,860,0.5779816514,0.8733243173,1.331759483,23625
weekly,2026-07-03,subcategory,Stationery,미분류,28560,0.00005010098691,1,0,0,3553,0,0,6.440915805,120
weekly,2026-07-10,category,,Stationery,81286222,0.1464963482,38,7530,38293,117282,0.3335148964,1.464932527,4.389698065,3682.780044
weekly,2026-07-10,category,,Tech,185544260,0.3343931584,19,7208,27474,53800,0.7025992578,2.562437408,6.869040315,18053.36001
weekly,2026-07-10,category,,Lifestyle,123210861,0.2220541286,23,6351,21255,51157,0.4609416459,1.38645437,3.421240323,9379.69034
weekly,2026-07-10,category,,Kit Package,20809559,0.03750358087,6,550,1450,4046,0.06277948583,0.1839367029,0.5142439444,2386.061516
weekly,2026-07-10,category,,Drinkware,111813122,0.2015127982,13,2196,8448,17627,0.1655088576,0.5929389102,1.561759047,8385.248661
weekly,2026-07-10,category,,Awards & Recognition,10080000,0.01816646356,2,886,1202,2296,0.2923127681,0.3619282768,0.6443361998,3500
weekly,2026-07-10,category,,Bag&pouch,15854050,0.02857262118,8,943,4977,12734,0.581733792,1.829706694,4.383408132,10145.06041
weekly,2026-07-10,category,,Fragrance,6270515,0.01130090101,6,2040,13060,27021,1.373614712,9.217403453,16.75990096,4305.017925
weekly,2026-07-10,sub_category,,Product Parts,554868589,1,115,27704,116159,285963,0.5332474466,2.040140743,5.715923791,10840.55781
weekly,2026-07-10,sourcing,,해당없음,259700360,0.3721532147,195,47125,161859,399112,0.5463795657,1.762530466,4.313160135,3006.823521
weekly,2026-07-10,sourcing,,직소싱,128814729,0.1845927957,29,5220,24263,62464,0.2782997286,1.298320577,3.584275278,6567.836329
weekly,2026-07-10,sourcing,,중개소싱,152214157,0.2181244102,16,4791,12399,39179,0.5473156837,1.300675765,5.989656042,18636.89653
weekly,2026-07-10,sourcing,,국내소싱,157102587,0.2251295793,36,10361,55033,122947,0.7184045288,3.453126214,8.349822426,10805.32699
weekly,2026-07-10,production,,국내생산,259700360,0.3721532147,195,47125,161859,399112,0.5463795657,1.762530466,4.313160135,3006.823521
weekly,2026-07-10,production,,해외생산,438131473,0.6278467853,81,20372,91695,224590,0.5657882532,2.382617875,6.974082977,12280.28276
weekly,2026-07-10,procurement,,직소싱,101328880,0.1826177982,17,2180,12876,29415,0.1826112681,1.031959699,2.430340884,8133.120931
weekly,2026-07-10,procurement,,중개소싱,143169717,0.2580245482,12,4021,9659,29139,0.5155837347,1.12637127,4.956602652,19733.35403
weekly,2026-07-10,procurement,,국내소싱,155450039,0.2801564949,32,9301,52458,116797,0.6573661538,3.356312968,8.096285873,10907.29239
weekly,2026-07-10,procurement,,국내생산,154919953,0.2792011587,54,12202,41166,110612,0.3343410132,1.011588071,2.805777506,4326.151862
weekly,2026-07-10,first_order,,N,633945953,0.9084508946,251,59022,239428,604621,0.8146633667,3.091873037,8.882388773,8775.925879
weekly,2026-07-10,first_order,,Y,63885880,0.09154910536,25,8475,14126,19081,1.207136282,1.91164264,2.339215589,9357.135406
weekly,2026-07-10,new_product,,N,492918715,0.7063574513,235,53526,208717,525803,0.6816828525,2.387277601,6.312736796,6328.117848
weekly,2026-07-10,new_product,,Y,204913118,0.2936425487,41,13971,44837,97899,1.013607604,3.405182112,9.912569678,14845.33463
weekly,2026-07-10,season,,미분류,586381856,0.8402910677,251,60745,230920,577751,0.9349193246,3.430778489,9.786358149,8940.603789
weekly,2026-07-10,season,,여름,42571961,0.06100604614,10,3337,15934,20164,0.704262713,2.702454638,3.863232873,9370.285042
weekly,2026-07-10,season,,겨울,48893186,0.07006442482,12,2555,5610,24647,0.2421204524,0.4522768514,1.885740061,4761.998525
weekly,2026-07-10,season,,봄가을,19984830,0.02863846138,3,860,1090,1140,0.4757143547,0.4794133189,0.4712119434,14356.03865
weekly,2026-07-10,subcategory,Stationery,노트,9941562,0.01791696664,8,400,600,2910,0.07648386881,0.1070523828,0.4885174553,1900.922809
weekly,2026-07-10,subcategory,Stationery,펜,19924141,0.03590785529,12,4175,29003,74162,0.4208020946,2.606339917,7.10762707,2023.175701
weekly,2026-07-10,subcategory,Tech,PC/ 노트북 악세사리,18609275,0.03353816628,4,800,5614,15132,0.2623733554,1.729206735,5.603844045,4718.780697
weekly,2026-07-10,subcategory,Lifestyle,가드닝,93879,0.0001691914119,1,170,1490,6140,0.03441643891,0.2741591227,1.742877449,19
weekly,2026-07-10,subcategory,Kit Package,슬리브박스,18955529,0.03416219511,3,0,750,2646,0,0.1149346655,0.3954730223,2561.010046
weekly,2026-07-10,subcategory,Drinkware,리유저블컵,5003230,0.009016963835,4,660,3200,5308,0.203128657,0.7191502128,1.483983306,1575.007285
weekly,2026-07-10,subcategory,Drinkware,보틀,32773100,0.05906461575,3,50,705,2240,0.007042259904,0.1056608206,0.4205750876,4630.26476
weekly,2026-07-10,subcategory,Tech,충전패드,86169600,0.1552973113,2,1001,1801,6441,0.2845771144,0.5661630351,4.234210289,25600
weekly,2026-07-10,subcategory,Lifestyle,도시락,27925740,0.05032856527,2,400,700,700,0.143523502,0.2434608681,0.2434608681,10020
weekly,2026-07-10,subcategory,Drinkware,텀블러,74036792,0.1334312186,6,1486,4543,10079,0.2131229144,0.5852361413,1.645875461,10507.64838
weekly,2026-07-10,subcategory,Awards & Recognition,트로피,10080000,0.01816646356,2,886,1202,2296,0.2923127681,0.3619282768,0.6443361998,3500
weekly,2026-07-10,subcategory,Stationery,포스트잇,5276840,0.009510071582,5,400,1820,8520,0.1203629662,0.4853294439,2.166558626,1589.600594
weekly,2026-07-10,subcategory,Lifestyle,우산,27286000,0.0491756076,2,531,3259,6629,0.1474492908,0.9061992952,2.660348309,7579.004618
weekly,2026-07-10,subcategory,Lifestyle,모바일 악세사리,3642288,0.006564235338,2,310,2090,5690,0.1153488372,0.7682557114,2.709002098,1352
weekly,2026-07-10,subcategory,Bag&pouch,하드케이스 파우치,8370040,0.01508472486,6,533,3567,9074,0.2610203727,1.101816034,2.031892905,4178.500317
weekly,2026-07-10,subcategory,Stationery,다이어리,42761586,0.07706615016,9,2155,5010,23437,0.2531588477,0.4973986842,2.209530066,5182.985112
weekly,2026-07-10,subcategory,Lifestyle,세제,1269080,0.002287172179,2,0,0,0,0,0,0,1192.378889
weekly,2026-07-10,subcategory,Lifestyle,타월,10368845,0.01868702825,5,1420,5206,13063,0.3190135337,0.9771037915,1.959400967,2331.443014
weekly,2026-07-10,subcategory,Tech,배터리,19298794,0.03478083709,2,855,2847,7764,0.3818932271,1.210158907,3.89634416,8707.987207
weekly,2026-07-10,subcategory,Tech,충전기,34766032,0.06265633465,4,1336,3358,6921,0.6735129187,1.455041691,3.244937172,16566.87114
weekly,2026-07-10,subcategory,Fragrance,샤쉐,2371915,0.004274732877,4,2040,12460,23060,0.7864231452,5.330918175,8.009291116,961.7964704
weekly,2026-07-10,subcategory,Kit Package,지퍼백,1854030,0.003341385756,3,550,700,1400,0.1686399342,0.1993271929,0.510532985,597.3947024
weekly,2026-07-10,subcategory,Fragrance,디퓨저,3898600,0.007026168137,2,0,600,3961,0,0.9874662599,6.019069671,6339.039655
weekly,2026-07-10,subcategory,Lifestyle,미분류,15733767,0.02835584373,1,0,50,200,0,0.05166491778,0.1875595644,15941
weekly,2026-07-10,subcategory,Lifestyle,명함지갑,5038800,0.009081069103,1,600,1105,2005,0.6188757091,1.422777313,2.952384318,5200
weekly,2026-07-10,subcategory,Lifestyle,구강관리,1513600,0.002727853099,1,660,2895,6270,0.6776180698,2.749548865,4.585009141,1600
weekly,2026-07-10,subcategory,Bag&pouch,노트북백,7484010,0.01348789632,2,410,1410,3660,0.87141339,1.68559474,5.693333333,16818
weekly,2026-07-10,subcategory,Tech,계절가전,17336764,0.03124481065,4,2677,12484,14356,0.9834440879,3.132484724,4.964596783,6998.241766
weekly,2026-07-10,subcategory,Lifestyle,구강가전,7009032,0.01263187742,1,300,1950,4030,0.3579952267,1.292417815,2.704373877,8364
weekly,2026-07-10,subcategory,Stationery,메모패드,3353533,0.00604383284,3,400,1860,4700,0.3261945681,1.145230678,3.040308599,3019.781688
weekly,2026-07-10,subcategory,Lifestyle,여권케이스,3288200,0.005926087843,1,100,420,1570,0.1246105919,0.4520503713,2.287772761,4100
weekly,2026-07-10,subcategory,Lifestyle,캠핑,19984830,0.03601723074,3,860,1090,1140,0.4757143547,0.4794133189,0.4712119434,14356.03865
weekly,2026-07-10,subcategory,Lifestyle,네임택,56800,0.0001023665804,1,1000,1000,3720,1.76056338,0.7225433526,1.621899379,100
weekly,2026-07-10,subcategory,Tech,시계,1638420,0.002952807264,1,350,1051,2326,1.052631579,3.123591716,6.364718725,4935
weekly,2026-07-10,subcategory,Tech,건강가전,7725375,0.01392289121,2,189,319,860,0.5779816514,0.8825713824,1.355658862,23625
weekly,2026-07-10,subcategory,Stationery,미분류,28560,0.00005147164674,1,0,0,3553,0,0,6.574411842,120
weekly,2026-07-16,category,,Stationery,80950923,0.144544402,38,7530,38293,117282,0.3376397375,1.491557195,4.431928016,3695.47881
weekly,2026-07-16,category,,Tech,173984521,0.3106633948,19,7208,27474,53800,0.7266240298,2.624812895,6.935501574,18293.46292
weekly,2026-07-16,category,,Lifestyle,131733094,0.2352200642,23,6351,21255,51157,0.4374299604,1.334382843,3.277565472,8958.573463
weekly,2026-07-16,category,,Kit Package,20809559,0.03715714597,6,550,1450,4046,0.06287403511,0.1821758537,0.5123276351,2386.061516
weekly,2026-07-16,category,,Drinkware,109907312,0.1962483701,13,2196,8448,17627,0.1627187229,0.5848418265,1.520898985,8210.556463
weekly,2026-07-16,category,,Awards & Recognition,10080000,0.01799865299,2,886,1202,2296,0.2972489376,0.366351722,0.6486254798,3500
weekly,2026-07-16,category,,Bag&pouch,26305986,0.04697145969,8,943,4977,12734,0.5191874774,1.967723046,4.691364555,10863.95741
weekly,2026-07-16,category,,Fragrance,6270515,0.01119651028,6,2040,13060,27021,1.382480743,9.193999452,16.80658495,4305.017925
weekly,2026-07-16,sub_category,,Product Parts,560041910,1,115,27704,116159,285963,0.5246572077,2.0215503,5.613483257,10645.96625
weekly,2026-07-16,sourcing,,해당없음,267741257,0.3810809842,194,47125,161687,398790,0.5420768475,1.770845512,4.327779375,3015.167721
weekly,2026-07-16,sourcing,,직소싱,135280556,0.1925472675,29,5220,24263,62464,0.2772701221,1.323535841,3.664801077,6757.585596
weekly,2026-07-16,sourcing,,중개소싱,150286427,0.2139053957,16,4791,12399,39179,0.5587017192,1.311229751,5.906262957,18524.94785
weekly,2026-07-16,sourcing,,국내소싱,149275379,0.2124663527,36,10361,55033,122947,0.7236681941,3.477900508,8.343695466,10731.73044
weekly,2026-07-16,production,,국내생산,267741257,0.3810809842,194,47125,161687,398790,0.5420768475,1.770845512,4.327779375,3015.167721
weekly,2026-07-16,production,,해외생산,434842362,0.6189190158,81,20372,91695,224590,0.5646916747,2.383728339,6.909365297,12188.78782
weekly,2026-07-16,procurement,,직소싱,106905507,0.1908884051,17,2180,12876,29415,0.1809274726,1.051776481,2.483512244,8329.599734
weekly,2026-07-16,procurement,,중개소싱,141409587,0.2524982229,12,4021,9659,29139,0.526530354,1.136143788,4.888005404,19607.18066
weekly,2026-07-16,procurement,,국내소싱,147682303,0.2636986632,32,9301,52458,116797,0.6624581875,3.380953997,8.091286861,10834.04906
weekly,2026-07-16,procurement,,국내생산,164044513,0.2929147088,54,12202,41166,110612,0.3251129193,1.002673576,2.766261591,4261.444305
weekly,2026-07-16,first_order,,N,644766169,0.9177073754,252,59842,241573,606616,0.8098073027,3.064523623,8.668444602,8658.285369
weekly,2026-07-16,first_order,,Y,57817450,0.08229262459,23,7655,11809,16764,1.120404734,1.739230962,2.233911182,9078.861054
weekly,2026-07-16,new_product,,N,490617481,0.6983047537,234,53526,208545,525481,0.6782973431,2.388366891,6.269045971,6269.988629
weekly,2026-07-16,new_product,,Y,211966138,0.3016952463,41,13971,44837,97899,0.9648917998,3.260014538,9.429484008,14300.96375
weekly,2026-07-16,season,,미분류,592593812,0.843449514,250,60745,230748,577429,0.9118046736,3.372552811,9.572791604,8777.793849
weekly,2026-07-16,season,,여름,41147021,0.05856530082,10,3337,15934,20164,0.7238470724,2.774157741,3.901535019,9395.713666
weekly,2026-07-16,season,,겨울,48889786,0.06958571859,12,2555,5610,24647,0.2443321745,0.4594832309,1.899829705,4762.093244
weekly,2026-07-16,season,,봄가을,19953000,0.02839946657,3,860,1090,1140,0.5153454657,0.4968883182,0.4781459792,14353.55172
weekly,2026-07-16,subcategory,Stationery,노트,9941562,0.01775146078,8,400,600,2910,0.07648386881,0.1077072908,0.4905818733,1900.922809
weekly,2026-07-16,subcategory,Stationery,펜,19639162,0.03506730773,12,4175,29003,74162,0.4281530545,2.663682382,7.196982453,2043.688293
weekly,2026-07-16,subcategory,Tech,PC/ 노트북 악세사리,18524152,0.03307636745,4,800,5614,15132,0.2401272664,1.70188167,5.533574601,4732.520916
weekly,2026-07-16,subcategory,Lifestyle,가드닝,90478,0.0001615557664,1,170,1490,6140,0.03483368622,0.2772796481,1.72199244,19
weekly,2026-07-16,subcategory,Kit Package,슬리브박스,18955529,0.03384662587,3,0,750,2646,0,0.1135487039,0.3940294365,2561.010046
weekly,2026-07-16,subcategory,Drinkware,리유저블컵,5003230,0.008933670696,4,660,3200,5308,0.2046515051,0.7383541151,1.489731179,1575.007285
weekly,2026-07-16,subcategory,Drinkware,보틀,32773100,0.05851901334,3,50,705,2240,0.007049532839,0.105079944,0.4144141582,4630.26476
weekly,2026-07-16,subcategory,Tech,충전패드,83558400,0.1492002625,2,1001,1801,6441,0.291581707,0.5648242854,4.073287165,25600
weekly,2026-07-16,subcategory,Lifestyle,도시락,27925740,0.0498636611,2,400,700,700,0.143523502,0.244141756,0.244141756,10020
weekly,2026-07-16,subcategory,Drinkware,텀블러,72130982,0.128795686,6,1486,4543,10079,0.2099442542,0.5796302159,1.608639099,10297.54367
weekly,2026-07-16,subcategory,Awards & Recognition,트로피,10080000,0.01799865299,2,886,1202,2296,0.2972489376,0.366351722,0.6486254798,3500
weekly,2026-07-16,subcategory,Lifestyle,우산,26646000,0.04757858211,2,531,3259,6629,0.1491804502,0.9114415981,2.654373112,7607.322675
weekly,2026-07-16,subcategory,Stationery,포스트잇,5229920,0.009338443975,5,400,1820,8520,0.1215349951,0.4939309436,2.192723006,1599.734757
weekly,2026-07-16,subcategory,Lifestyle,모바일 악세사리,3642288,0.00650359899,2,310,2090,5690,0.1152559177,0.7689353149,2.68285718,1352
weekly,2026-07-16,subcategory,Lifestyle,타월,19718845,0.03520958815,5,1420,5206,13063,0.2852191821,1.07812976,2.246060706,2709.875819
weekly,2026-07-16,subcategory,Bag&pouch,하드케이스 파우치,17947440,0.03204660166,6,533,3567,9074,0.3695139306,2.071950534,3.913203814,8091.019376
weekly,2026-07-16,subcategory,Stationery,다이어리,42758186,0.07634818973,9,2155,5010,23437,0.2557973357,0.5057319447,2.22665552,5183.12689
weekly,2026-07-16,subcategory,Lifestyle,세제,1269080,0.002266044697,2,0,0,0,0,0,0,1192.378889
weekly,2026-07-16,subcategory,Tech,충전기,31741032,0.05667617268,4,1336,3358,6921,0.7030794686,1.53770891,3.412491215,17097.40793
weekly,2026-07-16,subcategory,Tech,배터리,16071503,0.02869696484,2,855,2847,7764,0.4105450792,1.249257673,3.953490913,8813.223553
weekly,2026-07-16,subcategory,Fragrance,샤쉐,2371915,0.004235245537,4,2040,12460,23060,0.7995634738,5.304340876,8.049107537,961.7964704
weekly,2026-07-16,subcategory,Kit Package,지퍼백,1854030,0.0033105201,3,550,700,1400,0.1714054391,0.2014564269,0.5082240405,597.3947024
weekly,2026-07-16,subcategory,Fragrance,디퓨저,3898600,0.006961264738,2,0,600,3961,0,0.9863743935,6.027133486,6339.039655
weekly,2026-07-16,subcategory,Lifestyle,미분류,15733767,0.02809390997,1,0,50,200,0,0.05157178159,0.1880419474,15941
weekly,2026-07-16,subcategory,Lifestyle,명함지갑,5038800,0.0089971838,1,600,1105,2005,0.6189821183,1.391448686,2.909557335,5200
weekly,2026-07-16,subcategory,Bag&pouch,노트북백,8358546,0.01492485803,2,410,1410,3660,0.8553546592,1.750169262,5.738227821,16818
weekly,2026-07-16,subcategory,Tech,계절가전,15911824,0.02841184511,4,2677,12484,14356,1.018770803,3.191443302,4.916487034,6851.576794
weekly,2026-07-16,subcategory,Lifestyle,구강관리,1356800,0.002422675832,1,660,2895,6270,0.7081545064,2.799068296,4.645868465,1600
weekly,2026-07-16,subcategory,Lifestyle,구강가전,7017396,0.01253012654,1,300,1950,4030,0.3578528827,1.346769636,2.74574758,8364
weekly,2026-07-16,subcategory,Stationery,메모패드,3353533,0.005988003648,3,400,1860,4700,0.336790521,1.179128995,3.070123972,3019.781688
weekly,2026-07-16,subcategory,Lifestyle,여권케이스,3284100,0.005864025426,1,100,420,1570,0.1246882793,0.4577883472,2.274658082,4100
weekly,2026-07-16,subcategory,Lifestyle,캠핑,19953000,0.03562769079,3,860,1090,1140,0.5153454657,0.4968883182,0.4781459792,14353.55172
weekly,2026-07-16,subcategory,Lifestyle,네임택,56800,0.0001014209812,1,1000,1000,3720,1.76056338,0.7634647418,1.66509747,100
weekly,2026-07-16,subcategory,Tech,시계,1633485,0.002916719215,1,350,1051,2326,1.054216867,3.128216298,6.385476503,4935
weekly,2026-07-16,subcategory,Tech,건강가전,6544125,0.011685063,2,189,319,860,0.6090225564,0.9017230989,1.382515501,23625
weekly,2026-07-16,subcategory,Stationery,미분류,28560,0.00005099618348,1,0,0,3553,0,0,6.703773585,120
weekly,2026-07-23,category,,Stationery,80157350,0.143733519,39,7530,38293,117282,0.3216256735,1.427905628,4.212062418,3556.38779
weekly,2026-07-23,category,,Tech,178954809,0.3208914023,21,8092,28358,54684,0.7643252687,2.529051652,6.376403415,17831.90897
weekly,2026-07-23,category,,Lifestyle,127522938,0.228666749,23,6351,21255,51157,0.4424791436,1.3551911,3.314736185,9017.641359
weekly,2026-07-23,category,,Kit Package,20804159,0.03730481339,6,550,1450,4046,0.06293812636,0.1807745737,0.5106593111,2386.540686
weekly,2026-07-23,category,,Drinkware,108636822,0.1948012593,13,2196,8448,17627,0.1642055366,0.591436652,1.520237128,8245.009328
weekly,2026-07-23,category,,Awards & Recognition,10080000,0.01807487238,2,886,1202,2296,0.2997800711,0.3701213723,0.6526806527,3500
weekly,2026-07-23,category,,Bag&pouch,25245368,0.04526853223,9,943,4977,12734,0.4794098417,1.957134397,4.639881455,10732.32037
weekly,2026-07-23,category,,Fragrance,6278840,0.01125885235,6,2040,13060,27021,1.38507419,9.164107357,16.83387906,4300.587465
weekly,2026-07-23,sub_category,,Product Parts,557680286,1,119,28588,117043,286847,0.5306690603,2.00378245,5.479213539,10587.99892
weekly,2026-07-23,sourcing,,해당없음,261377676,0.3739549809,195,47125,161687,398790,0.5377909749,1.762857677,4.29746411,2990.306609
weekly,2026-07-23,sourcing,,직소싱,144390043,0.2065799061,35,6546,25589,63790,0.3039232439,1.22137701,3.257443826,6540.600471
weekly,2026-07-23,sourcing,,중개소싱,149257009,0.2135431105,16,4791,12399,39179,0.5682785534,1.329954829,5.874727105,18557.85016
weekly,2026-07-23,sourcing,,국내소싱,143930198,0.2059220025,36,10361,55033,122947,0.7392603724,3.545910395,8.43908311,10789.58289
weekly,2026-07-23,production,,국내생산,261377676,0.3739549809,195,47125,161687,398790,0.5377909749,1.762857677,4.29746411,2990.306609
weekly,2026-07-23,production,,해외생산,437577250,0.6260450191,87,21698,93021,225916,0.5822869236,2.344960248,6.648306901,12037.26563
weekly,2026-07-23,procurement,,직소싱,116388595,0.2087012898,21,3064,13760,30299,0.21316921,0.9499316394,2.157346453,7912.456879
weekly,2026-07-23,procurement,,중개소싱,140380169,0.2517215912,12,4021,9659,29139,0.5360562677,1.153807692,4.866100008,19650.09962
weekly,2026-07-23,procurement,,국내소싱,142376770,0.2553017806,32,9301,52458,116797,0.6769206002,3.447596939,8.184653482,10893.4506
weekly,2026-07-23,procurement,,국내생산,158534752,0.2842753384,54,12202,41166,110612,0.325226496,1.008713687,2.76674649,4253.577858
weekly,2026-07-23,first_order,,N,631900233,0.9040643531,255,60726,242457,607500,0.8276304355,3.107222931,8.705438417,8693.055183
weekly,2026-07-23,first_order,,Y,67054693,0.09593564693,27,8097,12251,17206,0.9224378789,1.382297769,1.784747506,8287.106601
weekly,2026-07-23,new_product,,N,479990417,0.6867258519,235,53526,208545,525481,0.6763771345,2.387605865,6.220315999,6223.359943
weekly,2026-07-23,new_product,,Y,218964509,0.3132741481,47,15297,46163,99225,0.9807579366,3.10043625,8.628743331,13982.53929
weekly,2026-07-23,season,,미분류,595950130,0.8526302739,257,62071,232074,578755,0.9053660535,3.304636137,9.274175602,8708.275831
weekly,2026-07-23,season,,여름,36839841,0.05270703393,10,3337,15934,20164,0.7693819195,2.915576807,4.031671547,9613.532681
weekly,2026-07-23,season,,겨울,46211955,0.06611578699,12,2555,5610,24647,0.2471284164,0.4643153725,1.90296637,4729.889444
weekly,2026-07-23,season,,봄가을,19953000,0.02854690518,3,860,1090,1140,0.5377975245,0.512533567,0.4848851026,14353.55172
weekly,2026-07-23,subcategory,Stationery,노트,9941562,0.01782663338,8,400,600,2910,0.07648386881,0.1082591999,0.4925244677,1900.922809
weekly,2026-07-23,subcategory,Stationery,펜,21912071,0.03929145704,13,4175,29003,74162,0.3580283217,2.267684575,6.062342482,1872.564102
weekly,2026-07-23,subcategory,Tech,PC/ 노트북 악세사리,29122152,0.05222015684,6,1684,6498,16016,0.307411147,1.213200517,3.333864885,4938.671386
weekly,2026-07-23,subcategory,Lifestyle,가드닝,90478,0.0001622399111,1,170,1490,6140,0.03504612689,0.2799348697,1.702946363,19
weekly,2026-07-23,subcategory,Kit Package,슬리브박스,18955529,0.03398995711,3,0,750,2646,0,0.1124190154,0.392691566,2561.010046
weekly,2026-07-23,subcategory,Drinkware,리유저블컵,4480830,0.008034764923,4,660,3200,5308,0.2071959287,0.7468955509,1.47371994,1547.612317
weekly,2026-07-23,subcategory,Drinkware,보틀,32773100,0.05876682541,3,50,705,2240,0.007053174943,0.1046007366,0.409050342,4630.26476
weekly,2026-07-23,subcategory,Tech,충전패드,83584000,0.1498779894,2,1001,1801,6441,0.2951931584,0.5636987842,3.933670021,25600
weekly,2026-07-23,subcategory,Drinkware,텀블러,71382892,0.127999669,6,1486,4543,10079,0.2115956182,0.5868272099,1.60917768,10325.00747
weekly,2026-07-23,subcategory,Awards & Recognition,트로피,10080000,0.01807487238,2,886,1202,2296,0.2997800711,0.3701213723,0.6526806527,3500
weekly,2026-07-23,subcategory,Lifestyle,도시락,25921740,0.04648136334,2,400,700,700,0.1461454147,0.2461462443,0.2461462443,10020
weekly,2026-07-23,subcategory,Lifestyle,우산,25654000,0.04600126747,2,531,3259,6629,0.1520954057,0.9214023283,2.661572207,7654.007952
weekly,2026-07-23,subcategory,Stationery,포스트잇,5030240,0.009019935125,5,400,1820,8520,0.1219288649,0.4960673092,2.189216728,1587.021534
weekly,2026-07-23,subcategory,Lifestyle,모바일 악세사리,3640936,0.00652871563,2,310,2090,5690,0.1152202193,0.7695261808,2.65894792,1352
weekly,2026-07-23,subcategory,Lifestyle,타월,19274041,0.03456109438,5,1420,5206,13063,0.2603396223,1.048218563,2.245844417,2738.535679
weekly,2026-07-23,subcategory,Bag&pouch,하드케이스 파우치,17744540,0.03181848175,6,533,3567,9074,0.3297535185,2.042940559,3.931091755,8159.831243
weekly,2026-07-23,subcategory,Stationery,다이어리,40080355,0.07186977199,9,2155,5010,23437,0.2607050664,0.5142565391,2.242623639,5174.12638
weekly,2026-07-23,subcategory,Lifestyle,세제,1269080,0.002275640778,2,0,0,0,0,0,0,1192.378889
weekly,2026-07-23,subcategory,Tech,충전기,30727414,0.05509861971,4,1336,3358,6921,0.7227142316,1.591316976,3.511228026,17336.69051
weekly,2026-07-23,subcategory,Fragrance,샤쉐,2380240,0.004268108556,4,2040,12460,23060,0.8056156615,5.280812562,8.085860302,961.8024233
weekly,2026-07-23,subcategory,Tech,배터리,15216589,0.02728550638,2,855,2847,7764,0.4305494555,1.279990132,3.984976974,8847.636589
weekly,2026-07-23,subcategory,Kit Package,지퍼백,1848630,0.003314856283,3,550,700,1400,0.1729938278,0.2033673783,0.5062849641,597.562357
weekly,2026-07-23,subcategory,Fragrance,디퓨저,3898600,0.006990743797,2,0,600,3961,0,0.9854663476,6.03557464,6339.039655
weekly,2026-07-23,subcategory,Lifestyle,미분류,15733767,0.02821288002,1,0,50,200,0,0.05149442423,0.1884944156,15941
weekly,2026-07-23,subcategory,Bag&pouch,노트북백,7500828,0.01345005048,2,410,1410,3660,0.8704883227,1.817791147,5.796336378,16818
weekly,2026-07-23,subcategory,Lifestyle,명함지갑,4518800,0.008102850528,1,600,1105,2005,0.6354249404,1.380602842,2.884457742,5200
weekly,2026-07-23,subcategory,Tech,계절가전,12127044,0.02174551316,4,2677,12484,14356,1.03496555,3.119955721,4.668741804,6392.49004
weekly,2026-07-23,subcategory,Lifestyle,구강가전,7017396,0.01258318821,1,300,1950,4030,0.3577817531,1.395681737,2.785521738,8364
weekly,2026-07-23,subcategory,Lifestyle,여권케이스,3284100,0.005888857976,1,100,420,1570,0.1247271593,0.4626824566,2.262552651,4100
weekly,2026-07-23,subcategory,Stationery,메모패드,3164562,0.005674509355,3,400,1860,4700,0.3548796922,1.240617577,3.173234854,3088.380889
weekly,2026-07-23,subcategory,Lifestyle,구강관리,1108800,0.001988235962,1,660,2895,6270,0.7566638005,2.878210439,4.722452361,1600
weekly,2026-07-23,subcategory,Lifestyle,캠핑,19953000,0.03577856435,3,860,1090,1140,0.5377975245,0.512533567,0.4848851026,14353.55172
weekly,2026-07-23,subcategory,Lifestyle,네임택,56800,0.0001018504714,1,1000,1000,3720,1.76056338,0.8012820513,1.707544716,100
weekly,2026-07-23,subcategory,Tech,시계,1633485,0.002929070726,1,350,1051,2326,1.055011304,3.132080589,6.404972962,4935
weekly,2026-07-23,subcategory,Tech,건강가전,6544125,0.01173454605,2,189,319,860,0.6258278146,0.9183294855,1.408559838,23625
weekly,2026-07-23,subcategory,Stationery,미분류,28560,0.00005121213842,1,0,0,3553,0,0,6.829190159,120
weekly,2026-07-23,subcategory,Bag&pouch,보냉백,0,0,1,0,0,0,0,0,0,0
weekly,2026-07-30,category,,Stationery,79097332,0.1478481941,40,7680,38443,117432,0.3075319656,1.370924844,3.997551508,3360.596374
weekly,2026-07-30,category,,Lifestyle,120448940,0.2251423381,23,6351,21255,51157,0.4598370445,1.404838031,3.418724416,9241.30781
weekly,2026-07-30,category,,Kit Package,20730360,0.03874904769,6,550,1450,4046,0.06319401322,0.1801425515,0.5105343224,2393.371129
weekly,2026-07-30,category,,Tech,159496311,0.298129418,21,8092,28358,54684,0.8197887739,2.675104022,6.657969082,18460.22714
weekly,2026-07-30,category,,Drinkware,106760247,0.1995555264,16,2246,8548,18199,0.176464247,0.6266236843,1.60191091,9090.944989
weekly,2026-07-30,category,,Awards & Recognition,10080000,0.01884146733,2,886,1202,2296,0.3013195484,0.3733722014,0.6565203756,3500
weekly,2026-07-30,category,,Bag&pouch,33256865,0.06216350551,9,943,4977,12734,0.3486438164,1.527635775,3.639633304,9787.189997
weekly,2026-07-30,category,,Fragrance,5120125,0.009570502771,6,2040,13060,27021,1.692973188,10.91003747,19.94619263,5055.105906
weekly,2026-07-30,sub_category,,Product Parts,534990180,1,123,28788,117293,287569,0.5379507972,2.018996092,5.459094024,10710.62477
weekly,2026-07-30,sourcing,,해당없음,242143438,0.3598934848,196,47375,162429,399532,0.5344898277,1.740289118,4.210530852,2911.799787
weekly,2026-07-30,sourcing,,직소싱,147982744,0.2199441202,37,6546,25589,63790,0.2757530925,1.104769149,2.942281652,6087.780735
weekly,2026-07-30,sourcing,,중개소싱,139865229,0.207879202,16,4791,12399,39179,0.5913690335,1.374904526,5.958767655,18902.32493
weekly,2026-07-30,sourcing,,국내소싱,142828321,0.212283193,38,10561,55283,123669,0.7608299007,3.626314271,8.53794982,11323.45727
weekly,2026-07-30,production,,국내생산,242143438,0.3598934848,196,47375,162429,399532,0.5344898277,1.740289118,4.210530852,2911.799787
weekly,2026-07-30,production,,해외생산,430676294,0.6401065152,91,21898,93271,226638,0.5770549724,2.309301624,6.463291914,11985.74188
weekly,2026-07-30,procurement,,직소싱,117263935,0.2191889485,23,3064,13760,30299,0.1961816749,0.8713764402,1.975531335,7469.311257
weekly,2026-07-30,procurement,,중개소싱,131113889,0.2450771881,12,4021,9659,29139,0.5601126543,1.197647441,4.953876382,20078.29402
weekly,2026-07-30,procurement,,국내소싱,141328317,0.2641699274,34,9501,52708,117519,0.6977024271,3.524328928,8.276834932,11429.81027
weekly,2026-07-30,procurement,,국내생산,145284039,0.271563936,54,12202,41166,110612,0.3249049349,1.002223419,2.727233612,4173.198828
weekly,2026-07-30,first_order,,N,604872641,0.8990114472,260,62606,245979,613084,0.8632325695,3.191072036,8.807131875,8836.026721
weekly,2026-07-30,first_order,,Y,67947091,0.1009885528,27,6667,9721,13086,0.7110001144,0.9997356042,1.234622507,7688.000747
weekly,2026-07-30,new_product,,N,453983916,0.6747482192,236,53726,208795,526203,0.7036740384,2.476208355,6.39389885,6433.9722
weekly,2026-07-30,new_product,,Y,218835816,0.3252517808,51,15547,46905,99967,0.9441552423,2.959764602,8.054945815,13462.73322
weekly,2026-07-30,season,,미분류,579815687,0.8617697422,262,62521,233066,580219,0.9071600106,3.295417821,9.150137627,8756.335881
weekly,2026-07-30,season,,여름,30855277,0.04585964937,10,3337,15934,20164,0.8471386405,3.143090121,4.269927383,10034.68945
weekly,2026-07-30,season,,겨울,42195768,0.06271481943,12,2555,5610,24647,0.2469498162,0.4605240783,1.868196381,4596.851055
weekly,2026-07-30,season,,봄가을,19953000,0.02965578899,3,860,1090,1140,0.5522330077,0.5265624438,0.4913637193,14353.55172
weekly,2026-07-30,subcategory,Stationery,노트,9941562,0.01858269997,8,400,600,2910,0.07648386881,0.1087306369,0.4943557129,1900.922809
weekly,2026-07-30,subcategory,Stationery,펜,25260760,0.04721724051,14,4325,29153,74312,0.3416460611,2.288586239,6.044664821,1897.040965
weekly,2026-07-30,subcategory,Lifestyle,가드닝,91960,0.0001718910056,1,170,1490,6140,0.03506166729,0.2819012691,1.68434319,19
weekly,2026-07-30,subcategory,Kit Package,슬리브박스,18963810,0.03544702447,3,0,750,2646,0,0.1114502215,0.3913501939,2560.408305
weekly,2026-07-30,subcategory,Tech,PC/ 노트북 악세사리,25736503,0.04810649609,6,1684,6498,16016,0.3154808771,1.250216433,3.450023726,4885.526896
weekly,2026-07-30,subcategory,Drinkware,리유저블컵,4481310,0.008376434124,4,660,3200,5308,0.211016241,0.7659258027,1.48296532,1547.472257
weekly,2026-07-30,subcategory,Drinkware,보틀,32773100,0.06125925526,3,50,705,2240,0.007055362012,0.1041986542,0.4043209733,4630.26476
weekly,2026-07-30,subcategory,Tech,충전패드,80972800,0.1513538062,2,1001,1801,6441,0.2992168351,0.5641329916,3.818891583,25600
weekly,2026-07-30,subcategory,Lifestyle,도시락,25901700,0.04841528119,2,400,700,700,0.1477868913,0.2478817423,0.2478817423,10020
weekly,2026-07-30,subcategory,Awards & Recognition,트로피,10080000,0.01884146733,2,886,1202,2296,0.3013195484,0.3733722014,0.6565203756,3500
weekly,2026-07-30,subcategory,Lifestyle,우산,24182000,0.04520082967,2,531,3259,6629,0.1565889946,0.9382970691,2.688708216,7730.341576
weekly,2026-07-30,subcategory,Stationery,포스트잇,4637720,0.008668794631,5,400,1820,8520,0.1091954227,0.4414668138,1.933296738,1390.235719
weekly,2026-07-30,subcategory,Drinkware,텀블러,69505837,0.129919837,9,1536,4643,10651,0.2298591411,0.6290095664,1.725777033,11680.58302
weekly,2026-07-30,subcategory,Lifestyle,모바일 악세사리,3427320,0.006406323196,2,310,2090,5690,0.1165676468,0.7734904584,2.643207164,1352
weekly,2026-07-30,subcategory,Bag&pouch,하드케이스 파우치,15981727,0.02987293524,6,533,3567,9074,0.3285587911,2.102048369,4.082399173,8474.546735
weekly,2026-07-30,subcategory,Lifestyle,세제,1269080,0.002372155691,2,0,0,0,0,0,0,1192.378889
weekly,2026-07-30,subcategory,Lifestyle,타월,17506869,0.03272372027,5,1420,5206,13063,0.2530167219,1.031010897,2.250188393,2753.0819
weekly,2026-07-30,subcategory,Stationery,다이어리,36064168,0.06741089715,9,2155,5010,23437,0.2636208105,0.514974577,2.220454861,5067.940141
weekly,2026-07-30,subcategory,Bag&pouch,보냉백,9774310,0.01827007367,1,0,0,0,0,0,0,6538
weekly,2026-07-30,subcategory,Tech,배터리,16252589,0.03037922864,2,855,2847,7764,0.4312855624,1.280097463,3.939195054,8729.861415
weekly,2026-07-30,subcategory,Kit Package,지퍼백,1766550,0.003302023226,3,550,700,1400,0.1762409386,0.2065196575,0.5074202656,600.2369024
weekly,2026-07-30,subcategory,Fragrance,디퓨저,3913600,0.00731527446,2,0,600,3961,0,0.9808107801,6.021390128,6315.893295
weekly,2026-07-30,subcategory,Tech,충전기,26173414,0.04892316715,4,1336,3358,6921,0.8129890858,1.769972167,3.864709535,18787.21922
weekly,2026-07-30,subcategory,Lifestyle,미분류,15733767,0.02940945009,1,0,50,200,0,0.05142914903,0.1889196681,15941
weekly,2026-07-30,subcategory,Bag&pouch,노트북백,7500828,0.0140204966,2,410,1410,3660,0.8798283262,1.879229034,5.851771623,16818
weekly,2026-07-30,subcategory,Tech,계절가전,6142000,0.01148058456,4,2677,12484,14356,0.9944716236,2.78374492,4.040182284,5370.237708
weekly,2026-07-30,subcategory,Lifestyle,여권케이스,3284100,0.006138617348,1,100,420,1570,0.124750499,0.4669061057,2.251344283,4100
weekly,2026-07-30,subcategory,Stationery,메모패드,3164562,0.005915177733,3,400,1860,4700,0.3614520633,1.271580407,3.205098659,3088.380889
weekly,2026-07-30,subcategory,Fragrance,샤쉐,1206525,0.002255228311,4,2040,12460,23060,0.8994865777,5.499203602,8.266268308,965.4952239
weekly,2026-07-30,subcategory,Lifestyle,캠핑,19953000,0.03729601168,3,860,1090,1140,0.5522330077,0.5265624438,0.4913637193,14353.55172
weekly,2026-07-30,subcategory,Lifestyle,구강가전,5403144,0.01009951996,1,300,1950,4030,0.375,1.455892488,2.836159731,8364
weekly,2026-07-30,subcategory,Lifestyle,네임택,56800,0.0001061701731,1,1000,1000,3720,1.76056338,0.8363355636,1.749260523,100
weekly,2026-07-30,subcategory,Lifestyle,명함지갑,2943200,0.00550140939,1,600,1105,2005,0.6907667511,1.412418269,2.901843917,5200
weekly,2026-07-30,subcategory,Lifestyle,구강관리,696000,0.001300958459,1,660,2895,6270,0.8409785933,3.009596162,4.827149456,1600
weekly,2026-07-30,subcategory,Stationery,미분류,28560,0.00005338415744,1,0,0,3553,0,0,6.950839329,120
weekly,2026-07-30,subcategory,Tech,시계,1100505,0.002057056449,1,350,1051,2326,1.129032258,3.215038134,6.485717566,4935
weekly,2026-07-30,subcategory,Tech,건강가전,3118500,0.005829078956,2,189,319,860,0.7052238806,0.9643202623,1.445097613,23625
weekly,2026-08-06,category,,Stationery,77042088,0.1281087015,40,15313,30156,132745,0.6593648564,1.132524807,4.490884832,3317.367289
weekly,2026-08-06,category,,Lifestyle,154311797,0.2565959003,24,11231,27323,63188,0.6459281982,1.726514921,3.9561679,8874.930193
weekly,2026-08-06,category,,Kit Package,20223859,0.03362905111,6,4120,5170,8166,0.4922898757,0.6348715167,1.038216948,2416.505105
weekly,2026-08-06,category,,Drinkware,156799507,0.2607325652,21,4265,10363,23438,0.3159803979,0.7214099913,1.789893769,11616.78092
weekly,2026-08-06,category,,Tech,144159027,0.2397134635,21,14418,32861,69102,1.840333721,3.264121209,8.427905677,18400.66018
weekly,2026-08-06,category,,Awards & Recognition,9369500,0.01557998374,2,834,1864,3130,0.3115427718,0.6062577246,0.9016031902,3500
weekly,2026-08-06,category,,Bag&pouch,28571864,0.04751045163,8,3401,6463,14305,1.036422781,1.918275392,3.500190446,8707.006978
weekly,2026-08-06,category,,Fragrance,10902960,0.01812988308,6,1100,5760,28121,0.6043257858,5.113568855,23.38951755,5989.945336
weekly,2026-08-06,sub_category,,Product Parts,601380602,1,128,54682,119960,342195,0.9820235556,2.001124631,5.992370794,10800.07895
weekly,2026-08-06,sourcing,,해당없음,227660912,0.3109740355,197,71299,175225,471375,0.891173637,1.900090336,4.864117269,2845.557483
weekly,2026-08-06,sourcing,,직소싱,182380230,0.2491227661,40,35618,54881,99408,1.269094043,2.149391863,4.130265703,6498.334084
weekly,2026-08-06,sourcing,,중개소싱,152403261,0.2081756446,15,5238,13982,42587,0.6092272369,1.49661046,6.031330019,17725.8911
weekly,2026-08-06,sourcing,,국내소싱,169645373,0.2317275539,41,20386,45089,145285,1.480970413,2.966248776,9.340678013,12324.13313
weekly,2026-08-06,production,,국내생산,227660912,0.3109740355,197,71299,175225,471375,0.891173637,1.900090336,4.864117269,2845.557483
weekly,2026-08-06,production,,해외생산,504428864,0.6890259645,96,61242,113952,287280,1.438668127,2.602442915,7.193192348,11849.80453
weekly,2026-08-06,procurement,,직소싱,154675181,0.2572001499,25,13874,24251,44173,0.6739882632,1.288419578,2.394134751,7514.001485
weekly,2026-08-06,procurement,,중개소싱,143667321,0.2388958349,11,4688,11742,31997,0.6110370516,1.402772172,5.039215413,18725.69459
weekly,2026-08-06,procurement,,국내소싱,168131929,0.279576575,37,19656,42279,138405,1.452399261,2.828024753,9.051305904,12423.41724
weekly,2026-08-06,procurement,,국내생산,134906171,0.2243274401,55,16464,41688,127620,0.5008808767,1.046341684,3.095020737,4104.222619
weekly,2026-08-06,first_order,,N,639813687,0.8739552279,266,128777,280571,745575,1.867187,3.755556639,10.60002537,9276.903476
weekly,2026-08-06,first_order,,Y,92276089,0.1260447721,27,3764,8606,13080,0.3048887855,0.7291777241,1.013086345,7474.480527
weekly,2026-08-06,new_product,,N,579659618,0.7917876154,243,98762,223329,635307,1.629705613,3.388380988,10.0373336,9565.162034
weekly,2026-08-06,new_product,,Y,152430158,0.2082123846,50,33779,65848,123348,1.57107555,3.095001362,6.090055538,7089.590999
weekly,2026-08-06,season,,미분류,642987279,0.8782902044,267,127574,270041,706937,1.81151025,3.740267269,10.64038942,9130.214987
weekly,2026-08-06,season,,겨울,40358790,0.05512819783,12,1700,5555,26347,0.19192392,0.4937057413,2.000374917,4556.363049
weekly,2026-08-06,season,,여름,28844557,0.03940030027,10,2765,11539,22929,1.005511759,2.829333034,5.153252869,10489.52667
weekly,2026-08-06,season,,봄가을,19899150,0.0271812975,4,502,2042,2442,0.3399334104,0.9811350046,0.9210314101,13474.87236
weekly,2026-08-06,subcategory,Stationery,노트,9941562,0.01653123158,8,0,400,2910,0,0.07383756309,0.4960849159,1900.922809
weekly,2026-08-06,subcategory,Stationery,펜,25665049,0.04267688202,14,11013,19391,85325,0.8124156203,1.540687022,6.900934538,1893.279461
weekly,2026-08-06,subcategory,Lifestyle,가드닝,91960,0.0001529148092,1,100,1190,6240,0.02066115702,0.2390134169,1.694422312,19
weekly,2026-08-06,subcategory,Kit Package,슬리브박스,18730504,0.03114583999,3,600,1050,3246,0.08201607472,0.1515083212,0.4788517957,2560.337359
weekly,2026-08-06,subcategory,Lifestyle,구강가전,30495144,0.05070855944,1,600,2050,4630,0.1645639057,1.646057492,3.106405284,8364
weekly,2026-08-06,subcategory,Drinkware,보틀,30645100,0.05095791234,3,1050,1700,3290,0.1563405739,0.2407079125,0.5825277378,4562.92621
weekly,2026-08-06,subcategory,Tech,충전패드,80972800,0.1346448484,2,700,1701,7141,0.221308884,0.5012466244,4.121189697,25600
weekly,2026-08-06,subcategory,Tech,PC/ 노트북 악세사리,19539806,0.0324915801,6,7167,12445,23183,1.608081452,2.303350202,4.573530455,4384.205332
weekly,2026-08-06,subcategory,Lifestyle,도시락,25891680,0.04305373322,2,200,600,900,0.0773993808,0.2173460829,0.3206510426,10020
weekly,2026-08-06,subcategory,Lifestyle,우산,38870280,0.06463507448,2,1529,3765,8158,0.2753128894,0.8972494481,2.868440958,6999.011836
weekly,2026-08-06,subcategory,Awards & Recognition,트로피,9369500,0.01557998374,2,834,1864,3130,0.3115427718,0.6062577246,0.9016031902,3500
weekly,2026-08-06,subcategory,Drinkware,텀블러,121943817,0.2027731134,13,1615,5203,12696,0.1817682732,0.5531808043,1.45462293,13724.77836
weekly,2026-08-06,subcategory,Stationery,포스트잇,4192910,0.006972140415,5,1620,2790,10140,0.5483451745,0.7304976878,2.372291193,1419.235781
weekly,2026-08-06,subcategory,Lifestyle,세제,1269080,0.002110277578,2,0,0,0,0,0,0,1192.378889
weekly,2026-08-06,subcategory,Lifestyle,타월,16910340,0.02811919763,5,2250,6206,15313,0.3559258389,1.143001993,2.559987009,2675.0342
weekly,2026-08-06,subcategory,Stationery,다이어리,34227190,0.05691435654,9,1700,5155,25137,0.2505995969,0.5809622066,2.39794999,5045.482363
weekly,2026-08-06,subcategory,Drinkware,리유저블컵,3700590,0.006153490797,4,1600,3360,6908,0.7883335297,1.238225917,2.297832427,1823.311985
weekly,2026-08-06,subcategory,Bag&pouch,하드케이스 파우치,15690870,0.02609141357,6,2680,5037,11754,1.435592072,3.288237525,5.254100707,8405.107677
weekly,2026-08-06,subcategory,Bag&pouch,보냉백,9702392,0.01613353003,1,520,520,520,0.3504043127,0.5236656596,0.5236656596,6538
weekly,2026-08-06,subcategory,Kit Package,지퍼백,1493355,0.002483211123,3,3520,4120,4920,1.443680813,1.3043729,1.825195568,612.4795343
weekly,2026-08-06,subcategory,Fragrance,디퓨저,9384200,0.01560442749,2,400,400,4361,0.2899379219,0.6116078655,6.526757408,6802.088617
weekly,2026-08-06,subcategory,Tech,배터리,13062932,0.02172157192,2,1476,3248,9240,1.006633812,1.668781714,4.820508464,8908.935659
weekly,2026-08-06,subcategory,Fragrance,샤쉐,1518760,0.002525455585,4,700,5360,23760,0.4479180502,2.266257711,8.691519828,971.828597
weekly,2026-08-06,subcategory,Lifestyle,미분류,15733767,0.02616274444,1,300,300,500,0.3039513678,0.3077038061,0.4733002214,15941
weekly,2026-08-06,subcategory,Lifestyle,모바일 악세사리,1102896,0.001833940098,2,3600,5050,9290,4.230317274,1.756201984,4.21866066,1296
weekly,2026-08-06,subcategory,Tech,충전기,22468814,0.03736205312,4,2280,4808,9201,1.255126445,1.868080735,3.4203762,12368.94853
weekly,2026-08-06,subcategory,Lifestyle,여권케이스,3284100,0.005460934372,1,500,920,2070,0.6242197253,1.076149257,2.954610977,4100
weekly,2026-08-06,subcategory,Tech,계절가전,4912000,0.008167872365,4,865,7679,15221,0.9362089551,2.305508961,4.373139624,5316.368078
weekly,2026-08-06,subcategory,Stationery,메모패드,2986817,0.00496660017,3,980,2420,5680,1.037094167,1.918516394,4.006891159,3160.82703
weekly,2026-08-06,subcategory,Lifestyle,캠핑,18221760,0.03029987988,3,200,1290,1340,0.1563776459,0.6970404822,0.5815246185,14247.37967
weekly,2026-08-06,subcategory,Lifestyle,골프,1677390,0.002789231968,1,302,752,1102,0.9151515152,2.278787879,1.933617871,5083
weekly,2026-08-06,subcategory,Lifestyle,네임택,26200,0.00004356642019,1,300,1300,4020,1.145038168,1.375079331,1.943584088,100
weekly,2026-08-06,subcategory,Lifestyle,구강관리,409600,0.0006810994546,1,550,2400,6820,2.1484375,2.554006598,5.385716401,1600
weekly,2026-08-06,subcategory,Stationery,미분류,28560,0.00004749072369,1,0,0,3553,0,0,7.068888336,120
weekly,2026-08-06,subcategory,Drinkware,머그컵,510000,0.0008480486373,1,0,100,544,0,0.4091653028,1.264898381,2500
weekly,2026-08-06,subcategory,Bag&pouch,노트북백,3178602,0.005285508028,1,201,906,2031,1.063492063,1.528597942,3.319644499,16818
weekly,2026-08-06,subcategory,Tech,건강가전,3094875,0.005146283385,2,180,499,1040,1.374045802,1.828601924,1.791213724,23625
weekly,2026-08-06,subcategory,Lifestyle,명함지갑,327600,0.0005447465364,1,800,1500,2805,12.6984127,1.642029211,4.178354745,5200
weekly,2026-08-06,subcategory,Tech,시계,107800,0.0001792542022,1,1750,2481,4076,79.54545455,8.975889604,11.6259176,4900
weekly,2026-08-13,category,,Stationery,75250382,0.1285790904,40,15313,30156,132745,0.6584004675,1.132901545,4.46350612,3273.997043
weekly,2026-08-13,category,,Lifestyle,142288509,0.2431260357,24,11231,27323,63188,0.6629357467,1.709259984,3.899632403,8753.759475
weekly,2026-08-13,category,,Kit Package,22168752,0.03787938202,6,4120,5170,8166,0.4336849192,0.5795190657,0.9537923036,2231.193699
weekly,2026-08-13,category,,Drinkware,152522150,0.2606120898,21,4265,10363,23438,0.3124216481,0.7042470738,1.730772737,11329.28275
weekly,2026-08-13,category,,Tech,146111286,0.2496579519,21,14418,32861,69102,1.970979568,3.591795767,9.118239692,19840.36815
weekly,2026-08-13,category,,Awards & Recognition,9366000,0.01600353019,2,834,1864,3130,0.3116009714,0.6134881216,0.9079082687,3500
weekly,2026-08-13,category,,Bag&pouch,26634834,0.0455105029,8,3401,6463,14305,1.107913326,1.962921506,3.56477048,8992.095914
weekly,2026-08-13,category,,Fragrance,10903960,0.01863141716,6,1100,5760,28121,0.6042519054,4.841991199,22.44402302,5989.487709
weekly,2026-08-13,sub_category,,Product Parts,585245873,1,128,54682,119960,342195,1.02453369,2.075275854,6.15783787,11116.44418
weekly,2026-08-13,sourcing,,해당없음,229979614,0.319329618,197,71299,175225,471375,0.8402615578,1.82123046,4.632350697,2696.655923
weekly,2026-08-13,sourcing,,직소싱,180970010,0.2512791597,40,35618,54881,99408,1.279063986,2.107404872,4.040196635,6524.063764
weekly,2026-08-13,sourcing,,중개소싱,146145265,0.2029245585,15,5238,13982,42587,0.6213643502,1.511229305,5.994735512,17707.84754
weekly,2026-08-13,sourcing,,국내소싱,163100173,0.2264666638,41,20386,45089,145285,1.691807594,3.38880528,10.56545785,13807.05978
weekly,2026-08-13,sourcing,,미분류,0,0,1,0,657,2474,0,0,0,0
weekly,2026-08-13,production,,국내생산,229979614,0.319329618,197,71299,175225,471375,0.8402615578,1.82123046,4.632350697,2696.655923
weekly,2026-08-13,production,,해외생산,490215448,0.680670382,96,61242,113952,287280,1.512369729,2.704630109,7.40934817,12281.35878
weekly,2026-08-13,production,,미분류,0,0,1,0,657,2474,0,0,0,0
weekly,2026-08-13,procurement,,직소싱,153284116,0.2619140486,25,13874,24251,44173,0.6807921155,1.265881368,2.350125373,7555.725144
weekly,2026-08-13,procurement,,국내소싱,161621337,0.276159721,37,19656,42279,138405,1.659652764,3.231947781,10.24081313,13921.34512
weekly,2026-08-13,procurement,,중개소싱,137776825,0.2354169954,11,4688,11742,31997,0.6231670265,1.416877981,5.009793082,18705.9206
weekly,2026-08-13,procurement,,국내생산,132563595,0.226509235,55,16464,41688,127620,0.4833333764,1.018494345,2.98044328,3926.052754
weekly,2026-08-13,first_order,,N,630751745,0.8758068172,269,129587,282457,749618,1.939435653,3.888988871,10.83704821,9527.341507
weekly,2026-08-13,first_order,,Y,89443317,0.1241931828,25,2954,7377,11511,0.2328128727,0.6131215738,0.8873353967,7058.105897
weekly,2026-08-13,new_product,,N,587374079,0.8155763764,246,100200,226115,646966,1.6408384,3.406096112,10.23089899,9730.96001
weekly,2026-08-13,new_product,,Y,132820983,0.1844236236,48,32341,63719,114163,1.70743518,3.389970198,5.879017804,6964.065386
weekly,2026-08-13,season,,미분류,641988815,0.8914096317,268,127574,270698,709411,1.858367291,3.84166851,10.87953154,9359.10743
weekly,2026-08-13,season,,여름,23810175,0.03306073071,10,2765,11539,22929,0.9731598084,2.604319868,4.632694951,9266.088409
weekly,2026-08-13,season,,겨울,37922312,0.05265561235,12,1700,5555,26347,0.1971187447,0.5036814852,2.014978581,4538.433105
weekly,2026-08-13,season,,봄가을,16473760,0.0228740252,4,502,2042,2442,0.4013166558,1.128552783,1.01120447,14538.89901
weekly,2026-08-13,subcategory,Stationery,노트,9941562,0.01698698352,8,0,400,2910,0,0.07407054544,0.4977203747,1900.922809
weekly,2026-08-13,subcategory,Stationery,펜,24860612,0.04247891894,14,11013,19391,85325,0.7863539952,1.461803262,6.561774134,1803.82527
weekly,2026-08-13,subcategory,Lifestyle,가드닝,91960,0.0001571305399,1,100,1190,6240,0.02066115702,0.2396207073,1.678438317,19
weekly,2026-08-13,subcategory,Kit Package,슬리브박스,18500747,0.03161192219,3,600,1050,3246,0.08251134262,0.1509032664,0.4778335578,2560.000423
weekly,2026-08-13,subcategory,Drinkware,리유저블컵,4485390,0.00766411214,4,1600,3360,6908,0.5731697964,1.004263134,1.858058597,1466.236403
weekly,2026-08-13,subcategory,Kit Package,지퍼백,3668005,0.006267459831,3,3520,4120,4920,0.7812240833,1.127894048,1.645877393,572.7526612
weekly,2026-08-13,subcategory,Lifestyle,구강가전,29642016,0.05064882534,1,600,2050,4630,0.1668984701,1.409551194,2.981908312,8364
weekly,2026-08-13,subcategory,Drinkware,보틀,30494900,0.0521061342,3,1050,1700,3290,0.1590038185,0.2454066161,0.5876344775,4629.282601
weekly,2026-08-13,subcategory,Tech,충전패드,77081600,0.1317080625,2,700,1701,7141,0.2267573696,0.5064364795,4.031077034,25600
weekly,2026-08-13,subcategory,Lifestyle,도시락,25891680,0.04424068788,2,200,600,900,0.0773993808,0.2186173001,0.3223568525,10020
weekly,2026-08-13,subcategory,Lifestyle,우산,38472480,0.06573729397,2,1529,3765,8158,0.2764014566,0.8716260047,2.759542605,6990.729732
weekly,2026-08-13,subcategory,Awards & Recognition,트로피,9366000,0.01600353019,2,834,1864,3130,0.3116009714,0.6134881216,0.9079082687,3500
weekly,2026-08-13,subcategory,Tech,PC/ 노트북 악세사리,17795301,0.03040653821,6,7167,12445,23183,1.679129373,2.368105237,4.638864306,4373.550635
weekly,2026-08-13,subcategory,Drinkware,텀블러,117031860,0.1999704148,13,1615,5203,12696,0.1823525453,0.543560921,1.415659566,13491.58606
weekly,2026-08-13,subcategory,Stationery,포스트잇,5831090,0.009963487602,5,1620,2790,10140,0.6998327235,1.106813062,3.623383724,2165.161488
weekly,2026-08-13,subcategory,Lifestyle,세제,1269080,0.002168456129,2,0,0,0,0,0,0,1192.378889
weekly,2026-08-13,subcategory,Lifestyle,타월,15068240,0.02574685392,5,2250,6206,15313,0.3653553725,1.105614252,2.490475272,2596.343557
weekly,2026-08-13,subcategory,Stationery,다이어리,31790712,0.05432026686,9,1700,5155,25137,0.2606773995,0.598591728,2.435037821,5061.580885
weekly,2026-08-13,subcategory,Bag&pouch,보냉백,9741620,0.01664534591,1,520,520,520,0.3496973773,0.4654285075,0.4654285075,6538
weekly,2026-08-13,subcategory,Fragrance,디퓨저,9384200,0.01603462824,2,400,400,4361,0.2899379219,0.5555735188,6.075892905,6802.088617
weekly,2026-08-13,subcategory,Bag&pouch,하드케이스 파우치,13731430,0.02346266866,6,2680,5037,11754,1.627028993,3.473034863,5.611877653,8931.144615
weekly,2026-08-13,subcategory,Tech,배터리,11634696,0.01988001375,2,1476,3248,9240,1.075331034,1.737172567,4.915440813,8996.655103
weekly,2026-08-13,subcategory,Fragrance,샤쉐,1519760,0.002596788923,4,700,5360,23760,0.4477791778,2.338322235,8.805881662,971.8471338
weekly,2026-08-13,subcategory,Tech,충전기,30314414,0.05179774074,4,2280,4808,9201,1.817387289,3.191256978,5.836014494,21036.74729
weekly,2026-08-13,subcategory,Lifestyle,여권케이스,3284100,0.00561148767,1,500,920,2070,0.6242197253,1.082352941,2.941835744,4100
weekly,2026-08-13,subcategory,Lifestyle,모바일 악세사리,904608,0.001545688815,2,3600,5050,9290,4.648160103,1.886040729,4.307823844,1296
weekly,2026-08-13,subcategory,Lifestyle,미분류,10919585,0.01865811534,1,300,300,500,0.3588516746,0.3162544538,0.4783970154,15941
weekly,2026-08-13,subcategory,Lifestyle,캠핑,16473760,0.02814844283,3,200,1290,1340,0.1676170181,0.7364229709,0.6025197705,14538.89901
weekly,2026-08-13,subcategory,Tech,계절가전,3907000,0.006675826657,4,865,7679,15221,1.058861935,2.519293737,4.578755166,5397.747632
weekly,2026-08-13,subcategory,Stationery,메모패드,2797846,0.004780633455,3,980,2420,5680,1.10049112,2.026337611,4.164725528,3247.944013
weekly,2026-08-13,subcategory,Tech,시계,2283400,0.003901608034,1,1750,2481,4076,7.172131148,8.449039163,11.5110978,4900
weekly,2026-08-13,subcategory,Lifestyle,네임택,26200,0.00004476750919,1,300,1300,4020,1.145038168,1.471799094,1.996418306,100
weekly,2026-08-13,subcategory,Stationery,미분류,28560,0.00004880000239,1,0,0,3553,0,0,7.18349467,120
weekly,2026-08-13,subcategory,Drinkware,머그컵,510000,0.0008714286141,1,0,100,544,0,0.4207573633,1.289099526,2500
weekly,2026-08-13,subcategory,Bag&pouch,노트북백,3161784,0.005402488332,1,201,906,2031,1.066312997,1.629762878,3.390822625,16818
weekly,2026-08-13,subcategory,Lifestyle,구강관리,244800,0.0004182857348,1,550,2400,6820,2.689486553,2.764397906,5.533128457,1600
weekly,2026-08-13,subcategory,Tech,건강가전,3094875,0.005288162023,2,180,499,1040,1.374045802,1.919324225,1.834256268,23625
weekly,2026-08-13,subcategory,Lifestyle,명함지갑,0,0,1,800,1500,2805,0,0,0,0
weekly,2026-08-13,subcategory,Lifestyle,골프,0,0,1,302,752,1102,0,0,0,0
weekly,2026-08-20,category,,Stationery,68277308,0.1181404722,39,15313,30156,132445,0.690877099,1.169386986,4.566557131,3307.646291
weekly,2026-08-20,category,,Lifestyle,138215137,0.2391541499,24,11231,27323,63188,0.6709906288,1.695084061,3.859369872,8659.279005
weekly,2026-08-20,category,,Kit Package,20537811,0.03553664842,6,4120,5170,8166,0.4647568097,0.6129840242,1.009312982,2366.289819
weekly,2026-08-20,category,,Drinkware,149960643,0.2594774413,21,4265,10363,23438,0.3190553127,0.7157002652,1.744617721,11452.63446
weekly,2026-08-20,category,,Tech,156952445,0.2715753815,21,14618,32931,68771,2.049464066,3.843384873,9.980741539,20836.38194
weekly,2026-08-20,category,,Awards & Recognition,9019500,0.01560647337,2,834,1864,3130,0.3155107188,0.6213505931,0.9147012308,3500
weekly,2026-08-20,category,,Fragrance,10905760,0.01887027585,6,1100,5760,28121,0.6041146909,4.63622537,21.68369257,5988.548657
weekly,2026-08-20,category,,Bag&pouch,24064654,0.04163915758,7,3401,6203,13598,1.173687976,1.936460776,3.658659684,9072.90277
weekly,2026-08-20,sub_category,,Product Parts,577933258,1,126,54882,119770,340857,1.095192508,2.206690263,6.574061047,11721.52432
weekly,2026-08-20,sourcing,,해당없음,228833864,0.3218430493,195,71299,174685,470085,0.8305775151,1.814407689,4.600111462,2663.155641
weekly,2026-08-20,sourcing,,직소싱,188075118,0.2645179713,39,35618,54751,98877,1.628583949,2.673943849,5.299882519,8383.503848
weekly,2026-08-20,sourcing,,중개소싱,141972925,0.1996776102,15,5238,13982,42587,0.6412961121,1.551528503,6.063227408,17977.8983
weekly,2026-08-20,sourcing,,국내소싱,152128831,0.2139613692,41,20586,45029,144778,1.821557177,3.570049851,11.14736969,14289.62251
weekly,2026-08-20,production,,국내생산,228833864,0.3218430493,195,71299,174685,470085,0.8305775151,1.814407689,4.600111462,2663.155641
weekly,2026-08-20,production,,해외생산,482176874,0.6781569507,95,61442,113762,286242,1.633496128,2.893692052,7.990559817,13071.89786
weekly,2026-08-20,procurement,,직소싱,164517184,0.2846646766,24,13874,24121,43642,0.8362147765,1.558082385,3.00184564,9464.850119
weekly,2026-08-20,procurement,,중개소싱,133625485,0.2312126585,11,4688,11742,31997,0.644500258,1.457512786,5.076511641,19021.08108
weekly,2026-08-20,procurement,,국내소싱,150683931,0.2607289491,37,19856,42219,137898,1.788612069,3.406232427,10.80911633,14413.79666
weekly,2026-08-20,procurement,,국내생산,129106658,0.2233937158,54,16464,41688,127320,0.4864887757,1.030426626,2.98451905,3899.872658
weekly,2026-08-20,first_order,,N,624635420,0.8785175619,266,129787,281200,745347,2.073522718,4.145837848,11.50977445,10101.16941
weekly,2026-08-20,first_order,,Y,86375318,0.1214824381,24,2954,7247,10980,0.2341795122,0.5938395179,0.8881129136,6979.295287
weekly,2026-08-20,new_product,,N,572811968,0.8056305445,243,100400,224858,642695,1.684931315,3.467155354,10.36474228,9846.910395
weekly,2026-08-20,new_product,,Y,138198770,0.1943694555,47,32341,63589,113632,2.228865145,4.444029654,8.055499093,9203.836788
weekly,2026-08-20,season,,미분류,634839757,0.8928694365,265,127774,269311,704909,1.980025891,4.062312228,11.58760739,9907.520579
weekly,2026-08-20,season,,여름,23581695,0.03316644003,10,2765,11539,22929,1.016067139,2.721132407,4.747372657,9338.315646
weekly,2026-08-20,season,,겨울,36115526,0.05079462808,11,1700,5555,26047,0.2022978257,0.5156930452,2.023894185,4512.614441
weekly,2026-08-20,season,,봄가을,16473760,0.02316949537,4,502,2042,2442,0.4143228306,1.174497549,1.028116035,14538.89901
weekly,2026-08-20,subcategory,Stationery,노트,9941562,0.01720192057,8,0,400,2910,0,0.07426582349,0.4992695112,1900.922809
weekly,2026-08-20,subcategory,Stationery,펜,22044854,0.03814429036,14,11013,19391,85325,0.8796239481,1.575847345,7.040119464,1932.10336
weekly,2026-08-20,subcategory,Lifestyle,가드닝,89965,0.0001556667639,1,100,1190,6240,0.02081165453,0.2405538804,1.665038544,19
weekly,2026-08-20,subcategory,Kit Package,슬리브박스,18510256,0.03202836269,3,600,1050,3246,0.0826766238,0.1504293771,0.4769840455,2560.288669
weekly,2026-08-20,subcategory,Drinkware,리유저블컵,4256910,0.007365746721,4,1600,3360,6908,0.5584718002,1.002622285,1.846478832,1447.708995
weekly,2026-08-20,subcategory,Tech,충전패드,77081600,0.1333745704,2,700,1701,7141,0.2286336418,0.5108441688,3.949792382,25600
weekly,2026-08-20,subcategory,Lifestyle,도시락,25891680,0.04480046725,2,200,600,900,0.0773993808,0.2196880627,0.3238643939,10020
weekly,2026-08-20,subcategory,Lifestyle,구강가전,26212776,0.04535606082,1,600,2050,4630,0.1743510267,1.285803889,2.895186949,8364
weekly,2026-08-20,subcategory,Drinkware,보틀,28811400,0.0498524693,3,1050,1700,3290,0.1640139443,0.2504044375,0.5924965221,4683.582193
weekly,2026-08-20,subcategory,Lifestyle,우산,35090655,0.06071748686,2,1529,3765,8158,0.2850506394,0.8595475691,2.684031985,6986.966827
weekly,2026-08-20,subcategory,Awards & Recognition,트로피,9019500,0.01560647337,2,834,1864,3130,0.3155107188,0.6213505931,0.9147012308,3500
weekly,2026-08-20,subcategory,Tech,PC/ 노트북 악세사리,15079336,0.02609182945,7,7367,12645,23383,1.804475385,2.446259893,4.685001648,4279.470261
weekly,2026-08-20,subcategory,Drinkware,텀블러,116382333,0.2013767704,13,1615,5203,12696,0.18451828,0.5475592406,1.41532843,13533.54981
weekly,2026-08-20,subcategory,Stationery,포스트잇,5202610,0.009002094841,5,1620,2790,10140,0.6516190729,1.047708404,3.430791148,2041.553393
weekly,2026-08-20,subcategory,Lifestyle,구강관리,3337600,0.005775061313,1,550,2400,6820,0.6613226453,2.475077346,5.422698253,1600
weekly,2026-08-20,subcategory,Lifestyle,세제,1269080,0.0021958937,2,0,0,0,0,0,0,1192.378889
weekly,2026-08-20,subcategory,Lifestyle,타월,14711240,0.02545491161,5,2250,6206,15313,0.3725368274,1.096447207,2.478710419,2576.841098
weekly,2026-08-20,subcategory,Stationery,다이어리,29983926,0.05188129526,8,1700,5155,24837,0.2706960681,0.6187459375,2.464581834,5062.006495
weekly,2026-08-20,subcategory,Kit Package,지퍼백,2027555,0.003508285727,3,3520,4120,4920,0.8743159483,1.175135973,1.701183831,595.2067268
weekly,2026-08-20,subcategory,Fragrance,디퓨저,9386000,0.01624062964,2,400,400,4361,0.2898662381,0.5160558242,5.729356821,6800.841679
weekly,2026-08-20,subcategory,Bag&pouch,하드케이스 파우치,12207330,0.02112238711,5,2680,4777,11047,1.730175017,3.351448644,6.025029446,8872.533314
weekly,2026-08-20,subcategory,Tech,배터리,14805470,0.02561795812,2,1476,3248,9240,0.9628905676,1.675409009,4.710594413,8590.144638
weekly,2026-08-20,subcategory,Fragrance,샤쉐,1519760,0.002629646207,4,700,5360,23760,0.4477300607,2.401931854,8.916135779,971.8471338
weekly,2026-08-20,subcategory,Tech,건강가전,22136625,0.03830308205,1,180,369,509,0.4732690622,1.283953524,1.608149981,23625
weekly,2026-08-20,subcategory,Tech,충전기,23942414,0.04142764527,4,2280,4808,9201,2.089806386,3.635935493,6.638685985,23441.77436
weekly,2026-08-20,subcategory,Lifestyle,여권케이스,3284100,0.005682490071,1,500,920,2070,0.6242197253,1.087577579,2.929912506,4100
weekly,2026-08-20,subcategory,Lifestyle,모바일 악세사리,908496,0.001571973904,2,3600,5050,9290,4.8,2.009667991,4.395071502,1296
weekly,2026-08-20,subcategory,Lifestyle,미분류,10919585,0.0188941973,1,300,300,500,0.3818413237,0.3237516148,0.4832952998,15941
weekly,2026-08-20,subcategory,Lifestyle,캠핑,16473760,0.02850460632,3,200,1290,1340,0.1704800107,0.7587528834,0.6113395905,14538.89901
weekly,2026-08-20,subcategory,Tech,계절가전,3907000,0.006760296186,4,865,7679,15221,1.100672254,2.69024348,4.714469929,5397.747632
weekly,2026-08-20,subcategory,Stationery,메모패드,1075796,0.001861453697,3,980,2420,5680,0.7737717825,1.198661187,2.367974889,1805.588296
weekly,2026-08-20,subcategory,Lifestyle,네임택,26200,0.00004533395446,1,300,1300,4020,1.145038168,1.563439567,2.048837523,100
weekly,2026-08-20,subcategory,Stationery,미분류,28560,0.00004941747097,1,0,0,3553,0,0,7.294806763,120
weekly,2026-08-20,subcategory,Drinkware,머그컵,510000,0.0008824548388,1,0,100,544,0,0.4294478528,1.312479201,2500
weekly,2026-08-20,subcategory,Bag&pouch,노트북백,3161784,0.005470846255,1,201,906,2031,1.067256637,1.724892908,3.460659517,16818
weekly,2026-08-20,subcategory,Bag&pouch,보냉백,8695540,0.01504592421,1,520,520,520,0.3624535316,0.4483531643,0.4483531643,6538
weekly,2026-08-20,subcategory,Tech,시계,0,0,1,1750,2481,4076,0,0,0,0
weekly,2026-08-20,subcategory,Lifestyle,명함지갑,0,0,1,800,1500,2805,0,0,0,0
weekly,2026-08-20,subcategory,Lifestyle,골프,0,0,1,302,752,1102,0,0,0,0
weekly,2026-08-27,category,,Stationery,164013917,0.2499853017,39,15313,30156,132445,0.8225862096,1.702114191,6.977191441,5156.294591
weekly,2026-08-27,category,,Lifestyle,133585390,0.2036070147,24,11231,27323,63188,0.6835325099,1.699487744,3.861454889,8648.39391
weekly,2026-08-27,category,,Kit Package,20087954,0.03061748254,6,4120,5170,8166,0.4687960403,0.6114544547,1.005884329,2361.570749
weekly,2026-08-27,category,,Drinkware,145047103,0.2210766285,21,4265,10363,23438,0.3224623074,0.7204007019,1.743064195,11422.82847
weekly,2026-08-27,category,,Tech,156820600,0.2390214545,22,14303,29659,64924,1.93138509,3.476145994,9.479057595,20421.56378
weekly,2026-08-27,category,,Awards & Recognition,8606500,0.01311778011,2,834,1864,3130,0.3211088651,0.6300899683,0.9221147614,3500
weekly,2026-08-27,category,,Fragrance,10484110,0.01597957935,6,1100,5760,28121,0.6305500967,4.646265253,21.80690875,6190.395479
weekly,2026-08-27,category,,Bag&pouch,17448668,0.02659475862,7,3401,6203,13598,1.171577309,1.831711384,3.404759086,8295.12044
weekly,2026-08-27,sub_category,,Product Parts,656094242,1,127,54567,116498,337010,0.9823704951,1.998527026,6.068158458,10894.12803
weekly,2026-08-27,sourcing,,해당없음,315006255,0.40059905,195,71299,174685,470085,1.087829703,2.556077083,6.565766154,3817.540559
weekly,2026-08-27,sourcing,,직소싱,183631197,0.2335270551,39,35618,54751,98877,1.595523477,2.602144777,5.15833142,8216.447615
weekly,2026-08-27,sourcing,,중개소싱,132801816,0.1688864284,15,5238,13982,42587,0.6545307395,1.567438172,6.031537394,17910.35233
weekly,2026-08-27,sourcing,,국내소싱,154898730,0.1969874665,42,20271,41757,140931,1.794070887,3.380312923,11.0894492,14196.82967
weekly,2026-08-27,production,,국내생산,315006255,0.40059905,195,71299,174685,470085,1.087829703,2.556077083,6.565766154,3817.540559
weekly,2026-08-27,production,,해외생산,471331743,0.59940095,96,61127,110490,282395,1.620295409,2.808513447,7.852702995,12913.18567
weekly,2026-08-27,procurement,,국내생산,217238225,0.3311082633,54,16464,41688,127320,0.5399992469,1.291231113,3.815567402,5027.911808
weekly,2026-08-27,procurement,,직소싱,160668711,0.2448866347,24,13874,24121,43642,0.8146099747,1.512809352,2.922080868,9273.644398
weekly,2026-08-27,procurement,,국내소싱,153470630,0.2339155264,38,19541,38947,134051,1.760113237,3.208090985,10.73774224,14316.35815
weekly,2026-08-27,procurement,,중개소싱,124716676,0.1900895756,11,4688,11742,31997,0.659657753,1.476158066,5.06201874,18988.59974
weekly,2026-08-27,first_order,,N,702309042,0.893138884,267,129472,277928,741500,1.899416115,3.879031912,10.86395797,9540.731351
weekly,2026-08-27,first_order,,Y,84028956,0.106861116,24,2954,7247,10980,0.2376596479,0.5946933025,0.8887109095,7002.366775
weekly,2026-08-27,new_product,,N,646074746,0.8216247309,245,100085,222486,647702,1.538511664,3.235863498,9.874200311,9265.619633
weekly,2026-08-27,new_product,,Y,140263252,0.1783752691,46,32341,62689,104778,2.231261326,4.415893939,7.490127766,9287.255179
weekly,2026-08-27,season,,미분류,612592380,0.7790446113,265,127774,269311,704909,1.991462442,4.063045072,11.52296109,9866.176537
weekly,2026-08-27,season,,겨울,134878691,0.1715276272,13,1700,5755,26497,0.1599738868,0.6083121458,2.567568486,5868.355097
weekly,2026-08-27,season,,여름,22271175,0.02832264886,9,2450,8067,18632,0.9530392453,2.214250151,4.508794421,9579.756191
weekly,2026-08-27,season,,봄가을,16595752,0.02110511261,4,502,2042,2442,0.4183975086,1.204304706,1.03938295,14469.39061
weekly,2026-08-27,subcategory,Stationery,다이어리,128479591,0.1958249025,8,1700,5155,24837,0.1838210785,0.6390591931,2.823690278,6051.211572
weekly,2026-08-27,subcategory,Stationery,노트,9941562,0.01515264327,8,0,400,2910,0,0.07443186479,0.5007389841,1900.922809
weekly,2026-08-27,subcategory,Stationery,펜,20429949,0.0311387415,14,11013,19391,85325,0.9037735013,1.573169688,6.977126638,1908.003155
weekly,2026-08-27,subcategory,Lifestyle,가드닝,90041,0.0001372379061,1,100,1190,6240,0.0208833664,0.2413341237,1.652548954,19
weekly,2026-08-27,subcategory,Lifestyle,모바일 악세사리,6105456,0.009305760681,2,3600,5050,9290,2.068668295,1.882964529,4.24600516,1296
weekly,2026-08-27,subcategory,Kit Package,슬리브박스,18060399,0.02752714144,3,600,1050,3246,0.08324572084,0.150282293,0.4764088045,2559.872027
weekly,2026-08-27,subcategory,Drinkware,리유저블컵,4257390,0.006488991562,4,1600,3360,6908,0.5547491495,1.012062665,1.857660391,1447.572832
weekly,2026-08-27,subcategory,Lifestyle,도시락,25891680,0.03946335502,2,200,600,900,0.0773993808,0.2206023192,0.3252063357,10020
weekly,2026-08-27,subcategory,Lifestyle,구강가전,25376376,0.03867794347,1,600,2050,4630,0.1796676149,1.202291798,2.822826485,8364
weekly,2026-08-27,subcategory,Tech,충전패드,71936000,0.1096427851,2,700,1701,7141,0.2334305961,0.5170528217,3.888219381,25600
weekly,2026-08-27,subcategory,Drinkware,보틀,27825900,0.04241143759,3,1050,1700,3290,0.1668976483,0.2526496471,0.5911970563,4680.179617
weekly,2026-08-27,subcategory,Awards & Recognition,트로피,8606500,0.01311778011,2,834,1864,3130,0.3211088651,0.6300899683,0.9221147614,3500
weekly,2026-08-27,subcategory,Lifestyle,우산,32077980,0.04889233581,2,1529,3765,8158,0.2952330024,0.8550178477,2.628141642,6975.888329
weekly,2026-08-27,subcategory,Tech,PC/ 노트북 악세사리,15969291,0.02433993469,7,7367,12645,23383,1.899816219,2.574573852,4.860426932,4502.688867
weekly,2026-08-27,subcategory,Drinkware,텀블러,112853813,0.1720085405,13,1615,5203,12696,0.1858527296,0.549706599,1.411484802,13470.34757
weekly,2026-08-27,subcategory,Stationery,포스트잇,4247430,0.006473810816,5,1620,2790,10140,0.687528606,1.07850166,3.501828748,2066.197465
weekly,2026-08-27,subcategory,Lifestyle,구강관리,3256000,0.004962701685,1,550,2400,6820,0.4856512141,2.282203204,5.328600768,1600
weekly,2026-08-27,subcategory,Lifestyle,세제,1269080,0.001934295287,2,0,0,0,0,0,0,1192.378889
weekly,2026-08-27,subcategory,Lifestyle,타월,10804640,0.01646812197,5,2250,6206,15313,0.3783524081,1.049365714,2.353065538,2417.018599
weekly,2026-08-27,subcategory,Kit Package,지퍼백,2027555,0.003090341098,3,3520,4120,4920,0.9092972378,1.177707146,1.692582964,595.2067268
weekly,2026-08-27,subcategory,Fragrance,디퓨저,9386000,0.01430587163,2,400,400,4361,0.2898569724,0.486825628,5.456330527,6800.841679
weekly,2026-08-27,subcategory,Bag&pouch,보냉백,6707988,0.01022412265,1,520,520,520,0.3902439024,0.4571428571,0.4571428571,6538
weekly,2026-08-27,subcategory,Fragrance,샤쉐,1098110,0.001673707723,4,700,5360,23760,0.4814814161,2.498829508,9.072899895,972.6595241
weekly,2026-08-27,subcategory,Bag&pouch,하드케이스 파우치,9311150,0.0141917874,5,2680,4777,11047,1.750387652,3.181786939,5.675398001,8252.486696
weekly,2026-08-27,subcategory,Tech,건강가전,22113000,0.03370399949,1,180,369,509,0.3466538276,1.094025789,1.522983578,23625
weekly,2026-08-27,subcategory,Tech,배터리,11099049,0.01691685171,4,1476,3448,9690,0.9928021761,1.806516192,4.934166247,8644.079506
weekly,2026-08-27,subcategory,Tech,충전기,31122760,0.04743641692,4,2280,4808,9201,1.757254331,3.221678163,5.88509556,20780.38065
weekly,2026-08-27,subcategory,Lifestyle,미분류,10919585,0.01664331784,1,300,300,500,0.3944773176,0.3303786846,0.4880064505,15941
weekly,2026-08-27,subcategory,Lifestyle,캠핑,16473760,0.02510883185,3,200,1290,1340,0.1719484991,0.7787329805,0.6198952327,14538.89901
weekly,2026-08-27,subcategory,Stationery,메모패드,886825,0.001351673195,3,980,2420,5680,0.9065457803,1.262922076,2.404324002,1791.649903
weekly,2026-08-27,subcategory,Tech,시계,1984500,0.003024717903,1,1750,2481,4076,7.838745801,8.872727987,11.79976486,4900
weekly,2026-08-27,subcategory,Tech,계절가전,2596000,0.00395674864,3,550,4207,10924,0.7869486437,2.085400522,4.931680943,5480.739599
weekly,2026-08-27,subcategory,Lifestyle,여권케이스,1193100,0.001818488753,1,500,920,2070,0.7423904974,1.145374449,2.979985955,4100
weekly,2026-08-27,subcategory,Stationery,미분류,28560,0.00004353033173,1,0,0,3553,0,0,7.402964639,120
weekly,2026-08-27,subcategory,Bag&pouch,노트북백,1429530,0.002178848569,1,201,906,2031,1.236923077,1.843769568,3.547332701,16818
weekly,2026-08-27,subcategory,Lifestyle,네임택,5700,0.000008687776291,1,300,1300,4020,1.423487544,1.68410563,2.107296909,100
weekly,2026-08-27,subcategory,Drinkware,머그컵,110000,0.0001676588407,1,0,100,544,0,0.4778972521,1.352785146,2500
weekly,2026-08-27,subcategory,Lifestyle,골프,121992,0.0001859367027,1,302,752,1102,3.412429379,8.497175141,2.181834105,5083
weekly,2026-08-27,subcategory,Lifestyle,명함지갑,0,0,1,800,1500,2805,0,0,0,0
weekly,2026-09-03,category,,Stationery,169362526,0.2552411679,39,350,23343,132795,0.01101374021,1.281732534,7.087781067,5329.471037
weekly,2026-09-03,category,,Lifestyle,131102464,0.1975805795,23,365,17645,62451,0.02222638914,1.054485484,3.596397873,7983.381869
weekly,2026-09-03,category,,Kit Package,20087954,0.03027395116,6,0,4670,8166,0,0.5321159212,1.004550844,2361.570749
weekly,2026-09-03,category,,Drinkware,138154191,0.2082080251,21,320,6831,23758,0.02989149615,0.5621710488,1.999333004,12905.11084
weekly,2026-09-03,category,,Tech,155680898,0.234621998,22,865,22133,65789,0.1149731754,2.775560929,9.682719044,20692.63259
weekly,2026-09-03,category,,Awards & Recognition,8606500,0.01297059724,2,0,1720,3130,0,0.6243194192,0.9292276228,3500
weekly,2026-09-03,category,,Fragrance,10323295,0.01555792734,6,0,3140,28121,0,2.34523862,21.59461023,6272.139775
weekly,2026-09-03,category,,Bag&pouch,30221394,0.04554575374,7,440,4579,14038,0.2005436085,2.380389564,5.885735361,13774.33502
weekly,2026-09-03,sub_category,,Product Parts,663539222,1,126,2340,84061,338248,0.03992537975,1.540617749,6.335555585,11321.3912
weekly,2026-09-03,sourcing,,해당없음,328886190,0.4125539956,196,2355,121029,472440,0.02788885348,1.787669461,6.649043843,3894.802022
weekly,2026-09-03,sourcing,,직소싱,161799424,0.2029607836,39,2255,44419,101132,0.1099597364,2.009286656,5.08361715,7889.765859
weekly,2026-09-03,sourcing,,중개소싱,147057727,0.1844688366,15,100,9924,42687,0.01235167748,1.213000752,6.10373642,18164.09615
weekly,2026-09-03,sourcing,,국내소싱,159452162,0.2000163842,41,700,30103,140529,0.06679921378,2.707696608,11.98980413,15216.11294
weekly,2026-09-03,production,,국내생산,328886190,0.4125539956,196,2355,121029,472440,0.02788885348,1.787669461,6.649043843,3894.802022
weekly,2026-09-03,production,,해외생산,468309313,0.5874460044,95,3055,84446,284348,0.08878831257,2.335192562,8.370919249,13610.60349
weekly,2026-09-03,procurement,,국내생산,226068105,0.3407004402,54,270,28936,127590,0.006164722527,0.9202252606,3.888832975,5161.656073
weekly,2026-09-03,procurement,,직소싱,140743168,0.2121097945,24,1270,18208,44912,0.08079736902,1.102812938,2.916582379,8954.076915
weekly,2026-09-03,procurement,,국내소싱,157738462,0.2377228908,37,700,28313,133649,0.06820152832,2.5956026,11.62751711,15368.5774
weekly,2026-09-03,procurement,,중개소싱,138989487,0.2094668746,11,100,8604,32097,0.01377393993,1.176995066,5.097114488,19144.32845
weekly,2026-09-03,first_order,,N,718768928,0.9016219049,266,5210,199343,745608,0.07220342859,2.964998485,11.40229185,9961.147979
weekly,2026-09-03,first_order,,Y,78426575,0.09837809509,25,200,6132,11180,0.01610070679,0.4492937076,0.8048326036,6313.616442
weekly,2026-09-03,new_product,,N,666448630,0.8359914569,244,2955,157644,649555,0.04312620892,2.465237322,10.39377638,9726.363063
weekly,2026-09-03,new_product,,Y,130746873,0.1640085431,47,2455,47831,107233,0.1684270935,3.204021134,7.329837986,8969.986071
weekly,2026-09-03,season,,미분류,621850897,0.7800481747,266,5410,195500,710319,0.08908897111,3.10691921,11.9958244,10240.30621
weekly,2026-09-03,season,,겨울,138774696,0.1740786237,13,0,4255,26497,0,0.416227611,2.585564859,6121.415827
weekly,2026-09-03,season,,여름,20907815,0.02622670966,9,0,4660,18632,0,1.597056149,4.820907294,10086.42272
weekly,2026-09-03,season,,봄가을,15662095,0.01964649191,3,0,1060,1340,0,0.7861606674,0.6255718214,14467.5846
weekly,2026-09-03,subcategory,Stationery,다이어리,132375596,0.1994992784,8,0,3855,24837,0,0.4330709836,2.828151771,6311.123649
weekly,2026-09-03,subcategory,Stationery,노트,9918975,0.01494858883,8,0,400,2910,0,0.07667059754,0.5032750036,1905.130808
weekly,2026-09-03,subcategory,Stationery,펜,22161780,0.03339935194,14,350,15688,85675,0.0273922445,1.160399712,6.381161019,1734.459704
weekly,2026-09-03,subcategory,Lifestyle,가드닝,90041,0.0001356980824,1,0,270,6240,0,0.05609107529,1.640924066,19
weekly,2026-09-03,subcategory,Lifestyle,모바일 악세사리,6137856,0.00925017813,2,0,3910,9290,0,1.529221722,4.112951827,1296
weekly,2026-09-03,subcategory,Kit Package,슬리브박스,18060399,0.02721828402,3,0,600,3246,0,0.082289728,0.4759397824,2559.872027
weekly,2026-09-03,subcategory,Drinkware,리유저블컵,2894030,0.004361505551,4,0,2260,6908,0,0.6589609812,1.660015198,1276.944503
weekly,2026-09-03,subcategory,Lifestyle,도시락,22512492,0.03392789944,2,0,600,900,0,0.2078035257,0.2972534405,9063
weekly,2026-09-03,subcategory,Tech,충전패드,71961600,0.1084511625,2,0,1701,7141,0,0.5394348777,3.831747113,25600
weekly,2026-09-03,subcategory,Lifestyle,구강가전,24506520,0.03693303905,1,0,900,4630,0,0.4436119874,2.762484048,8364
weekly,2026-09-03,subcategory,Drinkware,보틀,25302650,0.03813286263,3,50,1150,3340,0.008213160957,0.1556163208,0.5352876339,4156.294742
weekly,2026-09-03,subcategory,Awards & Recognition,트로피,8606500,0.01297059724,2,0,1720,3130,0,0.6243194192,0.9292276228,3500
weekly,2026-09-03,subcategory,Lifestyle,우산,26814855,0.04041186129,2,165,2225,8323,0.03736897965,0.4468450352,2.310493992,6072.99255
weekly,2026-09-03,subcategory,Drinkware,텀블러,109847511,0.1655478792,13,270,3421,12966,0.03745211441,0.4294921298,1.631054207,15237.11685
weekly,2026-09-03,subcategory,Lifestyle,타월,18789240,0.02831669836,5,0,3670,15313,0,0.6846082266,2.780225468,2864.143299
weekly,2026-09-03,subcategory,Stationery,포스트잇,3990790,0.006014399553,5,0,2020,10140,0,0.8530515186,3.534604387,2066.246608
weekly,2026-09-03,subcategory,Lifestyle,세제,1269080,0.00191259229,2,0,0,0,0,0,0,1192.378889
weekly,2026-09-03,subcategory,Lifestyle,구강관리,3009600,0.004535677621,1,0,1210,6820,0,1.170778907,5.259978148,1600
weekly,2026-09-03,subcategory,Tech,PC/ 노트북 악세사리,15026037,0.02264528833,7,765,9816,24148,0.2514540732,2.21911667,5.4664263,4939.030338
weekly,2026-09-03,subcategory,Kit Package,지퍼백,2027555,0.003055667145,3,0,4070,4920,0,1.175401526,1.6845394,595.2067268
weekly,2026-09-03,subcategory,Fragrance,디퓨저,9386000,0.01414535824,2,0,400,4361,0,0.409477119,5.235151402,6800.841679
weekly,2026-09-03,subcategory,Bag&pouch,노트북백,18204000,0.02743470076,1,100,506,2131,0.1016260163,1.3701369,3.995401136,18500
weekly,2026-09-03,subcategory,Tech,건강가전,22089375,0.03329023254,1,0,369,509,0,0.8771095793,1.450551801,23625
weekly,2026-09-03,subcategory,Bag&pouch,보냉백,6072708,0.009151995539,1,0,520,520,0,0.4708813123,0.4708813123,6558
weekly,2026-09-03,subcategory,Fragrance,샤쉐,937295,0.001412569098,4,0,2740,23760,0,1.527208531,9.283456327,977.7595901
weekly,2026-09-03,subcategory,Tech,배터리,10519610,0.01585378777,4,0,2331,9690,0,1.331940383,4.938149187,8559.28072
weekly,2026-09-03,subcategory,Tech,충전기,30278776,0.04563223242,4,100,3716,9301,0.07233389927,2.782523137,6.275972353,21901.81933
weekly,2026-09-03,subcategory,Lifestyle,미분류,10919585,0.01645657806,1,0,300,500,0,0.3463403371,0.4925409903,15941
weekly,2026-09-03,subcategory,Bag&pouch,하드케이스 파우치,5944686,0.008959057435,5,340,3553,11387,0.3817696055,1.909132059,4.827848196,6675.001263
weekly,2026-09-03,subcategory,Tech,시계,3209500,0.004836940898,1,0,2100,4076,0,6.754428286,11.51315635,4900
weekly,2026-09-03,subcategory,Lifestyle,캠핑,15662095,0.02360387221,3,0,1060,1340,0,0.7861606674,0.6255718214,14467.5846
weekly,2026-09-03,subcategory,Stationery,메모패드,886825,0.001336507279,3,0,1380,5680,0,0.9611985365,2.458302737,1791.649903
weekly,2026-09-03,subcategory,Tech,계절가전,2596000,0.003912353504,3,0,2100,10924,0,1.706357676,5.078509675,5480.739599
weekly,2026-09-03,subcategory,Lifestyle,여권케이스,1094700,0.001649789438,1,0,600,2070,0,0.8609556608,3.031832394,4100
weekly,2026-09-03,subcategory,Stationery,미분류,28560,0.00004304191682,1,0,0,3553,0,0,7.508100493,120
weekly,2026-09-03,subcategory,Lifestyle,명함지갑,296400,0.0004466955233,1,100,1500,2905,1.754385965,3.360967959,4.855347143,5200
weekly,2026-09-03,subcategory,Drinkware,머그컵,110000,0.0001657776908,1,0,0,544,0,0,1.39279815,2500
weekly,2026-09-03,subcategory,Lifestyle,네임택,0,0,1,100,1400,4120,0,0,0,0
monthly,26-1,category,,Drinkware,33094193.2,0.08349642656,14,3412,13566,3412,0.5240029023,2.083418339,0.5240029023,5082.48924
monthly,26-1,category,,Stationery,93531706.2,0.2359798648,51,29942,126094,29942,1.306910472,5.503759572,1.306910472,4082.478336
monthly,26-1,category,,Fragrance,2807602,0.007083560937,5,3102,11273,3102,0.9674674161,3.515880136,0.9674674161,875.649082
monthly,26-1,category,,Kit Package,20471302.6,0.05164895859,10,1800,6800,1800,0.2937681456,1.109790772,0.2937681456,3341.009224
monthly,26-1,category,,Tech,66216196.4,0.1670630176,19,6666,22959,6666,1.43323145,4.936327762,1.43323145,14236.89397
monthly,26-1,category,,Lifestyle,124069115.2,0.3130255421,22,7811,33414,7811,0.6533776324,2.795027552,0.6533776324,10378.18266
monthly,26-1,category,,Bag&pouch,36475460.4,0.09202734093,7,1910,6975,1910,0.5134398984,1.874996488,0.5134398984,9805.212923
monthly,26-1,category,,Figure,5905749.4,0.01490016596,2,0,0,0,0,0,0,4231.496901
monthly,26-1,category,,Awards & Recognition,13748700,0.0346878775,2,234,2270,234,0.05956926837,0.5778728171,0.05956926837,3500
monthly,26-1,category,,Wine,34580,0.00008724510711,1,0,0,0,0,0,0,380
monthly,26-1,sub_category,,Product Parts,396354605.4,1,133,54877,223351,54877,1.146463623,4.666140583,1.146463623,8280.447858
monthly,26-1,sourcing,,국내소싱,92852231.4,0.1775884581,41,18140,67202,18140,1.670661467,6.189183676,1.670661467,8551.523985
monthly,26-1,sourcing,,해당없음,271104739,0.5185128225,215,67884,294601,67884,0.7715663927,3.34842129,0.7715663927,3081.363878
monthly,26-1,sourcing,,중개소싱,106818967.2,0.2043011287,18,7300,27828,7300,0.7636794047,2.911187736,0.7636794047,11174.71853
monthly,26-1,sourcing,,직소싱,52074659.8,0.09959759071,17,12048,32215,12048,2.713310557,7.255087949,2.713310557,11727.64975
monthly,26-1,production,,해외생산,251745858.4,0.4814871775,76,37488,127245,37488,1.537006983,5.217041549,1.537006983,10321.57337
monthly,26-1,production,,국내생산,271104739,0.5185128225,215,67884,294601,67884,0.7715663927,3.34842129,0.7715663927,3081.363878
monthly,26-1,procurement,,국내소싱,91150524.2,0.2299721587,36,16415,59726,16415,1.564709417,5.693197358,1.564709417,8688.643531
monthly,26-1,procurement,,국내생산,156102620.6,0.3938458604,72,27261,127290,27261,0.7781769561,3.633547733,0.7781769561,4456.016365
monthly,26-1,procurement,,중개소싱,103020912.2,0.2599210676,14,6650,23876,6650,0.7449888683,2.674790108,0.7449888683,11541.26809
monthly,26-1,procurement,,직소싱,46080548.4,0.1162609133,11,4551,12459,4551,1.297587108,3.552326474,1.297587108,13138.54659
monthly,26-1,first_order,,N,468706492.8,0.8964444052,274,98621,395882,98621,1.213797798,4.872397357,1.213797798,5768.699452
monthly,26-1,first_order,,Y,54144104.6,0.1035555948,17,6751,25964,6751,1.680986052,6.464986202,1.680986052,13481.7782
monthly,26-1,new_product,,N,422632339.2,0.8083233362,240,78947,332251,78947,1.099251948,4.626237335,1.099251948,5884.700141
monthly,26-1,new_product,,Y,100218258.2,0.1916766638,51,26425,89595,26425,2.490825808,8.445242696,2.490825808,9446.593148
monthly,26-1,season,,미분류,376689521.2,0.7204534585,264,98660,372018,98660,1.470173929,5.543595831,1.470173929,5613.208122
monthly,26-1,season,,겨울,62646700,0.1198175928,13,6312,46254,6312,0.5343261519,3.915513598,0.5343261519,5303.195523
monthly,26-1,season,,여름,37070789,0.07090130371,8,400,2764,400,0.1029218999,0.711190328,0.1029218999,9538.490083
monthly,26-1,season,,봄가을,46443587.2,0.0888276449,6,0,810,0,0,0.2379004061,0,13640.67686
monthly,26-1,subcategory,Drinkware,보틀,17439494.2,0.04399972641,5,851,1911,851,0.2754260759,0.6184949835,0.2754260759,5644.290779
monthly,26-1,subcategory,Stationery,펜,18557012.4,0.0468192173,13,14057,45455,14057,1.089522812,3.523103039,1.089522812,1438.307486
monthly,26-1,subcategory,Fragrance,샤쉐,2214922,0.005588233289,4,2700,9086,2700,1.255189686,4.223945737,1.255189686,1029.684167
monthly,26-1,subcategory,Stationery,메모패드,1365934,0.003446242283,3,1820,5923,1820,2.631741438,8.564727768,2.631741438,1975.156654
monthly,26-1,subcategory,Stationery,다이어리,55978228,0.1412326922,9,6112,41589,6112,0.617636509,4.202697116,0.617636509,5656.773122
monthly,26-1,subcategory,Stationery,미분류,834977.8,0.002106643366,13,5653,21117,5653,0.6984216527,2.608981079,0.6984216527,103.1605475
monthly,26-1,subcategory,Kit Package,플라스틱 박스,514020,0.001296868998,4,0,0,0,0,0,0,1300
monthly,26-1,subcategory,Tech,충전기,14195269.6,0.0358145696,3,1725,5148,1725,1.458840045,4.353686117,1.458840045,12005.00159
monthly,26-1,subcategory,Lifestyle,타월,2915740.8,0.007356394401,2,2616,10907,2616,2.853492556,11.89718781,2.853492556,3180.44521
monthly,26-1,subcategory,Bag&pouch,노트북백,13622648.4,0.03436985017,3,1710,1910,1710,2.420261522,2.703333045,2.420261522,19280.91915
monthly,26-1,subcategory,Stationery,포스트잇,5644374,0.01424071759,5,2100,5306,2100,0.8742152103,2.208850431,0.8742152103,2349.713144
monthly,26-1,subcategory,Figure,월드 오브 피규어,5905749.4,0.01490016596,2,0,0,0,0,0,0,4231.496901
monthly,26-1,subcategory,Drinkware,텀블러,8574039,0.02163224265,4,1961,7971,1961,1.514978286,6.158027494,1.514978286,6623.907652
monthly,26-1,subcategory,Lifestyle,구강관리,2833600,0.007149153716,1,1125,6136,1125,0.6352343309,3.464709204,0.6352343309,1600
monthly,26-1,subcategory,Tech,PC/ 노트북 악세사리,11746488.8,0.02963631213,5,3201,7722,3201,2.106350139,5.081298273,2.106350139,7729.527746
monthly,26-1,subcategory,Kit Package,지퍼백,924150,0.002331624226,3,300,2000,300,0.1792969641,1.195313094,0.1792969641,552.324298
monthly,26-1,subcategory,Tech,배터리,5679042,0.01432818472,4,1090,5893,1090,1.371127003,7.412891218,1.371127003,7143.750309
monthly,26-1,subcategory,Lifestyle,여권케이스,1659840,0.004187765141,1,500,1080,500,1.265182186,2.732793522,1.265182186,4200
monthly,26-1,subcategory,Drinkware,리유저블컵,5650160,0.01425531563,4,400,2684,400,0.1177461637,0.7900767587,0.1177461637,1663.211661
monthly,26-1,subcategory,Fragrance,디퓨저,592680,0.001495327648,1,402,2187,402,0.2034824863,1.107005467,0.2034824863,300
monthly,26-1,subcategory,Lifestyle,우산,34004138,0.08579221116,2,1920,6644,1920,0.4196141232,1.452039706,0.4196141232,7431.571121
monthly,26-1,subcategory,Lifestyle,캠핑,46183377.2,0.1165203496,4,0,300,0,0,0.08894597481,0,13692.75168
monthly,26-1,subcategory,Lifestyle,구강가전,8959516.8,0.02260480054,1,200,2145,200,0.1867064974,2.002427184,0.1867064974,8364
monthly,26-1,subcategory,Lifestyle,명함지갑,2234530.8,0.005637706159,1,450,1620,450,1.054852321,3.797468354,1.054852321,5238
monthly,26-1,subcategory,Tech,건강가전,21725032,0.05481210942,2,170,590,170,0.1719951437,0.5969243221,0.1719951437,21980
monthly,26-1,subcategory,Lifestyle,모바일 악세사리,3545405.6,0.008945034451,2,800,2000,800,0.3623844899,0.9059612249,0.3623844899,1606
monthly,26-1,subcategory,Drinkware,머그컵,1430500,0.003609141866,1,200,1000,200,0.349528137,1.747640685,0.349528137,2500
monthly,26-1,subcategory,Kit Package,슬리브박스,19033132.6,0.04802046536,3,1500,4800,1500,0.2783199731,0.8906239139,0.2783199731,3531.533969
monthly,26-1,subcategory,Stationery,노트,11151180,0.02813435204,8,200,6704,200,0.03610425813,1.210214732,0.03610425813,2013.025406
monthly,26-1,subcategory,Lifestyle,가드닝,19508,0.00004921855261,1,100,1572,100,0.1025220422,1.611646504,0.1025220422,20
monthly,26-1,subcategory,Bag&pouch,하드케이스 파우치,22852812,0.05765749076,4,200,5065,200,0.03637809034,0.9212751379,0.03637809034,4156.708297
monthly,26-1,subcategory,Lifestyle,네임택,431260,0.001088066075,1,100,400,100,0.02318786811,0.09275147243,0.02318786811,100
monthly,26-1,subcategory,Tech,충전패드,5208000,0.01313974892,2,300,2000,300,1.382488479,9.216589862,1.382488479,24000
monthly,26-1,subcategory,Awards & Recognition,트로피,13748700,0.0346878775,2,234,2270,234,0.05956926837,0.5778728171,0.05956926837,3500
monthly,26-1,subcategory,Tech,시계,1683640,0.004247812381,1,180,1526,180,0.5238649593,4.44121071,0.5238649593,4900
monthly,26-1,subcategory,Tech,계절가전,5978724,0.01508428039,2,0,80,0,0,0.06753639549,0,5047.268358
monthly,26-1,subcategory,Lifestyle,미분류,18406905,0.04644049735,1,0,0,0,0,0,0,15455
monthly,26-1,subcategory,Lifestyle,도시락,1507255,0.003802794214,2,0,0,0,0,0,0,1696.10403
monthly,26-1,subcategory,Lifestyle,세제,1142408,0.00288228769,2,0,100,0,0,0.09240827314,0,1055.679505
monthly,26-1,subcategory,Lifestyle,골프,225630,0.0005692629704,1,0,510,0,0,11.33333333,0,5014
monthly,26-1,subcategory,Wine,와인잔,34580,0.00008724510711,1,0,0,0,0,0,0,380
monthly,26-2,category,,Tech,99361057.25,0.2301520577,19,4240,20219,10906,0.7480619293,4.378703081,2.361844592,17530.24155
monthly,26-2,category,,Stationery,100805472.5,0.2334977864,51,11056,87893,40998,0.4027831252,3.335766306,1.555979964,3672.462305
monthly,26-2,category,,Drinkware,47555513.92,0.1101538136,14,2250,11685,5662,0.2542017729,1.588520478,0.7697221176,5372.753755
monthly,26-2,category,,Lifestyle,126529843.5,0.2930836753,21,7020,26156,14831,0.5569100381,2.099205695,1.19029361,10037.8547
monthly,26-2,category,,Kit Package,18777366.5,0.04349439969,10,396,5396,2196,0.06989380904,0.9069378924,0.3690948132,3314.196132
monthly,26-2,category,,Awards & Recognition,13198500,0.03057195663,2,500,1502,734,0.1325908247,0.389287257,0.190237581,3500
monthly,26-2,category,,Bag&pouch,21211906,0.04913357354,6,1487,5162,3397,0.3017339579,0.8241895328,0.5423812172,4304.204676
monthly,26-2,category,,Fragrance,3746436.25,0.008677947234,5,1300,8969,4402,0.2816717812,2.25762221,1.108044706,811.7425937
monthly,26-2,category,,Figure,533082.5,0.001234789944,2,0,0,0,0,0,0,2017.616753
monthly,26-2,sub_category,,Product Parts,431719178.4,1,130,28249,166982,83126,0.5822334012,3.630782537,1.807454871,8898.061015
monthly,26-2,sourcing,,중개소싱,131866020.8,0.2335856913,18,4340,21695,11640,0.4659745713,2.604134728,1.397194203,14158.11348
monthly,26-2,sourcing,,해당없음,275584187.7,0.4881661145,221,42446,227684,110450,0.4570617477,2.474788361,1.200525177,2967.511437
monthly,26-2,sourcing,,국내소싱,115976023.1,0.2054383637,41,10347,52510,28487,0.6601171471,3.868586293,2.098732008,7399.029815
monthly,26-2,sourcing,,직소싱,41103299.5,0.07280983056,17,9738,29725,21786,2.605377547,6.925820813,5.076061639,10997.08499
monthly,26-2,production,,해외생산,288945343.3,0.5118338855,76,24425,103930,61913,0.9294673566,4.302900145,2.563316239,10995.50725
monthly,26-2,production,,국내생산,275584187.7,0.4881661145,221,42446,227684,110450,0.4570617477,2.474788361,1.200525177,2967.511437
monthly,26-2,procurement,,중개소싱,126307273.3,0.2925681312,14,2940,18253,9590,0.3428442388,2.371441616,1.245939029,14729.15679
monthly,26-2,procurement,,국내생산,160390813.3,0.371516535,70,10252,88739,37513,0.271069554,2.383364248,1.007529305,4240.837516
monthly,26-2,procurement,,국내소싱,114137834.9,0.2643798113,35,10047,47035,26462,0.6601512303,3.576305812,2.012037938,7499.575211
monthly,26-2,procurement,,직소싱,30883257,0.0715355225,11,5010,12955,9561,2.336907634,4.745504477,3.502259229,14405.4529
monthly,26-2,first_order,,N,534928313,0.9475648015,282,61283,314918,161234,0.7609900981,4.196625106,2.148618537,6642.546047
monthly,26-2,first_order,,Y,29601218,0.05243519847,15,5588,16696,11129,2.816306798,6.2064378,4.137005647,14918.77443
monthly,26-2,new_product,,Y,129002228.6,0.2285128085,52,17978,77385,44523,1.764128837,8.665723414,4.985772482,12658.61339
monthly,26-2,new_product,,N,435527302.4,0.7714871915,245,48893,254229,127840,0.6088066016,3.239806557,1.6291488,5423.105493
monthly,26-2,season,,미분류,415154500.7,0.7353990853,271,62275,299125,161055,0.9721220397,4.957530236,2.669235377,6480.623686
monthly,26-2,season,,겨울,61629376.25,0.1091694462,13,4396,30155,10708,0.3491793076,2.373479846,0.8428195055,4895.29184
monthly,26-2,season,,봄가을,50911925,0.09018469753,5,0,410,0,0,0.1080594095,0,12758.99723
monthly,26-2,season,,여름,36833729,0.06524677094,8,200,1924,600,0.05206084177,0.4990409633,0.15562608,9587.974686
monthly,26-2,subcategory,Tech,충전패드,40668000,0.09420012368,2,0,1800,300,0,2.060282335,0.3433803892,24000
monthly,26-2,subcategory,Stationery,다이어리,53026096.25,0.1228254358,9,4396,26861,10508,0.4422955779,2.621489382,1.025524382,5335.124632
monthly,26-2,subcategory,Drinkware,텀블러,26215022.25,0.06072239447,4,350,5620,2311,0.08529840445,2.187421045,0.8994893301,6388.855916
monthly,26-2,subcategory,Lifestyle,캠핑,44479010,0.1030276444,4,0,100,0,0,0.03050466652,0,13857.01341
monthly,26-2,subcategory,Lifestyle,미분류,18406905,0.04263629211,1,0,0,0,0,0,0,15455
monthly,26-2,subcategory,Kit Package,슬리브박스,17329099,0.04013974793,3,246,3996,1746,0.05012297239,0.7720175061,0.3373229644,3530.837198
monthly,26-2,subcategory,Lifestyle,구강가전,18131061,0.04199734899,1,500,1602,700,0.2306539038,1.027874813,0.4491338134,8364
monthly,26-2,subcategory,Tech,배터리,10595833.75,0.02454334734,4,1282,5554,2372,1.029408581,6.008715601,2.566199749,8508.145231
monthly,26-2,subcategory,Awards & Recognition,트로피,13198500,0.03057195663,2,500,1502,734,0.1325908247,0.389287257,0.190237581,3500
monthly,26-2,subcategory,Lifestyle,우산,13460487.5,0.03117880366,2,2400,5670,4320,1.432975094,1.832028126,1.395830953,8036.893061
monthly,26-2,subcategory,Tech,건강가전,19408340,0.04495593657,2,0,590,170,0,0.6266226103,0.1805522776,21980
monthly,26-2,subcategory,Drinkware,보틀,14548891.67,0.03369989659,5,1700,3321,2551,0.6072703837,1.068392584,0.8206773506,5197.124132
monthly,26-2,subcategory,Bag&pouch,하드케이스 파우치,21144634,0.04897775002,4,947,2912,1147,0.1909883644,0.5620585496,0.2213877597,4264.391831
monthly,26-2,subcategory,Lifestyle,타월,12036689,0.02788082995,2,200,6107,2816,0.0521298271,2.749095981,1.267636201,3137.352582
monthly,26-2,subcategory,Lifestyle,골프,6432915,0.01490069314,1,0,310,0,0,0.5367100512,0,5167
monthly,26-2,subcategory,Tech,PC/ 노트북 악세사리,13522744,0.03132300967,5,2380,7612,5581,0.8981856986,3.098817743,2.272004969,5103.334146
monthly,26-2,subcategory,Tech,계절가전,5977724,0.01384632488,2,0,80,0,0,0.06754152218,0,5047.276265
monthly,26-2,subcategory,Stationery,노트,12970631.25,0.03004413957,8,650,3794,850,0.09825723775,0.6219920138,0.1393498186,1960.705228
monthly,26-2,subcategory,Stationery,메모패드,5630976,0.01304314536,3,0,3935,1820,0,4.620853673,2.137218217,3829.975158
monthly,26-2,subcategory,Drinkware,리유저블컵,5414100,0.01254079103,4,200,1844,600,0.06116111884,0.5505692099,0.1791439946,1655.662068
monthly,26-2,subcategory,Stationery,펜,22329449,0.05172216134,13,5340,34130,19397,0.2686158739,1.894656391,1.076784355,1123.229299
monthly,26-2,subcategory,Tech,충전기,7497915.5,0.01736757567,3,518,3953,2243,1.304513753,6.653420488,3.775264901,18882.49786
monthly,26-2,subcategory,Lifestyle,여권케이스,3165200,0.00733161777,1,150,880,650,0.1943005181,1.549236641,1.144322519,4100
monthly,26-2,subcategory,Lifestyle,모바일 악세사리,2784402.5,0.006449568699,2,600,2200,1400,0.3460706561,1.101652479,0.7010515774,1606
monthly,26-2,subcategory,Stationery,포스트잇,6206267.5,0.01437570488,5,350,4356,2450,0.1377465462,1.805149637,1.015293069,2442.548323
monthly,26-2,subcategory,Lifestyle,명함지갑,2732926.5,0.006330333783,1,100,1400,550,0.1916626737,2.985781991,1.172985782,5238
monthly,26-2,subcategory,Fragrance,샤쉐,2426511.25,0.005620577846,4,1200,7382,3900,0.5390999522,3.485199752,1.841273237,1090.110082
monthly,26-2,subcategory,Drinkware,머그컵,1377500,0.003190731542,1,0,900,200,0,1.599210267,0.3553800592,2500
monthly,26-2,subcategory,Lifestyle,구강관리,2064400,0.00478181212,1,370,4045,1495,0.2867661306,2.597388699,0.9599743151,1600
monthly,26-2,subcategory,Tech,시계,1690500,0.003915739871,1,60,630,240,0.1739130435,1.830213041,0.6972240155,4900
monthly,26-2,subcategory,Lifestyle,도시락,1342384,0.00310939163,1,0,0,0,0,0,0,1583
monthly,26-2,subcategory,Fragrance,디퓨저,1319925,0.003057369387,1,100,1587,502,0.02272856412,0.5198165739,0.1644284311,300
monthly,26-2,subcategory,Lifestyle,세제,1142408,0.002646183114,2,0,0,0,0,0,0,1055.679505
monthly,26-2,subcategory,Kit Package,지퍼백,1146667.5,0.002656049482,3,150,1400,450,0.07456020305,0.7799844014,0.2507092719,569.9717442
monthly,26-2,subcategory,Lifestyle,네임택,338950,0.0007851168467,1,1300,1700,1400,0.3835373949,0.4356367985,0.3587597164,100
monthly,26-2,subcategory,Kit Package,플라스틱 박스,301600,0.0006986022745,4,0,0,0,0,0,0,1300
monthly,26-2,subcategory,Stationery,미분류,642052.5,0.001487199393,13,320,14817,5973,0.05059940682,2.00774819,0.8093595154,101.5233614
monthly,26-2,subcategory,Bag&pouch,노트북백,67272,0.0001558235153,2,540,2250,2250,135,7.779485209,7.779485209,16818
monthly,26-2,subcategory,Figure,월드 오브 피규어,533082.5,0.001234789944,2,0,0,0,0,0,0,2017.616753
monthly,26-2,subcategory,Lifestyle,가드닝,12105,0.00002803906012,1,1400,2142,1500,2.313093763,2.641545629,1.849821869,20
monthly,26-3,category,,Drinkware,67764013.08,0.1592246728,15,4237,10699,10699,0.5549095864,1.580745203,1.580745203,8874.888004
monthly,26-3,category,,Stationery,113132539.3,0.2658268117,51,19650,60648,60648,0.6647309448,2.280006637,2.280006637,3827.1094
monthly,26-3,category,,Tech,87325236,0.2051875546,19,8981,19887,19887,1.722606628,4.01758518,4.01758518,16749.47448
monthly,26-3,category,,Fragrance,3901629.5,0.009167634153,5,6428,10830,10830,1.382504347,2.647152304,2.647152304,839.1443284
monthly,26-3,category,,Lifestyle,96849963.85,0.2275677473,21,11310,26141,26141,1.251579425,2.407189519,2.407189519,10717.54395
monthly,26-3,category,,Kit Package,17412392.75,0.04091378909,10,250,2446,2446,0.04743771046,0.4251497187,0.4251497187,3304.016183
monthly,26-3,category,,Bag&pouch,26481256.5,0.06222284086,6,2110,5507,5507,0.6687222148,1.72385848,1.72385848,8392.703553
monthly,26-3,category,,Awards & Recognition,12673500,0.02977884277,2,100,834,834,0.02761668048,0.2203255502,0.2203255502,3500
monthly,26-3,category,,Figure,46860,0.0001101066455,1,0,0,0,0,0,0,781
monthly,26-3,sub_category,,Product Parts,425587390.9,1,130,53066,136992,136992,1.131626459,2.930809116,2.930809116,9075.603062
monthly,26-3,sourcing,,국내소싱,136941302.3,0.2544674472,42,21474,50761,50761,1.575044509,4.127917251,4.127917251,10044.17651
monthly,26-3,sourcing,,중개소싱,87787368.5,0.1631284877,18,12930,24570,24570,2.141874559,3.287937259,3.287937259,14542.11378
monthly,26-3,sourcing,,직소싱,35802463,0.06652895223,17,5381,27167,27167,1.781975665,7.372099231,7.372099231,11856.3683
monthly,26-3,sourcing,,해당없음,277617473.6,0.5158751129,217,78151,189581,189581,0.924730814,2.29556755,2.29556755,3284.941106
monthly,26-3,production,,해외생산,260531133.8,0.4841248871,77,39785,102498,102498,1.803291829,4.387418862,4.387418862,11808.814
monthly,26-3,production,,국내생산,277617473.6,0.5158751129,217,78151,189581,189581,0.924730814,2.29556755,2.29556755,3284.941106
monthly,26-3,procurement,,국내소싱,135057127.8,0.3173428788,36,20824,48086,48086,1.567866409,4.017911083,4.017911083,10168.62918
monthly,26-3,procurement,,직소싱,26866942.5,0.06312908482,11,2211,11772,11772,1.281986763,5.166848504,5.166848504,15578.04824
monthly,26-3,procurement,,국내생산,179993427.1,0.4229294169,69,21201,58714,58714,0.5230910798,1.601732386,1.601732386,4440.967697
monthly,26-3,procurement,,중개소싱,83669893.5,0.1965986194,14,8830,18420,18420,1.603425354,2.685014915,2.685014915,15193.48002
monthly,26-3,first_order,,N,513779533.7,0.9547168321,279,110014,271578,271578,1.489647626,3.68649956,3.68649956,6956.846064
monthly,26-3,first_order,,Y,24369073.75,0.0452831679,15,7922,20501,20501,5.525915488,10.05277559,10.05277559,16998.4148
monthly,26-3,new_product,,N,436250149.7,0.8106499649,250,90457,222466,222466,1.346657284,3.246476102,3.246476102,6494.571364
monthly,26-3,new_product,,Y,101898457.7,0.1893500351,44,27479,69613,69613,3.057359966,7.728360555,7.728360555,11337.39456
monthly,26-3,season,,미분류,387282163.5,0.7196565374,268,112374,275209,275209,2.026453162,4.822204667,4.822204667,6983.903437
monthly,26-3,season,,여름,32050081.5,0.05955619146,8,2488,3088,3088,0.801718889,0.8995493684,0.8995493684,10327.63494
monthly,26-3,season,,봄가을,43330869.5,0.08051840867,5,150,150,150,0.04688832805,0.04336872435,0.04336872435,13544.74683
monthly,26-3,season,,겨울,75485493,0.1402688625,13,2924,13632,13632,0.1877499934,0.9968192914,0.9968192914,4846.922302
monthly,26-3,subcategory,Drinkware,보틀,10948583.33,0.02572581699,5,980,3531,3531,0.4119741204,1.116736511,1.116736511,4602.584682
monthly,26-3,subcategory,Stationery,펜,20444088.5,0.04803734541,13,13326,32723,32723,0.8182928581,2.023801858,2.023801858,1255.384332
monthly,26-3,subcategory,Tech,PC/ 노트북 악세사리,7938279.75,0.01865252571,5,1470,7051,7051,0.7103990057,2.432246868,2.432246868,3836.289824
monthly,26-3,subcategory,Fragrance,샤쉐,2866704.5,0.006735877427,4,6100,10000,10000,2.199766799,4.167517198,4.167517198,1033.783833
monthly,26-3,subcategory,Lifestyle,네임택,172175,0.0004045585082,1,1200,2600,2600,0.6969652969,0.804608646,0.804608646,100
monthly,26-3,subcategory,Tech,계절가전,1955224,0.004594177463,2,980,980,980,2.578552324,1.06354528,1.06354528,5144.538152
monthly,26-3,subcategory,Tech,충전패드,20868000,0.04903340758,2,4340,4640,4640,4.991374353,5.31875496,5.31875496,24000
monthly,26-3,subcategory,Drinkware,리유저블컵,4683862.5,0.01100564208,4,1508,2108,2108,0.5083002737,0.6302938315,0.6302938315,1578.785538
monthly,26-3,subcategory,Lifestyle,우산,4066753.75,0.009555625558,2,1300,5620,5620,2.583044158,2.458500071,2.458500071,8080.465013
monthly,26-3,subcategory,Tech,배터리,19197211.25,0.04510756582,4,1590,3962,3962,0.7198347488,3.03348083,3.03348083,8691.081596
monthly,26-3,subcategory,Lifestyle,가드닝,42880,0.0001007548647,1,2200,3700,3700,1.026119403,3.030112133,3.030112133,20
monthly,26-3,subcategory,Kit Package,플라스틱 박스,301600,0.0007086676119,4,0,0,0,0,0,0,1300
monthly,26-3,subcategory,Lifestyle,캠핑,38835579.5,0.09125171546,4,0,0,0,0,0,0,14514.48648
monthly,26-3,subcategory,Stationery,노트,11879578,0.02791336927,8,1460,2310,2310,0.2398829267,0.3777741099,0.3777741099,1951.854752
monthly,26-3,subcategory,Lifestyle,구강가전,6858480,0.01611532707,1,980,1680,1680,1.195121951,1.261917143,1.261917143,8364
monthly,26-3,subcategory,Lifestyle,타월,9711588.1,0.02281925712,2,3050,5866,5866,0.985299947,2.35543478,2.35543478,3137.320407
monthly,26-3,subcategory,Stationery,다이어리,67086188,0.1576319915,9,2514,13022,13022,0.1941099356,1.153263783,1.153263783,5179.831199
monthly,26-3,subcategory,Lifestyle,구강관리,2043600,0.004801833991,1,1180,2675,2675,0.9238598552,1.818300654,1.818300654,1600
monthly,26-3,subcategory,Lifestyle,골프,4495290,0.01056255447,1,150,150,150,0.1724137931,0.224697414,0.224697414,5167
monthly,26-3,subcategory,Bag&pouch,하드케이스 파우치,18021802.5,0.04234571532,4,2110,3257,3257,0.5195864731,0.6935502484,0.6935502484,4437.860094
monthly,26-3,subcategory,Fragrance,디퓨저,1034925,0.002431756725,1,328,830,830,0.09507935358,0.2614109894,0.2614109894,300
monthly,26-3,subcategory,Drinkware,텀블러,51024067.25,0.119890928,5,1605,4716,4716,0.3334232226,1.284381368,1.284381368,10599.75634
monthly,26-3,subcategory,Tech,충전기,16070421,0.03776056655,3,470,2713,2713,0.6041009563,4.408505649,4.408505649,20655.65254
monthly,26-3,subcategory,Stationery,메모패드,5829769.75,0.0136981731,3,700,2520,2520,0.4518569885,2.340523821,2.340523821,3763.174575
monthly,26-3,subcategory,Lifestyle,모바일 악세사리,2192993,0.005152861778,2,1000,2400,2400,0.7323324789,1.33134201,1.33134201,1606
monthly,26-3,subcategory,Drinkware,머그컵,1107500,0.002602285743,1,144,344,344,0.3250564334,0.6540880503,0.6540880503,2500
monthly,26-3,subcategory,Bag&pouch,노트북백,8459454,0.01987712555,2,0,2250,2250,0,6.338028169,6.338028169,16818
monthly,26-3,subcategory,Stationery,포스트잇,7074052.5,0.01662185641,5,1350,3800,3800,0.3938695504,1.253409206,1.253409206,2063.891761
monthly,26-3,subcategory,Stationery,미분류,818862.5,0.001924076036,13,300,6273,6273,0.03783047509,0.8405147455,0.8405147455,103.259858
monthly,26-3,subcategory,Kit Package,슬리브박스,16000935.25,0.03759729633,3,150,1896,1896,0.03310663367,0.3809707235,0.3809707235,3531.580678
monthly,26-3,subcategory,Kit Package,지퍼백,1109857.5,0.002607825146,3,100,550,550,0.05115782017,0.2974766458,0.2974766458,567.778904
monthly,26-3,subcategory,Tech,건강가전,18628050,0.04377021123,2,31,201,201,0.03657817109,0.2202461227,0.2202461227,21980
monthly,26-3,subcategory,Tech,시계,2668050,0.006269100206,1,100,340,340,0.1836547291,0.8377558757,0.8377558757,4900
monthly,26-3,subcategory,Lifestyle,명함지갑,4494204,0.01056000271,1,250,800,800,0.2913752914,1.359121798,1.359121798,5238
monthly,26-3,subcategory,Lifestyle,도시락,1302017.5,0.003059342283,1,0,0,0,0,0,0,1583
monthly,26-3,subcategory,Awards & Recognition,트로피,12673500,0.02977884277,2,100,834,834,0.02761668048,0.2203255502,0.2203255502,3500
monthly,26-3,subcategory,Lifestyle,미분류,18375995,0.0431779592,1,0,0,0,0,0,0,15455
monthly,26-3,subcategory,Lifestyle,여권케이스,3116000,0.007321645487,1,0,650,650,0,1.036530637,1.036530637,4100
monthly,26-3,subcategory,Lifestyle,세제,1142408,0.00268430885,2,0,0,0,0,0,0,1055.679505
monthly,26-3,subcategory,Figure,월드 오브 피규어,46860,0.0001101066455,1,0,0,0,0,0,0,781
monthly,26-4,category,,Stationery,97320377.52,0.2068214667,39,21061,51297,78989,0.7775053778,1.791687352,2.835708961,3592.75993
monthly,26-4,category,,Lifestyle,108128545.8,0.2297905639,23,6842,25172,32983,0.6207379537,2.08547959,2.64535791,9809.922867
monthly,26-4,category,,Tech,134912254.6,0.2867102561,19,6439,19660,26326,0.6531403515,2.396361637,3.578007826,13684.83264
monthly,26-4,category,,Drinkware,63098955.93,0.1340954376,15,1125,7662,11824,0.1878132131,1.218180933,1.979683011,10534.06014
monthly,26-4,category,,Bag&pouch,30222386,0.06422743477,8,2250,5847,7757,0.9132251587,2.522059001,3.143493328,12266.597
monthly,26-4,category,,Kit Package,19385649.6,0.04119762566,10,150,796,2596,0.02441324683,0.1350881514,0.4285269122,3155.110991
monthly,26-4,category,,Awards & Recognition,12147800,0.02581603028,2,260,860,1094,0.07491068342,0.2382677635,0.2958400312,3500
monthly,26-4,category,,Fragrance,5336624,0.01134118497,5,1450,9178,12280,0.2807723176,2.152664224,3.202968454,1033.362958
monthly,26-4,sub_category,,Product Parts,470552593.5,1,121,39577,120472,173849,0.7866868125,2.429186944,3.595251421,9353.349669
monthly,26-4,sourcing,,국내소싱,179258708.5,0.3052520887,39,18293,50114,69004,1.249489718,3.933569851,5.864045358,12244.13235
monthly,26-4,sourcing,,해당없음,265857231,0.4527170577,200,56410,176617,241400,0.6250249847,1.864450662,2.559633052,2945.708416
monthly,26-4,sourcing,,직소싱,47984270.4,0.0817103888,21,10394,25513,37561,1.959931753,4.625104082,6.290189807,9048.094592
monthly,26-4,sourcing,,중개소싱,94147888,0.1603204648,17,5141,22411,29711,0.6482922571,2.651601446,3.551631807,11872.27131
monthly,26-4,production,,해외생산,321390866.9,0.5472829423,77,33828,98038,136276,1.227065603,3.732072157,5.341513412,11658.02524
monthly,26-4,production,,국내생산,265857231,0.4527170577,200,56410,176617,241400,0.6250249847,1.864450662,2.559633052,2945.708416
monthly,26-4,procurement,,국내소싱,177765160.1,0.3777795777,36,17343,48264,65429,1.203523619,3.85385863,5.659651333,12336.07615
monthly,26-4,procurement,,국내생산,162098332.6,0.3444850477,58,13796,44779,69790,0.3498751381,1.066200322,1.698289867,4110.914504
monthly,26-4,procurement,,직소싱,41144288.8,0.08743823618,14,4447,11668,16219,1.129166493,2.964005923,3.691394131,10447.21212
monthly,26-4,procurement,,중개소싱,89544812,0.1902971384,13,3991,15761,22411,0.5535359608,2.047633016,2.934988378,12419.51229
monthly,26-4,first_order,,N,544457170.5,0.9271331358,255,85578,257705,356436,1.184612334,3.607293011,5.148140234,7536.641186
monthly,26-4,first_order,,Y,42790927.4,0.0728668642,22,4660,16950,21240,1.085537206,3.604771658,3.962468264,9968.056607
monthly,26-4,new_product,,N,453900466,0.7729279458,227,67406,204953,282834,1.164229446,3.569245472,4.954948056,7839.721808
monthly,26-4,new_product,,Y,133347631.9,0.2270720542,50,22832,69702,94842,1.247387952,3.758201835,5.40909978,7285.223787
monthly,26-4,season,,미분류,439485602.1,0.7483814825,251,83641,257900,354209,1.412060839,4.383193274,6.130173985,7419.571836
monthly,26-4,season,,겨울,58851124,0.1002150951,12,5405,12725,19037,0.4298114272,0.9212857307,1.391987312,4679.904828
monthly,26-4,season,,봄가을,38847008,0.06615093032,4,50,200,200,0.01809569965,0.06945340424,0.07153759796,14059.27578
monthly,26-4,season,,여름,50064363.8,0.08525249206,10,1142,3830,4230,0.2039142662,0.7851418546,0.8749812528,8939.437836
monthly,26-4,subcategory,Stationery,펜,22212493.52,0.04720512399,13,12436,31102,45159,0.8094459242,2.071790657,3.134422544,1445.787419
monthly,26-4,subcategory,Lifestyle,타월,17293515,0.03675150289,5,1991,5241,7857,0.2847177101,0.6383389518,1.04372793,2473.013556
monthly,26-4,subcategory,Lifestyle,모바일 악세사리,1019167.6,0.002165895193,2,1200,2800,3600,1.890954932,2.337829159,2.435357787,1606
monthly,26-4,subcategory,Tech,배터리,28018600,0.0595440348,2,955,3827,4917,0.2996926702,1.705748135,2.769504142,8792.637748
monthly,26-4,subcategory,Stationery,포스트잇,6815488,0.014484009,5,2900,4600,6700,0.7836214297,1.262979606,1.924284499,1841.642224
monthly,26-4,subcategory,Drinkware,텀블러,51666532.6,0.1097996979,5,820,2825,5536,0.1931432287,0.685633083,1.515059697,12169.5621
monthly,26-4,subcategory,Stationery,다이어리,51393644,0.1092197657,9,5405,12315,18427,0.5352268431,1.104882291,1.659304416,5089.224391
monthly,26-4,subcategory,Lifestyle,여권케이스,1453040,0.003087943878,1,500,650,1150,1.410835214,1.069620253,2.085811468,4100
monthly,26-4,subcategory,Lifestyle,골프,3317214,0.00704961368,1,0,150,150,0,0.1670951157,0.2271133364,5167
monthly,26-4,subcategory,Tech,건강가전,14695828,0.0312309999,2,340,371,541,0.5085252767,0.4698490015,0.6403629907,21980
monthly,26-4,subcategory,Lifestyle,구강가전,15607224,0.0331678631,1,400,1880,2080,0.2143622722,1.148442272,1.40556369,8364
monthly,26-4,subcategory,Bag&pouch,하드케이스 파우치,13337114,0.02834351396,6,2250,5307,5507,1.097298778,1.786654864,1.684259072,6504.355064
monthly,26-4,subcategory,Drinkware,리유저블컵,3802910,0.008081795856,4,0,1708,2108,0,0.5539341462,0.6415280813,1482.040779
monthly,26-4,subcategory,Tech,PC/ 노트북 악세사리,12511806.2,0.02658960204,5,2467,6317,9518,0.3505300066,0.9837556516,1.470413841,1777.771994
monthly,26-4,subcategory,Lifestyle,구강관리,2763520,0.005872924809,1,700,2250,3375,0.4052802223,1.547127896,2.188321746,1600
monthly,26-4,subcategory,Drinkware,머그컵,1015000,0.002157038372,1,0,144,344,0,0.3116883117,0.698319612,2500
monthly,26-4,subcategory,Tech,시계,1608180,0.003417641348,1,935,1095,1275,2.848872639,2.738026544,3.31791239,4900
monthly,26-4,subcategory,Stationery,노트,11071442,0.02352859628,8,0,2110,2310,0,0.3451559282,0.3846328569,1947.344417
monthly,26-4,subcategory,Tech,충전기,53234215.6,0.1131312766,3,850,1838,3563,0.3194151277,1.326105151,2.973820083,20004.48679
monthly,26-4,subcategory,Drinkware,보틀,6614513.333,0.01405690549,5,305,2985,3836,0.1934879475,1.205604847,1.30359261,4196.159371
monthly,26-4,subcategory,Lifestyle,우산,9545185,0.02028505449,3,681,4381,6301,0.400939753,1.702993231,1.586402239,5619.741728
monthly,26-4,subcategory,Tech,계절가전,24074324.8,0.05116181514,4,892,1872,1872,0.2508453799,0.8530306899,0.9173193848,6770.10443
monthly,26-4,subcategory,Lifestyle,미분류,16502849,0.03507121038,1,150,150,150,0.1404757445,0.1312335958,0.1297203805,15455
monthly,26-4,subcategory,Lifestyle,명함지갑,3682350,0.007825586451,1,100,450,900,0.1425719989,0.6490347308,1.454021979,5250
monthly,26-4,subcategory,Lifestyle,캠핑,35529794,0.07550653103,3,50,50,50,0.02095353663,0.02076805478,0.02074129507,14889.4968
monthly,26-4,subcategory,Bag&pouch,노트북백,16885272,0.03588392081,2,0,540,2250,0,0.9960272418,4.203425013,16818
monthly,26-4,subcategory,Kit Package,슬리브박스,16835405.6,0.03577794668,3,0,396,1896,0,0.08355213946,0.385307288,3529.98319
monthly,26-4,subcategory,Awards & Recognition,트로피,12147800,0.02581603028,2,260,860,1094,0.07491068342,0.2382677635,0.2958400312,3500
monthly,26-4,subcategory,Stationery,메모패드,5798750,0.0123232771,3,320,1020,2840,0.2080839176,0.6681156224,2.360317034,3770.708178
monthly,26-4,subcategory,Fragrance,샤쉐,4561784,0.009694525253,4,600,7900,10600,0.1522993675,2.703828735,4.012843124,1157.92803
monthly,26-4,subcategory,Kit Package,지퍼백,2248644,0.004778730436,3,150,400,700,0.03984348755,0.1532325241,0.302364791,597.2921281
monthly,26-4,subcategory,Fragrance,디퓨저,774840,0.001646659716,1,850,1278,1680,0.3291002013,0.3749322982,0.5580365381,300
monthly,26-4,subcategory,Lifestyle,세제,1142408,0.002427800879,2,0,0,0,0,0,0,1055.679505
monthly,26-4,subcategory,Tech,충전패드,769300,0.001634886325,2,0,4340,4640,0,5.529370116,7.413093843,24500
monthly,26-4,subcategory,Kit Package,플라스틱 박스,301600,0.0006409485447,4,0,0,0,0,0,0,1300
monthly,26-4,subcategory,Lifestyle,네임택,167460,0.0003558794539,1,120,2620,2720,0.07165890362,1.181900201,0.9717949227,100
monthly,26-4,subcategory,Lifestyle,가드닝,104819.2,0.0002227576714,1,950,4550,4650,0.1722012761,1.510477988,1.889668907,19
monthly,26-4,subcategory,Stationery,미분류,28560,0.00006069459694,1,0,150,3553,0,0.2760475651,5.0152133,120
monthly,26-5,category,,Stationery,103491040.8,0.162054389,39,23600,64161,102589,0.8986309396,2.434076212,4.01470759,3940.68861
monthly,26-5,category,,Lifestyle,146520986,0.2294340523,24,5813,22524,35865,0.3560558894,1.438153374,2.229827575,8974.653361
monthly,26-5,category,,Kit Package,18771468,0.02939383694,10,400,800,2996,0.06725384283,0.1358242406,0.4963310386,3156.133396
monthly,26-5,category,,Drinkware,125695354.9,0.1968236457,17,2600,8282,14744,0.1761540805,0.7114734916,1.338368295,8516.057564
monthly,26-5,category,,Awards & Recognition,12059250,0.01888331952,2,172,532,1266,0.04992018575,0.1516001754,0.3466550501,3500
monthly,26-5,category,,Tech,190765135.5,0.2987150119,19,9915,25335,36241,0.8273800669,2.887559689,4.869892889,15918.83717
monthly,26-5,category,,Bag&pouch,35357069.5,0.05536487267,8,1210,5570,8967,0.4028751662,2.040623274,3.300225774,11772.30186
monthly,26-5,category,,Fragrance,5524488.75,0.008650677801,6,8400,17457,22361,7.001567358,11.05997896,14.74716625,4604.77144
monthly,26-5,category,,Wine,434385,0.0006801941042,2,0,1320,4120,0,5.986394558,18.68480726,1970
monthly,26-5,sub_category,,Product Parts,638619178.4,1,127,52110,145981,229149,0.8144177104,2.630266274,4.326999359,9980.862965
monthly,26-5,sourcing,,해당없음,281825477.5,0.3674096169,201,59433,194334,304753,0.7090581823,2.350043749,3.68280383,3362.284603
monthly,26-5,sourcing,,직소싱,124066371.5,0.1617425735,31,6326,23061,44847,0.3294291986,1.340669251,2.536327459,6460.810202
monthly,26-5,sourcing,,중개소싱,178096684.8,0.2321806931,16,2950,19580,29730,0.2668513421,2.72448141,4.485495048,16110.28453
monthly,26-5,sourcing,,국내소싱,183072165.2,0.2386671165,41,31180,72076,101865,1.758439664,4.321180818,6.694281256,10324.61054
monthly,26-5,production,,국내생산,281825477.5,0.3674096169,201,59433,194334,304753,0.7090581823,2.350043749,3.68280383,3362.284603
monthly,26-5,production,,해외생산,485235221.4,0.6325903831,88,40456,114717,176442,0.9554850309,3.293920192,5.347606618,11460.22816
monthly,26-5,procurement,,직소싱,103447622.5,0.1619864013,18,3383,10361,19922,0.2481021996,0.8187422434,1.512443498,7586.633959
monthly,26-5,procurement,,국내소싱,181222218.7,0.2837719642,37,30685,70031,97795,1.764077023,4.282324926,6.559944133,10418.44393
monthly,26-5,procurement,,중개소싱,170330809.8,0.2667173419,12,1900,13280,21380,0.1873170976,2.020839669,3.530277064,16792.56469
monthly,26-5,procurement,,국내생산,183618527.5,0.2875242926,60,16142,52309,90052,0.4025505757,1.351702388,2.402752553,4579.094534
monthly,26-5,first_order,,N,706512631.9,0.9210648296,269,97309,302433,470393,1.161984881,4.157786063,6.72555027,8436.598837
monthly,26-5,first_order,,Y,60548067,0.07893517043,20,2580,6618,10802,0.3855994659,0.9432041609,1.474607161,9049.341976
monthly,26-5,new_product,,N,565158460.7,0.7367845354,245,86016,262501,405985,1.052507779,3.424798357,5.473996524,6915.384071
monthly,26-5,new_product,,Y,201902238.2,0.2632154646,44,13873,46550,75210,0.8849000194,4.074869675,6.751261374,12878.4902
monthly,26-5,season,,미분류,601034554.9,0.7835554028,261,90774,286457,444493,1.290820023,4.697770317,7.529771243,8546.80237
monthly,26-5,season,,여름,65592707.5,0.08551175623,10,7160,10790,11390,0.8750657342,1.676106735,1.875517068,8016.470774
monthly,26-5,season,,겨울,63916133,0.08332604328,12,1755,10084,20792,0.1359776525,0.7631663037,1.609178021,4952.23118
monthly,26-5,season,,봄가을,36517303.5,0.04760679768,6,200,1720,4520,0.07937089255,0.6397627125,1.672970849,14492.05486
monthly,26-5,subcategory,Stationery,노트,10832315,0.01696208847,8,200,1660,2510,0.03532274441,0.2823810746,0.4161755673,1913.135471
monthly,26-5,subcategory,Lifestyle,가드닝,112879,0.0001767547919,1,400,3550,5050,0.06732873254,0.7643845695,1.632443786,19
monthly,26-5,subcategory,Stationery,펜,24173877,0.0378533527,13,20775,46537,65934,1.801311839,4.379598277,6.446400395,2096.013999
monthly,26-5,subcategory,Kit Package,슬리브박스,16320833,0.02555644044,3,300,450,2196,0.0648345611,0.09666264149,0.4508714345,3527.180148
monthly,26-5,subcategory,Drinkware,리유저블컵,9568085,0.01498245797,4,1440,2948,3548,0.2674228811,0.8957579976,1.101386556,1776.892262
monthly,26-5,subcategory,Stationery,포스트잇,6124055,0.009589525663,5,650,4900,7350,0.2025413411,1.399296242,2.205360197,1908.268174
monthly,26-5,subcategory,Awards & Recognition,트로피,12059250,0.01888331952,2,172,532,1266,0.04992018575,0.1516001754,0.3466550501,3500
monthly,26-5,subcategory,Tech,PC/ 노트북 악세사리,18273942.5,0.02861477249,5,1220,5157,10738,0.3868159487,2.320284713,4.884343203,5793.977382
monthly,26-5,subcategory,Lifestyle,모바일 악세사리,2831779.5,0.004434222453,2,640,2840,4240,0.3629661137,2.353391127,2.771159502,1606
monthly,26-5,subcategory,Drinkware,보틀,29315279.17,0.04590416348,6,55,1660,4211,0.008587097378,0.3202316298,0.736647327,4576.966488
monthly,26-5,subcategory,Bag&pouch,하드케이스 파우치,18471797.5,0.02892458937,6,1210,5570,6717,0.4690160007,2.235426211,2.23163648,7159.97404
monthly,26-5,subcategory,Lifestyle,구강가전,17990964,0.02817166256,1,500,1880,2580,0.2324500232,1.152069388,1.610623989,8364
monthly,26-5,subcategory,Tech,계절가전,35230750,0.05516707169,4,5670,7542,7542,1.131195624,2.304002608,2.774202521,7028.724907
monthly,26-5,subcategory,Drinkware,텀블러,85860115.75,0.1344465037,6,1005,3430,6541,0.1249948606,0.5344440612,1.149827441,10678.6798
monthly,26-5,subcategory,Tech,배터리,23017250,0.03604221542,2,1075,3620,5992,0.4130788615,1.352522517,3.125328345,8844.594815
monthly,26-5,subcategory,Lifestyle,우산,23557357.5,0.03688795811,2,1023,1563,4393,0.2647117157,0.6838058441,1.616495656,6095.707254
monthly,26-5,subcategory,Stationery,다이어리,56871193,0.08905337472,9,1555,9474,19982,0.1459184783,0.8731134152,1.884675745,5336.693211
monthly,26-5,subcategory,Tech,충전기,33629793,0.05266016765,3,830,2150,4393,0.4160517744,1.013324523,2.878770323,16857.51211
monthly,26-5,subcategory,Lifestyle,타월,13096632,0.02050773363,5,1250,6291,9107,0.2209862114,0.8582296632,1.220875783,2315.34007
monthly,26-5,subcategory,Fragrance,샤쉐,1743138.75,0.002729543379,4,7800,14500,18400,4.872548694,4.976212485,7.106236071,1088.913902
monthly,26-5,subcategory,Lifestyle,세제,1142408,0.001788872052,2,0,0,0,0,0,0,1055.679505
monthly,26-5,subcategory,Fragrance,디퓨저,3781350,0.005921134422,2,600,2957,3961,0.9878254006,4.495235326,5.923902701,6225.522631
monthly,26-5,subcategory,Kit Package,지퍼백,2149035,0.003365127564,3,100,350,800,0.027859701,0.1122029558,0.3146781666,598.7147254
monthly,26-5,subcategory,Lifestyle,네임택,158800,0.0002486614956,1,0,1320,2720,0,0.7940033315,1.054765304,100
monthly,26-5,subcategory,Bag&pouch,노트북백,16885272,0.0264402833,2,0,0,2250,0,0,3.626107977,16818
monthly,26-5,subcategory,Lifestyle,구강관리,1345600,0.002107046023,1,1045,2925,4420,1.242568371,2.222514466,3.124176707,1600
monthly,26-5,subcategory,Lifestyle,캠핑,35201945,0.05512196656,3,0,50,50,0,0.02090034356,0.02080084311,14879.9459
monthly,26-5,subcategory,Stationery,메모패드,5461040.75,0.008551325946,3,420,1440,3260,0.2991198085,0.9818045489,2.694802232,3889.298722
monthly,26-5,subcategory,Lifestyle,미분류,15447272.5,0.0241885509,1,50,200,200,0.05002501251,0.1844887533,0.1773335483,15455
monthly,26-5,subcategory,Drinkware,머그컵,951875,0.001490520536,1,100,244,444,0.2626395272,0.5956807512,0.9401347449,2500
monthly,26-5,subcategory,Lifestyle,골프,880973.5,0.001379497406,1,200,350,350,1.173020528,0.617200217,0.6125531621,5167
monthly,26-5,subcategory,Tech,건강가전,10055850,0.01574623867,2,0,371,541,0,0.5632371832,0.6985971709,21980
monthly,26-5,subcategory,Kit Package,플라스틱 박스,301600,0.0004722689362,4,0,0,0,0,0,0,1300
monthly,26-5,subcategory,Lifestyle,명함지갑,1428000,0.002236074406,1,405,755,1305,1.488970588,1.223944353,2.347600245,5250
monthly,26-5,subcategory,Tech,충전패드,68673500,0.1075343527,2,800,5140,5440,0.2854084909,4.522191913,5.324186594,24500
monthly,26-5,subcategory,Lifestyle,여권케이스,4044650,0.006333430214,1,0,500,1150,0,0.7421785796,1.824055089,4100
monthly,26-5,subcategory,Stationery,미분류,28560,0.00004472148812,1,0,150,3553,0,0.2910013431,5.703882078,120
monthly,26-5,subcategory,Wine,와인잔,434385,0.0006801941042,2,0,1320,4120,0,5.986394558,18.68480726,1970
monthly,26-5,subcategory,Tech,시계,1884050,0.002950193266,1,320,1355,1595,0.8322496749,3.288221019,4.150206978,4900
monthly,26-5,subcategory,Lifestyle,도시락,29281725,0.04585162173,2,300,300,300,0.06699610219,0.06699610219,0.06699610219,6539.204801
monthly,26-6,category,,Stationery,95601904.13,0.1551577101,39,7163,51824,109752,0.2882092583,2.019927139,4.225394443,3846.622069
monthly,26-6,category,,Lifestyle,149229517.3,0.2421929813,23,9291,21505,44806,0.5402353811,1.31383411,2.740187032,8677.113887
monthly,26-6,category,,Drinkware,117459499.1,0.190631631,15,3852,7577,16995,0.2726219028,0.5905023203,1.516932043,8313.092456
monthly,26-6,category,,Kit Package,18403982,0.02986885805,10,500,1050,3496,0.08566430004,0.175223691,0.5816526149,3153.128472
monthly,26-6,category,,Tech,191569041.9,0.3109081785,21,10351,26705,46592,0.9211159833,2.572549337,5.706224762,17047.36802
monthly,26-6,category,,Awards & Recognition,11696125,0.01898229945,2,144,576,1410,0.04309119473,0.1682583197,0.3911985658,3500
monthly,26-6,category,,Fragrance,6528037.5,0.01059471942,6,2620,13320,24981,1.707235899,8.002971624,15.24352586,4253.778615
monthly,26-6,category,,Bag&pouch,25409428.5,0.0412383914,8,2824,6284,11791,1.344352988,2.506863889,4.644993717,12096.04855
monthly,26-6,category,,Wine,262010,0.0004252307734,2,100,1320,4220,0.7518796992,7.468175389,23.87553041,1970
monthly,26-6,sub_category,,Product Parts,616159545.4,1,126,36845,130161,264043,0.6152370239,2.258393552,4.996411402,10288.61894
monthly,26-6,sourcing,,해당없음,271810415.4,0.3671066492,201,57303,174366,361686,0.7133374997,2.158537526,4.411611261,3383.637194
monthly,26-6,sourcing,,직소싱,121499848.3,0.1640974725,31,12717,29437,57564,0.6377753298,1.555831316,3.061249912,6093.38726
monthly,26-6,sourcing,,중개소싱,184484632.8,0.2491646071,16,4658,12508,34388,0.4420786317,1.483798029,5.070977314,17508.95535
monthly,26-6,sourcing,,국내소싱,162617776.6,0.2196312712,40,13692,63815,113606,0.8204376052,3.418738745,6.88183909,9744.211161
monthly,26-6,production,,국내생산,271810415.4,0.3671066492,201,57303,174366,361686,0.7133374997,2.158537526,4.411611261,3383.637194
monthly,26-6,production,,해외생산,468602257.6,0.6328933508,87,31067,105760,205558,0.7859218792,2.818821574,6.182042622,11854.53268
monthly,26-6,procurement,,직소싱,102016695.8,0.1655686364,18,7313,15143,27235,0.5090861611,1.091334359,1.944553529,7101.776016
monthly,26-6,procurement,,국내소싱,160900748.6,0.2611348795,36,12672,61350,108516,0.7746036307,3.350424919,6.709203292,9835.409096
monthly,26-6,procurement,,중개소싱,175769517.8,0.2852662416,12,3738,9388,25118,0.3895942889,1.221881057,4.068751066,18319.63624
monthly,26-6,procurement,,국내생산,177472583.3,0.2880302425,60,13122,44280,103174,0.3384486838,1.167672378,2.744541932,4577.454824
monthly,26-6,first_order,,N,678395468.6,0.9162396773,267,83501,270543,551729,1.07363114,3.636130029,8.053178877,8722.608115
monthly,26-6,first_order,,Y,62017204.42,0.08376032269,21,4869,9583,15515,0.7056270037,1.246363244,1.884671342,8987.680043
monthly,26-6,new_product,,N,538183937.5,0.7268702401,249,69954,237474,480121,0.8451893876,2.743588041,5.884084972,6502.378027
monthly,26-6,new_product,,Y,202228735.6,0.2731297599,39,18416,42652,87123,1.339798055,4.041145925,9.090193978,14712.51448
monthly,26-6,season,,미분류,597474142.8,0.8069474829,260,81303,256327,523825,1.199452453,3.981924892,8.827841014,8814.457356
monthly,26-6,season,,여름,50328575,0.06797368121,10,5437,13739,16827,0.9002214477,2.084494214,2.842347449,8333.062837
monthly,26-6,season,,겨울,58926204,0.07958562319,13,1300,8460,22092,0.1084631995,0.6858954799,1.711465649,4916.403555
monthly,26-6,season,,봄가을,33683751.25,0.04549321274,5,330,1600,4500,0.1452117031,0.6751009428,1.86545424,14822.04511
monthly,26-6,subcategory,Stationery,노트,10832315,0.01758037359,8,0,200,2510,0,0.03502536109,0.4201305123,1913.135471
monthly,26-6,subcategory,Lifestyle,가드닝,98348.75,0.0001596157209,1,920,2270,5970,0.1777348467,0.4095596297,1.748711968,19
monthly,26-6,subcategory,Stationery,펜,22073430.63,0.03582421272,13,4053,37264,69987,0.3818367092,3.402786012,6.758127486,2079.557392
monthly,26-6,subcategory,Drinkware,텀블러,79347513.25,0.1287775445,5,2052,3877,8593,0.2676173285,0.5463229379,1.42445482,10348.32822
monthly,26-6,subcategory,Kit Package,슬리브박스,15980737,0.02593603738,3,450,750,2646,0.09932737086,0.1611748975,0.5491901991,3527.387979
monthly,26-6,subcategory,Drinkware,리유저블컵,5393940,0.008754128765,4,1100,2540,4648,0.3347035706,0.6871941819,1.344638722,1641.246343
monthly,26-6,subcategory,Drinkware,보틀,32081795.83,0.05206735183,5,600,960,3210,0.08446655409,0.1649427564,0.6055899204,4516.397905
monthly,26-6,subcategory,Tech,충전패드,89890500,0.145888351,2,0,800,5440,0,0.3993088885,3.806801485,24500
monthly,26-6,subcategory,Awards & Recognition,트로피,11696125,0.01898229945,2,144,576,1410,0.04309119473,0.1682583197,0.3911985658,3500
monthly,26-6,subcategory,Stationery,포스트잇,6137225,0.009960447819,5,770,4320,8120,0.231343499,1.245795647,2.366969344,1843.905332
monthly,26-6,subcategory,Lifestyle,도시락,28779300,0.0467075455,2,0,300,300,0,0.067541064,0.067541064,6535.839009
monthly,26-6,subcategory,Lifestyle,우산,30937420,0.05021007989,2,1705,3168,6098,0.351993373,0.9987009249,2.092496701,6386.960011
monthly,26-6,subcategory,Lifestyle,모바일 악세사리,4546586,0.007378910274,2,1140,2980,5380,0.4026845638,1.797679814,3.109480938,1606
monthly,26-6,subcategory,Fragrance,샤쉐,2629437.5,0.004267462088,4,2620,11020,21020,1.157844518,4.130856013,8.753872449,1162.015189
monthly,26-6,subcategory,Bag&pouch,하드케이스 파우치,11080492.5,0.01798315482,6,1824,5284,8541,0.9859982326,2.225317561,2.600787522,5989.773038
monthly,26-6,subcategory,Tech,배터리,18750100,0.03043059243,3,917,2947,6909,0.4284314457,1.083116684,3.461202234,8760.231679
monthly,26-6,subcategory,Tech,충전기,35936930.17,0.05832406629,4,1192,2872,5585,0.4520848046,0.797134366,2.10699342,13629.64769
monthly,26-6,subcategory,Tech,PC/ 노트북 악세사리,13145296.75,0.02133424184,5,3594,7281,14332,1.746697823,3.212490309,7.153038844,6388.664777
monthly,26-6,subcategory,Tech,계절가전,24970250,0.0405256239,4,4137,10699,11679,1.028443752,2.390484994,3.55277837,6207.516945
monthly,26-6,subcategory,Stationery,다이어리,51581664,0.08371478522,9,1300,8260,21282,0.1336200871,0.8241525607,2.0216512,5301.804953
monthly,26-6,subcategory,Lifestyle,구강가전,10053528,0.01631643634,1,1150,2050,3730,0.9567387687,1.171840647,2.421533621,8364
monthly,26-6,subcategory,Lifestyle,타월,12769250.25,0.02072393481,5,2536,5777,11643,0.4781905307,0.952065325,1.730833096,2407.781764
monthly,26-6,subcategory,Lifestyle,세제,1142408,0.001854078231,2,0,0,0,0,0,0,1055.679505
monthly,26-6,subcategory,Lifestyle,구강관리,2086800,0.003386785153,1,1190,2935,5610,0.9124017635,2.216123599,4.013538055,1600
monthly,26-6,subcategory,Lifestyle,네임택,158800,0.0002577254563,1,0,120,2720,0,0.07401432841,1.121027186,100
monthly,26-6,subcategory,Kit Package,지퍼백,2121645,0.003443337064,3,50,300,850,0.01408213428,0.08227188943,0.31462674,597.5457958
monthly,26-6,subcategory,Bag&pouch,노트북백,14328936,0.02325523658,2,1000,1000,3250,1.17370892,1.044680167,4.953397034,16818
monthly,26-6,subcategory,Fragrance,디퓨저,3898600,0.00632725733,2,0,2300,3961,0,3.663290673,6.005759263,6339.039655
monthly,26-6,subcategory,Lifestyle,여권케이스,3833500,0.006221602877,1,320,820,1470,0.3422459893,1.127088179,2.170333704,4100
monthly,26-6,subcategory,Lifestyle,캠핑,33421741.25,0.05424202465,3,230,280,280,0.1026949405,0.1201365537,0.1180109624,14922.79882
monthly,26-6,subcategory,Stationery,메모패드,4948709.5,0.008031539132,3,1040,1780,4300,0.6931400152,1.080529992,2.99046887,3298.219787
monthly,26-6,subcategory,Lifestyle,미분류,15254085,0.02475671296,1,0,200,200,0,0.1957094467,0.1808066759,15455
monthly,26-6,subcategory,Tech,시계,1446725,0.002347971416,1,381,1636,1976,1.290431837,4.877981651,5.331672893,4900
monthly,26-6,subcategory,Drinkware,머그컵,636250,0.001032605929,1,100,200,544,0.3929273084,0.5688033253,1.239831697,2500
monthly,26-6,subcategory,Tech,건강가전,7429240,0.01205733167,2,130,470,671,0.3846153846,0.9363984674,0.9487193431,21980
monthly,26-6,subcategory,Kit Package,플라스틱 박스,301600,0.0004894836123,4,0,0,0,0,0,0,1300
monthly,26-6,subcategory,Lifestyle,명함지갑,6147750,0.009977529434,1,100,605,1405,0.0853970965,0.8476128893,2.159811927,5250
monthly,26-6,subcategory,Stationery,미분류,28560,0.00004635163119,1,0,0,3553,0,0,6.303084061,120
monthly,26-6,subcategory,Wine,와인잔,262010,0.0004252307734,2,100,1320,4220,0.7518796992,7.468175389,23.87553041,1970
monthly,26-7,category,,Stationery,83924219.4,0.1464210669,40,7680,38443,117432,0.3228254774,1.439100701,4.196349057,3527.718254
monthly,26-7,category,,Lifestyle,127635532.2,0.2226834034,23,6351,21255,51157,0.4635226468,1.416097834,3.446125554,9315.377061
monthly,26-7,category,,Kit Package,20830361.2,0.03634235425,6,550,1450,4046,0.06295465552,0.179460232,0.5086005898,2384.305843
monthly,26-7,category,,Drinkware,115707645,0.2018730345,16,2246,8548,18199,0.1809975136,0.6427212921,1.643063095,9324.486221
monthly,26-7,category,,Tech,182217862.4,0.3179122072,21,8092,28358,54684,0.7899961057,2.577885703,6.416005945,17789.34771
monthly,26-7,category,,Awards & Recognition,10291400,0.01795521935,2,886,1202,2296,0.3013195484,0.3733722014,0.6565203756,3500
monthly,26-7,category,,Bag&pouch,26472060.4,0.04618532476,9,943,4977,12734,0.3541153752,1.55161024,3.696753112,9940.788549
monthly,26-7,category,,Fragrance,6091305,0.01062738961,6,2040,13060,27021,1.47459607,9.502748466,17.37332727,4403.046281
monthly,26-7,sub_category,,Product Parts,573170385.6,1,123,28788,117293,287569,0.5416427268,2.032852361,5.496559514,10784.13125
monthly,26-7,sourcing,,해당없음,258116268,0.3620400456,197,47375,162601,399854,0.5513892506,1.79675017,4.344962734,3004.169616
monthly,26-7,sourcing,,직소싱,144515560.4,0.2027009785,37,6546,25589,63790,0.293530692,1.175992805,3.131968392,6480.255492
monthly,26-7,sourcing,,중개소싱,153137945.4,0.2147949417,16,4791,12399,39179,0.5835917017,1.356822604,5.880401507,18653.73286
monthly,26-7,sourcing,,국내소싱,157179722,0.2204640342,38,10561,55283,123669,0.7503187922,3.576215579,8.419995311,11167.02009
monthly,26-7,production,,국내생산,258116268,0.3620400456,197,47375,162601,399854,0.5513892506,1.79675017,4.344962734,3004.169616
monthly,26-7,production,,해외생산,454833227.8,0.6379599544,91,21898,93271,226638,0.5873022664,2.35031001,6.578066512,12198.58368
monthly,26-7,procurement,,직소싱,116657020.6,0.2035293929,23,3064,13760,30299,0.2057015504,0.9136606916,2.071395602,7831.765668
monthly,26-7,procurement,,중개소싱,144140325.4,0.2514790174,12,4021,9659,29139,0.5506213954,1.177352984,4.86993162,19738.06195
monthly,26-7,procurement,,국내소싱,155646050.8,0.2715528484,34,9501,52708,117519,0.6876069199,3.473333136,8.15707206,11264.42496
monthly,26-7,procurement,,국내생산,156726988.8,0.2734387413,54,12202,41166,110612,0.3324295033,1.025434204,2.790394413,4269.847159
monthly,26-7,first_order,,N,640859632.6,0.8988850352,261,62606,246151,613406,0.8713983396,3.223179406,8.893050752,8919.976037
monthly,26-7,first_order,,Y,72089863.2,0.1011149648,27,6667,9721,13086,0.7790777672,1.095459433,1.352836556,8424.120243
monthly,26-7,new_product,,N,491264433.8,0.6890592345,237,53726,208967,526525,0.7138789537,2.513869401,6.488885007,6527.627964
monthly,26-7,new_product,,Y,221685062,0.3109407655,51,15547,46905,99967,0.9860620433,3.091135229,8.412468601,14060.28335
monthly,26-7,season,,미분류,603508354.2,0.8464952395,263,62521,233238,580541,0.9271895687,3.370278367,9.354937181,8950.059191
monthly,26-7,season,,여름,39528073.8,0.05544302091,10,3337,15934,20164,0.7961879535,2.954050696,4.013114952,9431.158581
monthly,26-7,season,,겨울,47560085.8,0.06670891288,12,2555,5610,24647,0.2540619804,0.4737871896,1.922000509,4729.240543
monthly,26-7,season,,봄가을,22352982,0.03135282672,3,860,1090,1140,0.558683058,0.5327126634,0.4971028198,14521.20039
monthly,26-7,subcategory,Stationery,노트,9941562,0.01734486332,8,400,600,2910,0.07648386881,0.1087306369,0.4943557129,1900.922809
monthly,26-7,subcategory,Stationery,펜,24015210.8,0.04189890372,14,4325,29153,74312,0.337685621,2.262056419,5.974593671,1875.050029
monthly,26-7,subcategory,Lifestyle,가드닝,92123.4,0.000160726029,1,170,1490,6140,0.03506166729,0.2819012691,1.68434319,19
monthly,26-7,subcategory,Kit Package,슬리브박스,18957185.2,0.03307425798,3,0,750,2646,0,0.1114711739,0.3914237668,2560.889656
monthly,26-7,subcategory,Drinkware,리유저블컵,4840062,0.008444368588,4,660,3200,5308,0.2136883846,0.7756248842,1.501744426,1567.068228
monthly,26-7,subcategory,Tech,충전패드,85642240,0.1494184664,2,1001,1801,6441,0.2992168351,0.5641329916,3.818891583,25600
monthly,26-7,subcategory,Drinkware,보틀,32813800,0.05724964308,3,50,705,2240,0.007053603854,0.1041726885,0.4042202187,4629.110923
monthly,26-7,subcategory,Awards & Recognition,트로피,10291400,0.01795521935,2,886,1202,2296,0.3013195484,0.3733722014,0.6565203756,3500
monthly,26-7,subcategory,Drinkware,텀블러,78053783,0.1361790228,9,1536,4643,10651,0.2318047891,0.6343338324,1.740384912,11779.45359
monthly,26-7,subcategory,Lifestyle,도시락,27120132,0.04731600355,2,400,700,700,0.1477868913,0.2478817423,0.2478817423,10020
monthly,26-7,subcategory,Stationery,포스트잇,5092652,0.008885057791,5,400,1820,8520,0.1222092602,0.4940805335,2.163705751,1555.923083
monthly,26-7,subcategory,Lifestyle,우산,26213920,0.04573495187,2,531,3259,6629,0.1545035531,0.9258008931,2.652900184,7627.389418
monthly,26-7,subcategory,Lifestyle,모바일 악세사리,3595508.8,0.006273019141,2,310,2090,5690,0.1165676468,0.7734904584,2.643207164,1352
monthly,26-7,subcategory,Bag&pouch,하드케이스 파우치,13747717.4,0.02398539378,6,533,3567,9074,0.2803051167,1.793331755,3.482839016,7229.935329
monthly,26-7,subcategory,Stationery,다이어리,41428485.8,0.07227952951,9,2155,5010,23437,0.2683536254,0.5242199751,2.260318944,5158.925456
monthly,26-7,subcategory,Lifestyle,세제,1269080,0.002214140911,2,0,0,0,0,0,0,1192.378889
monthly,26-7,subcategory,Tech,PC/ 노트북 악세사리,26078370.8,0.04549846164,6,1684,6498,16016,0.3307116157,1.310574195,3.616583456,5121.389633
monthly,26-7,subcategory,Lifestyle,타월,15451059,0.02695718304,5,1420,5206,13063,0.2412727363,0.9831556524,2.145743992,2625.295271
monthly,26-7,subcategory,Tech,배터리,17306472,0.03019428853,2,855,2847,7764,0.4322132504,1.282850931,3.947668197,8748.6392
monthly,26-7,subcategory,Fragrance,샤쉐,2189705,0.00382033869,4,2040,12460,23060,0.8960267803,5.47805139,8.234472821,961.7815299
monthly,26-7,subcategory,Tech,충전기,30873384.8,0.05386423579,4,1336,3358,6921,0.7169302218,1.560840804,3.408074121,16567.41213
monthly,26-7,subcategory,Kit Package,지퍼백,1873176,0.003268096271,3,550,700,1400,0.1753542205,0.2054805986,0.5048672906,597.2169406
monthly,26-7,subcategory,Fragrance,디퓨저,3901600,0.006807050919,2,0,600,3961,0,0.9836841337,6.03903021,6334.396145
monthly,26-7,subcategory,Tech,계절가전,14456044.8,0.02522119977,4,2677,12484,14356,1.223437814,3.424671673,4.970389968,6606.676073
monthly,26-7,subcategory,Lifestyle,캠핑,22352982,0.03899884321,3,860,1090,1140,0.558683058,0.5327126634,0.4971028198,14521.20039
monthly,26-7,subcategory,Lifestyle,구강관리,1255680,0.002190762174,1,660,2895,6270,0.8409785933,3.009596162,4.827149456,1600
monthly,26-7,subcategory,Lifestyle,미분류,15733767,0.02745041858,1,0,50,200,0,0.05142914903,0.1889196681,15941
monthly,26-7,subcategory,Lifestyle,명함지갑,4516720,0.007880239652,1,600,1105,2005,0.6907667511,1.412418269,2.901843917,5200
monthly,26-7,subcategory,Bag&pouch,노트북백,7837188,0.01367340009,2,410,1410,3660,0.8798283262,1.879229034,5.851771623,16818
monthly,26-7,subcategory,Stationery,메모패드,3417748.8,0.005962884486,3,400,1860,4700,0.3588548563,1.26244349,3.182068483,3066.189386
monthly,26-7,subcategory,Lifestyle,구강가전,6691200,0.01167401556,1,300,1950,4030,0.375,1.455892488,2.836159731,8364
monthly,26-7,subcategory,Lifestyle,여권케이스,3286560,0.00573400176,1,100,420,1570,0.124750499,0.4669061057,2.251344283,4100
monthly,26-7,subcategory,Lifestyle,네임택,56800,0.00009909793218,1,1000,1000,3720,1.76056338,0.8363355636,1.749260523,100
monthly,26-7,subcategory,Tech,시계,1529850,0.002669101612,1,350,1051,2326,1.129032258,3.215038134,6.485717566,4935
monthly,26-7,subcategory,Tech,건강가전,6331500,0.01104645348,2,189,319,860,0.7052238806,0.9643202623,1.445097613,23625
monthly,26-7,subcategory,Stationery,미분류,28560,0.00004982811519,1,0,0,3553,0,0,6.950839329,120
monthly,26-7,subcategory,Bag&pouch,보냉백,4887155,0.008526530893,1,0,0,0,0,0,0,6538
monthly,26-8,category,,Stationery,96303927.75,0.1588311623,40,15313,30156,132745,0.6509668871,1.346886798,5.518358019,4093.950765
monthly,26-8,category,,Lifestyle,142100208.3,0.2343615859,24,11231,27323,63188,0.690687158,1.717276564,3.901873378,8738.918082
monthly,26-8,category,,Kit Package,20754594,0.03422992566,6,4120,5170,8166,0.4647731698,0.6062073923,0.9972525529,2341.305447
monthly,26-8,category,,Drinkware,151082350.8,0.2491755625,21,4265,10363,23438,0.3234252158,0.7225518985,1.748269179,11456.93831
monthly,26-8,category,,Tech,151918366,0.2505543772,24,14618,33261,69752,1.911965884,3.699778188,9.170240928,19870.21021
monthly,26-8,category,,Awards & Recognition,9090375,0.0149924812,2,834,1864,3130,0.3211088651,0.6300899683,0.9221147614,3500
monthly,26-8,category,,Bag&pouch,24279905,0.04004411472,8,3401,6463,14305,1.231011059,2.002937121,3.54312241,8788.248036
monthly,26-8,category,,Fragrance,10799197.5,0.01781079059,6,1100,5760,28121,0.6150401797,4.531979031,21.27051466,6038.12761
monthly,26-8,sub_category,,Product Parts,606328924.3,1,131,54882,120360,342845,1.006868633,2.091934546,6.158578322,11123.74869
monthly,26-8,sourcing,,해당없음,250529445.3,0.3392064583,197,71299,175225,471375,0.8756990012,2.062390851,5.288083549,3077.019102
monthly,26-8,sourcing,,직소싱,184106701.3,0.2492728231,40,35618,54881,99408,1.440608446,2.353689002,4.517519106,7446.394203
monthly,26-8,sourcing,,중개소싱,143330816.8,0.1940639699,15,5238,13982,42587,0.6514636031,1.560093144,6.00327356,17826.42427
monthly,26-8,sourcing,,국내소싱,160608140.8,0.2174567487,44,20586,45489,145935,1.742892435,3.450064401,10.57321241,13597.72241
monthly,26-8,sourcing,,미분류,0,0,1,0,657,2474,0,0,0,0
monthly,26-8,production,,국내생산,250529445.3,0.3392064583,197,71299,175225,471375,0.8756990012,2.062390851,5.288083549,3077.019102
monthly,26-8,production,,해외생산,488045658.8,0.6607935417,99,61442,114352,287930,1.576084096,2.79236982,7.541108202,12519.14002
monthly,26-8,production,,미분류,0,0,1,0,657,2474,0,0,0,0
monthly,26-8,procurement,,직소싱,158628860.5,0.2616217933,25,13874,24251,44173,0.7443242158,1.388737609,2.594977258,8510.256754
monthly,26-8,procurement,,중개소싱,134946576.8,0.2225633173,11,4688,11742,31997,0.6549996882,1.465734418,5.026274128,18854.51487
monthly,26-8,procurement,,국내소싱,159141820.8,0.2624678032,40,19856,42679,139055,1.710685761,3.292683454,10.25108399,13710.8001
monthly,26-8,procurement,,국내생산,153611666.3,0.2533470862,55,16464,41688,127620,0.4663373608,1.115274411,3.29784189,4350.999698
monthly,26-8,first_order,,N,650853784,0.8812289779,272,129787,282857,750268,1.917636142,3.953469744,10.94164277,9616.531234
monthly,26-8,first_order,,Y,87721320,0.1187710221,25,2954,7377,11511,0.2387145485,0.6075113671,0.8785861708,7088.813573
monthly,26-8,new_product,,N,603275930.8,0.8168105417,250,100400,227415,656470,1.590991119,3.388917037,10.18786382,9559.827172
monthly,26-8,new_product,,Y,135299173.3,0.1831894583,47,32341,62819,105309,1.967367242,3.899438543,6.360079716,8230.517341
monthly,26-8,season,,미분류,633910139.3,0.858287987,269,127774,270898,709611,1.928213488,3.955225299,11.08057381,9566.219109
monthly,26-8,season,,겨울,62677458.75,0.08486267464,14,1700,5755,26797,0.1430897233,0.5438475078,2.311413998,5275.588371
monthly,26-8,season,,여름,24626900.5,0.03334379993,10,2765,11539,22929,1.090480845,2.907454727,5.005187189,9712.536444
monthly,26-8,season,,봄가을,17360605.5,0.02350553844,4,502,2042,2442,0.4111104792,1.183329907,1.021280514,14217.38416
monthly,26-8,subcategory,Stationery,노트,9941562,0.01639631824,8,0,400,2910,0,0.07443186479,0.5007389841,1900.922809
monthly,26-8,subcategory,Stationery,펜,23250116,0.03834571479,14,11013,19391,85325,0.8913636598,1.551568273,6.881322727,1881.804094
monthly,26-8,subcategory,Lifestyle,가드닝,90981.5,0.0001500530428,1,100,1190,6240,0.0208833664,0.2413341237,1.652548954,19
monthly,26-8,subcategory,Kit Package,슬리브박스,18450476.5,0.03042981419,3,600,1050,3246,0.08325400626,0.1502972505,0.4764562213,2560.12681
monthly,26-8,subcategory,Lifestyle,구강가전,27931578,0.04606670882,1,600,2050,4630,0.1796676149,1.202291798,2.822826485,8364
monthly,26-8,subcategory,Drinkware,보틀,29444325,0.0485616368,3,1050,1700,3290,0.1653694279,0.2503362273,0.5857836824,4637.324934
monthly,26-8,subcategory,Tech,충전패드,76768000,0.1266111461,2,700,1701,7141,0.2334305961,0.5170528217,3.888219381,25600
monthly,26-8,subcategory,Tech,PC/ 노트북 악세사리,17460272.5,0.02879670061,7,7367,12645,23383,1.867999271,2.531456481,4.779027505,4427.280616
monthly,26-8,subcategory,Lifestyle,도시락,25891680,0.04270236659,2,200,600,900,0.0773993808,0.2206023192,0.3252063357,10020
monthly,26-8,subcategory,Lifestyle,우산,36127848.75,0.05958457086,2,1529,3765,8158,0.2957773027,0.856594184,2.632986962,6988.749284
monthly,26-8,subcategory,Awards & Recognition,트로피,9090375,0.0149924812,2,834,1864,3130,0.3211088651,0.6300899683,0.9221147614,3500
monthly,26-8,subcategory,Drinkware,텀블러,117052955.8,0.1930519081,13,1615,5203,12696,0.187057004,0.5532685461,1.420630834,13557.63171
monthly,26-8,subcategory,Stationery,포스트잇,4868510,0.008029486645,5,1620,2790,10140,0.6488473593,1.017823765,3.304811343,1949.950529
monthly,26-8,subcategory,Lifestyle,세제,1269080,0.002093055352,2,0,0,0,0,0,0,1192.378889
monthly,26-8,subcategory,Lifestyle,타월,14373615,0.02370596952,5,2250,6206,15313,0.4039899747,1.120471865,2.512511792,2580.798382
monthly,26-8,subcategory,Stationery,다이어리,56278358.75,0.092818199,9,1700,5155,25137,0.1699335728,0.5903877992,2.627149616,5625.636808
monthly,26-8,subcategory,Drinkware,리유저블컵,4175070,0.006885816977,4,1600,3360,6908,0.5885907388,1.073801938,1.970984008,1535.87971
monthly,26-8,subcategory,Bag&pouch,하드케이스 파우치,12835095,0.02116853491,6,2680,5037,11754,1.796927737,3.424942837,5.492792157,8605.872465
monthly,26-8,subcategory,Bag&pouch,보냉백,8711885,0.01436824907,1,520,520,520,0.3902439024,0.4571428571,0.4571428571,6538
monthly,26-8,subcategory,Kit Package,지퍼백,2304117.5,0.003800111471,3,3520,4120,4920,0.8999207964,1.16556293,1.67512948,589.0691067
monthly,26-8,subcategory,Fragrance,디퓨저,9385100,0.01547856225,2,400,400,4361,0.2898835426,0.4868702536,5.45683069,6801.465088
monthly,26-8,subcategory,Tech,배터리,12851161.75,0.02119503332,4,1476,3448,9690,1.011599911,1.840720804,5.027589845,8807.746673
monthly,26-8,subcategory,Fragrance,샤쉐,1414097.5,0.002332228339,4,700,5360,23760,0.4811548777,2.497134814,9.066746697,971.9998709
monthly,26-8,subcategory,Lifestyle,미분류,12123130.5,0.01999431334,1,300,300,500,0.3944773176,0.3303786846,0.4880064505,15941
monthly,26-8,subcategory,Lifestyle,모바일 악세사리,2255364,0.003719703794,2,3600,5050,9290,2.068668295,1.882964529,4.24600516,1296
monthly,26-8,subcategory,Tech,충전기,26962100.5,0.04446777883,4,2280,4808,9201,1.665121001,3.052764687,5.576538374,19690.85955
monthly,26-8,subcategory,Lifestyle,여권케이스,2761350,0.004554211237,1,500,920,2070,0.7423904974,1.145374449,2.979985955,4100
monthly,26-8,subcategory,Tech,계절가전,3830500,0.006317528072,4,865,7679,15221,1.216198328,2.812973164,4.808907253,5385.71988
monthly,26-8,subcategory,Stationery,메모패드,1936821,0.003194340436,3,980,2420,5680,1.440722995,2.007092102,3.821058961,2847.369951
monthly,26-8,subcategory,Lifestyle,캠핑,16910760,0.02789040622,3,200,1290,1340,0.1710197435,0.774526764,0.6165469559,14460.36919
monthly,26-8,subcategory,Lifestyle,골프,449845.5,0.00074191661,1,302,752,1102,3.412429379,8.497175141,2.181834105,5083
monthly,26-8,subcategory,Lifestyle,네임택,21075,0.0000347583616,1,300,1300,4020,1.423487544,1.68410563,2.107296909,100
monthly,26-8,subcategory,Lifestyle,구강관리,1812000,0.002988476927,1,550,2400,6820,0.4856512141,2.282203204,5.328600768,1600
monthly,26-8,subcategory,Stationery,미분류,28560,0.00004710314626,1,0,0,3553,0,0,7.402964639,120
monthly,26-8,subcategory,Drinkware,머그컵,410000,0.0006762006291,1,0,100,544,0,0.4778972521,1.352785146,2500
monthly,26-8,subcategory,Bag&pouch,노트북백,2732925,0.004507330742,1,201,906,2031,1.236923077,1.843769568,3.547332701,16818
monthly,26-8,subcategory,Tech,건강가전,12952406.25,0.02136201282,2,180,499,1040,0.3283173735,1.352540783,1.723310634,23625
monthly,26-8,subcategory,Lifestyle,명함지갑,81900,0.0001350751988,1,800,1500,2805,50.79365079,2.134637975,4.570075503,5200
monthly,26-8,subcategory,Tech,시계,1093925,0.001804177495,1,1750,2481,4076,7.838745801,8.872727987,11.79976486,4900
monthly,26-9,category,,Stationery,169362526,0.2552411679,39,350,23343,132795,0.01101374021,1.281732534,7.087781067,5329.471037
monthly,26-9,category,,Lifestyle,131102464,0.1975805795,23,365,17645,62451,0.02222638914,1.054485484,3.596397873,7983.381869
monthly,26-9,category,,Kit Package,20087954,0.03027395116,6,0,4670,8166,0,0.5321159212,1.004550844,2361.570749
monthly,26-9,category,,Drinkware,138154191,0.2082080251,21,320,6831,23758,0.02989149615,0.5621710488,1.999333004,12905.11084
monthly,26-9,category,,Tech,155680898,0.234621998,22,865,22133,65789,0.1149731754,2.775560929,9.682719044,20692.63259
monthly,26-9,category,,Awards & Recognition,8606500,0.01297059724,2,0,1720,3130,0,0.6243194192,0.9292276228,3500
monthly,26-9,category,,Fragrance,10323295,0.01555792734,6,0,3140,28121,0,2.34523862,21.59461023,6272.139775
monthly,26-9,category,,Bag&pouch,30221394,0.04554575374,7,440,4579,14038,0.2005436085,2.380389564,5.885735361,13774.33502
monthly,26-9,sub_category,,Product Parts,663539222,1,126,2340,84061,338248,0.03992537975,1.540617749,6.335555585,11321.3912
monthly,26-9,sourcing,,해당없음,328886190,0.4125539956,196,2355,121029,472440,0.02788885348,1.787669461,6.649043843,3894.802022
monthly,26-9,sourcing,,직소싱,161799424,0.2029607836,39,2255,44419,101132,0.1099597364,2.009286656,5.08361715,7889.765859
monthly,26-9,sourcing,,중개소싱,147057727,0.1844688366,15,100,9924,42687,0.01235167748,1.213000752,6.10373642,18164.09615
monthly,26-9,sourcing,,국내소싱,159452162,0.2000163842,41,700,30103,140529,0.06679921378,2.707696608,11.98980413,15216.11294
monthly,26-9,production,,국내생산,328886190,0.4125539956,196,2355,121029,472440,0.02788885348,1.787669461,6.649043843,3894.802022
monthly,26-9,production,,해외생산,468309313,0.5874460044,95,3055,84446,284348,0.08878831257,2.335192562,8.370919249,13610.60349
monthly,26-9,procurement,,국내생산,226068105,0.3407004402,54,270,28936,127590,0.006164722527,0.9202252606,3.888832975,5161.656073
monthly,26-9,procurement,,직소싱,140743168,0.2121097945,24,1270,18208,44912,0.08079736902,1.102812938,2.916582379,8954.076915
monthly,26-9,procurement,,국내소싱,157738462,0.2377228908,37,700,28313,133649,0.06820152832,2.5956026,11.62751711,15368.5774
monthly,26-9,procurement,,중개소싱,138989487,0.2094668746,11,100,8604,32097,0.01377393993,1.176995066,5.097114488,19144.32845
monthly,26-9,first_order,,N,718768928,0.9016219049,266,5210,199343,745608,0.07220342859,2.964998485,11.40229185,9961.147979
monthly,26-9,first_order,,Y,78426575,0.09837809509,25,200,6132,11180,0.01610070679,0.4492937076,0.8048326036,6313.616442
monthly,26-9,new_product,,N,667355510,0.8371290449,247,2955,166575,673325,0.04301048534,2.598957592,10.74784469,9713.463411
monthly,26-9,new_product,,Y,129839993,0.1628709551,44,2455,38900,83463,0.1707572298,2.635209732,5.773712683,9031.005102
monthly,26-9,season,,미분류,621850897,0.7800481747,266,5410,195500,710319,0.08908897111,3.10691921,11.9958244,10240.30621
monthly,26-9,season,,겨울,138774696,0.1740786237,13,0,4255,26497,0,0.416227611,2.585564859,6121.415827
monthly,26-9,season,,여름,20907815,0.02622670966,9,0,4660,18632,0,1.597056149,4.820907294,10086.42272
monthly,26-9,season,,봄가을,15662095,0.01964649191,3,0,1060,1340,0,0.7861606674,0.6255718214,14467.5846
monthly,26-9,subcategory,Stationery,다이어리,132375596,0.1994992784,8,0,3855,24837,0,0.4330709836,2.828151771,6311.123649
monthly,26-9,subcategory,Stationery,노트,9918975,0.01494858883,8,0,400,2910,0,0.07667059754,0.5032750036,1905.130808
monthly,26-9,subcategory,Stationery,펜,22161780,0.03339935194,14,350,15688,85675,0.0273922445,1.160399712,6.381161019,1734.459704
monthly,26-9,subcategory,Lifestyle,가드닝,90041,0.0001356980824,1,0,270,6240,0,0.05609107529,1.640924066,19
monthly,26-9,subcategory,Lifestyle,모바일 악세사리,6137856,0.00925017813,2,0,3910,9290,0,1.529221722,4.112951827,1296
monthly,26-9,subcategory,Kit Package,슬리브박스,18060399,0.02721828402,3,0,600,3246,0,0.082289728,0.4759397824,2559.872027
monthly,26-9,subcategory,Drinkware,리유저블컵,2894030,0.004361505551,4,0,2260,6908,0,0.6589609812,1.660015198,1276.944503
monthly,26-9,subcategory,Lifestyle,도시락,22512492,0.03392789944,2,0,600,900,0,0.2078035257,0.2972534405,9063
monthly,26-9,subcategory,Tech,충전패드,71961600,0.1084511625,2,0,1701,7141,0,0.5394348777,3.831747113,25600
monthly,26-9,subcategory,Lifestyle,구강가전,24506520,0.03693303905,1,0,900,4630,0,0.4436119874,2.762484048,8364
monthly,26-9,subcategory,Drinkware,보틀,25302650,0.03813286263,3,50,1150,3340,0.008213160957,0.1556163208,0.5352876339,4156.294742
monthly,26-9,subcategory,Awards & Recognition,트로피,8606500,0.01297059724,2,0,1720,3130,0,0.6243194192,0.9292276228,3500
monthly,26-9,subcategory,Lifestyle,우산,26814855,0.04041186129,2,165,2225,8323,0.03736897965,0.4468450352,2.310493992,6072.99255
monthly,26-9,subcategory,Drinkware,텀블러,109847511,0.1655478792,13,270,3421,12966,0.03745211441,0.4294921298,1.631054207,15237.11685
monthly,26-9,subcategory,Lifestyle,타월,18789240,0.02831669836,5,0,3670,15313,0,0.6846082266,2.780225468,2864.143299
monthly,26-9,subcategory,Stationery,포스트잇,3990790,0.006014399553,5,0,2020,10140,0,0.8530515186,3.534604387,2066.246608
monthly,26-9,subcategory,Lifestyle,세제,1269080,0.00191259229,2,0,0,0,0,0,0,1192.378889
monthly,26-9,subcategory,Lifestyle,구강관리,3009600,0.004535677621,1,0,1210,6820,0,1.170778907,5.259978148,1600
monthly,26-9,subcategory,Tech,PC/ 노트북 악세사리,15026037,0.02264528833,7,765,9816,24148,0.2514540732,2.21911667,5.4664263,4939.030338
monthly,26-9,subcategory,Kit Package,지퍼백,2027555,0.003055667145,3,0,4070,4920,0,1.175401526,1.6845394,595.2067268
monthly,26-9,subcategory,Fragrance,디퓨저,9386000,0.01414535824,2,0,400,4361,0,0.409477119,5.235151402,6800.841679
monthly,26-9,subcategory,Bag&pouch,노트북백,18204000,0.02743470076,1,100,506,2131,0.1016260163,1.3701369,3.995401136,18500
monthly,26-9,subcategory,Tech,건강가전,22089375,0.03329023254,1,0,369,509,0,0.8771095793,1.450551801,23625
monthly,26-9,subcategory,Bag&pouch,보냉백,6072708,0.009151995539,1,0,520,520,0,0.4708813123,0.4708813123,6558
monthly,26-9,subcategory,Fragrance,샤쉐,937295,0.001412569098,4,0,2740,23760,0,1.527208531,9.283456327,977.7595901
monthly,26-9,subcategory,Tech,배터리,10519610,0.01585378777,4,0,2331,9690,0,1.331940383,4.938149187,8559.28072
monthly,26-9,subcategory,Tech,충전기,30278776,0.04563223242,4,100,3716,9301,0.07233389927,2.782523137,6.275972353,21901.81933
monthly,26-9,subcategory,Lifestyle,미분류,10919585,0.01645657806,1,0,300,500,0,0.3463403371,0.4925409903,15941
monthly,26-9,subcategory,Bag&pouch,하드케이스 파우치,5944686,0.008959057435,5,340,3553,11387,0.3817696055,1.909132059,4.827848196,6675.001263
monthly,26-9,subcategory,Tech,시계,3209500,0.004836940898,1,0,2100,4076,0,6.754428286,11.51315635,4900
monthly,26-9,subcategory,Lifestyle,캠핑,15662095,0.02360387221,3,0,1060,1340,0,0.7861606674,0.6255718214,14467.5846
monthly,26-9,subcategory,Stationery,메모패드,886825,0.001336507279,3,0,1380,5680,0,0.9611985365,2.458302737,1791.649903
monthly,26-9,subcategory,Tech,계절가전,2596000,0.003912353504,3,0,2100,10924,0,1.706357676,5.078509675,5480.739599
monthly,26-9,subcategory,Lifestyle,여권케이스,1094700,0.001649789438,1,0,600,2070,0,0.8609556608,3.031832394,4100
monthly,26-9,subcategory,Stationery,미분류,28560,0.00004304191682,1,0,0,3553,0,0,7.508100493,120
monthly,26-9,subcategory,Lifestyle,명함지갑,296400,0.0004466955233,1,100,1500,2905,1.754385965,3.360967959,4.855347143,5200
monthly,26-9,subcategory,Drinkware,머그컵,110000,0.0001657776908,1,0,0,544,0,0,1.39279815,2500
monthly,26-9,subcategory,Lifestyle,네임택,0,0,1,100,1400,4120,0,0,0,0
quarterly,26-Q1,category,,Tech,82909061.15,0.1917612867,19,0,19887,19887,0,3.901543166,3.901512904,16265.56449
quarterly,26-Q1,category,,Stationery,102104237.8,0.2361580235,51,0,60648,60648,0,2.296416863,2.303261486,3866.143869
quarterly,26-Q1,category,,Drinkware,60068178.5,0.138932356,15,0,10699,10699,0,1.625633722,1.625634719,9126.914346
quarterly,26-Q1,category,,Lifestyle,116526956.2,0.2695164887,22,0,26141,26141,0,2.320791641,2.320281063,10345.23491
quarterly,26-Q1,category,,Kit Package,19001831.54,0.04394954682,10,0,2446,2446,0,0.4277683008,0.4276094947,3323.13213
quarterly,26-Q1,category,,Awards & Recognition,13248576.92,0.03064278044,2,0,834,834,0,0.2203255502,0.2203255502,3500
quarterly,26-Q1,category,,Bag&pouch,31732159.51,0.0733936635,7,0,5507,5507,0,1.671420767,1.671420767,9630.977009
quarterly,26-Q1,category,,Fragrance,3433097.923,0.007940450245,5,0,10830,10830,0,2.654349117,2.654349117,841.4257101
quarterly,26-Q1,category,,Figure,3296894.47,0.007625423769,2,0,0,0,0,0,0,4303.699786
quarterly,26-Q1,category,,Wine,34580,0.00007998046535,1,0,0,0,0,0,0,380
quarterly,26-Q1,sub_category,,Product Parts,432355573.9,1,134,0,136992,136992,0,2.879549407,2.881349563,9088.043364
quarterly,26-Q1,sourcing,,중개소싱,108690174.5,0.1949001233,18,0,24570,24570,0,2.966677826,2.967231962,13123.67646
quarterly,26-Q1,sourcing,,해당없음,276575367.4,0.4959470666,227,0,191511,191511,0,2.151010494,2.153128706,3106.435232
quarterly,26-Q1,sourcing,,국내소싱,128713574.1,0.2308055128,43,0,50761,50761,0,3.936323462,3.944884109,9981.250596
quarterly,26-Q1,sourcing,,직소싱,43692026.85,0.07834729735,17,0,27167,27167,0,7.180754519,7.180754519,11548.63324
quarterly,26-Q1,production,,해외생산,281095775.4,0.5040529334,78,0,102498,102498,0,4.171430607,4.175881599,11439.94537
quarterly,26-Q1,production,,국내생산,276575367.4,0.4959470666,227,0,191511,191511,0,2.151010494,2.153128706,3106.435232
quarterly,26-Q1,procurement,,중개소싱,104231786.8,0.2410788551,14,0,18420,18420,0,2.409063283,2.409063283,13631.97451
quarterly,26-Q1,procurement,,국내생산,165733629.2,0.3833271484,72,0,58714,58714,0,1.554526749,1.554440458,4388.005584
quarterly,26-Q1,procurement,,국내소싱,126897577.9,0.2935028148,37,0,48086,48086,0,3.830082691,3.838531839,10107.47862
quarterly,26-Q1,procurement,,직소싱,35492580,0.08209118175,11,0,11772,11772,0,4.658685162,4.658685162,14045.93576
quarterly,26-Q1,first_order,,N,521874366.8,0.9358102415,289,0,273508,273508,0,3.593734786,3.597675981,6857.12325
quarterly,26-Q1,first_order,,Y,35796775.96,0.06418975847,16,0,20501,20501,0,7.940631732,7.940631732,13865.12927
quarterly,26-Q1,new_product,,Y,104865162.2,0.1880412202,45,0,69613,69613,0,7.515292528,7.514655293,11321.05167
quarterly,26-Q1,new_product,,N,452805980.6,0.8119587798,260,0,224396,224396,0,3.160405832,3.164463372,6377.344791
quarterly,26-Q1,season,,미분류,409022631.8,0.7334477264,278,0,277139,277139,0,4.590040616,4.596133971,6774.328019
quarterly,26-Q1,season,,겨울,66310867.46,0.1189067577,13,0,13632,13632,0,1.03349306,1.033910802,5027.275624
quarterly,26-Q1,season,,봄가을,46884629.15,0.08407218082,6,0,150,150,0,0.04259155194,0.04259395767,13312.59412
quarterly,26-Q1,season,,여름,35453014.38,0.06357333501,8,0,3088,3088,0,0.8513111261,0.8513111261,9773.81658
quarterly,26-Q1,subcategory,Tech,충전패드,20937230.77,0.04842595315,2,0,4640,4640,0,5.31875496,5.31875496,24000
quarterly,26-Q1,subcategory,Stationery,다이어리,58514505.92,0.1353388494,9,0,13022,13022,0,1.201575506,1.202125929,5399.293278
quarterly,26-Q1,subcategory,Drinkware,텀블러,38920255.42,0.09001909023,5,0,4716,4716,0,1.431102919,1.431102919,11810.62153
quarterly,26-Q1,subcategory,Lifestyle,캠핑,43398095.69,0.1003759366,4,0,0,0,0,0,0,13970.81242
quarterly,26-Q1,subcategory,Lifestyle,미분류,18397394.23,0.04255153707,1,0,0,0,0,0,0,15455
quarterly,26-Q1,subcategory,Kit Package,슬리브박스,17575830.77,0.04065133383,3,0,1896,1896,0,0.3809442934,0.3809442934,3531.335672
quarterly,26-Q1,subcategory,Lifestyle,구강가전,11135057.54,0.02575439802,1,0,1680,1680,0,1.261917143,1.261917143,8364
quarterly,26-Q1,subcategory,Tech,배터리,11350694.62,0.02625314741,4,0,3962,3962,0,2.911194172,2.911029247,8340.251392
quarterly,26-Q1,subcategory,Awards & Recognition,트로피,13248576.92,0.03064278044,2,0,834,834,0,0.2203255502,0.2203255502,3500
quarterly,26-Q1,subcategory,Lifestyle,우산,18471511.92,0.0427229647,2,0,5620,5620,0,2.315741658,2.315741658,7611.254386
quarterly,26-Q1,subcategory,Tech,건강가전,20059286.15,0.04639534532,2,0,201,201,0,0.2202461227,0.2202461227,21980
quarterly,26-Q1,subcategory,Drinkware,보틀,14552911.54,0.03365959043,5,0,3531,3531,0,1.277602943,1.277606178,5265.602552
quarterly,26-Q1,subcategory,Bag&pouch,하드케이스 파우치,20840754.31,0.04820281168,4,0,3257,3257,0,0.6665562165,0.6665562165,4265.131821
quarterly,26-Q1,subcategory,Lifestyle,타월,7800126.462,0.01804099896,2,0,5866,5866,0,2.360115342,2.356161321,3138.288123
quarterly,26-Q1,subcategory,Lifestyle,골프,3451953.462,0.007984061429,1,0,150,150,0,0.2245250432,0.224697414,5167
quarterly,26-Q1,subcategory,Tech,PC/ 노트북 악세사리,11121272.23,0.02572251383,5,0,7051,7051,0,3.735533616,3.735533616,5891.914093
quarterly,26-Q1,subcategory,Tech,계절가전,4740416.308,0.01096416143,2,0,980,980,0,1.045989069,1.045989069,5059.615959
quarterly,26-Q1,subcategory,Stationery,노트,11935133.62,0.02760490285,8,0,2310,2310,0,0.3826014032,0.3826014032,1976.796047
quarterly,26-Q1,subcategory,Stationery,메모패드,4049919.923,0.009367104687,3,0,2520,2520,0,2.214815944,2.213819642,3559.455245
quarterly,26-Q1,subcategory,Drinkware,리유저블컵,5280203.846,0.01221264201,4,0,2108,2108,0,0.6538485629,0.6538485629,1637.786384
quarterly,26-Q1,subcategory,Stationery,펜,20576710.69,0.04759210227,13,0,32723,32723,0,2.045525211,2.073571245,1286.256776
quarterly,26-Q1,subcategory,Tech,충전기,12711514.92,0.02940060378,3,0,2713,2713,0,3.54681916,3.54681916,16618.29881
quarterly,26-Q1,subcategory,Lifestyle,여권케이스,2555876.923,0.005911516069,1,0,650,650,0,1.042694965,1.036530637,4100
quarterly,26-Q1,subcategory,Lifestyle,모바일 악세사리,2895123.846,0.006696164039,2,0,2400,2400,0,1.33134201,1.33134201,1606
quarterly,26-Q1,subcategory,Stationery,포스트잇,6257165.385,0.01447226718,5,0,3800,3800,0,1.38381386,1.38381386,2278.618995
quarterly,26-Q1,subcategory,Lifestyle,명함지갑,3083167.385,0.007131092023,1,0,800,800,0,1.359121798,1.359121798,5238
quarterly,26-Q1,subcategory,Fragrance,샤쉐,2480574.846,0.005737349061,4,0,10000,10000,0,4.230186116,4.230186116,1049.329327
quarterly,26-Q1,subcategory,Drinkware,머그컵,1314807.692,0.003041033287,1,0,344,344,0,0.6540880503,0.6540880503,2500
quarterly,26-Q1,subcategory,Lifestyle,구강관리,2353846.154,0.005444236864,1,0,2675,2675,0,1.818300654,1.818300654,1600
quarterly,26-Q1,subcategory,Tech,시계,1988646.154,0.004599561735,1,0,340,340,0,0.8377558757,0.8377558757,4900
quarterly,26-Q1,subcategory,Lifestyle,도시락,1494834.538,0.003457419376,2,0,0,0,0,0,0,1697.043802
quarterly,26-Q1,subcategory,Fragrance,디퓨저,952523.0769,0.002203101184,1,0,830,830,0,0.2614109894,0.2614109894,300
quarterly,26-Q1,subcategory,Lifestyle,세제,1142408,0.002642288128,2,0,0,0,0,0,0,1055.679505
quarterly,26-Q1,subcategory,Kit Package,지퍼백,1042700.769,0.002411674168,3,0,550,550,0,0.2939886868,0.2920123683,557.3495088
quarterly,26-Q1,subcategory,Lifestyle,네임택,323138.4615,0.00074739053,1,0,2600,2600,0,0.804608646,0.804608646,100
quarterly,26-Q1,subcategory,Kit Package,플라스틱 박스,383300,0.0008865388192,4,0,0,0,0,0,0,1300
quarterly,26-Q1,subcategory,Stationery,미분류,770802.2308,0.001782797025,13,0,6273,6273,0,0.8365383763,0.8366953543,102.7906339
quarterly,26-Q1,subcategory,Bag&pouch,노트북백,10891405.2,0.02519085183,3,0,2250,2250,0,4.110739533,4.110739533,19898.54663
quarterly,26-Q1,subcategory,Figure,월드 오브 피규어,3296894.47,0.007625423769,2,0,0,0,0,0,0,4303.699786
quarterly,26-Q1,subcategory,Lifestyle,가드닝,24421.53846,0.00005648484704,1,0,3700,3700,0,3.030112133,3.030112133,20
quarterly,26-Q1,subcategory,Wine,와인잔,34580,0.00007998046535,1,0,0,0,0,0,0,380
quarterly,26-Q2,category,,Stationery,98736124.31,0.165417099,39,0,51824,109752,0,1.983804319,4.151754973,3779.583781
quarterly,26-Q2,category,,Lifestyle,144748956.8,0.2425044804,25,0,22046,48187,0,1.357361771,2.802799027,8912.124665
quarterly,26-Q2,category,,Tech,176693781.4,0.2960230913,21,0,26705,46592,0,2.338975603,5.180192657,15475.84512
quarterly,26-Q2,category,,Drinkware,107738890.4,0.1804998406,17,0,7577,18596,0,0.6103373106,1.644693855,8678.509251
quarterly,26-Q2,category,,Bag&pouch,30669828.62,0.05138255236,8,0,6284,11791,0,2.498065616,4.681883727,12192.11399
quarterly,26-Q2,category,,Kit Package,18894619.08,0.03165501074,10,0,1050,3496,0,0.1753182118,0.5819663753,3154.829361
quarterly,26-Q2,category,,Awards & Recognition,11981576.92,0.02007327825,2,0,576,1410,0,0.1682583197,0.3911985658,3500
quarterly,26-Q2,category,,Fragrance,7079911.538,0.01186129632,6,0,13320,24981,0,7.367480321,14.03308446,3915.999169
quarterly,26-Q2,category,,Wine,348197.5,0.0005833510353,2,0,1320,4220,0,7.468175389,23.87553041,1970
quarterly,26-Q2,sub_category,,Product Parts,596891886.6,1,130,0,130702,269025,0,2.141163384,4.69713596,9778.297591
quarterly,26-Q2,sourcing,,국내소싱,184967736.4,0.2560968599,43,0,64065,115607,0,3.769918464,7.454523708,10884.46554
quarterly,26-Q2,sourcing,,해당없음,273591822.5,0.3788012331,203,0,174706,362596,0,2.050051801,4.193305917,3210.407246
quarterly,26-Q2,sourcing,,직소싱,115637356.5,0.1601055647,31,0,29437,57564,0,1.698390922,3.351832228,6671.788447
quarterly,26-Q2,sourcing,,중개소싱,148060032.5,0.2049963422,17,0,12799,37369,0,1.348071016,4.584297706,15594.61195
quarterly,26-Q2,production,,해외생산,448665125.3,0.6211987669,91,0,106301,210540,0,2.689849215,5.822834041,11353.0591
quarterly,26-Q2,production,,국내생산,273591822.5,0.3788012331,203,0,174706,362596,0,2.050051801,4.193305917,3210.407246
quarterly,26-Q2,procurement,,국내소싱,183177206.4,0.3068850666,39,0,61600,110517,0,3.692260968,7.265084856,10979.51379
quarterly,26-Q2,procurement,,국내생산,173606365.7,0.2908506039,60,0,44280,103174,0,1.124479391,2.643354056,4408.689711
quarterly,26-Q2,procurement,,직소싱,98889769.77,0.1656745082,18,0,15143,27235,0,1.175447418,2.101820297,7676.135809
quarterly,26-Q2,procurement,,중개소싱,141218544.8,0.2365898213,13,0,9679,28099,0,1.116731869,3.768739818,16293.34119
quarterly,26-Q2,first_order,,N,652804295.4,0.9038394126,273,0,271424,557621,0,3.381432434,7.384551466,8132.713457
quarterly,26-Q2,first_order,,Y,69452652.36,0.09616058741,21,0,9583,15515,0,1.317141642,2.001740847,9545.964788
quarterly,26-Q2,new_product,,N,566672181.1,0.7845852958,255,0,238355,486013,0,2.950870715,6.232215809,7015.486749
quarterly,26-Q2,new_product,,Y,155584766.7,0.2154147042,39,0,42652,87123,0,3.517971649,7.928777948,12832.7581
quarterly,26-Q2,season,,미분류,569601047.7,0.7886404547,265,0,256958,529317,0,3.713319966,8.119590553,8231.34887
quarterly,26-Q2,season,,겨울,60640105.23,0.08395918574,13,0,8460,22092,0,0.6779606569,1.691666455,4859.527846
quarterly,26-Q2,season,,봄가을,37362923.71,0.05173079169,6,0,1850,4900,0,0.7028089106,1.796842854,14194.05174
quarterly,26-Q2,season,,여름,54652871.15,0.0756695679,10,0,13739,16827,0,2.108796825,2.861311275,8388.660104
quarterly,26-Q2,subcategory,Stationery,펜,22819660.15,0.03823080975,13,0,37264,69987,0,3.014849454,5.999855641,1846.227994
quarterly,26-Q2,subcategory,Lifestyle,타월,14632058.77,0.02451375048,5,0,5777,11643,0,0.9547799709,1.738378889,2418.278803
quarterly,26-Q2,subcategory,Lifestyle,모바일 악세사리,2662253.846,0.004460194394,2,0,2980,5380,0,1.797679814,3.109480938,1606
quarterly,26-Q2,subcategory,Tech,배터리,23835292.31,0.03993234427,3,0,2947,6909,0,1.090114509,3.483564451,8816.829988
quarterly,26-Q2,subcategory,Stationery,포스트잇,6394043.077,0.01071222984,5,0,4320,8120,0,1.257983947,2.390126698,1861.945265
quarterly,26-Q2,subcategory,Drinkware,텀블러,74337876.27,0.1245416095,6,0,3877,8593,0,0.5598410806,1.456588727,10734.43306
quarterly,26-Q2,subcategory,Stationery,다이어리,53136896,0.08902264748,9,0,8260,21282,0,0.8136458376,1.995878145,5234.214801
quarterly,26-Q2,subcategory,Lifestyle,여권케이스,2982907.692,0.004997400299,1,0,820,1470,0,1.127088179,2.170333704,4100
quarterly,26-Q2,subcategory,Lifestyle,골프,2234440.444,0.003743459234,1,0,250,400,0,0.5781089414,0.7000607566,5167
quarterly,26-Q2,subcategory,Tech,건강가전,11032269.23,0.01848286009,2,0,470,671,0,0.9363984674,0.9487193431,21980
quarterly,26-Q2,subcategory,Lifestyle,구강가전,14631852.92,0.02451340561,1,0,2050,3730,0,1.171840647,2.421533621,8364
quarterly,26-Q2,subcategory,Bag&pouch,하드케이스 파우치,14571121.54,0.02441165958,6,0,5284,8541,0,2.567915633,3.074718984,7081.266236
quarterly,26-Q2,subcategory,Drinkware,리유저블컵,6066357.692,0.01016324368,4,0,2540,4648,0,0.6986848343,1.36712258,1668.689811
quarterly,26-Q2,subcategory,Tech,PC/ 노트북 악세사리,14479691.38,0.0242584825,5,0,7281,14332,0,2.325813682,5.178734879,4625.335027
quarterly,26-Q2,subcategory,Lifestyle,구강관리,2119015.385,0.003550082406,1,0,2935,5610,0,2.216123599,4.013538055,1600
quarterly,26-Q2,subcategory,Drinkware,머그컵,879038.4615,0.00147269293,1,0,200,544,0,0.5688033253,1.239831697,2500
quarterly,26-Q2,subcategory,Tech,시계,1643384.615,0.002753236645,1,0,1636,1976,0,4.877981651,5.331672893,4900
quarterly,26-Q2,subcategory,Stationery,노트,10923676.54,0.01830092984,8,0,200,2510,0,0.03527337467,0.4230818038,1926.574677
quarterly,26-Q2,subcategory,Tech,충전기,49106336.21,0.08227006818,4,0,2872,5585,0,0.979201131,2.588234089,16742.68104
quarterly,26-Q2,subcategory,Drinkware,보틀,26455617.95,0.04432229445,6,0,960,4811,0,0.1710656965,0.8091925782,4714.217407
quarterly,26-Q2,subcategory,Lifestyle,우산,20724672.85,0.03472098267,3,0,3459,9079,0,1.030304062,2.07585641,6173.088931
quarterly,26-Q2,subcategory,Tech,계절가전,27512000,0.04609209912,4,0,10699,11679,0,2.573564471,3.787601064,6617.805936
quarterly,26-Q2,subcategory,Lifestyle,미분류,15793821.15,0.0264601036,1,0,200,200,0,0.1957094467,0.1808066759,15455
quarterly,26-Q2,subcategory,Lifestyle,명함지갑,3747288.462,0.006278002007,1,0,605,1405,0,0.8476128893,2.159811927,5250
quarterly,26-Q2,subcategory,Lifestyle,캠핑,34780285.77,0.05826898732,3,0,280,280,0,0.1199237791,0.1178019525,14896.36896
quarterly,26-Q2,subcategory,Bag&pouch,노트북백,16098707.08,0.02697089279,2,0,1000,3250,0,1.044680167,4.953397034,16818
quarterly,26-Q2,subcategory,Kit Package,슬리브박스,16414100.62,0.02749928586,3,0,750,2646,0,0.1612187711,0.5493396947,3528.348172
quarterly,26-Q2,subcategory,Awards & Recognition,트로피,11981576.92,0.02007327825,2,0,576,1410,0,0.1682583197,0.3911985658,3500
quarterly,26-Q2,subcategory,Stationery,메모패드,5433288.538,0.009102634264,3,0,1780,4300,0,1.203956833,3.332064316,3674.969022
quarterly,26-Q2,subcategory,Fragrance,샤쉐,3099940.385,0.005193470467,4,0,11020,21020,0,4.077670192,8.641164116,1147.053948
quarterly,26-Q2,subcategory,Kit Package,지퍼백,2178918.462,0.003650440742,3,0,300,850,0,0.08230686796,0.314760506,597.7998471
quarterly,26-Q2,subcategory,Fragrance,디퓨저,3979971.154,0.006667825855,2,0,2300,3961,0,3.509368586,5.753412648,6072.689452
quarterly,26-Q2,subcategory,Lifestyle,세제,1142408,0.001913927841,2,0,0,0,0,0,0,1055.679505
quarterly,26-Q2,subcategory,Tech,충전패드,49084807.69,0.08223400049,2,0,800,5440,0,0.3993088885,3.806801485,24500
quarterly,26-Q2,subcategory,Kit Package,플라스틱 박스,301600,0.000505284134,4,0,0,0,0,0,0,1300
quarterly,26-Q2,subcategory,Lifestyle,네임택,162130.7692,0.0002716250177,1,0,120,2720,0,0.07401432841,1.121027186,100
quarterly,26-Q2,subcategory,Lifestyle,가드닝,105308.2308,0.0001764276465,1,0,2270,5970,0,0.4095596297,1.748711968,19
quarterly,26-Q2,subcategory,Stationery,미분류,28560,0.00004784786097,1,0,0,3553,0,0,6.303084061,120
quarterly,26-Q2,subcategory,Wine,와인잔,348197.5,0.0005833510353,2,0,1320,4220,0,7.468175389,23.87553041,1970
quarterly,26-Q2,subcategory,Lifestyle,도시락,29030512.5,0.04863613186,2,0,300,300,0,0.06755860546,0.06755860546,6537.536468
quarterly,26-Q3,category,,Stationery,98470910.8,0.1597310985,40,0,23343,133095,0,0.9866350319,5.514524867,4162.055015
quarterly,26-Q3,category,,Lifestyle,127247257.8,0.20640963,24,0,18347,63553,0,1.237908139,3.86438219,8585.622506
quarterly,26-Q3,category,,Kit Package,20728061.1,0.03362328978,6,0,4670,8166,0,0.5327721365,1.005898742,2364.739486
quarterly,26-Q3,category,,Drinkware,155958816.4,0.2529830674,21,0,6831,23758,0,0.5542950131,1.96060458,12655.13017
quarterly,26-Q3,category,,Tech,169257009.7,0.2745542603,24,0,23575,70617,0,2.623681155,8.759132579,18836.75192
quarterly,26-Q3,category,,Awards & Recognition,9642500,0.01564123968,2,0,1720,3130,0,0.6243194192,0.9292276228,3500
quarterly,26-Q3,category,,Bag&pouch,26777052.11,0.04343544619,9,0,5085,16876,0,1.879776549,4.745016335,9898.697075
quarterly,26-Q3,category,,Fragrance,8397661,0.0136219682,6,0,3140,28121,0,2.04676055,18.84626832,5473.885748
quarterly,26-Q3,sub_category,,Product Parts,616479268.9,1,132,0,86711,347316,0,1.610358718,6.400926662,11448.983
quarterly,26-Q3,sourcing,,해당없음,264335107.2,0.3509174928,199,0,121029,474052,0,1.453558908,5.416065327,3174.665987
quarterly,26-Q3,sourcing,,직소싱,161523265.9,0.214429858,40,0,44419,101663,0,1.8028162,4.080802937,6555.680238
quarterly,26-Q3,sourcing,,중개소싱,149708565,0.1987452777,16,0,10430,44818,0,1.276549208,6.464556222,18323.13999
quarterly,26-Q3,sourcing,,국내소싱,177701601.2,0.2359073715,44,0,32247,146635,0,2.61061817,11.21070421,14386.17635
quarterly,26-Q3,sourcing,,미분류,0,0,1,0,100,2474,0,0,0,0
quarterly,26-Q3,production,,국내생산,264335107.2,0.3509174928,199,0,121029,474052,0,1.453558908,5.416065327,3174.665987
quarterly,26-Q3,production,,해외생산,488933432.1,0.6490825072,100,0,87096,293116,0,2.316602578,7.966033158,13004.78149
quarterly,26-Q3,production,,미분류,0,0,1,0,100,2474,0,0,0,0
quarterly,26-Q3,procurement,,직소싱,135795689.3,0.2202761653,25,0,18208,45443,0,1.025746622,2.410087017,7650.042265
quarterly,26-Q3,procurement,,중개소싱,141049235,0.2287980182,12,0,9110,34228,0,1.251018541,5.499426948,19369.39717
quarterly,26-Q3,procurement,,국내소싱,176176867.6,0.2857790626,40,0,30457,139755,0,2.506643056,10.86673889,14499.54105
quarterly,26-Q3,procurement,,국내생산,163457477,0.2651467539,55,0,28936,127890,0,0.7935100971,3.373110323,4482.484049
quarterly,26-Q3,first_order,,N,670340028.3,0.8899084368,274,0,202093,757931,0,2.997628888,11.37837969,9943.098642
quarterly,26-Q3,first_order,,Y,82928511.04,0.1100915632,26,0,6132,11711,0,0.4747065199,0.7992715597,6419.880117
quarterly,26-Q3,new_product,,N,623610801.6,0.8278731542,255,0,169325,685648,0,2.717572926,11.07768031,10008.60966
quarterly,26-Q3,new_product,,Y,129657737.7,0.1721268458,45,0,38900,83994,0,2.212525595,4.524252159,7374.577462
quarterly,26-Q3,season,,미분류,637112833.6,0.8457977471,272,0,196106,717474,0,3.0253496,11.45517751,9828.812257
quarterly,26-Q3,season,,여름,32064856.2,0.04256762964,10,0,6102,22929,0,1.807709888,4.962686058,9499.173647
quarterly,26-Q3,season,,겨울,64133999.6,0.08514095074,14,0,4255,26797,0,0.3578685059,2.282258006,5394.016125
quarterly,26-Q3,season,,봄가을,19956850,0.02649367252,4,0,1762,2442,0,1.261108514,1.039429463,14283.62852
quarterly,26-Q3,subcategory,Stationery,노트,9918975,0.0160897138,8,0,400,2910,0,0.07682772899,0.5032750036,1905.130808
quarterly,26-Q3,subcategory,Stationery,펜,23736223.9,0.03850287446,14,0,15688,85675,0,1.232753207,6.862078461,1865.177597
quarterly,26-Q3,subcategory,Lifestyle,가드닝,91458.4,0.0001483560026,1,0,270,6240,0,0.05609107529,1.640924066,19
quarterly,26-Q3,subcategory,Kit Package,슬리브박스,18664823.1,0.03027648137,3,0,600,3246,0,0.08230957905,0.4760545951,2560.489554
quarterly,26-Q3,subcategory,Drinkware,리유저블컵,4379462,0.007103989089,4,0,2260,6908,0,0.7926469266,1.996788857,1536.003139
quarterly,26-Q3,subcategory,Tech,충전패드,80724480,0.1309443546,2,0,1701,7141,0,0.5394348777,3.831747113,25600
quarterly,26-Q3,subcategory,Drinkware,보틀,28586555,0.04637066718,3,0,1150,3340,0,0.1665253497,0.5331202853,4139.466145
quarterly,26-Q3,subcategory,Awards & Recognition,트로피,9642500,0.01564123968,2,0,1720,3130,0,0.6243194192,0.9292276228,3500
quarterly,26-Q3,subcategory,Drinkware,텀블러,122642799.4,0.198940671,13,0,3421,12966,0,0.4202529849,1.612743813,15066.0633
quarterly,26-Q3,subcategory,Lifestyle,도시락,23883723.9,0.03874213636,2,0,600,900,0,0.2276780632,0.2972534405,9063
quarterly,26-Q3,subcategory,Stationery,포스트잇,4479967,0.007267019713,5,0,2020,10140,0,0.7229672408,2.74284157,1603.400684
quarterly,26-Q3,subcategory,Lifestyle,우산,25801219.7,0.04185253422,2,0,2225,8323,0,0.5217533765,2.301852998,6050.280223
quarterly,26-Q3,subcategory,Lifestyle,모바일 악세사리,3239222.4,0.005254389828,2,0,3910,9290,0,1.56437545,4.112951827,1296
quarterly,26-Q3,subcategory,Bag&pouch,하드케이스 파우치,12182072.4,0.01976071705,6,0,3553,12094,0,1.957669396,4.485895962,6712.206676
quarterly,26-Q3,subcategory,Stationery,다이어리,57734899.6,0.09365262145,9,0,3855,25137,0,0.3838220254,2.579115092,5748.359559
quarterly,26-Q3,subcategory,Lifestyle,세제,1269080,0.00205859315,2,0,0,0,0,0,0,1192.378889
quarterly,26-Q3,subcategory,Tech,PC/ 노트북 악세사리,21881059.86,0.03549358586,7,0,9816,24148,0,2.230512844,5.503010434,4972.084867
quarterly,26-Q3,subcategory,Lifestyle,타월,15360246,0.02491607873,5,0,3670,15313,0,0.6329331864,2.571433213,2649.048895
quarterly,26-Q3,subcategory,Tech,배터리,14958645.5,0.02426463671,4,0,2331,9690,0,1.361596825,5.041101741,8737.728105
quarterly,26-Q3,subcategory,Fragrance,샤쉐,1754221,0.002845547431,4,0,2740,23760,0,1.508731495,9.171139802,965.9300995
quarterly,26-Q3,subcategory,Tech,충전기,30171541.8,0.04894169735,4,0,3716,9301,0,2.306031712,5.365224551,18723.50166
quarterly,26-Q3,subcategory,Kit Package,지퍼백,2063238,0.003346808407,3,0,4070,4920,0,1.171565382,1.680872576,593.9111096
quarterly,26-Q3,subcategory,Fragrance,디퓨저,6643440,0.01077642077,2,0,400,4361,0,0.4012514879,5.12998698,6664.225462
quarterly,26-Q3,subcategory,Tech,계절가전,9379100,0.0152139747,4,0,3542,15221,0,2.369808636,5.720896255,6275.175657
quarterly,26-Q3,subcategory,Lifestyle,캠핑,19507004.5,0.03164259608,3,0,1060,1340,0,0.787693964,0.6267919119,14495.8016
quarterly,26-Q3,subcategory,Lifestyle,구강관리,1653600,0.002682328642,1,0,1210,6820,0,1.170778907,5.259978148,1600
quarterly,26-Q3,subcategory,Lifestyle,미분류,13808094.2,0.02239831069,1,0,300,500,0,0.3463403371,0.4925409903,15941
quarterly,26-Q3,subcategory,Lifestyle,명함지갑,2320760,0.003764538594,1,0,1500,2905,0,3.360967959,4.855347143,5200
quarterly,26-Q3,subcategory,Bag&pouch,노트북백,7333400,0.01189561494,2,0,1012,4262,0,2.552976791,7.990802272,18500
quarterly,26-Q3,subcategory,Stationery,메모패드,2572285.3,0.004172541446,3,0,1380,5680,0,1.586042582,4.056365748,2956.343492
quarterly,26-Q3,subcategory,Lifestyle,구강가전,16968883.2,0.02752547256,1,0,900,4630,0,0.4436119874,2.762484048,8364
quarterly,26-Q3,subcategory,Lifestyle,여권케이스,2857290,0.00463485172,1,0,600,2070,0,0.8609556608,3.031832394,4100
quarterly,26-Q3,subcategory,Lifestyle,네임택,36830,0.00005974247936,1,0,1400,4120,0,3.801248982,2.221423436,100
quarterly,26-Q3,subcategory,Tech,시계,1518020,0.002462402349,1,0,2100,4076,0,6.778566817,11.51315635,4900
quarterly,26-Q3,subcategory,Tech,건강가전,10624162.5,0.01723360871,2,0,369,1040,0,0.8205470314,1.676937592,23625
quarterly,26-Q3,subcategory,Stationery,미분류,28560,0.00004632759192,1,0,0,3553,0,0,7.508100493,120
quarterly,26-Q3,subcategory,Bag&pouch,보냉백,7261579.714,0.01177911421,1,0,520,520,0,0.4696168236,0.4708813123,6558
quarterly,26-Q3,subcategory,Lifestyle,골프,449845.5,0.0007297009367,1,0,702,1102,0,7.93220339,2.181834105,5083
quarterly,26-Q3,subcategory,Drinkware,머그컵,350000,0.0005677400971,1,0,0,544,0,0,1.39279815,2500