Name,공지업무채널_슬랙미발송,파츠명,판매상태,담당자,판매상태 변경사유,적용 굿즈명,Goods code,변경일,end time,변경일(인터페이스용),end time(인터페이스용),parts_RECORD_ID (from 파츠명),newest record,판매상태 변경,Autonumber,담당자 이름,파츠 이름,확인 요청 사항,재고소유구분 (from sync_parts),품절 성격,품절 사유,파츠 유형 (from 파츠명),굿즈품절여부
SSU000026,,PT0388-단품박스(스탠다드)_화이트_000-15,판매가능,,정보 최초 입력,"핸디링 미니 선풍기, 에브리 폴더블 멀티충전기","HDRM, CHTW",2023.5.30 4:55오후,,2023.5.30,2026.9.3,recbXbrSfYagBEA6n,recbXbrSfYagBEA6n,https://airtable.com/shr5t1qyPKytJvVBY?prefill_fldziB6bVRltNvUis=recbXbrSfYagBEA6n,26,,PT0388-단품박스(스탠다드)_화이트_000-15,,신시어리,,,Package Parts,
SSU000027,,PT0400-바스켓_리드_그레이,판매가능,정승윤,정보 최초 입력,Basket 패키지,BSKP,2023.5.30 4:56오후,2026.7.13 2:16오후,2023.5.30,2026.7.12,recjakRGIr1gILnRK,,https://airtable.com/shr5t1qyPKytJvVBY?prefill_fldziB6bVRltNvUis=recjakRGIr1gILnRK,27,정승윤,PT0400-바스켓_리드_그레이,,신시어리,,,Product Parts,
SSU000028,,PT0403-바스켓_리드_오트밀,판매가능,정승윤,정보 최초 입력,Basket 패키지,BSKP,2023.5.30 4:56오후,2026.7.13 2:08오후,2023.5.30,2026.7.12,recWWsWlmrVngVa9x,,https://airtable.com/shr5t1qyPKytJvVBY?prefill_fldziB6bVRltNvUis=recWWsWlmrVngVa9x,28,정승윤,PT0403-바스켓_리드_오트밀,,신시어리,,,Product Parts,
SSU000029,,PT0404-바스켓_바디_오트밀,판매가능,정승윤,정보 최초 입력,Basket 패키지,BSKP,2023.5.30 4:56오후,2026.7.13 2:16오후,2023.5.30,2026.7.12,rec1Q1WMcg0IQSbbn,,https://airtable.com/shr5t1qyPKytJvVBY?prefill_fldziB6bVRltNvUis=rec1Q1WMcg0IQSbbn,29,정승윤,PT0404-바스켓_바디_오트밀,,신시어리,,,Product Parts,
SSU000030,,PT0407-바스켓_바디_그레이,판매가능,정승윤,정보 최초 입력,Basket 패키지,BSKP,2023.5.30 4:56오후,2026.7.13 2:18오후,2023.5.30,2026.7.12,recIDT5CkOEBju2gv,,https://airtable.com/shr5t1qyPKytJvVBY?prefill_fldziB6bVRltNvUis=recIDT5CkOEBju2gv,30,정승윤,PT0407-바스켓_바디_그레이,,신시어리,,,Product Parts,
SSU000031,,,판매가능,안다정,정보 최초 입력,,,2023.5.30 4:56오후,2025.12.9 3:03오후,2023.5.30,2025.12.8,,,https://airtable.com/shr5t1qyPKytJvVBY?prefill_fldziB6bVRltNvUis=,31,안다정,,,,,,,
SSU000032,,,판매가능,안다정,정보 최초 입력,,,2023.5.30 4:56오후,2025.12.9 3:07오후,2023.5.30,2025.12.8,,,https://airtable.com/shr5t1qyPKytJvVBY?prefill_fldziB6bVRltNvUis=,32,안다정,,,,,,,
SSU000033,,,판매가능,안다정,정보 최초 입력,,,2023.5.30 4:56오후,,2023.5.30,2026.9.3,,reclku4DV33JJ0jR8,https://airtable.com/shr5t1qyPKytJvVBY?prefill_fldziB6bVRltNvUis=,33,안다정,,,,,,,
SSU000034,,,판매가능,안다정,정보 최초 입력,,,2023.5.30 4:56오후,2025.12.9 3:06오후,2023.5.30,2025.12.8,,,https://airtable.com/shr5t1qyPKytJvVBY?prefill_fldziB6bVRltNvUis=,34,안다정,,,,,,,
SSU000035,,,판매가능,,정보 최초 입력,,,2023.5.30 4:56오후,2024.9.27 3:01오후,2023.5.30,2024.9.26,,,https://airtable.com/shr5t1qyPKytJvVBY?prefill_fldziB6bVRltNvUis=,35,,,,,,,,
SSU000036,,,판매가능,,정보 최초 입력,,,2023.5.30 4:56오후,2025.1.24 3:10오후,2023.5.30,2025.1.23,,,https://airtable.com/shr5t1qyPKytJvVBY?prefill_fldziB6bVRltNvUis=,36,,,,,,,,
SSU000037,,,판매가능,,정보 최초 입력,,,2023.5.30 4:56오후,2024.6.18 3:06오후,2023.5.30,2024.6.17,,,https://airtable.com/shr5t1qyPKytJvVBY?prefill_fldziB6bVRltNvUis=,37,,,,,,,,
SSU000038,,PT0453-단품박스(스탠다드)_웜그레이_000-6,판매가능,,정보 최초 입력,"MiiR 텀블러, Carry me 와인잔, 리틀빅 리유저블컵, 슈가케인 텀블러","MIRT, CMWG, LTBR, SGCN",2023.5.30 4:56오후,,2023.5.30,2026.9.3,rec45lvIQr6f7ZcLD,rec45lvIQr6f7ZcLD,https://airtable.com/shr5t1qyPKytJvVBY?prefill_fldziB6bVRltNvUis=rec45lvIQr6f7ZcLD,38,,PT0453-단품박스(스탠다드)_웜그레이_000-6,,신시어리,,,Package Parts,
SSU000039,,PT0475-페이퍼G형박스(T)_그레이_100-2,판매가능,,정보 최초 입력,ECO 페이퍼박스,ECPB,2023.5.30 4:56오후,,2023.5.30,2026.9.3,recRoLyJZL4AFl4Md,recRoLyJZL4AFl4Md,https://airtable.com/shr5t1qyPKytJvVBY?prefill_fldziB6bVRltNvUis=recRoLyJZL4AFl4Md,39,,PT0475-페이퍼G형박스(T)_그레이_100-2,,신시어리,,,Package Parts,
SSU000040,,PT0477-페이퍼G형박스(S)_그레이_100-1,판매가능,,정보 최초 입력,ECO 페이퍼박스,ECPB,2023.5.30 4:56오후,,2023.5.30,2026.9.3,recj5QtCo25OOjiSH,recj5QtCo25OOjiSH,https://airtable.com/shr5t1qyPKytJvVBY?prefill_fldziB6bVRltNvUis=recj5QtCo25OOjiSH,40,,PT0477-페이퍼G형박스(S)_그레이_100-1,,신시어리,,,Package Parts,
SSU000041,,PT0484-콘폼,판매가능,문경선,정보 최초 입력,"ECO 페이퍼박스, Carry me 와인잔, 슈가케인 텀블러, Advent 굿즈박스, Motion 스탠다드 박스, Motion 커스텀 박스","ECPB, CMWG, SGCN, AVBX, MBST, MBCT",2023.5.30 4:56오후,,2023.5.30,2026.9.3,recTPjvklTIU911qt,recTPjvklTIU911qt,https://airtable.com/shr5t1qyPKytJvVBY?prefill_fldziB6bVRltNvUis=recTPjvklTIU911qt,41,문경선,PT0484-콘폼,,신시어리,,,Package Parts,
SSU000042,,,판매가능,,정보 최초 입력,,,2023.5.30 4:56오후,2025.5.19 9:58오후,2023.5.30,2025.5.18,,,https://airtable.com/shr5t1qyPKytJvVBY?prefill_fldziB6bVRltNvUis=,42,,,,,,,,
SSU000043,,,판매가능,,정보 최초 입력,,,2023.5.30 4:56오후,2025.5.19 9:58오후,2023.5.30,2025.5.18,,,https://airtable.com/shr5t1qyPKytJvVBY?prefill_fldziB6bVRltNvUis=,43,,,,,,,,
SSU000044,,PT0493-단품박스(스탠다드)_웜그레이_000-19,판매가능,,정보 최초 입력,"스탠리 데일리 텀블러, MiiR 텀블러, 스테이 텀블러","STLD, MIRT, TMBS",2023.5.30 4:56오후,,2023.5.30,2026.9.3,recywDvtIPVj6wv3F,recywDvtIPVj6wv3F,https://airtable.com/shr5t1qyPKytJvVBY?prefill_fldziB6bVRltNvUis=recywDvtIPVj6wv3F,44,,PT0493-단품박스(스탠다드)_웜그레이_000-19,,신시어리,,,Package Parts,
SSU000045,,PT0495-안전봉투_200-4,판매가능,정승윤,정보 최초 입력,KeepSafe 안전봉투,SFPP,2023.5.30 4:56오후,,2023.5.30,2026.9.3,recXYI572ztEFbmPr,recXYI572ztEFbmPr,https://airtable.com/shr5t1qyPKytJvVBY?prefill_fldziB6bVRltNvUis=recXYI572ztEFbmPr,45,정승윤,PT0495-안전봉투_200-4,,협력사,,,Package Parts,
SSU000046,,PT0496-안전봉투_200-3,판매가능,정승윤,정보 최초 입력,KeepSafe 안전봉투,SFPP,2023.5.30 4:56오후,,2023.5.30,2026.9.3,recvTY3iBKaAZS6N3,recvTY3iBKaAZS6N3,https://airtable.com/shr5t1qyPKytJvVBY?prefill_fldziB6bVRltNvUis=recvTY3iBKaAZS6N3,46,정승윤,PT0496-안전봉투_200-3,,협력사,,,Package Parts,
SSU000047,,PT0498-안전봉투_200-2,판매가능,정승윤,정보 최초 입력,KeepSafe 안전봉투,SFPP,2023.5.30 4:56오후,,2023.5.30,2026.9.3,recDbpJdiPPmkH5vV,recDbpJdiPPmkH5vV,https://airtable.com/shr5t1qyPKytJvVBY?prefill_fldziB6bVRltNvUis=recDbpJdiPPmkH5vV,47,정승윤,PT0498-안전봉투_200-2,,협력사,,,Package Parts,
SSU000048,,PT0499-안전봉투_200-1,판매가능,정승윤,정보 최초 입력,KeepSafe 안전봉투,SFPP,2023.5.30 4:56오후,,2023.5.30,2026.9.3,recbqFTAe6wIu4Gor,recbqFTAe6wIu4Gor,https://airtable.com/shr5t1qyPKytJvVBY?prefill_fldziB6bVRltNvUis=recbqFTAe6wIu4Gor,48,정승윤,PT0499-안전봉투_200-1,,협력사,,,Package Parts,
SSU000049,,PT0501-미르텀블러_화이트,판매가능,,정보 최초 입력,MiiR 텀블러,MIRT,2023.5.30 4:56오후,2024.12.23 2:52오후,2023.5.30,2024.12.22,recFoI68WKxoEUJUj,,https://airtable.com/shr5t1qyPKytJvVBY?prefill_fldziB6bVRltNvUis=recFoI68WKxoEUJUj,49,,PT0501-미르텀블러_화이트,,신시어리,,,Product Parts,
SSU000050,,PT0503-미르텀블러_블랙,판매가능,,정보 최초 입력,MiiR 텀블러,MIRT,2023.5.30 4:56오후,2024.2.19 10:49오전,2023.5.30,2024.2.18,recP5WdvOqABOkdLT,,https://airtable.com/shr5t1qyPKytJvVBY?prefill_fldziB6bVRltNvUis=recP5WdvOqABOkdLT,50,,PT0503-미르텀블러_블랙,,협력사,,,Product Parts,
SSU000051,,PT0506-굿즈박스(스탠다드)_화이트_000-1,판매가능,,정보 최초 입력,Open 페이퍼박스,OPPB,2023.5.30 4:56오후,,2023.5.30,2026.9.3,recz6d3a65IcVnaof,recz6d3a65IcVnaof,https://airtable.com/shr5t1qyPKytJvVBY?prefill_fldziB6bVRltNvUis=recz6d3a65IcVnaof,51,,PT0506-굿즈박스(스탠다드)_화이트_000-1,,신시어리,,,Package Parts,
SSU000052,,PT0510-종이패드(스탠다드)_블랙_300-1,판매가능,,정보 최초 입력,Open 페이퍼박스,OPPB,2023.5.30 4:56오후,,2023.5.30,2026.9.3,recuN3Pyfg5jx5hPV,recuN3Pyfg5jx5hPV,https://airtable.com/shr5t1qyPKytJvVBY?prefill_fldziB6bVRltNvUis=recuN3Pyfg5jx5hPV,52,,PT0510-종이패드(스탠다드)_블랙_300-1,,신시어리,,,Package Parts,
SSU000053,,PT0518-굿즈박스(스탠다드)_블랙_000-1,판매가능,,정보 최초 입력,Open 페이퍼박스,OPPB,2023.5.30 4:56오후,,2023.5.30,2026.9.3,rec4K4t3nJltb0Fwx,rec4K4t3nJltb0Fwx,https://airtable.com/shr5t1qyPKytJvVBY?prefill_fldziB6bVRltNvUis=rec4K4t3nJltb0Fwx,53,,PT0518-굿즈박스(스탠다드)_블랙_000-1,,신시어리,,,Package Parts,
SSU000054,,PT0521-종이패드(스탠다드)_화이트_300-1,판매가능,,정보 최초 입력,Open 페이퍼박스,OPPB,2023.5.30 4:56오후,,2023.5.30,2026.9.3,recz6VmBzc7gPbPWN,recz6VmBzc7gPbPWN,https://airtable.com/shr5t1qyPKytJvVBY?prefill_fldziB6bVRltNvUis=recz6VmBzc7gPbPWN,54,,PT0521-종이패드(스탠다드)_화이트_300-1,,신시어리,,,Package Parts,
SSU000055,,PT0526-지지박스(스탠다드)_블랙_000-1,판매가능,,정보 최초 입력,Open 페이퍼박스,OPPB,2023.5.30 4:56오후,,2023.5.30,2026.9.3,recQno6Jsx1zEoXOn,recQno6Jsx1zEoXOn,https://airtable.com/shr5t1qyPKytJvVBY?prefill_fldziB6bVRltNvUis=recQno6Jsx1zEoXOn,55,,PT0526-지지박스(스탠다드)_블랙_000-1,,신시어리,,,Package Parts,
SSU000056,,PT0529-지지박스(스탠다드)_화이트_000-1,판매가능,,정보 최초 입력,Open 페이퍼박스,OPPB,2023.5.30 4:56오후,,2023.5.30,2026.9.3,rec4hcEKHsSOOwU6o,rec4hcEKHsSOOwU6o,https://airtable.com/shr5t1qyPKytJvVBY?prefill_fldziB6bVRltNvUis=rec4hcEKHsSOOwU6o,56,,PT0529-지지박스(스탠다드)_화이트_000-1,,신시어리,,,Package Parts,
SSU000057,,PT0532-오픈박스(스탠다드)_블랙_300-1,판매가능,,정보 최초 입력,모바일 오피스 파우치,MOFP,2023.5.30 4:56오후,,2023.5.30,2026.9.3,recbTOK84WotsDcxH,recbTOK84WotsDcxH,https://airtable.com/shr5t1qyPKytJvVBY?prefill_fldziB6bVRltNvUis=recbTOK84WotsDcxH,57,,PT0532-오픈박스(스탠다드)_블랙_300-1,,신시어리,,,Package Parts,
SSU000058,,PT0534-무광스트링파우치(커스텀인쇄)(M)_블랙_200-1,판매가능,정승윤,정보 최초 입력,Passion 더스트백,DBAG,2023.5.30 4:56오후,,2023.5.30,2026.9.3,reclZL6iAlyxHAEjR,reclZL6iAlyxHAEjR,https://airtable.com/shr5t1qyPKytJvVBY?prefill_fldziB6bVRltNvUis=reclZL6iAlyxHAEjR,58,정승윤,PT0534-무광스트링파우치(커스텀인쇄)(M)_블랙_200-1,,신시어리,,,Package Parts,
SSU000059,,PT0536-무광스트링파우치(커스텀인쇄)(M)_반투명_200-1,판매가능,정승윤,정보 최초 입력,"Passion 더스트백, 클리어 리유저블컵","DBAG, CLRU",2023.5.30 4:56오후,,2023.5.30,2026.9.3,rec4TpbmxUGX6uGIa,rec4TpbmxUGX6uGIa,https://airtable.com/shr5t1qyPKytJvVBY?prefill_fldziB6bVRltNvUis=rec4TpbmxUGX6uGIa,59,정승윤,PT0536-무광스트링파우치(커스텀인쇄)(M)_반투명_200-1,,신시어리,,,Package Parts,
SSU000060,,PT0542-골지트레이박스_화이트_200-1,판매가능,,정보 최초 입력,Quality 슬리브 박스,SLVB,2023.5.30 4:56오후,,2023.5.30,2026.9.3,recsaKTeTzvHg0m7W,recsaKTeTzvHg0m7W,https://airtable.com/shr5t1qyPKytJvVBY?prefill_fldziB6bVRltNvUis=recsaKTeTzvHg0m7W,60,,PT0542-골지트레이박스_화이트_200-1,,신시어리,,,Package Parts,
SSU000061,,PT0543-골지트레이박스_블랙_200-1,판매가능,,정보 최초 입력,Quality 슬리브 박스,SLVB,2023.5.30 4:56오후,,2023.5.30,2026.9.3,receztiWclkR39JB8,receztiWclkR39JB8,https://airtable.com/shr5t1qyPKytJvVBY?prefill_fldziB6bVRltNvUis=receztiWclkR39JB8,61,,PT0543-골지트레이박스_블랙_200-1,,신시어리,,,Package Parts,
SSU000062,,PT0548-텀블러류지지박스_화이트_000-1,판매가능,,정보 최초 입력,"Quality 슬리브 박스, Solid 스탠다드 G형 박스, Solid 커스텀 G형 박스","SLVB, DRCG, SCGB",2023.5.30 4:56오후,,2023.5.30,2026.9.3,recPsoHFHi3V5lhJO,recPsoHFHi3V5lhJO,https://airtable.com/shr5t1qyPKytJvVBY?prefill_fldziB6bVRltNvUis=recPsoHFHi3V5lhJO,62,,PT0548-텀블러류지지박스_화이트_000-1,,신시어리,,,Package Parts,
SSU000063,,PT0549-텀블러류지지박스_블랙_000-1,판매가능,,정보 최초 입력,"Quality 슬리브 박스, Solid 스탠다드 G형 박스, Solid 커스텀 G형 박스","SLVB, DRCG, SCGB",2023.5.30 4:56오후,,2023.5.30,2026.9.3,recp9pa8wsVcVRNyx,recp9pa8wsVcVRNyx,https://airtable.com/shr5t1qyPKytJvVBY?prefill_fldziB6bVRltNvUis=recp9pa8wsVcVRNyx,63,,PT0549-텀블러류지지박스_블랙_000-1,,신시어리,,,Package Parts,
SSU000064,,PT0554-노트류지지대(전용)_블랙_100-2,판매가능,,정보 최초 입력,"Quality 슬리브 박스, Solid 스탠다드 G형 박스, Solid 커스텀 G형 박스","SLVB, DRCG, SCGB",2023.5.30 4:56오후,,2023.5.30,2026.9.3,recDR0mqldgRQF8JF,recDR0mqldgRQF8JF,https://airtable.com/shr5t1qyPKytJvVBY?prefill_fldziB6bVRltNvUis=recDR0mqldgRQF8JF,64,,PT0554-노트류지지대(전용)_블랙_100-2,,신시어리,,,Package Parts,
SSU000065,,PT0555-노트류지지대(전용)_화이트_100-2,판매가능,,정보 최초 입력,"Quality 슬리브 박스, Solid 스탠다드 G형 박스, Solid 커스텀 G형 박스","SLVB, DRCG, SCGB",2023.5.30 4:56오후,,2023.5.30,2026.9.3,recsIckWDorUmV0GU,recsIckWDorUmV0GU,https://airtable.com/shr5t1qyPKytJvVBY?prefill_fldziB6bVRltNvUis=recsIckWDorUmV0GU,65,,PT0555-노트류지지대(전용)_화이트_100-2,,신시어리,,,Package Parts,
SSU000066,,PT0557-머그류지지박스_화이트_000-2,판매가능,,정보 최초 입력,"Quality 슬리브 박스, Solid 스탠다드 G형 박스, Solid 커스텀 G형 박스","SLVB, DRCG, SCGB",2023.5.30 4:56오후,,2023.5.30,2026.9.3,recJGr9sSpmuuk6zY,recJGr9sSpmuuk6zY,https://airtable.com/shr5t1qyPKytJvVBY?prefill_fldziB6bVRltNvUis=recJGr9sSpmuuk6zY,66,,PT0557-머그류지지박스_화이트_000-2,,신시어리,,,Package Parts,
SSU000067,,PT0558-머그류지지박스_블랙_000-2,판매가능,,정보 최초 입력,"Quality 슬리브 박스, Solid 스탠다드 G형 박스, Solid 커스텀 G형 박스","SLVB, DRCG, SCGB",2023.5.30 4:56오후,,2023.5.30,2026.9.3,recWKKgeds03rY4IC,recWKKgeds03rY4IC,https://airtable.com/shr5t1qyPKytJvVBY?prefill_fldziB6bVRltNvUis=recWKKgeds03rY4IC,67,,PT0558-머그류지지박스_블랙_000-2,,신시어리,,,Package Parts,
SSU000068,,PT0562-코튼스트링파우치(커스텀인쇄)(L)_광목_200-1,판매가능,김민정,정보 최초 입력,Raw 코튼 파우치,RCPC,2023.5.30 4:56오후,2023.10.11 6:08오후,2023.5.30,2023.10.10,rec6XHoU0FsKISmQ3,,https://airtable.com/shr5t1qyPKytJvVBY?prefill_fldziB6bVRltNvUis=rec6XHoU0FsKISmQ3,68,김민정,PT0562-코튼스트링파우치(커스텀인쇄)(L)_광목_200-1,,신시어리,,,Package Parts,
SSU000069,,PT0563-코튼스트링파우치(커스텀인쇄)(XL)_광목_200-2,판매가능,김민정,정보 최초 입력,Raw 코튼 파우치,RCPC,2023.5.30 4:56오후,2024.3.21 11:07오전,2023.5.30,2024.3.20,recPMfp30xe6UX34Q,,https://airtable.com/shr5t1qyPKytJvVBY?prefill_fldziB6bVRltNvUis=recPMfp30xe6UX34Q,69,김민정,PT0563-코튼스트링파우치(커스텀인쇄)(XL)_광목_200-2,,신시어리,,,Package Parts,
SSU000070,,,판매가능,,정보 최초 입력,,,2023.5.30 4:56오후,2026.4.24 4:56오후,2023.5.30,2026.4.23,,,https://airtable.com/shr5t1qyPKytJvVBY?prefill_fldziB6bVRltNvUis=,70,,,,,,,,
SSU000071,,,판매가능,,정보 최초 입력,,,2023.5.30 4:56오후,2024.5.31 10:33오전,2023.5.30,2024.5.30,,,https://airtable.com/shr5t1qyPKytJvVBY?prefill_fldziB6bVRltNvUis=,71,,,,,,,,
SSU000072,,,판매가능,,정보 최초 입력,,,2023.5.30 4:56오후,2024.4.17 2:25오후,2023.5.30,2024.4.16,,,https://airtable.com/shr5t1qyPKytJvVBY?prefill_fldziB6bVRltNvUis=,72,,,,,,,,
SSU000073,,,판매가능,,정보 최초 입력,,,2023.5.30 4:56오후,2026.4.24 4:57오후,2023.5.30,2026.4.23,,,https://airtable.com/shr5t1qyPKytJvVBY?prefill_fldziB6bVRltNvUis=,73,,,,,,,,
SSU000074,,,판매가능,,정보 최초 입력,,,2023.5.30 4:56오후,2026.1.7 12:11오후,2023.5.30,2026.1.6,,,https://airtable.com/shr5t1qyPKytJvVBY?prefill_fldziB6bVRltNvUis=,74,,,,,,,,
SSU000075,,,판매가능,,정보 최초 입력,,,2023.5.30 4:56오후,2026.3.26 5:43오후,2023.5.30,2026.3.25,,,https://airtable.com/shr5t1qyPKytJvVBY?prefill_fldziB6bVRltNvUis=,75,,,,,,,,
SSU000076,,,판매가능,김민지,정보 최초 입력,,,2023.5.30 4:56오후,,2023.5.30,2026.9.3,,recSWfjMtU199Lq3A,https://airtable.com/shr5t1qyPKytJvVBY?prefill_fldziB6bVRltNvUis=,76,김민지,,,,,,,
SSU000077,,PT0572-머그류지지박스(전용)_블랙_000-3,판매가능,,정보 최초 입력,Reinvent 박스,RIVT,2023.5.30 4:56오후,,2023.5.30,2026.9.3,recAnip1CVm3ptupN,recAnip1CVm3ptupN,https://airtable.com/shr5t1qyPKytJvVBY?prefill_fldziB6bVRltNvUis=recAnip1CVm3ptupN,77,,PT0572-머그류지지박스(전용)_블랙_000-3,,신시어리,,,Package Parts,
SSU000078,,PT0575-텀블러류지지대(전용)_블랙_000-1,판매가능,,정보 최초 입력,Reinvent 박스,RIVT,2023.5.30 4:56오후,,2023.5.30,2026.9.3,rec8R7956jKR4TVa8,rec8R7956jKR4TVa8,https://airtable.com/shr5t1qyPKytJvVBY?prefill_fldziB6bVRltNvUis=rec8R7956jKR4TVa8,78,,PT0575-텀블러류지지대(전용)_블랙_000-1,,신시어리,,,Package Parts,
SSU000079,,PT0576-골지트레이박스(스탠다드)_블랙_200-2,판매가능,,정보 최초 입력,Reinvent 박스,RIVT,2023.5.30 4:56오후,,2023.5.30,2026.9.3,recJXILLA46fp94wo,recJXILLA46fp94wo,https://airtable.com/shr5t1qyPKytJvVBY?prefill_fldziB6bVRltNvUis=recJXILLA46fp94wo,79,,PT0576-골지트레이박스(스탠다드)_블랙_200-2,,신시어리,,,Package Parts,
SSU000080,,PT0578-노트류지지대(전용)_블랙_100-1,판매가능,,정보 최초 입력,Reinvent 박스,RIVT,2023.5.30 4:56오후,,2023.5.30,2026.9.3,recqJBa6JLtmfsGL8,recqJBa6JLtmfsGL8,https://airtable.com/shr5t1qyPKytJvVBY?prefill_fldziB6bVRltNvUis=recqJBa6JLtmfsGL8,80,,PT0578-노트류지지대(전용)_블랙_100-1,,신시어리,,,Package Parts,
SSU000081,,,판매가능,정승윤,정보 최초 입력,,,2023.5.30 4:56오후,,2023.5.30,2026.9.3,,recxr7K8TBzQ5OSE5,https://airtable.com/shr5t1qyPKytJvVBY?prefill_fldziB6bVRltNvUis=,81,정승윤,,,,,,,
SSU000082,,,판매가능,정승윤,정보 최초 입력,,,2023.5.30 4:56오후,,2023.5.30,2026.9.3,,recHTAHgzyUWGBf35,https://airtable.com/shr5t1qyPKytJvVBY?prefill_fldziB6bVRltNvUis=,82,정승윤,,,,,,,
SSU000083,,PT0588-단품박스(스탠다드)_웜그레이_000-5,판매가능,,정보 최초 입력,"SNOW 손난로 & 보조배터리, 프라우드 투톤 명함지갑, 리마커블 칫솔살균기, 베이직 도킹형 보조배터리, 퀵차지 도킹형 보조배터리","SNBT, TWTO, RMKB, BASD, QUIC",2023.5.30 4:56오후,,2023.5.30,2026.9.3,rec9fGYJFAkx9SE9L,rec9fGYJFAkx9SE9L,https://airtable.com/shr5t1qyPKytJvVBY?prefill_fldziB6bVRltNvUis=rec9fGYJFAkx9SE9L,83,,PT0588-단품박스(스탠다드)_웜그레이_000-5,,신시어리,,,Package Parts,
SSU000084,,,판매가능,,정보 최초 입력,,,2023.5.30 4:56오후,,2023.5.30,2026.9.3,,rec5lLalAMRZhyAKj,https://airtable.com/shr5t1qyPKytJvVBY?prefill_fldziB6bVRltNvUis=,84,,,,,,,,
SSU000085,,,판매가능,,정보 최초 입력,,,2023.5.30 4:56오후,,2023.5.30,2026.9.3,,recOCKuy5aODzycqN,https://airtable.com/shr5t1qyPKytJvVBY?prefill_fldziB6bVRltNvUis=,85,,,,,,,,
SSU000086,,,판매가능,,정보 최초 입력,,,2023.5.30 4:56오후,2025.6.9 9:28오전,2023.5.30,2025.6.8,,,https://airtable.com/shr5t1qyPKytJvVBY?prefill_fldziB6bVRltNvUis=,86,,,,,,,,
SSU000087,,,판매가능,정승윤,정보 최초 입력,,,2023.5.30 4:56오후,2024.2.19 8:59오전,2023.5.30,2024.2.18,,,https://airtable.com/shr5t1qyPKytJvVBY?prefill_fldziB6bVRltNvUis=,87,정승윤,,,,,,,
SSU000088,,,판매가능,정승윤,정보 최초 입력,,,2023.5.30 4:56오후,2024.6.21 11:18오전,2023.5.30,2024.6.20,,,https://airtable.com/shr5t1qyPKytJvVBY?prefill_fldziB6bVRltNvUis=,88,정승윤,,,,,,,
SSU000089,,,판매가능,정승윤,정보 최초 입력,,,2023.5.30 4:56오후,,2023.5.30,2026.9.3,,recOL5lg93x8dz8Cz,https://airtable.com/shr5t1qyPKytJvVBY?prefill_fldziB6bVRltNvUis=,89,정승윤,,,,,,,
SSU000090,,,판매가능,,정보 최초 입력,,,2023.5.30 4:56오후,,2023.5.30,2026.9.3,,rec5Y9Q2zymzggGnM,https://airtable.com/shr5t1qyPKytJvVBY?prefill_fldziB6bVRltNvUis=,90,,,,,,,,
SSU000091,,,판매가능,문경선,정보 최초 입력,,,2023.5.30 4:56오후,,2023.5.30,2026.9.3,,rechipd4nc4Wa4H9w,https://airtable.com/shr5t1qyPKytJvVBY?prefill_fldziB6bVRltNvUis=,91,문경선,,,,,,,
SSU000092,,,판매가능,정승윤,정보 최초 입력,,,2023.5.30 4:56오후,,2023.5.30,2026.9.3,,recCWQEap60XMK7SA,https://airtable.com/shr5t1qyPKytJvVBY?prefill_fldziB6bVRltNvUis=,92,정승윤,,,,,,,
SSU000093,,,판매가능,정승윤,정보 최초 입력,,,2023.5.30 4:56오후,,2023.5.30,2026.9.3,,recS6RH9jwfEcXjuF,https://airtable.com/shr5t1qyPKytJvVBY?prefill_fldziB6bVRltNvUis=,93,정승윤,,,,,,,
SSU000094,,,판매가능,정승윤,정보 최초 입력,,,2023.5.30 4:56오후,,2023.5.30,2026.9.3,,recmkAj9PD8C4EwrI,https://airtable.com/shr5t1qyPKytJvVBY?prefill_fldziB6bVRltNvUis=,94,정승윤,,,,,,,
SSU000095,,PT0712-내추럴노트_커버_그레이,판매가능,,정보 최초 입력,내추럴 노트,NTRN,2023.5.30 4:56오후,2023.11.16 10:45오전,2023.5.30,2023.11.15,rec5pn661J4iRslXl,,https://airtable.com/shr5t1qyPKytJvVBY?prefill_fldziB6bVRltNvUis=rec5pn661J4iRslXl,95,,PT0712-내추럴노트_커버_그레이,,신시어리,,,Product Parts,
SSU000096,,PT0715-내추럴노트_내지(무지.줄)_화이트,판매가능,,정보 최초 입력,내추럴 노트,NTRN,2023.5.30 4:56오후,2025.6.16 10:18오전,2023.5.30,2025.6.15,recJAG2xYOBgagHqq,,https://airtable.com/shr5t1qyPKytJvVBY?prefill_fldziB6bVRltNvUis=recJAG2xYOBgagHqq,96,,PT0715-내추럴노트_내지(무지.줄)_화이트,,신시어리,,,Product Parts,
SSU000097,,PT0721-내추럴노트_내지(만년)_화이트+블랙인쇄,판매가능,,정보 최초 입력,내추럴 노트,NTRN,2023.5.30 4:56오후,2025.6.16 10:18오전,2023.5.30,2025.6.15,recSLt7Rs5FX59ukr,,https://airtable.com/shr5t1qyPKytJvVBY?prefill_fldziB6bVRltNvUis=recSLt7Rs5FX59ukr,97,,PT0721-내추럴노트_내지(만년)_화이트+블랙인쇄,,신시어리,,,Product Parts,
SSU000098,,,제품 철수(졸업),김민지,정보 최초 입력,,,2023.5.30 4:56오후,,2023.5.30,2026.9.3,,recL82q0Y11M40VkV,https://airtable.com/shr5t1qyPKytJvVBY?prefill_fldziB6bVRltNvUis=,98,김민지,,,,,,,
SSU000099,,PT0733-노트북스탠드패드_패드_다크그레이,판매가능,김민지,정보 최초 입력,노트북 스탠드패드,NSTP,2023.5.30 4:56오후,2023.6.19 4:29오후,2023.5.30,2023.6.18,recZIByBQzefhMHlb,,https://airtable.com/shr5t1qyPKytJvVBY?prefill_fldziB6bVRltNvUis=recZIByBQzefhMHlb,99,김민지,PT0733-노트북스탠드패드_패드_다크그레이,,신시어리,,,Product Parts,
SSU000100,,PT0736-에코페이퍼봉투(스탠다드)_웜그레이_300-1,판매가능,,정보 최초 입력,노트북 스탠드패드,NSTP,2023.5.30 4:56오후,,2023.5.30,2026.9.3,reckdbWltOoQm9b9r,reckdbWltOoQm9b9r,https://airtable.com/shr5t1qyPKytJvVBY?prefill_fldziB6bVRltNvUis=reckdbWltOoQm9b9r,100,,PT0736-에코페이퍼봉투(스탠다드)_웜그레이_300-1,,신시어리,,,Package Parts,
SSU000101,,,판매가능,안다정,정보 최초 입력,,,2023.5.30 4:56오후,2024.10.16 9:31오전,2023.5.30,2024.10.15,,,https://airtable.com/shr5t1qyPKytJvVBY?prefill_fldziB6bVRltNvUis=,101,안다정,,,,,,,
SSU000102,,,판매가능,안다정,정보 최초 입력,,,2023.5.30 4:56오후,2024.11.29 11:48오전,2023.5.30,2024.11.28,,,https://airtable.com/shr5t1qyPKytJvVBY?prefill_fldziB6bVRltNvUis=,102,안다정,,,,,,,
SSU000103,,PT0761-골지단품박스_그레이_100-4,판매가능,,정보 최초 입력,"뮤지엄 머그, 밀크 에코컵","MMUG, MKEC",2023.5.30 4:56오후,,2023.5.30,2026.9.3,recpH6UEUVP7Z8tSZ,recpH6UEUVP7Z8tSZ,https://airtable.com/shr5t1qyPKytJvVBY?prefill_fldziB6bVRltNvUis=recpH6UEUVP7Z8tSZ,103,,PT0761-골지단품박스_그레이_100-4,,신시어리,,,Package Parts,
SSU000104,,PT0783-디테일드라이버키트_티타늄그레이,판매가능,,정보 최초 입력,디테일 드라이버 키트,DTDK,2023.5.30 4:56오후,,2023.5.30,2026.9.3,recKSo56guNwne6Hd,recKSo56guNwne6Hd,https://airtable.com/shr5t1qyPKytJvVBY?prefill_fldziB6bVRltNvUis=recKSo56guNwne6Hd,104,,PT0783-디테일드라이버키트_티타늄그레이,,협력사,,,Product Parts,
SSU000105,,,판매가능,,정보 최초 입력,,,2023.5.30 4:56오후,,2023.5.30,2026.9.3,,recBCymi4OPxGiocz,https://airtable.com/shr5t1qyPKytJvVBY?prefill_fldziB6bVRltNvUis=,105,,,,,,,,
SSU000106,,PT0788-사파리샤프_옐로우,판매가능,,정보 최초 입력,라미 사파리 펜,LAMY,2023.5.30 4:56오후,,2023.5.30,2026.9.3,recUsEDBDPS3j8qRC,recUsEDBDPS3j8qRC,https://airtable.com/shr5t1qyPKytJvVBY?prefill_fldziB6bVRltNvUis=recUsEDBDPS3j8qRC,106,,PT0788-사파리샤프_옐로우,,협력사,,,Product Parts,
SSU000107,,PT0789-사파리볼펜_핑크,판매가능,,정보 최초 입력,라미 사파리 펜,LAMY,2023.5.30 4:56오후,2025.1.17 3:48오후,2023.5.30,2025.1.16,reciOpnSCXNAelapJ,,https://airtable.com/shr5t1qyPKytJvVBY?prefill_fldziB6bVRltNvUis=reciOpnSCXNAelapJ,107,,PT0789-사파리볼펜_핑크,,협력사,,,Product Parts,
SSU000108,,PT0790-사파리만년필_매트차콜블랙,판매가능,,정보 최초 입력,라미 사파리 펜,LAMY,2023.5.30 4:56오후,,2023.5.30,2026.9.3,recLnSwsKyVT47Xdr,recLnSwsKyVT47Xdr,https://airtable.com/shr5t1qyPKytJvVBY?prefill_fldziB6bVRltNvUis=recLnSwsKyVT47Xdr,108,,PT0790-사파리만년필_매트차콜블랙,,협력사,,,Product Parts,
SSU000109,,PT0791-사파리샤프_그린,판매가능,,정보 최초 입력,라미 사파리 펜,LAMY,2023.5.30 4:56오후,,2023.5.30,2026.9.3,rec2SUfa8A2PfIr1T,rec2SUfa8A2PfIr1T,https://airtable.com/shr5t1qyPKytJvVBY?prefill_fldziB6bVRltNvUis=rec2SUfa8A2PfIr1T,109,,PT0791-사파리샤프_그린,,협력사,,,Product Parts,
SSU000110,,PT0792-사파리만년필_핑크,제품 철수(졸업),,정보 최초 입력,라미 사파리 펜,LAMY,2023.5.30 4:56오후,,2023.5.30,2026.9.3,recjNxDxEBDZUDhbg,recjNxDxEBDZUDhbg,https://airtable.com/shr5t1qyPKytJvVBY?prefill_fldziB6bVRltNvUis=recjNxDxEBDZUDhbg,110,,PT0792-사파리만년필_핑크,,협력사,,,Product Parts,
SSU000111,,PT0793-사파리만년필_레드,판매가능,,정보 최초 입력,라미 사파리 펜,LAMY,2023.5.30 4:56오후,,2023.5.30,2026.9.3,rec0gh0PJlIOfSZ8t,rec0gh0PJlIOfSZ8t,https://airtable.com/shr5t1qyPKytJvVBY?prefill_fldziB6bVRltNvUis=rec0gh0PJlIOfSZ8t,111,,PT0793-사파리만년필_레드,,협력사,,,Product Parts,
SSU000112,,PT0794-사파리샤프_레드,판매가능,,정보 최초 입력,라미 사파리 펜,LAMY,2023.5.30 4:56오후,2023.9.12 3:09오후,2023.5.30,2023.9.11,recfxtfLCRehYZbnE,,https://airtable.com/shr5t1qyPKytJvVBY?prefill_fldziB6bVRltNvUis=recfxtfLCRehYZbnE,112,,PT0794-사파리샤프_레드,,협력사,,,Product Parts,
SSU000113,,PT0795-사파리만년필_옐로우,판매가능,,정보 최초 입력,라미 사파리 펜,LAMY,2023.5.30 4:56오후,,2023.5.30,2026.9.3,recr56TAoo7fMmQ57,recr56TAoo7fMmQ57,https://airtable.com/shr5t1qyPKytJvVBY?prefill_fldziB6bVRltNvUis=recr56TAoo7fMmQ57,113,,PT0795-사파리만년필_옐로우,,협력사,,,Product Parts,
SSU000114,,PT0796-사파리만년필_샤이니화이트,판매가능,,정보 최초 입력,라미 사파리 펜,LAMY,2023.5.30 4:56오후,,2023.5.30,2026.9.3,recQjlOMErZ7IVbJu,recQjlOMErZ7IVbJu,https://airtable.com/shr5t1qyPKytJvVBY?prefill_fldziB6bVRltNvUis=recQjlOMErZ7IVbJu,114,,PT0796-사파리만년필_샤이니화이트,,협력사,,,Product Parts,
SSU000115,,PT0797-사파리볼펜_샤이니화이트,판매가능,,정보 최초 입력,라미 사파리 펜,LAMY,2023.5.30 4:56오후,2025.1.17 3:47오후,2023.5.30,2025.1.16,recEDv3OiS3PcW7Tm,,https://airtable.com/shr5t1qyPKytJvVBY?prefill_fldziB6bVRltNvUis=recEDv3OiS3PcW7Tm,115,,PT0797-사파리볼펜_샤이니화이트,,협력사,,,Product Parts,
SSU000116,,PT0798-사파리만년필_샤이니블랙,판매가능,,정보 최초 입력,라미 사파리 펜,LAMY,2023.5.30 4:56오후,,2023.5.30,2026.9.3,rec6t6m5m0iMcb7fO,rec6t6m5m0iMcb7fO,https://airtable.com/shr5t1qyPKytJvVBY?prefill_fldziB6bVRltNvUis=rec6t6m5m0iMcb7fO,116,,PT0798-사파리만년필_샤이니블랙,,협력사,,,Product Parts,
SSU000117,,PT0800-사파리샤프_샤이니블랙,판매가능,,정보 최초 입력,라미 사파리 펜,LAMY,2023.5.30 4:56오후,,2023.5.30,2026.9.3,recdPOeTqGMmNxAOL,recdPOeTqGMmNxAOL,https://airtable.com/shr5t1qyPKytJvVBY?prefill_fldziB6bVRltNvUis=recdPOeTqGMmNxAOL,117,,PT0800-사파리샤프_샤이니블랙,,협력사,,,Product Parts,
SSU000118,,PT0802-사파리샤프_블루,판매가능,,정보 최초 입력,라미 사파리 펜,LAMY,2023.5.30 4:56오후,,2023.5.30,2026.9.3,rec6VPjHyahZ5al5P,rec6VPjHyahZ5al5P,https://airtable.com/shr5t1qyPKytJvVBY?prefill_fldziB6bVRltNvUis=rec6VPjHyahZ5al5P,118,,PT0802-사파리샤프_블루,,협력사,,,Product Parts,
SSU000119,,PT0804-사파리볼펜_옐로우,판매가능,,정보 최초 입력,라미 사파리 펜,LAMY,2023.5.30 4:56오후,2025.1.17 3:47오후,2023.5.30,2025.1.16,rec4qnCZTJ4907ohS,,https://airtable.com/shr5t1qyPKytJvVBY?prefill_fldziB6bVRltNvUis=rec4qnCZTJ4907ohS,119,,PT0804-사파리볼펜_옐로우,,협력사,,,Product Parts,
SSU000120,,PT0805-사파리볼펜_그린,판매가능,,정보 최초 입력,라미 사파리 펜,LAMY,2023.5.30 4:56오후,2025.1.17 3:46오후,2023.5.30,2025.1.16,recmXwx9eEXtfLYfa,,https://airtable.com/shr5t1qyPKytJvVBY?prefill_fldziB6bVRltNvUis=recmXwx9eEXtfLYfa,120,,PT0805-사파리볼펜_그린,,협력사,,,Product Parts,
SSU000121,,PT0806-사파리볼펜_샤이니블랙,판매가능,,정보 최초 입력,라미 사파리 펜,LAMY,2023.5.30 4:56오후,2025.1.17 3:47오후,2023.5.30,2025.1.16,recIgNYL4S403NEtz,,https://airtable.com/shr5t1qyPKytJvVBY?prefill_fldziB6bVRltNvUis=recIgNYL4S403NEtz,121,,PT0806-사파리볼펜_샤이니블랙,,협력사,,,Product Parts,
SSU000122,,PT0807-사파리볼펜_블루,판매가능,,정보 최초 입력,라미 사파리 펜,LAMY,2023.5.30 4:56오후,2025.1.17 3:46오후,2023.5.30,2025.1.16,recYhgLRWpPHeoAQi,,https://airtable.com/shr5t1qyPKytJvVBY?prefill_fldziB6bVRltNvUis=recYhgLRWpPHeoAQi,122,,PT0807-사파리볼펜_블루,,협력사,,,Product Parts,
SSU000123,,PT0808-사파리볼펜_레드,판매가능,,정보 최초 입력,라미 사파리 펜,LAMY,2023.5.30 4:56오후,2025.1.17 3:46오후,2023.5.30,2025.1.16,recfq2LaCKssAbwU7,,https://airtable.com/shr5t1qyPKytJvVBY?prefill_fldziB6bVRltNvUis=recfq2LaCKssAbwU7,123,,PT0808-사파리볼펜_레드,,협력사,,,Product Parts,
SSU000124,,PT0809-사파리만년필_블루,판매가능,,정보 최초 입력,라미 사파리 펜,LAMY,2023.5.30 4:56오후,,2023.5.30,2026.9.3,recK1CGERlE9JNnSa,recK1CGERlE9JNnSa,https://airtable.com/shr5t1qyPKytJvVBY?prefill_fldziB6bVRltNvUis=recK1CGERlE9JNnSa,124,,PT0809-사파리만년필_블루,,협력사,,,Product Parts,
SSU000125,,PT0810-사파리만년필_그린,제품 철수(졸업),,정보 최초 입력,라미 사파리 펜,LAMY,2023.5.30 4:56오후,,2023.5.30,2026.9.3,rec6TbWwHgdnQQAvE,rec6TbWwHgdnQQAvE,https://airtable.com/shr5t1qyPKytJvVBY?prefill_fldziB6bVRltNvUis=rec6TbWwHgdnQQAvE,125,,PT0810-사파리만년필_그린,,협력사,,,Product Parts,
SSU000126,,PT0811-사파리샤프_핑크,판매가능,,정보 최초 입력,라미 사파리 펜,LAMY,2023.5.30 4:56오후,,2023.5.30,2026.9.3,rec5PATA1wRlhAlf5,rec5PATA1wRlhAlf5,https://airtable.com/shr5t1qyPKytJvVBY?prefill_fldziB6bVRltNvUis=rec5PATA1wRlhAlf5,126,,PT0811-사파리샤프_핑크,,협력사,,,Product Parts,
SSU000127,,PT0813-사파리샤프_매트차콜블랙,판매가능,,정보 최초 입력,라미 사파리 펜,LAMY,2023.5.30 4:56오후,,2023.5.30,2026.9.3,recfu4S0sQ68Oo9Rs,recfu4S0sQ68Oo9Rs,https://airtable.com/shr5t1qyPKytJvVBY?prefill_fldziB6bVRltNvUis=recfu4S0sQ68Oo9Rs,127,,PT0813-사파리샤프_매트차콜블랙,,협력사,,,Product Parts,
SSU000128,,PT0814-사파리볼펜_매트차콜블랙,판매가능,,정보 최초 입력,라미 사파리 펜,LAMY,2023.5.30 4:56오후,2025.1.17 2:32오후,2023.5.30,2025.1.16,recbXLuf0sCwBIVdg,,https://airtable.com/shr5t1qyPKytJvVBY?prefill_fldziB6bVRltNvUis=recbXLuf0sCwBIVdg,128,,PT0814-사파리볼펜_매트차콜블랙,,신시어리,,,Product Parts,
SSU000129,,PT0815-사파리샤프_샤이니화이트,판매가능,,정보 최초 입력,라미 사파리 펜,LAMY,2023.5.30 4:56오후,,2023.5.30,2026.9.3,recJR2gi5QJq84ue3,recJR2gi5QJq84ue3,https://airtable.com/shr5t1qyPKytJvVBY?prefill_fldziB6bVRltNvUis=recJR2gi5QJq84ue3,129,,PT0815-사파리샤프_샤이니화이트,,협력사,,,Product Parts,
SSU000130,,PT0816-라운드밤부칫솔(성인용)_브라운,판매가능,,정보 최초 입력,라운드 밤부 칫솔,RBTB,2023.5.30 4:56오후,,2023.5.30,2026.9.3,recyvOv5CpfAOZZiq,recyvOv5CpfAOZZiq,https://airtable.com/shr5t1qyPKytJvVBY?prefill_fldziB6bVRltNvUis=recyvOv5CpfAOZZiq,130,,PT0816-라운드밤부칫솔(성인용)_브라운,,협력사,,,Product Parts,
SSU000131,,,제품 철수(졸업),,정보 최초 입력,,,2023.5.30 4:56오후,,2023.5.30,2026.9.3,,recgpUgcNyM1c9bfS,https://airtable.com/shr5t1qyPKytJvVBY?prefill_fldziB6bVRltNvUis=,131,,,,,,,,
SSU000132,,PT0818-라운드밤부칫솔(성인용)_화이트,판매가능,,정보 최초 입력,라운드 밤부 칫솔,RBTB,2023.5.30 4:56오후,2023.7.25 11:08오전,2023.5.30,2023.7.24,recXf46cmRjx3R0u1,,https://airtable.com/shr5t1qyPKytJvVBY?prefill_fldziB6bVRltNvUis=recXf46cmRjx3R0u1,132,,PT0818-라운드밤부칫솔(성인용)_화이트,,협력사,,,Product Parts,
SSU000133,,,제품 철수(졸업),,정보 최초 입력,,,2023.5.30 4:56오후,,2023.5.30,2026.9.3,,rec70MQDtrNbjMcr7,https://airtable.com/shr5t1qyPKytJvVBY?prefill_fldziB6bVRltNvUis=,133,,,,,,,,
SSU000134,,PT0820-라운드밤부칫솔(성인용)_챠콜,판매가능,,정보 최초 입력,라운드 밤부 칫솔,RBTB,2023.5.30 4:56오후,2024.2.15 5:34오후,2023.5.30,2024.2.14,recHEZhCqZdbhiazO,,https://airtable.com/shr5t1qyPKytJvVBY?prefill_fldziB6bVRltNvUis=recHEZhCqZdbhiazO,134,,PT0820-라운드밤부칫솔(성인용)_챠콜,,협력사,,,Product Parts,
SSU000135,,,제품 철수(졸업),,정보 최초 입력,,,2023.5.30 4:56오후,,2023.5.30,2026.9.3,,rec9uual409zstayw,https://airtable.com/shr5t1qyPKytJvVBY?prefill_fldziB6bVRltNvUis=,135,,,,,,,,
SSU000136,,,제품 철수(졸업),,정보 최초 입력,,,2023.5.30 4:56오후,,2023.5.30,2026.9.3,,recoIhGawCCJeZIuC,https://airtable.com/shr5t1qyPKytJvVBY?prefill_fldziB6bVRltNvUis=,136,,,,,,,,
SSU000137,,,제품 철수(졸업),,정보 최초 입력,,,2023.5.30 4:56오후,,2023.5.30,2026.9.3,,recn6fX6WMbuNX8TS,https://airtable.com/shr5t1qyPKytJvVBY?prefill_fldziB6bVRltNvUis=,137,,,,,,,,
SSU000138,,,판매가능,,정보 최초 입력,,,2023.5.30 4:56오후,,2023.5.30,2026.9.3,,recJ2bgctdPJTnwQF,https://airtable.com/shr5t1qyPKytJvVBY?prefill_fldziB6bVRltNvUis=,138,,,,,,,,
SSU000139,,PT0847-로고스트랩파우치_지퍼,판매가능,안다정,정보 최초 입력,로고스트랩 파우치,LOPU,2023.5.30 4:56오후,,2023.5.30,2026.9.3,reczozd32loQisenc,reczozd32loQisenc,https://airtable.com/shr5t1qyPKytJvVBY?prefill_fldziB6bVRltNvUis=reczozd32loQisenc,139,안다정,PT0847-로고스트랩파우치_지퍼,,생산,,,Product Parts,
SSU000140,,PT0848-파우치스트랩_블랙,판매가능,안다정,정보 최초 입력,로고스트랩 파우치,LOPU,2023.5.30 4:56오후,,2023.5.30,2026.9.3,rec7gmbypPfQ63vnG,rec7gmbypPfQ63vnG,https://airtable.com/shr5t1qyPKytJvVBY?prefill_fldziB6bVRltNvUis=rec7gmbypPfQ63vnG,140,안다정,PT0848-파우치스트랩_블랙,,생산,,,Product Parts,
SSU000141,,PT0853-리유저블캘린더_삼각대_그레이,판매가능,,정보 최초 입력,리유저블 캘린더,RUCD,2023.5.30 4:56오후,,2023.5.30,2026.9.3,recwIGFfV9rxlJ8Zg,recwIGFfV9rxlJ8Zg,https://airtable.com/shr5t1qyPKytJvVBY?prefill_fldziB6bVRltNvUis=recwIGFfV9rxlJ8Zg,141,,PT0853-리유저블캘린더_삼각대_그레이,,생산,,,Product Parts,
SSU000142,,PT0859-리유저블캘린더_밴드_그레이,판매가능,정승윤,정보 최초 입력,리유저블 캘린더,RUCD,2023.5.30 4:56오후,,2023.5.30,2026.9.3,reckYK2PaYtNFaP26,reckYK2PaYtNFaP26,https://airtable.com/shr5t1qyPKytJvVBY?prefill_fldziB6bVRltNvUis=reckYK2PaYtNFaP26,142,정승윤,PT0859-리유저블캘린더_밴드_그레이,,신시어리,,,Product Parts,
SSU000143,,PT0864-릴리프눈마사지기_화이트,판매가능,,정보 최초 입력,릴리프 눈마사지기,EMSG,2023.5.30 4:56오후,2024.4.19 11:08오전,2023.5.30,2024.4.18,recuwk9eRx5pkJDK8,,https://airtable.com/shr5t1qyPKytJvVBY?prefill_fldziB6bVRltNvUis=recuwk9eRx5pkJDK8,143,,PT0864-릴리프눈마사지기_화이트,,협력사,,,Product Parts,
SSU000144,,,판매가능,,정보 최초 입력,,,2023.5.30 4:56오후,,2023.5.30,2026.9.3,,recnhZQWQE7MuggIc,https://airtable.com/shr5t1qyPKytJvVBY?prefill_fldziB6bVRltNvUis=,144,,,,,,,,
SSU000145,,PT0874-단품박스(전용)_블랙_000-7,판매가능,,정보 최초 입력,매트블랙 텀블러,MTTB,2023.5.30 4:56오후,,2023.5.30,2026.9.3,rec09KqpVzBN2xy4z,rec09KqpVzBN2xy4z,https://airtable.com/shr5t1qyPKytJvVBY?prefill_fldziB6bVRltNvUis=rec09KqpVzBN2xy4z,145,,PT0874-단품박스(전용)_블랙_000-7,,신시어리,,,Package Parts,
SSU000146,,PT0878-매트블랙텀블러_블랙,판매가능,,정보 최초 입력,매트블랙 텀블러,MTTB,2023.5.30 4:56오후,2026.1.22 4:55오후,2023.5.30,2026.1.21,recRyhJ0229U5Dn9C,,https://airtable.com/shr5t1qyPKytJvVBY?prefill_fldziB6bVRltNvUis=recRyhJ0229U5Dn9C,146,,PT0878-매트블랙텀블러_블랙,,신시어리,,,Product Parts,
SSU000147,,,판매가능,안다정,정보 최초 입력,,,2023.5.30 4:56오후,2024.10.30 2:07오후,2023.5.30,2024.10.29,,,https://airtable.com/shr5t1qyPKytJvVBY?prefill_fldziB6bVRltNvUis=,147,안다정,,,,,,,
SSU000148,,,판매가능,김민정,정보 최초 입력,,,2023.5.30 4:56오후,2023.11.23 3:09오후,2023.5.30,2023.11.22,,,https://airtable.com/shr5t1qyPKytJvVBY?prefill_fldziB6bVRltNvUis=,148,김민정,,,,,,,
SSU000149,,PT0895-유광원형스티커_투명_000-1,판매가능,윤지수,정보 최초 입력,"클래시 차량용 방향제, 유니크 디퓨저, 포켓 마켓백, 리마커블 칫솔살균기","CCAF, UNDF, PKMK, RMKB",2023.5.30 4:56오후,,2023.5.30,2026.9.3,rec8KrF8f9zCLjGs8,rec8KrF8f9zCLjGs8,https://airtable.com/shr5t1qyPKytJvVBY?prefill_fldziB6bVRltNvUis=rec8KrF8f9zCLjGs8,149,윤지수,PT0895-유광원형스티커_투명_000-1,,신시어리,,,Package Parts,
SSU000150,,PT0901-뮤지엄머그_화이트,품절예정,안다정,정보 최초 입력,뮤지엄 머그,MMUG,2023.5.30 4:56오후,2023.8.31 3:56오후,2023.5.30,2023.8.30,recOjmlu8C4S06TJ9,,https://airtable.com/shr5t1qyPKytJvVBY?prefill_fldziB6bVRltNvUis=recOjmlu8C4S06TJ9,150,안다정,PT0901-뮤지엄머그_화이트,,신시어리,,,Product Parts,
SSU000151,,,품절예정,안다정,정보 최초 입력,,,2023.5.30 4:56오후,2023.9.15 1:20오후,2023.5.30,2023.9.14,,,https://airtable.com/shr5t1qyPKytJvVBY?prefill_fldziB6bVRltNvUis=,151,안다정,,,,,,,
SSU000152,,,일시품절,김민지,정보 최초 입력,,,2023.5.30 4:56오후,2023.6.22 3:31오후,2023.5.30,2023.6.21,,,https://airtable.com/shr5t1qyPKytJvVBY?prefill_fldziB6bVRltNvUis=,152,김민지,,,,,,,
SSU000153,,,판매가능,김민지,정보 최초 입력,,,2023.5.30 4:56오후,2024.8.23 9:24오전,2023.5.30,2024.8.22,,,https://airtable.com/shr5t1qyPKytJvVBY?prefill_fldziB6bVRltNvUis=,153,김민지,,,,,,,
SSU000154,,,판매가능,김민지,정보 최초 입력,,,2023.5.30 4:56오후,2025.2.11 2:05오후,2023.5.30,2025.2.10,,,https://airtable.com/shr5t1qyPKytJvVBY?prefill_fldziB6bVRltNvUis=,154,김민지,,,,,,,
SSU000155,,,판매가능,김민지,정보 최초 입력,,,2023.5.30 4:56오후,2025.2.11 2:07오후,2023.5.30,2025.2.10,,,https://airtable.com/shr5t1qyPKytJvVBY?prefill_fldziB6bVRltNvUis=,155,김민지,,,,,,,
SSU000156,,,판매가능,김민지,정보 최초 입력,,,2023.5.30 4:56오후,2025.2.11 2:07오후,2023.5.30,2025.2.10,,,https://airtable.com/shr5t1qyPKytJvVBY?prefill_fldziB6bVRltNvUis=,156,김민지,,,,,,,
SSU000157,,,판매가능,김민지,정보 최초 입력,,,2023.5.30 4:56오후,2025.2.11 2:05오후,2023.5.30,2025.2.10,,,https://airtable.com/shr5t1qyPKytJvVBY?prefill_fldziB6bVRltNvUis=,157,김민지,,,,,,,
SSU000158,,,판매가능,김민지,정보 최초 입력,,,2023.5.30 4:56오후,2025.2.11 2:07오후,2023.5.30,2025.2.10,,,https://airtable.com/shr5t1qyPKytJvVBY?prefill_fldziB6bVRltNvUis=,158,김민지,,,,,,,
SSU000159,,,판매가능,김민지,정보 최초 입력,,,2023.5.30 4:56오후,2023.12.11 10:38오전,2023.5.30,2023.12.10,,,https://airtable.com/shr5t1qyPKytJvVBY?prefill_fldziB6bVRltNvUis=,159,김민지,,,,,,,
SSU000160,,,판매가능,김민지,정보 최초 입력,,,2023.5.30 4:56오후,2025.2.11 2:05오후,2023.5.30,2025.2.10,,,https://airtable.com/shr5t1qyPKytJvVBY?prefill_fldziB6bVRltNvUis=,160,김민지,,,,,,,
SSU000161,,PT0944-단품박스(스탠다드)_웜그레이_000-25,판매가능,,정보 최초 입력,"데스크테리어 매트, 오피스 마우스패드","DSKT, OFMP",2023.5.30 4:56오후,,2023.5.30,2026.9.3,recdVqe6cIetlaAjP,recdVqe6cIetlaAjP,https://airtable.com/shr5t1qyPKytJvVBY?prefill_fldziB6bVRltNvUis=recdVqe6cIetlaAjP,161,,PT0944-단품박스(스탠다드)_웜그레이_000-25,,신시어리,,,Package Parts,
SSU000162,,PT0945-단품박스(스탠다드)_웜그레이_000-26,판매가능,,정보 최초 입력,데스크테리어 매트,DSKT,2023.5.30 4:56오후,,2023.5.30,2026.9.3,recuh0AclVZRWOkGw,recuh0AclVZRWOkGw,https://airtable.com/shr5t1qyPKytJvVBY?prefill_fldziB6bVRltNvUis=recuh0AclVZRWOkGw,162,,PT0945-단품박스(스탠다드)_웜그레이_000-26,,신시어리,,,Package Parts,
SSU000163,,PT0947-씬페이퍼봉투_화이트_100-4,판매가능,,정보 최초 입력,"내추럴 노트, 밸류보드 다이어리","NTRN, VABD",2023.5.30 4:56오후,,2023.5.30,2026.9.3,recTmnOKr2xILnnsh,recTmnOKr2xILnnsh,https://airtable.com/shr5t1qyPKytJvVBY?prefill_fldziB6bVRltNvUis=recTmnOKr2xILnnsh,163,,PT0947-씬페이퍼봉투_화이트_100-4,,신시어리,,,Package Parts,
SSU000164,,PT0948-씬페이퍼봉투_화이트_100-2,판매가능,,정보 최초 입력,리유저블 캘린더,RUCD,2023.5.30 4:56오후,,2023.5.30,2026.9.3,recodxXY1QTjJbVJE,recodxXY1QTjJbVJE,https://airtable.com/shr5t1qyPKytJvVBY?prefill_fldziB6bVRltNvUis=recodxXY1QTjJbVJE,164,,PT0948-씬페이퍼봉투_화이트_100-2,,신시어리,,,Package Parts,
SSU000165,,,판매가능,,정보 최초 입력,,,2023.5.30 4:56오후,,2023.5.30,2026.9.3,,reclC3XFArpUZ8WfJ,https://airtable.com/shr5t1qyPKytJvVBY?prefill_fldziB6bVRltNvUis=,165,,,,,,,,
SSU000166,,,판매가능,,정보 최초 입력,,,2023.5.30 4:56오후,,2023.5.30,2026.9.3,,recS0C6G0Umwc5ZPz,https://airtable.com/shr5t1qyPKytJvVBY?prefill_fldziB6bVRltNvUis=,166,,,,,,,,
SSU000167,,,판매가능,,정보 최초 입력,,,2023.5.30 4:56오후,,2023.5.30,2026.9.3,,recJBzxyNajHmZdAK,https://airtable.com/shr5t1qyPKytJvVBY?prefill_fldziB6bVRltNvUis=,167,,,,,,,,
SSU000168,,PT0988-실버팩_200-1,판매가능,김민정,정보 최초 입력,"밸류보드 다이어리, 실버팩, 그래픽 에코백","VABD, SLVP, GPEB",2023.5.30 4:56오후,,2023.5.30,2026.9.3,recpIBGLMpObxPZQw,recpIBGLMpObxPZQw,https://airtable.com/shr5t1qyPKytJvVBY?prefill_fldziB6bVRltNvUis=recpIBGLMpObxPZQw,168,김민정,PT0988-실버팩_200-1,,신시어리,,,Package Parts,
SSU000169,,PT0989-펠트봉투_화이트_100-1,판매가능,정승윤,정보 최초 입력,버티컬 무선충전패드,VWPD,2023.5.30 4:56오후,,2023.5.30,2026.9.3,recfv3RzBaM6T4XGJ,recfv3RzBaM6T4XGJ,https://airtable.com/shr5t1qyPKytJvVBY?prefill_fldziB6bVRltNvUis=recfv3RzBaM6T4XGJ,169,정승윤,PT0989-펠트봉투_화이트_100-1,,신시어리,,,Package Parts,
SSU000170,,,판매가능,,정보 최초 입력,,,2023.5.30 4:56오후,2023.6.2 4:16오후,2023.5.30,2023.6.1,,,https://airtable.com/shr5t1qyPKytJvVBY?prefill_fldziB6bVRltNvUis=,170,,,,,,,,
SSU000171,,,제품 철수(졸업),,정보 최초 입력,,,2023.5.30 4:56오후,,2023.5.30,2026.9.3,,recErHtkcTVwZESkt,https://airtable.com/shr5t1qyPKytJvVBY?prefill_fldziB6bVRltNvUis=,171,,,,,,,,
SSU000172,,PT0996-단품박스(스탠다드)_웜그레이_000-8,판매가능,,정보 최초 입력,"버티컬 무선충전패드, 스트레치 사원증 홀더, 베케이션 여권케이스, 드레스업 손거울","VWPD, STHD, VCIT, DRSU",2023.5.30 4:56오후,,2023.5.30,2026.9.3,recRQ1Q62apBRrEbu,recRQ1Q62apBRrEbu,https://airtable.com/shr5t1qyPKytJvVBY?prefill_fldziB6bVRltNvUis=recRQ1Q62apBRrEbu,172,,PT0996-단품박스(스탠다드)_웜그레이_000-8,,신시어리,,,Package Parts,
SSU000173,,PT1015-브랜드스트랩단우산_오렌지,판매가능,김민지,정보 최초 입력,브랜드 스트랩 단우산,BRSU,2023.5.30 4:56오후,,2023.5.30,2026.9.3,rec4COclbgwiNm4Bv,rec4COclbgwiNm4Bv,https://airtable.com/shr5t1qyPKytJvVBY?prefill_fldziB6bVRltNvUis=rec4COclbgwiNm4Bv,173,김민지,PT1015-브랜드스트랩단우산_오렌지,,협력사,,,Product Parts,
SSU000174,,PT1017-펠트봉투(커스텀인쇄)_화이트_000-1,판매가능,정승윤,정보 최초 입력,브랜드 스트랩 단우산,BRSU,2023.5.30 4:56오후,,2023.5.30,2026.9.3,recimy5cTjiQIQYf8,recimy5cTjiQIQYf8,https://airtable.com/shr5t1qyPKytJvVBY?prefill_fldziB6bVRltNvUis=recimy5cTjiQIQYf8,174,정승윤,PT1017-펠트봉투(커스텀인쇄)_화이트_000-1,,신시어리,,,Package Parts,
SSU000175,,PT1019-브랜드스트랩단우산_레드,판매가능,김민지,정보 최초 입력,브랜드 스트랩 단우산,BRSU,2023.5.30 4:56오후,,2023.5.30,2026.9.3,recwi2VBsQvzJ0K4R,recwi2VBsQvzJ0K4R,https://airtable.com/shr5t1qyPKytJvVBY?prefill_fldziB6bVRltNvUis=recwi2VBsQvzJ0K4R,175,김민지,PT1019-브랜드스트랩단우산_레드,,협력사,,,Product Parts,
SSU000176,,PT1020-브랜드스트랩단우산_그린,판매가능,김민지,정보 최초 입력,브랜드 스트랩 단우산,BRSU,2023.5.30 4:56오후,,2023.5.30,2026.9.3,rece8ONKGIgDYzeSN,rece8ONKGIgDYzeSN,https://airtable.com/shr5t1qyPKytJvVBY?prefill_fldziB6bVRltNvUis=rece8ONKGIgDYzeSN,176,김민지,PT1020-브랜드스트랩단우산_그린,,협력사,,,Product Parts,
SSU000177,,PT1021-브랜드스트랩단우산_옐로우,판매가능,김민지,정보 최초 입력,브랜드 스트랩 단우산,BRSU,2023.5.30 4:56오후,,2023.5.30,2026.9.3,rec34D1CVHEbCxbWh,rec34D1CVHEbCxbWh,https://airtable.com/shr5t1qyPKytJvVBY?prefill_fldziB6bVRltNvUis=rec34D1CVHEbCxbWh,177,김민지,PT1021-브랜드스트랩단우산_옐로우,,협력사,,,Product Parts,
SSU000178,,PT1022-브랜드스트랩단우산_블루,판매가능,김민지,정보 최초 입력,브랜드 스트랩 단우산,BRSU,2023.5.30 4:56오후,,2023.5.30,2026.9.3,recsHJoN4fIGCYhvP,recsHJoN4fIGCYhvP,https://airtable.com/shr5t1qyPKytJvVBY?prefill_fldziB6bVRltNvUis=recsHJoN4fIGCYhvP,178,김민지,PT1022-브랜드스트랩단우산_블루,,협력사,,,Product Parts,
SSU000179,,PT1023-우산스트랩(기본)_블랙,판매가능,김민지,정보 최초 입력,브랜드 스트랩 단우산,BRSU,2023.5.30 4:56오후,,2023.5.30,2026.9.3,recJe4GZ9Ib4mHi6e,recJe4GZ9Ib4mHi6e,https://airtable.com/shr5t1qyPKytJvVBY?prefill_fldziB6bVRltNvUis=recJe4GZ9Ib4mHi6e,179,김민지,PT1023-우산스트랩(기본)_블랙,,협력사,,,Product Parts,
SSU000180,,PT1024-브랜드스트랩단우산_블랙,판매가능,김민지,정보 최초 입력,브랜드 스트랩 단우산,BRSU,2023.5.30 4:56오후,2025.6.4 2:37오후,2023.5.30,2025.6.3,rec27kBqZEhzgxgwz,,https://airtable.com/shr5t1qyPKytJvVBY?prefill_fldziB6bVRltNvUis=rec27kBqZEhzgxgwz,180,김민지,PT1024-브랜드스트랩단우산_블랙,,협력사,,,Product Parts,
SSU000181,,PT1030-브랜드잇_내지(무지),판매가능,,정보 최초 입력,브랜드-잇,BRDT,2023.5.30 4:56오후,,2023.5.30,2026.9.3,rechIB3oDRp3JzlgE,rechIB3oDRp3JzlgE,https://airtable.com/shr5t1qyPKytJvVBY?prefill_fldziB6bVRltNvUis=rechIB3oDRp3JzlgE,181,,PT1030-브랜드잇_내지(무지),,신시어리,,,Product Parts,
SSU000182,,,판매가능,,정보 최초 입력,,,2023.5.30 4:56오후,,2023.5.30,2026.9.3,,rec9DN7A7tYny32zt,https://airtable.com/shr5t1qyPKytJvVBY?prefill_fldziB6bVRltNvUis=,182,,,,,,,,
SSU000183,,,판매가능,,정보 최초 입력,,,2023.5.30 4:56오후,2024.12.23 5:04오후,2023.5.30,2024.12.22,,,https://airtable.com/shr5t1qyPKytJvVBY?prefill_fldziB6bVRltNvUis=,183,,,,,,,,
SSU000184,,,판매가능,문경선,정보 최초 입력,,,2023.5.30 4:56오후,,2023.5.30,2026.9.3,,recGrLlMBsYzQq8Qh,https://airtable.com/shr5t1qyPKytJvVBY?prefill_fldziB6bVRltNvUis=,184,문경선,,,,,,,
SSU000185,,PT1046-펠트스트링파우치_화이트_100-2,판매가능,정승윤,정보 최초 입력,"프라우드 투톤 명함지갑, 리마커블 칫솔살균기, 베이직 도킹형 보조배터리, 퀵차지 도킹형 보조배터리, 히트업 손난로 보조배터리","TWTO, RMKB, BASD, QUIC, HTUS",2023.5.30 4:56오후,,2023.5.30,2026.9.3,recfmWKR9ysji8A0Q,recfmWKR9ysji8A0Q,https://airtable.com/shr5t1qyPKytJvVBY?prefill_fldziB6bVRltNvUis=recfmWKR9ysji8A0Q,185,정승윤,PT1046-펠트스트링파우치_화이트_100-2,,신시어리,,,Package Parts,
SSU000186,,,판매가능,정승윤,정보 최초 입력,,,2023.5.30 4:56오후,,2023.5.30,2026.9.3,,rec6na7AN0zOrW4iR,https://airtable.com/shr5t1qyPKytJvVBY?prefill_fldziB6bVRltNvUis=,186,정승윤,,,,,,,
SSU000187,,,판매가능,정승윤,정보 최초 입력,,,2023.5.30 4:56오후,,2023.5.30,2026.9.3,,reczK1xZaHf8oOyVU,https://airtable.com/shr5t1qyPKytJvVBY?prefill_fldziB6bVRltNvUis=,187,정승윤,,,,,,,
SSU000188,,,판매가능,정승윤,정보 최초 입력,,,2023.5.30 4:56오후,,2023.5.30,2026.9.3,,recu9FItWXDe1FuB5,https://airtable.com/shr5t1qyPKytJvVBY?prefill_fldziB6bVRltNvUis=,188,정승윤,,,,,,,
SSU000189,,,판매가능,정승윤,정보 최초 입력,,,2023.5.30 4:56오후,,2023.5.30,2026.9.3,,rechWdROnI2Gfoovt,https://airtable.com/shr5t1qyPKytJvVBY?prefill_fldziB6bVRltNvUis=,189,정승윤,,,,,,,
SSU000190,,,판매가능,안다정,정보 최초 입력,,,2023.5.30 4:56오후,2023.11.14 1:56오후,2023.5.30,2023.11.13,,,https://airtable.com/shr5t1qyPKytJvVBY?prefill_fldziB6bVRltNvUis=,190,안다정,,,,,,,
SSU000191,,,판매가능,정승윤,정보 최초 입력,,,2023.5.30 4:56오후,,2023.5.30,2026.9.3,,rec5KM4mh6Tx7QPKD,https://airtable.com/shr5t1qyPKytJvVBY?prefill_fldziB6bVRltNvUis=,191,정승윤,,,,,,,
SSU000192,,PT1073-펠트스트링파우치(커스텀인쇄)_그레이_300-1,판매가능,정승윤,정보 최초 입력,"프리미엄 스트링 후드집업, 트래블 2in1 목베개, 웜업 스트링 후드집업, 슬로건 맨투맨, 메시지 캐리어 파우치, 스탠바이 360 허브스탠드, 펠트 스트링 파우치","ODHZ, NKPL, WZIP, SMTM, MSGC, FFTT, FTST",2023.5.30 4:56오후,,2023.5.30,2026.9.3,recLlrPRHbCO7Rfqj,recLlrPRHbCO7Rfqj,https://airtable.com/shr5t1qyPKytJvVBY?prefill_fldziB6bVRltNvUis=recLlrPRHbCO7Rfqj,192,정승윤,PT1073-펠트스트링파우치(커스텀인쇄)_그레이_300-1,,신시어리,,,Package Parts,
SSU000193,,PT1077-센텐스펜_바이올렛,판매가능,,정보 최초 입력,센텐스 펜,STCP,2023.5.30 4:56오후,,2023.5.30,2026.9.3,recxBLiLrXy89vZ9n,recxBLiLrXy89vZ9n,https://airtable.com/shr5t1qyPKytJvVBY?prefill_fldziB6bVRltNvUis=recxBLiLrXy89vZ9n,193,,PT1077-센텐스펜_바이올렛,,협력사,,,Product Parts,
SSU000194,,PT1078-센텐스펜_오렌지,판매가능,,정보 최초 입력,센텐스 펜,STCP,2023.5.30 4:56오후,2023.9.5 10:44오전,2023.5.30,2023.9.4,recvQoFMbsmDfJ2tB,,https://airtable.com/shr5t1qyPKytJvVBY?prefill_fldziB6bVRltNvUis=recvQoFMbsmDfJ2tB,194,,PT1078-센텐스펜_오렌지,,협력사,,,Product Parts,
SSU000195,,PT1079-센텐스펜_다크그린,판매가능,,정보 최초 입력,센텐스 펜,STCP,2023.5.30 4:56오후,2023.7.26 10:01오전,2023.5.30,2023.7.25,recn0fbU4Xv57WkdK,,https://airtable.com/shr5t1qyPKytJvVBY?prefill_fldziB6bVRltNvUis=recn0fbU4Xv57WkdK,195,,PT1079-센텐스펜_다크그린,,협력사,,,Product Parts,
SSU000196,,PT1081-센텐스펜_옐로우,판매가능,,정보 최초 입력,센텐스 펜,STCP,2023.5.30 4:56오후,2023.9.14 3:24오후,2023.5.30,2023.9.13,recA9VTGb5Hz7R52z,,https://airtable.com/shr5t1qyPKytJvVBY?prefill_fldziB6bVRltNvUis=recA9VTGb5Hz7R52z,196,,PT1081-센텐스펜_옐로우,,협력사,,,Product Parts,
SSU000197,,PT1083-센텐스펜_핑크,판매가능,,정보 최초 입력,센텐스 펜,STCP,2023.5.30 4:56오후,,2023.5.30,2026.9.3,recPA4R7Yr7fgiWhb,recPA4R7Yr7fgiWhb,https://airtable.com/shr5t1qyPKytJvVBY?prefill_fldziB6bVRltNvUis=recPA4R7Yr7fgiWhb,197,,PT1083-센텐스펜_핑크,,협력사,,,Product Parts,
SSU000198,,PT1084-센텐스펜_레드,일시품절,,정보 최초 입력,센텐스 펜,STCP,2023.5.30 4:56오후,2023.6.28 3:08오후,2023.5.30,2023.6.27,recV2TxyCaQIFXMEX,,https://airtable.com/shr5t1qyPKytJvVBY?prefill_fldziB6bVRltNvUis=recV2TxyCaQIFXMEX,198,,PT1084-센텐스펜_레드,,협력사,,,Product Parts,
SSU000199,,PT1085-센텐스펜_화이트,판매가능,,정보 최초 입력,센텐스 펜,STCP,2023.5.30 4:56오후,2023.8.22 11:12오전,2023.5.30,2023.8.21,recveOA2fHJVXQbPE,,https://airtable.com/shr5t1qyPKytJvVBY?prefill_fldziB6bVRltNvUis=recveOA2fHJVXQbPE,199,,PT1085-센텐스펜_화이트,,협력사,,,Product Parts,
SSU000200,,PT1086-센텐스펜_라이트그린,판매가능,,정보 최초 입력,센텐스 펜,STCP,2023.5.30 4:56오후,2023.9.14 3:20오후,2023.5.30,2023.9.13,rec8BRBgFNFZxZGbQ,,https://airtable.com/shr5t1qyPKytJvVBY?prefill_fldziB6bVRltNvUis=rec8BRBgFNFZxZGbQ,200,,PT1086-센텐스펜_라이트그린,,협력사,,,Product Parts,
SSU000201,,PT1088-센텐스펜_라이트블루,일시품절,,정보 최초 입력,센텐스 펜,STCP,2023.5.30 4:56오후,2023.6.29 2:14오후,2023.5.30,2023.6.28,recs2X65kSftvLPlG,,https://airtable.com/shr5t1qyPKytJvVBY?prefill_fldziB6bVRltNvUis=recs2X65kSftvLPlG,201,,PT1088-센텐스펜_라이트블루,,협력사,,,Product Parts,
SSU000202,,PT1093-유광덮개파우치_투명_000-3,판매가능,정승윤,정보 최초 입력,"센텐스 펜, 스펙트럼 컬러펜, 아이콘 펜, 트리플 컬러펜 | JETSTREAM, 와이드클립 펜, 라이트 샤오미펜, 소프트그립 블랙 펜","STCP, SPCP, IIKP, TRPC, WIDC, LXMP, PENN",2023.5.30 4:56오후,,2023.5.30,2026.9.3,recVH7HbiS05h1PkU,recVH7HbiS05h1PkU,https://airtable.com/shr5t1qyPKytJvVBY?prefill_fldziB6bVRltNvUis=recVH7HbiS05h1PkU,202,정승윤,PT1093-유광덮개파우치_투명_000-3,,신시어리,,,Package Parts,
SSU000203,,,판매가능,김민지,정보 최초 입력,,,2023.5.30 4:56오후,2023.9.5 11:46오전,2023.5.30,2023.9.4,,,https://airtable.com/shr5t1qyPKytJvVBY?prefill_fldziB6bVRltNvUis=,203,김민지,,,,,,,
SSU000204,,,판매가능,,정보 최초 입력,,,2023.5.30 4:56오후,,2023.5.30,2026.9.3,,recAtsElzmuM0oQVy,https://airtable.com/shr5t1qyPKytJvVBY?prefill_fldziB6bVRltNvUis=,204,,,,,,,,
SSU000205,,PT1109-쇼핑백(S)_화이트_200-1,판매가능,정승윤,정보 최초 입력,화이트쇼핑백,WSPB,2023.5.30 4:56오후,,2023.5.30,2026.9.3,recnh1i2DygRzL3nH,recnh1i2DygRzL3nH,https://airtable.com/shr5t1qyPKytJvVBY?prefill_fldziB6bVRltNvUis=recnh1i2DygRzL3nH,205,정승윤,PT1109-쇼핑백(S)_화이트_200-1,,신시어리,,,Package Parts,
SSU000206,,PT1111-쇼핑백(M)_화이트_200-2,판매가능,정승윤,정보 최초 입력,화이트쇼핑백,WSPB,2023.5.30 4:56오후,,2023.5.30,2026.9.3,rec7FKMdRseCXcHZP,rec7FKMdRseCXcHZP,https://airtable.com/shr5t1qyPKytJvVBY?prefill_fldziB6bVRltNvUis=rec7FKMdRseCXcHZP,206,정승윤,PT1111-쇼핑백(M)_화이트_200-2,,신시어리,,,Package Parts,
SSU000207,,PT1113-쇼핑백(L)_화이트_200-4,판매가능,정승윤,정보 최초 입력,"화이트쇼핑백, 프리미엄 스트링 후드집업, 포시즌 티셔츠","WSPB, ODHZ, FTSH",2023.5.30 4:56오후,,2023.5.30,2026.9.3,recZO8ZaVa4oT72kp,recZO8ZaVa4oT72kp,https://airtable.com/shr5t1qyPKytJvVBY?prefill_fldziB6bVRltNvUis=recZO8ZaVa4oT72kp,207,정승윤,PT1113-쇼핑백(L)_화이트_200-4,,협력사,,,Package Parts,
SSU000208,,PT1114-슈가케인펜_레드,제품 철수(졸업),김민지,정보 최초 입력,슈가케인 펜,SCPN,2023.5.30 4:56오후,,2023.5.30,2026.9.3,recRbiTWPF3RlUA7D,recRbiTWPF3RlUA7D,https://airtable.com/shr5t1qyPKytJvVBY?prefill_fldziB6bVRltNvUis=recRbiTWPF3RlUA7D,208,김민지,PT1114-슈가케인펜_레드,,협력사,,,Product Parts,
SSU000209,,PT1116-슈가케인펜_그린,판매가능,김민지,정보 최초 입력,슈가케인 펜,SCPN,2023.5.30 4:56오후,,2023.5.30,2026.9.3,recwmnAqoUbWhrDq9,recwmnAqoUbWhrDq9,https://airtable.com/shr5t1qyPKytJvVBY?prefill_fldziB6bVRltNvUis=recwmnAqoUbWhrDq9,209,김민지,PT1116-슈가케인펜_그린,,신시어리,,,Product Parts,
SSU000210,,,판매가능,김민지,정보 최초 입력,,,2023.5.30 4:56오후,2023.11.21 3:42오후,2023.5.30,2023.11.20,,,https://airtable.com/shr5t1qyPKytJvVBY?prefill_fldziB6bVRltNvUis=,210,김민지,,,,,,,
SSU000211,,PT1118-슈가케인펜_스카이블루,품절예정,김민지,정보 최초 입력,슈가케인 펜,SCPN,2023.5.30 4:56오후,2023.11.30 7:10오후,2023.5.30,2023.11.29,recQD7mLSWgtbf2iG,,https://airtable.com/shr5t1qyPKytJvVBY?prefill_fldziB6bVRltNvUis=recQD7mLSWgtbf2iG,211,김민지,PT1118-슈가케인펜_스카이블루,,협력사,,,Product Parts,
SSU000212,,PT1119-슈가케인펜_옐로우,제품 철수(졸업),김민지,정보 최초 입력,슈가케인 펜,SCPN,2023.5.30 4:56오후,,2023.5.30,2026.9.3,recdPsJ1YI7RWkDty,recdPsJ1YI7RWkDty,https://airtable.com/shr5t1qyPKytJvVBY?prefill_fldziB6bVRltNvUis=recdPsJ1YI7RWkDty,212,김민지,PT1119-슈가케인펜_옐로우,,협력사,,,Product Parts,
SSU000213,,PT1120-슈가케인펜_오렌지,제품 철수(졸업),김민지,정보 최초 입력,슈가케인 펜,SCPN,2023.5.30 4:56오후,,2023.5.30,2026.9.3,rechQ4b7JkfoPShie,rechQ4b7JkfoPShie,https://airtable.com/shr5t1qyPKytJvVBY?prefill_fldziB6bVRltNvUis=rechQ4b7JkfoPShie,213,김민지,PT1120-슈가케인펜_오렌지,,협력사,,,Product Parts,
SSU000214,,PT1123-슈가케인펜_블루,제품 철수(졸업),김민지,정보 최초 입력,슈가케인 펜,SCPN,2023.5.30 4:56오후,,2023.5.30,2026.9.3,recHXiR3izLtZ06pL,recHXiR3izLtZ06pL,https://airtable.com/shr5t1qyPKytJvVBY?prefill_fldziB6bVRltNvUis=recHXiR3izLtZ06pL,214,김민지,PT1123-슈가케인펜_블루,,협력사,,,Product Parts,
SSU000215,,PT1125-슈가케인펜_화이트,판매가능,김민지,정보 최초 입력,슈가케인 펜,SCPN,2023.5.30 4:56오후,2024.1.4 3:00오후,2023.5.30,2024.1.3,recuHHhUga7WEvSvg,,https://airtable.com/shr5t1qyPKytJvVBY?prefill_fldziB6bVRltNvUis=recuHHhUga7WEvSvg,215,김민지,PT1125-슈가케인펜_화이트,,신시어리,,,Product Parts,
SSU000216,,PT1136-스탠드업칫솔_화이트,판매가능,정승윤,정보 최초 입력,스탠드-업 칫솔,STTB,2023.5.30 4:56오후,2023.6.8 5:27오후,2023.5.30,2023.6.7,recMNS5lcrNwpZKcF,,https://airtable.com/shr5t1qyPKytJvVBY?prefill_fldziB6bVRltNvUis=recMNS5lcrNwpZKcF,216,정승윤,PT1136-스탠드업칫솔_화이트,,신시어리,,,Product Parts,
SSU000217,,PT1139-슬라이드지퍼백(커스텀인쇄)_투명_200-2,판매가능,정승윤,정보 최초 입력,스탠드-업 칫솔,STTB,2023.5.30 4:56오후,2026.5.21 1:49오후,2023.5.30,2026.5.20,recZG6M8bnLaRpqZE,,https://airtable.com/shr5t1qyPKytJvVBY?prefill_fldziB6bVRltNvUis=recZG6M8bnLaRpqZE,217,정승윤,PT1139-슬라이드지퍼백(커스텀인쇄)_투명_200-2,,신시어리,,,Package Parts,
SSU000218,,,제품 철수(졸업),정승윤,정보 최초 입력,,,2023.5.30 4:56오후,,2023.5.30,2026.9.3,,recAPA7gjy4avNZIN,https://airtable.com/shr5t1qyPKytJvVBY?prefill_fldziB6bVRltNvUis=,218,정승윤,,,,,,,
SSU000219,,PT1147-단품박스(스탠다드)_웜그레이_000-4,판매가능,,정보 최초 입력,"슈가케인 펜, 스탠드-업 칫솔, 라운드 밤부 칫솔","SCPN, STTB, RBTB",2023.5.30 4:56오후,,2023.5.30,2026.9.3,reczIeuaTeF3bWuHj,reczIeuaTeF3bWuHj,https://airtable.com/shr5t1qyPKytJvVBY?prefill_fldziB6bVRltNvUis=reczIeuaTeF3bWuHj,219,,PT1147-단품박스(스탠다드)_웜그레이_000-4,,신시어리,,,Package Parts,
SSU000220,,,판매가능,안다정,정보 최초 입력,,,2023.5.30 4:56오후,2025.7.9 3:39오후,2023.5.30,2025.7.8,,,https://airtable.com/shr5t1qyPKytJvVBY?prefill_fldziB6bVRltNvUis=,220,안다정,,,,,,,
SSU000221,,,판매가능,안다정,정보 최초 입력,,,2023.5.30 4:56오후,2025.7.9 3:37오후,2023.5.30,2025.7.8,,,https://airtable.com/shr5t1qyPKytJvVBY?prefill_fldziB6bVRltNvUis=,221,안다정,,,,,,,
SSU000222,,,판매가능,김민정,정보 최초 입력,,,2023.5.30 4:56오후,,2023.5.30,2026.9.3,,recQrLlWDbz3irHEn,https://airtable.com/shr5t1qyPKytJvVBY?prefill_fldziB6bVRltNvUis=,222,김민정,,,,,,,
SSU000223,,,판매가능,정승윤,정보 최초 입력,,,2023.5.30 4:56오후,,2023.5.30,2026.9.3,,receCGMVULDTT4u7W,https://airtable.com/shr5t1qyPKytJvVBY?prefill_fldziB6bVRltNvUis=,223,정승윤,,,,,,,
SSU000224,,PT1162-스트레치사원증홀더_블랙,판매가능,안다정,정보 최초 입력,스트레치 사원증 홀더,STHD,2023.5.30 4:56오후,2025.4.22 4:20오후,2023.5.30,2025.4.21,recXLE59nNLbF7w5D,,https://airtable.com/shr5t1qyPKytJvVBY?prefill_fldziB6bVRltNvUis=recXLE59nNLbF7w5D,224,안다정,PT1162-스트레치사원증홀더_블랙,,생산,,,Product Parts,
SSU000225,,PT1163-스트레치사원증홀더_화이트,판매가능,안다정,정보 최초 입력,스트레치 사원증 홀더,STHD,2023.5.30 4:56오후,2025.4.22 4:24오후,2023.5.30,2025.4.21,recQgZC3mBEPuo45z,,https://airtable.com/shr5t1qyPKytJvVBY?prefill_fldziB6bVRltNvUis=recQgZC3mBEPuo45z,225,안다정,PT1163-스트레치사원증홀더_화이트,,생산,,,Product Parts,
SSU000226,,PT1164-스트레치사원증홀더_그레이,판매가능,안다정,정보 최초 입력,스트레치 사원증 홀더,STHD,2023.5.30 4:56오후,2025.4.22 4:24오후,2023.5.30,2025.4.21,recdpgtUseaYc9CCH,,https://airtable.com/shr5t1qyPKytJvVBY?prefill_fldziB6bVRltNvUis=recdpgtUseaYc9CCH,226,안다정,PT1164-스트레치사원증홀더_그레이,,생산,,,Product Parts,
SSU000227,,,판매가능,안다정,정보 최초 입력,,,2023.5.30 4:56오후,2025.8.12 1:21오후,2023.5.30,2025.8.11,,,https://airtable.com/shr5t1qyPKytJvVBY?prefill_fldziB6bVRltNvUis=,227,안다정,,,,,,,
SSU000228,,PT1195-스펙트럼컬러펜(컬러잉크)_바질그린,판매가능,김민지,정보 최초 입력,스펙트럼 컬러펜,SPCP,2023.5.30 4:56오후,2026.3.23 2:56오후,2023.5.30,2026.3.22,recz1pFLxoewMthjm,,https://airtable.com/shr5t1qyPKytJvVBY?prefill_fldziB6bVRltNvUis=recz1pFLxoewMthjm,228,김민지,PT1195-스펙트럼컬러펜(컬러잉크)_바질그린,,협력사,,,Product Parts,
SSU000229,,PT1196-스펙트럼컬러펜(블랙잉크)_블루,판매가능,김민지,정보 최초 입력,스펙트럼 컬러펜,SPCP,2023.5.30 4:56오후,,2023.5.30,2026.9.3,recilnJdVmUbd1wTX,recilnJdVmUbd1wTX,https://airtable.com/shr5t1qyPKytJvVBY?prefill_fldziB6bVRltNvUis=recilnJdVmUbd1wTX,229,김민지,PT1196-스펙트럼컬러펜(블랙잉크)_블루,,협력사,,,Product Parts,
SSU000230,,PT1197-스펙트럼컬러펜(블랙잉크)_화이트,판매가능,김민지,정보 최초 입력,스펙트럼 컬러펜,SPCP,2023.5.30 4:56오후,2025.12.30 3:15오후,2023.5.30,2025.12.29,recTiKzzGrAWA7L9o,,https://airtable.com/shr5t1qyPKytJvVBY?prefill_fldziB6bVRltNvUis=recTiKzzGrAWA7L9o,230,김민지,PT1197-스펙트럼컬러펜(블랙잉크)_화이트,,신시어리,,,Product Parts,
SSU000231,,PT1198-스펙트럼컬러펜(컬러잉크)_캐롯레드,판매가능,김민지,정보 최초 입력,스펙트럼 컬러펜,SPCP,2023.5.30 4:56오후,2026.3.23 3:10오후,2023.5.30,2026.3.22,recZDLSmoHRiYXfMd,,https://airtable.com/shr5t1qyPKytJvVBY?prefill_fldziB6bVRltNvUis=recZDLSmoHRiYXfMd,231,김민지,PT1198-스펙트럼컬러펜(컬러잉크)_캐롯레드,,협력사,,,Product Parts,
SSU000232,,PT1199-스펙트럼컬러펜(컬러잉크)_레드,판매가능,김민지,정보 최초 입력,스펙트럼 컬러펜,SPCP,2023.5.30 4:56오후,2024.3.22 7:40오후,2023.5.30,2024.3.21,recj2NSG843k3wkwe,,https://airtable.com/shr5t1qyPKytJvVBY?prefill_fldziB6bVRltNvUis=recj2NSG843k3wkwe,232,김민지,PT1199-스펙트럼컬러펜(컬러잉크)_레드,,협력사,,,Product Parts,
SSU000233,,PT1200-스펙트럼컬러펜(컬러잉크)_다크네이비,판매가능,김민지,정보 최초 입력,스펙트럼 컬러펜,SPCP,2023.5.30 4:56오후,2023.6.5 4:40오후,2023.5.30,2023.6.4,reco3fXNhxhapSegS,,https://airtable.com/shr5t1qyPKytJvVBY?prefill_fldziB6bVRltNvUis=reco3fXNhxhapSegS,233,김민지,PT1200-스펙트럼컬러펜(컬러잉크)_다크네이비,,협력사,,,Product Parts,
SSU000234,,PT1201-스펙트럼컬러펜(블랙잉크)_블랙,판매가능,김민지,정보 최초 입력,스펙트럼 컬러펜,SPCP,2023.5.30 4:56오후,2026.1.8 1:57오후,2023.5.30,2026.1.7,recgA7U5C3Y1CO0ks,,https://airtable.com/shr5t1qyPKytJvVBY?prefill_fldziB6bVRltNvUis=recgA7U5C3Y1CO0ks,234,김민지,PT1201-스펙트럼컬러펜(블랙잉크)_블랙,,신시어리,,,Product Parts,
SSU000235,,PT1202-스펙트럼컬러펜(컬러잉크)_다크그린,판매가능,김민지,정보 최초 입력,스펙트럼 컬러펜,SPCP,2023.5.30 4:56오후,2023.6.5 4:41오후,2023.5.30,2023.6.4,recICZfqZ5l4YVeQ5,,https://airtable.com/shr5t1qyPKytJvVBY?prefill_fldziB6bVRltNvUis=recICZfqZ5l4YVeQ5,235,김민지,PT1202-스펙트럼컬러펜(컬러잉크)_다크그린,,협력사,,,Product Parts,
SSU000236,,PT1203-스펙트럼컬러펜(컬러잉크)_오렌지,판매가능,김민지,정보 최초 입력,스펙트럼 컬러펜,SPCP,2023.5.30 4:56오후,2025.11.17 3:08오후,2023.5.30,2025.11.16,rec1ZQ7lwvGYQTnCg,,https://airtable.com/shr5t1qyPKytJvVBY?prefill_fldziB6bVRltNvUis=rec1ZQ7lwvGYQTnCg,236,김민지,PT1203-스펙트럼컬러펜(컬러잉크)_오렌지,,협력사,,,Product Parts,
SSU000237,,PT1204-스펙트럼컬러펜(컬러잉크)_그린,판매가능,김민지,정보 최초 입력,스펙트럼 컬러펜,SPCP,2023.5.30 4:56오후,2025.10.1 3:42오후,2023.5.30,2025.9.30,recwu5az8GcpCDFvU,,https://airtable.com/shr5t1qyPKytJvVBY?prefill_fldziB6bVRltNvUis=recwu5az8GcpCDFvU,237,김민지,PT1204-스펙트럼컬러펜(컬러잉크)_그린,,협력사,,,Product Parts,
SSU000238,,PT1205-스펙트럼컬러펜(컬러잉크)_퍼플,판매가능,김민지,정보 최초 입력,스펙트럼 컬러펜,SPCP,2023.5.30 4:56오후,2024.3.14 6:40오후,2023.5.30,2024.3.13,recjDHESSrqXz0YWb,,https://airtable.com/shr5t1qyPKytJvVBY?prefill_fldziB6bVRltNvUis=recjDHESSrqXz0YWb,238,김민지,PT1205-스펙트럼컬러펜(컬러잉크)_퍼플,,협력사,,,Product Parts,
SSU000239,,PT1207-스펙트럼컬러펜(블랙잉크)_옐로우,판매가능,김민지,정보 최초 입력,스펙트럼 컬러펜,SPCP,2023.5.30 4:56오후,,2023.5.30,2026.9.3,recCGdT9odtBFkqrp,recCGdT9odtBFkqrp,https://airtable.com/shr5t1qyPKytJvVBY?prefill_fldziB6bVRltNvUis=recCGdT9odtBFkqrp,239,김민지,PT1207-스펙트럼컬러펜(블랙잉크)_옐로우,,협력사,,,Product Parts,
SSU000240,,PT1208-스펙트럼컬러펜(블랙잉크)_레드,판매가능,김민지,정보 최초 입력,스펙트럼 컬러펜,SPCP,2023.5.30 4:56오후,,2023.5.30,2026.9.3,recZjyTPo9bSuH81D,recZjyTPo9bSuH81D,https://airtable.com/shr5t1qyPKytJvVBY?prefill_fldziB6bVRltNvUis=recZjyTPo9bSuH81D,240,김민지,PT1208-스펙트럼컬러펜(블랙잉크)_레드,,협력사,,,Product Parts,
SSU000241,,PT1209-스펙트럼컬러펜(블랙잉크)_퍼플,판매가능,김민지,정보 최초 입력,스펙트럼 컬러펜,SPCP,2023.5.30 4:56오후,,2023.5.30,2026.9.3,recNGLBEXoaCsOwNH,recNGLBEXoaCsOwNH,https://airtable.com/shr5t1qyPKytJvVBY?prefill_fldziB6bVRltNvUis=recNGLBEXoaCsOwNH,241,김민지,PT1209-스펙트럼컬러펜(블랙잉크)_퍼플,,협력사,,,Product Parts,
SSU000242,,PT1210-스펙트럼컬러펜(컬러잉크)_핑크,판매가능,김민지,정보 최초 입력,스펙트럼 컬러펜,SPCP,2023.5.30 4:56오후,2024.3.22 7:41오후,2023.5.30,2024.3.21,reclcJ8kfNtaD63Rv,,https://airtable.com/shr5t1qyPKytJvVBY?prefill_fldziB6bVRltNvUis=reclcJ8kfNtaD63Rv,242,김민지,PT1210-스펙트럼컬러펜(컬러잉크)_핑크,,협력사,,,Product Parts,
SSU000243,,PT1211-스펙트럼컬러펜(블랙잉크)_다크블루,판매가능,김민지,정보 최초 입력,스펙트럼 컬러펜,SPCP,2023.5.30 4:56오후,2025.3.18 3:55오후,2023.5.30,2025.3.17,recTrEKWZfZC4FpLv,,https://airtable.com/shr5t1qyPKytJvVBY?prefill_fldziB6bVRltNvUis=recTrEKWZfZC4FpLv,243,김민지,PT1211-스펙트럼컬러펜(블랙잉크)_다크블루,,협력사,,,Product Parts,
SSU000244,,PT1212-스펙트럼컬러펜(컬러잉크)_블루,판매가능,김민지,정보 최초 입력,스펙트럼 컬러펜,SPCP,2023.5.30 4:56오후,2025.5.28 2:55오후,2023.5.30,2025.5.27,recIzkrHPOiEg1JSp,,https://airtable.com/shr5t1qyPKytJvVBY?prefill_fldziB6bVRltNvUis=recIzkrHPOiEg1JSp,244,김민지,PT1212-스펙트럼컬러펜(컬러잉크)_블루,,협력사,,,Product Parts,
SSU000245,,PT1213-스펙트럼컬러펜(컬러잉크)_옐로우,판매가능,김민지,정보 최초 입력,스펙트럼 컬러펜,SPCP,2023.5.30 4:56오후,2025.7.23 11:43오전,2023.5.30,2025.7.22,recuyN2m5vTKf3voV,,https://airtable.com/shr5t1qyPKytJvVBY?prefill_fldziB6bVRltNvUis=recuyN2m5vTKf3voV,245,김민지,PT1213-스펙트럼컬러펜(컬러잉크)_옐로우,,협력사,,,Product Parts,
SSU000246,,PT1214-스펙트럼컬러펜(컬러잉크)_파스텔퍼플,판매가능,김민지,정보 최초 입력,스펙트럼 컬러펜,SPCP,2023.5.30 4:56오후,2026.1.8 2:07오후,2023.5.30,2026.1.7,recIx9x0ydqTdnIeA,,https://airtable.com/shr5t1qyPKytJvVBY?prefill_fldziB6bVRltNvUis=recIx9x0ydqTdnIeA,246,김민지,PT1214-스펙트럼컬러펜(컬러잉크)_파스텔퍼플,,협력사,,,Product Parts,
SSU000247,,PT1215-스펙트럼컬러펜(컬러잉크)_네온핑크,판매가능,김민지,정보 최초 입력,스펙트럼 컬러펜,SPCP,2023.5.30 4:56오후,2026.3.23 3:12오후,2023.5.30,2026.3.22,recgONA1K2y3W6qIR,,https://airtable.com/shr5t1qyPKytJvVBY?prefill_fldziB6bVRltNvUis=recgONA1K2y3W6qIR,247,김민지,PT1215-스펙트럼컬러펜(컬러잉크)_네온핑크,,협력사,,,Product Parts,
SSU000248,,PT1216-스펙트럼컬러펜(블랙잉크)_그린,판매가능,김민지,정보 최초 입력,스펙트럼 컬러펜,SPCP,2023.5.30 4:56오후,,2023.5.30,2026.9.3,recnq0p02pdeFUaM7,recnq0p02pdeFUaM7,https://airtable.com/shr5t1qyPKytJvVBY?prefill_fldziB6bVRltNvUis=recnq0p02pdeFUaM7,248,김민지,PT1216-스펙트럼컬러펜(블랙잉크)_그린,,협력사,,,Product Parts,
SSU000249,,PT1217-스펙트럼컬러펜(컬러잉크)_리프그린,판매가능,김민지,정보 최초 입력,스펙트럼 컬러펜,SPCP,2023.5.30 4:56오후,2024.3.14 6:38오후,2023.5.30,2024.3.13,rec11LbSlmK50OMIt,,https://airtable.com/shr5t1qyPKytJvVBY?prefill_fldziB6bVRltNvUis=rec11LbSlmK50OMIt,249,김민지,PT1217-스펙트럼컬러펜(컬러잉크)_리프그린,,협력사,,,Product Parts,
SSU000250,,PT1218-스펙트럼컬러펜(컬러잉크)_씨블루,판매가능,김민지,정보 최초 입력,스펙트럼 컬러펜,SPCP,2023.5.30 4:56오후,2026.3.23 3:10오후,2023.5.30,2026.3.22,recMFJ5hXpxuHzjdf,,https://airtable.com/shr5t1qyPKytJvVBY?prefill_fldziB6bVRltNvUis=recMFJ5hXpxuHzjdf,250,김민지,PT1218-스펙트럼컬러펜(컬러잉크)_씨블루,,협력사,,,Product Parts,
SSU000251,,PT1219-스펙트럼컬러펜(블랙잉크)_핑크,판매가능,김민지,정보 최초 입력,스펙트럼 컬러펜,SPCP,2023.5.30 4:56오후,,2023.5.30,2026.9.3,recSdQZaHINZdjYsf,recSdQZaHINZdjYsf,https://airtable.com/shr5t1qyPKytJvVBY?prefill_fldziB6bVRltNvUis=recSdQZaHINZdjYsf,251,김민지,PT1219-스펙트럼컬러펜(블랙잉크)_핑크,,협력사,,,Product Parts,
SSU000252,,PT1220-스펙트럼컬러펜(컬러잉크)_다크블루,판매가능,김민지,정보 최초 입력,스펙트럼 컬러펜,SPCP,2023.5.30 4:56오후,2025.9.4 1:57오후,2023.5.30,2025.9.3,recCBU3KAUtcZ9P6T,,https://airtable.com/shr5t1qyPKytJvVBY?prefill_fldziB6bVRltNvUis=recCBU3KAUtcZ9P6T,252,김민지,PT1220-스펙트럼컬러펜(컬러잉크)_다크블루,,협력사,,,Product Parts,
SSU000253,,PT1221-스펙트럼컬러펜(컬러잉크)_화이트,판매가능,김민지,정보 최초 입력,스펙트럼 컬러펜,SPCP,2023.5.30 4:56오후,2025.7.23 11:43오전,2023.5.30,2025.7.22,recpYVYDdQFYI7rJN,,https://airtable.com/shr5t1qyPKytJvVBY?prefill_fldziB6bVRltNvUis=recpYVYDdQFYI7rJN,253,김민지,PT1221-스펙트럼컬러펜(컬러잉크)_화이트,,협력사,,,Product Parts,
SSU000254,,PT1222-스펙트럼컬러펜(컬러잉크)_브라운,판매가능,김민지,정보 최초 입력,스펙트럼 컬러펜,SPCP,2023.5.30 4:56오후,2026.3.23 3:11오후,2023.5.30,2026.3.22,recZwhnxXLQZwsqtr,,https://airtable.com/shr5t1qyPKytJvVBY?prefill_fldziB6bVRltNvUis=recZwhnxXLQZwsqtr,254,김민지,PT1222-스펙트럼컬러펜(컬러잉크)_브라운,,협력사,,,Product Parts,
SSU000255,,PT1223-스펙트럼컬러펜(블랙잉크)_오렌지,판매가능,김민지,정보 최초 입력,스펙트럼 컬러펜,SPCP,2023.5.30 4:56오후,2026.1.8 2:05오후,2023.5.30,2026.1.7,recVV2xB5vl3efEgB,,https://airtable.com/shr5t1qyPKytJvVBY?prefill_fldziB6bVRltNvUis=recVV2xB5vl3efEgB,255,김민지,PT1223-스펙트럼컬러펜(블랙잉크)_오렌지,,협력사,,,Product Parts,
SSU000256,,PT1224-스펙트럼컬러펜(컬러잉크)_버건디,판매가능,김민지,정보 최초 입력,스펙트럼 컬러펜,SPCP,2023.5.30 4:56오후,2026.3.23 3:12오후,2023.5.30,2026.3.22,recvAR2lPLPGJNQUw,,https://airtable.com/shr5t1qyPKytJvVBY?prefill_fldziB6bVRltNvUis=recvAR2lPLPGJNQUw,256,김민지,PT1224-스펙트럼컬러펜(컬러잉크)_버건디,,협력사,,,Product Parts,
SSU000257,,PT1236-슬로건다이어리_그레이,판매가능,,정보 최초 입력,슬로건 다이어리,SLGN,2023.5.30 4:56오후,2024.11.1 12:04오후,2023.5.30,2024.10.31,recuLKG9FYarPEjVt,,https://airtable.com/shr5t1qyPKytJvVBY?prefill_fldziB6bVRltNvUis=recuLKG9FYarPEjVt,257,,PT1236-슬로건다이어리_그레이,,신시어리,,,Product Parts,
SSU000258,,PT1239-슬로건다이어리_블랙,판매가능,,정보 최초 입력,슬로건 다이어리,SLGN,2023.5.30 4:56오후,2023.12.27 10:58오후,2023.5.30,2023.12.26,recwEwAaCd1CXCxD1,,https://airtable.com/shr5t1qyPKytJvVBY?prefill_fldziB6bVRltNvUis=recwEwAaCd1CXCxD1,258,,PT1239-슬로건다이어리_블랙,,신시어리,,,Product Parts,
SSU000259,,,판매가능,,정보 최초 입력,,,2023.5.30 4:56오후,,2023.5.30,2026.9.3,,recWxyvmoQUOBI8Jt,https://airtable.com/shr5t1qyPKytJvVBY?prefill_fldziB6bVRltNvUis=,259,,,,,,,,
SSU000260,,PT1305-실버팩_100-4,판매가능,정승윤,정보 최초 입력,실버팩,SLVP,2023.5.30 4:56오후,,2023.5.30,2026.9.3,recEL4b9DZmmZ8kZP,recEL4b9DZmmZ8kZP,https://airtable.com/shr5t1qyPKytJvVBY?prefill_fldziB6bVRltNvUis=recEL4b9DZmmZ8kZP,260,정승윤,PT1305-실버팩_100-4,,신시어리,,,Package Parts,
SSU000261,,PT1312-실버팩_200-2,판매가능,김민정,정보 최초 입력,"실버팩, 로고스트랩 파우치","SLVP, LOPU",2023.5.30 4:56오후,,2023.5.30,2026.9.3,rec91uQDEwi3UvZKy,rec91uQDEwi3UvZKy,https://airtable.com/shr5t1qyPKytJvVBY?prefill_fldziB6bVRltNvUis=rec91uQDEwi3UvZKy,261,김민정,PT1312-실버팩_200-2,,신시어리,,,Package Parts,
SSU000262,,PT1314-실버팩_300-1,판매가능,김민정,정보 최초 입력,"실버팩, 굿이너프 비치타월, 더블업 트래블 파우치","SLVP, BCTW, DTPL",2023.5.30 4:56오후,,2023.5.30,2026.9.3,rech1dgbUsEKCUyqi,rech1dgbUsEKCUyqi,https://airtable.com/shr5t1qyPKytJvVBY?prefill_fldziB6bVRltNvUis=rech1dgbUsEKCUyqi,262,김민정,PT1314-실버팩_300-1,,신시어리,,,Package Parts,
SSU000263,,PT1317-실버팩_100-5,판매가능,김민정,정보 최초 입력,"실버팩, 스타일 수면안대","SLVP, STSM",2023.5.30 4:56오후,,2023.5.30,2026.9.3,recdX1g9GO7XRHrGw,recdX1g9GO7XRHrGw,https://airtable.com/shr5t1qyPKytJvVBY?prefill_fldziB6bVRltNvUis=recdX1g9GO7XRHrGw,263,김민정,PT1317-실버팩_100-5,,신시어리,,,Package Parts,
SSU000264,,PT1318-실버팩_100-1,판매가능,김민정,정보 최초 입력,"실버팩, 어썸그립, 브랜디드 피규어 키링","SLVP, AXGR, BRPK",2023.5.30 4:56오후,,2023.5.30,2026.9.3,recw4KEWs283c4OMW,recw4KEWs283c4OMW,https://airtable.com/shr5t1qyPKytJvVBY?prefill_fldziB6bVRltNvUis=recw4KEWs283c4OMW,264,김민정,PT1318-실버팩_100-1,,신시어리,,,Package Parts,
SSU000265,,PT1319-실버팩_100-3,판매가능,김민정,정보 최초 입력,"실버팩, 글로시 키링, 클로저 휴대폰 스트랩","SLVP, GKEY, CHST",2023.5.30 4:56오후,,2023.5.30,2026.9.3,recTjFe7xkuuxe7ZT,recTjFe7xkuuxe7ZT,https://airtable.com/shr5t1qyPKytJvVBY?prefill_fldziB6bVRltNvUis=recTjFe7xkuuxe7ZT,265,김민정,PT1319-실버팩_100-3,,신시어리,,,Package Parts,
SSU000266,,PT1324-썸네일캘린더_삼각대_블랙,판매가능,,정보 최초 입력,썸네일 캘린더,TNCL,2023.5.30 4:56오후,,2023.5.30,2026.9.3,recFqxR0ZtxgyeeZh,recFqxR0ZtxgyeeZh,https://airtable.com/shr5t1qyPKytJvVBY?prefill_fldziB6bVRltNvUis=recFqxR0ZtxgyeeZh,266,,PT1324-썸네일캘린더_삼각대_블랙,,생산,,,Product Parts,
SSU000267,,,의도적 품절,,정보 최초 입력,,,2023.5.30 4:56오후,,2023.5.30,2026.9.3,,rec9tIJIcDd4Jj9Rk,https://airtable.com/shr5t1qyPKytJvVBY?prefill_fldziB6bVRltNvUis=,267,,,,,,,,
SSU000268,,,판매가능,문경선,정보 최초 입력,,,2023.5.30 4:56오후,,2023.5.30,2026.9.3,,rec2urqzLm7B9ISj6,https://airtable.com/shr5t1qyPKytJvVBY?prefill_fldziB6bVRltNvUis=,268,문경선,,,,,,,
SSU000269,,,판매가능,,정보 최초 입력,,,2023.5.30 4:56오후,,2023.5.30,2026.9.3,,recUPNFg79QJ6gYBs,https://airtable.com/shr5t1qyPKytJvVBY?prefill_fldziB6bVRltNvUis=,269,,,,,,,,
SSU000270,,,판매가능,,정보 최초 입력,,,2023.5.30 4:56오후,,2023.5.30,2026.9.3,,recIDz3cmDvGd9XrT,https://airtable.com/shr5t1qyPKytJvVBY?prefill_fldziB6bVRltNvUis=,270,,,,,,,,
SSU000271,,,판매가능,김민지,정보 최초 입력,,,2023.5.30 4:56오후,,2023.5.30,2026.9.3,,recQpVgOpFXe5RgZ0,https://airtable.com/shr5t1qyPKytJvVBY?prefill_fldziB6bVRltNvUis=,271,김민지,,,,,,,
SSU000272,,,판매가능,,정보 최초 입력,,,2023.5.30 4:56오후,,2023.5.30,2026.9.3,,recMOg9toTNz5rHiW,https://airtable.com/shr5t1qyPKytJvVBY?prefill_fldziB6bVRltNvUis=,272,,,,,,,,
SSU000273,,PT1373-유광덮개파우치_투명_000-2,판매가능,정승윤,정보 최초 입력,애드온 뱃지,AOBG,2023.5.30 4:56오후,,2023.5.30,2026.9.3,recInr6b5hygSdHiH,recInr6b5hygSdHiH,https://airtable.com/shr5t1qyPKytJvVBY?prefill_fldziB6bVRltNvUis=recInr6b5hygSdHiH,273,정승윤,PT1373-유광덮개파우치_투명_000-2,,신시어리,,,Package Parts,
SSU000274,,,판매가능,안다정,정보 최초 입력,,,2023.5.30 4:56오후,2023.10.26 9:23오전,2023.5.30,2023.10.25,,,https://airtable.com/shr5t1qyPKytJvVBY?prefill_fldziB6bVRltNvUis=,274,안다정,,,,,,,
SSU000275,,,판매가능,안다정,정보 최초 입력,,,2023.5.30 4:56오후,2026.2.10 11:53오전,2023.5.30,2026.2.9,,,https://airtable.com/shr5t1qyPKytJvVBY?prefill_fldziB6bVRltNvUis=,275,안다정,,,,,,,
SSU000276,,,판매가능,안다정,정보 최초 입력,,,2023.5.30 4:56오후,2026.2.10 11:53오전,2023.5.30,2026.2.9,,,https://airtable.com/shr5t1qyPKytJvVBY?prefill_fldziB6bVRltNvUis=,276,안다정,,,,,,,
SSU000277,,PT1386-스펀지패드_블랙_100-3,판매가능,,정보 최초 입력,에디션 골프공 & 볼마커 6구 세트,EDGB,2023.5.30 4:56오후,,2023.5.30,2026.9.3,recpHkRMUY0jmlePY,recpHkRMUY0jmlePY,https://airtable.com/shr5t1qyPKytJvVBY?prefill_fldziB6bVRltNvUis=recpHkRMUY0jmlePY,277,,PT1386-스펀지패드_블랙_100-3,,협력사,,,Package Parts,
SSU000278,,PT1399-에디트캘린더_삼각대_그레이,일시품절,,정보 최초 입력,에디트 캘린더,EDCD,2023.5.30 4:56오후,2023.6.19 11:42오전,2023.5.30,2023.6.18,recT8vulSNDBhnw20,,https://airtable.com/shr5t1qyPKytJvVBY?prefill_fldziB6bVRltNvUis=recT8vulSNDBhnw20,278,,PT1399-에디트캘린더_삼각대_그레이,,생산,,,Product Parts,
SSU000279,,PT1400-에디트캘린더_삼각대_블랙,일시품절,,정보 최초 입력,에디트 캘린더,EDCD,2023.5.30 4:56오후,2023.6.19 11:38오전,2023.5.30,2023.6.18,rec2WdHCbTSw83d6a,,https://airtable.com/shr5t1qyPKytJvVBY?prefill_fldziB6bVRltNvUis=rec2WdHCbTSw83d6a,279,,PT1400-에디트캘린더_삼각대_블랙,,생산,,,Product Parts,
SSU000280,,,판매가능,,정보 최초 입력,,,2023.5.30 4:56오후,,2023.5.30,2026.9.3,,recPq3h7XJYPRRz4R,https://airtable.com/shr5t1qyPKytJvVBY?prefill_fldziB6bVRltNvUis=,280,,,,,,,,
SSU000281,,,판매가능,정승윤,정보 최초 입력,,,2023.5.30 4:56오후,,2023.5.30,2026.9.3,,recrRdF5PxrliEo4R,https://airtable.com/shr5t1qyPKytJvVBY?prefill_fldziB6bVRltNvUis=,281,정승윤,,,,,,,
SSU000282,,PT1431-단품박스(전용)(스탠다드)_화이트_000-22,판매가능,,정보 최초 입력,오토매틱 와인오프너,ATWO,2023.5.30 4:56오후,,2023.5.30,2026.9.3,reckhOSJLGx3Q41hO,reckhOSJLGx3Q41hO,https://airtable.com/shr5t1qyPKytJvVBY?prefill_fldziB6bVRltNvUis=reckhOSJLGx3Q41hO,282,,PT1431-단품박스(전용)(스탠다드)_화이트_000-22,,신시어리,,,Package Parts,
SSU000283,,,판매가능,,정보 최초 입력,,,2023.5.30 4:56오후,2023.11.13 6:30오후,2023.5.30,2023.11.12,,,https://airtable.com/shr5t1qyPKytJvVBY?prefill_fldziB6bVRltNvUis=,283,,,,,,,,
SSU000284,,,판매가능,정승윤,정보 최초 입력,,,2023.5.30 4:56오후,2025.7.9 3:38오후,2023.5.30,2025.7.8,,,https://airtable.com/shr5t1qyPKytJvVBY?prefill_fldziB6bVRltNvUis=,284,정승윤,,,,,,,
SSU000285,,,판매가능,김민지,정보 최초 입력,,,2023.5.30 4:56오후,,2023.5.30,2026.9.3,,recrlSY40Yg6cpfJa,https://airtable.com/shr5t1qyPKytJvVBY?prefill_fldziB6bVRltNvUis=,285,김민지,,,,,,,
SSU000286,,,판매가능,정승윤,정보 최초 입력,,,2023.5.30 4:56오후,2025.7.9 3:37오후,2023.5.30,2025.7.8,,,https://airtable.com/shr5t1qyPKytJvVBY?prefill_fldziB6bVRltNvUis=,286,정승윤,,,,,,,
SSU000287,,,판매가능,정승윤,정보 최초 입력,,,2023.5.30 4:56오후,2025.7.9 3:38오후,2023.5.30,2025.7.8,,,https://airtable.com/shr5t1qyPKytJvVBY?prefill_fldziB6bVRltNvUis=,287,정승윤,,,,,,,
SSU000288,,,판매가능,정승윤,정보 최초 입력,,,2023.5.30 4:56오후,,2023.5.30,2026.9.3,,rec0IOE4Z7dzchCnY,https://airtable.com/shr5t1qyPKytJvVBY?prefill_fldziB6bVRltNvUis=,288,정승윤,,,,,,,
SSU000289,,,판매가능,정승윤,정보 최초 입력,,,2023.5.30 4:56오후,2025.7.9 3:37오후,2023.5.30,2025.7.8,,,https://airtable.com/shr5t1qyPKytJvVBY?prefill_fldziB6bVRltNvUis=,289,정승윤,,,,,,,
SSU000290,,,판매가능,정승윤,정보 최초 입력,,,2023.5.30 4:56오후,2025.7.9 3:38오후,2023.5.30,2025.7.8,,,https://airtable.com/shr5t1qyPKytJvVBY?prefill_fldziB6bVRltNvUis=,290,정승윤,,,,,,,
SSU000291,,,판매가능,정승윤,정보 최초 입력,,,2023.5.30 4:56오후,2025.7.9 3:38오후,2023.5.30,2025.7.8,,,https://airtable.com/shr5t1qyPKytJvVBY?prefill_fldziB6bVRltNvUis=,291,정승윤,,,,,,,
SSU000292,,,판매가능,안다정,정보 최초 입력,,,2023.5.30 4:56오후,2025.7.9 3:39오후,2023.5.30,2025.7.8,,,https://airtable.com/shr5t1qyPKytJvVBY?prefill_fldziB6bVRltNvUis=,292,안다정,,,,,,,
SSU000293,,PT1452-오피스마우스패드(스탠다드)_컬러,판매가능,김민지,정보 최초 입력,오피스 마우스패드,OFMP,2023.5.30 4:56오후,,2023.5.30,2026.9.3,reciDpCuIUr8jt2Y7,reciDpCuIUr8jt2Y7,https://airtable.com/shr5t1qyPKytJvVBY?prefill_fldziB6bVRltNvUis=reciDpCuIUr8jt2Y7,293,김민지,PT1452-오피스마우스패드(스탠다드)_컬러,,협력사,,,Product Parts,
SSU000294,,PT1456-오피스마우스패드(와이드)_컬러,판매가능,김민지,정보 최초 입력,오피스 마우스패드,OFMP,2023.5.30 4:56오후,,2023.5.30,2026.9.3,recUVYbTSl3aF0E3f,recUVYbTSl3aF0E3f,https://airtable.com/shr5t1qyPKytJvVBY?prefill_fldziB6bVRltNvUis=recUVYbTSl3aF0E3f,294,김민지,PT1456-오피스마우스패드(와이드)_컬러,,협력사,,,Product Parts,
SSU000295,,PT1459-에코페이퍼봉투(스탠다드)_웜그레이_200-1,판매가능,,정보 최초 입력,오피스 마우스패드,OFMP,2023.5.30 4:56오후,,2023.5.30,2026.9.3,recJi2Wuoej0k7KO1,recJi2Wuoej0k7KO1,https://airtable.com/shr5t1qyPKytJvVBY?prefill_fldziB6bVRltNvUis=recJi2Wuoej0k7KO1,295,,PT1459-에코페이퍼봉투(스탠다드)_웜그레이_200-1,,신시어리,,,Package Parts,
SSU000296,,PT1460-올블랙펜_옐로우,판매가능,김민지,정보 최초 입력,올 블랙 펜,ALBP,2023.5.30 4:56오후,,2023.5.30,2026.9.3,rechmecrCeVNMzt4g,rechmecrCeVNMzt4g,https://airtable.com/shr5t1qyPKytJvVBY?prefill_fldziB6bVRltNvUis=rechmecrCeVNMzt4g,296,김민지,PT1460-올블랙펜_옐로우,,협력사,,,Product Parts,
SSU000297,,PT1462-올블랙펜_레드,판매가능,김민지,정보 최초 입력,올 블랙 펜,ALBP,2023.5.30 4:56오후,,2023.5.30,2026.9.3,recVxPfzOsfxdsbAr,recVxPfzOsfxdsbAr,https://airtable.com/shr5t1qyPKytJvVBY?prefill_fldziB6bVRltNvUis=recVxPfzOsfxdsbAr,297,김민지,PT1462-올블랙펜_레드,,협력사,,,Product Parts,
SSU000298,,PT1463-올블랙펜_스카이블루,판매가능,김민지,정보 최초 입력,올 블랙 펜,ALBP,2023.5.30 4:56오후,2023.9.14 4:46오후,2023.5.30,2023.9.13,recYsxaHTIGO6YaOc,,https://airtable.com/shr5t1qyPKytJvVBY?prefill_fldziB6bVRltNvUis=recYsxaHTIGO6YaOc,298,김민지,PT1463-올블랙펜_스카이블루,,협력사,,,Product Parts,
SSU000299,,PT1464-올블랙펜_매트블랙,판매가능,김민지,정보 최초 입력,올 블랙 펜,ALBP,2023.5.30 4:56오후,2024.2.21 5:49오후,2023.5.30,2024.2.20,recdZIETtzg8v1aj8,,https://airtable.com/shr5t1qyPKytJvVBY?prefill_fldziB6bVRltNvUis=recdZIETtzg8v1aj8,299,김민지,PT1464-올블랙펜_매트블랙,,협력사,,,Product Parts,
SSU000300,,PT1465-올블랙펜_다크블루,판매가능,김민지,정보 최초 입력,올 블랙 펜,ALBP,2023.5.30 4:56오후,,2023.5.30,2026.9.3,recGU3peWKQRvPiP8,recGU3peWKQRvPiP8,https://airtable.com/shr5t1qyPKytJvVBY?prefill_fldziB6bVRltNvUis=recGU3peWKQRvPiP8,300,김민지,PT1465-올블랙펜_다크블루,,협력사,,,Product Parts,
SSU000301,,PT1466-올블랙펜_화이트,판매가능,김민지,정보 최초 입력,올 블랙 펜,ALBP,2023.5.30 4:56오후,2024.3.14 6:41오후,2023.5.30,2024.3.13,rec8i4T0XTIV4p81v,,https://airtable.com/shr5t1qyPKytJvVBY?prefill_fldziB6bVRltNvUis=rec8i4T0XTIV4p81v,301,김민지,PT1466-올블랙펜_화이트,,협력사,,,Product Parts,
SSU000302,,,판매가능,김민지,정보 최초 입력,,,2023.5.30 4:56오후,2023.6.12 11:29오전,2023.5.30,2023.6.11,,,https://airtable.com/shr5t1qyPKytJvVBY?prefill_fldziB6bVRltNvUis=,302,김민지,,,,,,,
SSU000303,,,판매가능,김민지,정보 최초 입력,,,2023.5.30 4:56오후,2023.7.6 12:07오후,2023.5.30,2023.7.5,,,https://airtable.com/shr5t1qyPKytJvVBY?prefill_fldziB6bVRltNvUis=,303,김민지,,,,,,,
SSU000304,,,판매가능,김민지,정보 최초 입력,,,2023.5.30 4:56오후,2023.7.6 12:07오후,2023.5.30,2023.7.5,,,https://airtable.com/shr5t1qyPKytJvVBY?prefill_fldziB6bVRltNvUis=,304,김민지,,,,,,,
SSU000305,,,판매가능,김민지,정보 최초 입력,,,2023.5.30 4:56오후,2023.7.6 12:07오후,2023.5.30,2023.7.5,,,https://airtable.com/shr5t1qyPKytJvVBY?prefill_fldziB6bVRltNvUis=,305,김민지,,,,,,,
SSU000306,,,판매가능,김민지,정보 최초 입력,,,2023.5.30 4:56오후,2023.7.6 12:06오후,2023.5.30,2023.7.5,,,https://airtable.com/shr5t1qyPKytJvVBY?prefill_fldziB6bVRltNvUis=,306,김민지,,,,,,,
SSU000307,,,판매가능,안다정,정보 최초 입력,,,2023.5.30 4:56오후,,2023.5.30,2026.9.3,,rec2uyTRJWkrqY2EK,https://airtable.com/shr5t1qyPKytJvVBY?prefill_fldziB6bVRltNvUis=,307,안다정,,,,,,,
SSU000308,,,판매가능,정승윤,정보 최초 입력,,,2023.5.30 4:56오후,,2023.5.30,2026.9.3,,reclD41NkIXw47gCn,https://airtable.com/shr5t1qyPKytJvVBY?prefill_fldziB6bVRltNvUis=,308,정승윤,,,,,,,
SSU000309,,,판매가능,안다정,정보 최초 입력,,,2023.5.30 4:56오후,,2023.5.30,2026.9.3,,recyIlPrnelM0wtdx,https://airtable.com/shr5t1qyPKytJvVBY?prefill_fldziB6bVRltNvUis=,309,안다정,,,,,,,
SSU000310,,,판매가능,안다정,정보 최초 입력,,,2023.5.30 4:56오후,,2023.5.30,2026.9.3,,recmUaMjp9hKkg4k7,https://airtable.com/shr5t1qyPKytJvVBY?prefill_fldziB6bVRltNvUis=,310,안다정,,,,,,,
SSU000311,,,판매가능,안다정,정보 최초 입력,,,2023.5.30 4:56오후,,2023.5.30,2026.9.3,,recch8VRZafi5Y1eO,https://airtable.com/shr5t1qyPKytJvVBY?prefill_fldziB6bVRltNvUis=,311,안다정,,,,,,,
SSU000312,,,판매가능,안다정,정보 최초 입력,,,2023.5.30 4:56오후,,2023.5.30,2026.9.3,,recxv9iqvWhECpQkI,https://airtable.com/shr5t1qyPKytJvVBY?prefill_fldziB6bVRltNvUis=,312,안다정,,,,,,,
SSU000313,,PT1493-오픈박스(스탠다드)(Small)_화이트_100-4,판매가능,,정보 최초 입력,"Open 페이퍼박스, 주차번호판 피규어세트, 팝업스토어 피규어 세트, 디스플레이 피규어 세트, 카드트레이 피규어 세트, 브릭 메모&캘린더 스탠드2.0, 펜홀더 피규어 세트, 마이오피스 피규어 세트, 플라워 피규어 방향제","OPPB, FGPS, MSFG, DPFG, CTPS, BMVS, BRPH",2023.5.30 4:56오후,,2023.5.30,2026.9.3,recDfUheINUMtMwwa,recDfUheINUMtMwwa,https://airtable.com/shr5t1qyPKytJvVBY?prefill_fldziB6bVRltNvUis=recDfUheINUMtMwwa,313,,PT1493-오픈박스(스탠다드)(Small)_화이트_100-4,,신시어리,,,Package Parts,
SSU000314,,,판매가능,문경선,정보 최초 입력,,,2023.5.30 4:56오후,,2023.5.30,2026.9.3,,recE2xbgkaezyIqwz,https://airtable.com/shr5t1qyPKytJvVBY?prefill_fldziB6bVRltNvUis=,314,문경선,,,,,,,
SSU000315,,,판매가능,김민정,정보 최초 입력,,,2023.5.30 4:56오후,2026.2.23 2:08오후,2023.5.30,2026.2.22,,,https://airtable.com/shr5t1qyPKytJvVBY?prefill_fldziB6bVRltNvUis=,315,김민정,,,,,,,
SSU000316,,PT1505-스펀지패드_블랙_000-1,판매가능,,정보 최초 입력,유니크 디퓨저,UNDF,2023.5.30 4:56오후,,2023.5.30,2026.9.3,recrA1Oz9JOpXLTNE,recrA1Oz9JOpXLTNE,https://airtable.com/shr5t1qyPKytJvVBY?prefill_fldziB6bVRltNvUis=recrA1Oz9JOpXLTNE,316,,PT1505-스펀지패드_블랙_000-1,,협력사,,,Package Parts,
SSU000317,,PT1513-미니가든피규어세트(용신목),판매가능,안다정,정보 최초 입력,미니가든 피규어 세트,ISGK,2023.5.30 4:56오후,2023.11.30 3:59오후,2023.5.30,2023.11.29,recWj6OwQH1wZY40s,,https://airtable.com/shr5t1qyPKytJvVBY?prefill_fldziB6bVRltNvUis=recWj6OwQH1wZY40s,317,안다정,PT1513-미니가든피규어세트(용신목),,협력사,,,Product Parts,
SSU000318,,PT1516-미니가든피규어세트(괴마옥),판매가능,안다정,정보 최초 입력,미니가든 피규어 세트,ISGK,2023.5.30 4:56오후,2023.11.30 3:59오후,2023.5.30,2023.11.29,rec078denQY9WPeql,,https://airtable.com/shr5t1qyPKytJvVBY?prefill_fldziB6bVRltNvUis=rec078denQY9WPeql,318,안다정,PT1516-미니가든피규어세트(괴마옥),,협력사,,,Product Parts,
SSU000319,,PT1517-단품박스(스탠다드)_웜그레이_100-4,판매가능,,정보 최초 입력,"Carry me 와인잔, 미니가든 피규어 세트","CMWG, ISGK",2023.5.30 4:56오후,,2023.5.30,2026.9.3,recfsdstcjA5AEblO,recfsdstcjA5AEblO,https://airtable.com/shr5t1qyPKytJvVBY?prefill_fldziB6bVRltNvUis=recfsdstcjA5AEblO,319,,PT1517-단품박스(스탠다드)_웜그레이_100-4,,신시어리,,,Package Parts,
SSU000320,,,판매가능,안다정,정보 최초 입력,,,2023.5.30 4:56오후,,2023.5.30,2026.9.3,,recDzZo4mDlPxriSq,https://airtable.com/shr5t1qyPKytJvVBY?prefill_fldziB6bVRltNvUis=,320,안다정,,,,,,,
SSU000321,,,판매가능,안다정,정보 최초 입력,,,2023.5.30 4:56오후,,2023.5.30,2026.9.3,,recTV0Fk1UiYaMqZ6,https://airtable.com/shr5t1qyPKytJvVBY?prefill_fldziB6bVRltNvUis=,321,안다정,,,,,,,
SSU000322,,,판매가능,안다정,정보 최초 입력,,,2023.5.30 4:56오후,,2023.5.30,2026.9.3,,recZxrhZd21kGgLZR,https://airtable.com/shr5t1qyPKytJvVBY?prefill_fldziB6bVRltNvUis=,322,안다정,,,,,,,
SSU000323,,,판매가능,안다정,정보 최초 입력,,,2023.5.30 4:56오후,,2023.5.30,2026.9.3,,rec4pXSDvksuanBSE,https://airtable.com/shr5t1qyPKytJvVBY?prefill_fldziB6bVRltNvUis=,323,안다정,,,,,,,
SSU000324,,,판매가능,안다정,정보 최초 입력,,,2023.5.30 4:56오후,,2023.5.30,2026.9.3,,recNsDoentIE3V7jy,https://airtable.com/shr5t1qyPKytJvVBY?prefill_fldziB6bVRltNvUis=,324,안다정,,,,,,,
SSU000325,,,판매가능,안다정,정보 최초 입력,,,2023.5.30 4:56오후,,2023.5.30,2026.9.3,,recLSO9aZxmfqYpKF,https://airtable.com/shr5t1qyPKytJvVBY?prefill_fldziB6bVRltNvUis=,325,안다정,,,,,,,
SSU000326,,,판매가능,안다정,정보 최초 입력,,,2023.5.30 4:56오후,,2023.5.30,2026.9.3,,recH0329yQNTqFP6P,https://airtable.com/shr5t1qyPKytJvVBY?prefill_fldziB6bVRltNvUis=,326,안다정,,,,,,,
SSU000327,,,판매가능,안다정,정보 최초 입력,,,2023.5.30 4:56오후,,2023.5.30,2026.9.3,,recIt7DPzxDE7n6Ia,https://airtable.com/shr5t1qyPKytJvVBY?prefill_fldziB6bVRltNvUis=,327,안다정,,,,,,,
SSU000328,,,판매가능,안다정,정보 최초 입력,,,2023.5.30 4:56오후,,2023.5.30,2026.9.3,,recQQJwJNsJXj45DQ,https://airtable.com/shr5t1qyPKytJvVBY?prefill_fldziB6bVRltNvUis=,328,안다정,,,,,,,
SSU000329,,,판매가능,안다정,정보 최초 입력,,,2023.5.30 4:56오후,,2023.5.30,2026.9.3,,reccUdfQoc2k3sJp8,https://airtable.com/shr5t1qyPKytJvVBY?prefill_fldziB6bVRltNvUis=,329,안다정,,,,,,,
SSU000330,,,판매가능,문경선,정보 최초 입력,,,2023.5.30 4:56오후,,2023.5.30,2026.9.3,,reczKYxZOIKifNrEI,https://airtable.com/shr5t1qyPKytJvVBY?prefill_fldziB6bVRltNvUis=,330,문경선,,,,,,,
SSU000331,,,판매가능,,정보 최초 입력,,,2023.5.30 4:56오후,,2023.5.30,2026.9.3,,recLwYItgWncbDLho,https://airtable.com/shr5t1qyPKytJvVBY?prefill_fldziB6bVRltNvUis=,331,,,,,,,,
SSU000332,,PT1560-지지대_그레이_100-1,판매가능,,정보 최초 입력,슈가케인 펜,SCPN,2023.5.30 4:56오후,,2023.5.30,2026.9.3,recGDndwGuHT4kPUT,recGDndwGuHT4kPUT,https://airtable.com/shr5t1qyPKytJvVBY?prefill_fldziB6bVRltNvUis=recGDndwGuHT4kPUT,332,,PT1560-지지대_그레이_100-1,,신시어리,,,Package Parts,
SSU000333,,PT1569-컬러풀노트패드_블랙,판매가능,,정보 최초 입력,컬러풀 노트패드(블랙),CNPB,2023.5.30 4:56오후,,2023.5.30,2026.9.3,recClvU19cANBjOoW,recClvU19cANBjOoW,https://airtable.com/shr5t1qyPKytJvVBY?prefill_fldziB6bVRltNvUis=recClvU19cANBjOoW,333,,PT1569-컬러풀노트패드_블랙,,신시어리,,,Product Parts,
SSU000334,,,판매가능,문경선,정보 최초 입력,,,2023.5.30 4:56오후,,2023.5.30,2026.9.3,,rec6fYdgEAvD9UoHl,https://airtable.com/shr5t1qyPKytJvVBY?prefill_fldziB6bVRltNvUis=,334,문경선,,,,,,,
SSU000335,,PT1572-슬라이드지퍼백(커스텀인쇄)(Small)_반투명_100-2,판매가능,정승윤,정보 최초 입력,"컬러풀 노트패드(블랙), 컬러풀 노트패드, 임팩트 슬로건타월","CNPB, CNPD, IPST",2023.5.30 4:56오후,,2023.5.30,2026.9.3,recmb2DdQl48Nx6dx,recmb2DdQl48Nx6dx,https://airtable.com/shr5t1qyPKytJvVBY?prefill_fldziB6bVRltNvUis=recmb2DdQl48Nx6dx,335,정승윤,PT1572-슬라이드지퍼백(커스텀인쇄)(Small)_반투명_100-2,,신시어리,,,Package Parts,
SSU000336,,,판매가능,안다정,정보 최초 입력,,,2023.5.30 4:56오후,,2023.5.30,2026.9.3,,rec9fyEnXFuwBmP8U,https://airtable.com/shr5t1qyPKytJvVBY?prefill_fldziB6bVRltNvUis=,336,안다정,,,,,,,
SSU000337,,PT1583-골지단품박스_그레이_100-2,판매가능,,정보 최초 입력,미니멀 스텐머그,MSTM,2023.5.30 4:56오후,,2023.5.30,2026.9.3,recYU6ftP2i3DfAyt,recYU6ftP2i3DfAyt,https://airtable.com/shr5t1qyPKytJvVBY?prefill_fldziB6bVRltNvUis=recYU6ftP2i3DfAyt,337,,PT1583-골지단품박스_그레이_100-2,,신시어리,,,Package Parts,
SSU000338,,,판매가능,정승윤,정보 최초 입력,,,2023.5.30 4:56오후,2023.9.4 2:21오후,2023.5.30,2023.9.3,,,https://airtable.com/shr5t1qyPKytJvVBY?prefill_fldziB6bVRltNvUis=,338,정승윤,,,,,,,
SSU000339,,,판매가능,문경선,정보 최초 입력,,,2023.5.30 4:56오후,,2023.5.30,2026.9.3,,recqMA21WXuBLD5ns,https://airtable.com/shr5t1qyPKytJvVBY?prefill_fldziB6bVRltNvUis=,339,문경선,,,,,,,
SSU000340,,PT1603-실버팩_100-2,판매가능,정승윤,정보 최초 입력,"실버팩, 홀리데이 네임택","SLVP, HLDN",2023.5.30 4:56오후,,2023.5.30,2026.9.3,rec4QF8UEHsb733a6,rec4QF8UEHsb733a6,https://airtable.com/shr5t1qyPKytJvVBY?prefill_fldziB6bVRltNvUis=rec4QF8UEHsb733a6,340,정승윤,PT1603-실버팩_100-2,,신시어리,,,Package Parts,
SSU000341,,,판매가능,정승윤,정보 최초 입력,,,2023.5.30 4:56오후,2023.6.5 4:34오후,2023.5.30,2023.6.4,,,https://airtable.com/shr5t1qyPKytJvVBY?prefill_fldziB6bVRltNvUis=,341,정승윤,,,,,,,
SSU000342,,PT1617-클래시차량용방향제_블랙,판매가능,안다정,정보 최초 입력,클래시 차량용 방향제,CCAF,2023.5.30 4:56오후,2025.12.12 4:29오후,2023.5.30,2025.12.11,recZWKAHnfXpflW7B,,https://airtable.com/shr5t1qyPKytJvVBY?prefill_fldziB6bVRltNvUis=recZWKAHnfXpflW7B,342,안다정,PT1617-클래시차량용방향제_블랙,,신시어리,,,Product Parts,
SSU000343,,PT1618-클래시차량용방향제_로즈골드,판매가능,안다정,정보 최초 입력,클래시 차량용 방향제,CCAF,2023.5.30 4:56오후,2025.12.12 4:28오후,2023.5.30,2025.12.11,rec6WphOla5yTr00W,,https://airtable.com/shr5t1qyPKytJvVBY?prefill_fldziB6bVRltNvUis=rec6WphOla5yTr00W,343,안다정,PT1618-클래시차량용방향제_로즈골드,,협력사,,,Product Parts,
SSU000344,,PT1619-펠트패드_화이트,판매가능,안다정,정보 최초 입력,클래시 차량용 방향제,CCAF,2023.5.30 4:56오후,,2023.5.30,2026.9.3,recvqD437xRdKeiry,recvqD437xRdKeiry,https://airtable.com/shr5t1qyPKytJvVBY?prefill_fldziB6bVRltNvUis=recvqD437xRdKeiry,344,안다정,PT1619-펠트패드_화이트,,신시어리,,,Product Parts,
SSU000345,,PT1620-클래시프래그런스오일(10ml.에바다),판매가능,안다정,정보 최초 입력,클래시 차량용 방향제,CCAF,2023.5.30 4:56오후,,2023.5.30,2026.9.3,recOGNmFvAWcAVy6q,recOGNmFvAWcAVy6q,https://airtable.com/shr5t1qyPKytJvVBY?prefill_fldziB6bVRltNvUis=recOGNmFvAWcAVy6q,345,안다정,PT1620-클래시프래그런스오일(10ml.에바다),,협력사,,,Product Parts,
SSU000346,,PT1621-클래시프래그런스오일(10ml.클린코튼),판매가능,안다정,정보 최초 입력,클래시 차량용 방향제,CCAF,2023.5.30 4:56오후,,2023.5.30,2026.9.3,recuZTxjGOic6fuU3,recuZTxjGOic6fuU3,https://airtable.com/shr5t1qyPKytJvVBY?prefill_fldziB6bVRltNvUis=recuZTxjGOic6fuU3,346,안다정,PT1621-클래시프래그런스오일(10ml.클린코튼),,협력사,,,Product Parts,
SSU000347,,PT1622-클래시프래그런스오일(10ml.플라워가든),판매가능,안다정,정보 최초 입력,클래시 차량용 방향제,CCAF,2023.5.30 4:56오후,,2023.5.30,2026.9.3,rec4f763YNkALo8H7,rec4f763YNkALo8H7,https://airtable.com/shr5t1qyPKytJvVBY?prefill_fldziB6bVRltNvUis=rec4f763YNkALo8H7,347,안다정,PT1622-클래시프래그런스오일(10ml.플라워가든),,협력사,,,Product Parts,
SSU000348,,PT1623-클래시프래그런스오일(10ml.화이트머스크),판매가능,안다정,정보 최초 입력,클래시 차량용 방향제,CCAF,2023.5.30 4:56오후,,2023.5.30,2026.9.3,rec0KvxsWDuQMroXL,rec0KvxsWDuQMroXL,https://airtable.com/shr5t1qyPKytJvVBY?prefill_fldziB6bVRltNvUis=rec0KvxsWDuQMroXL,348,안다정,PT1623-클래시프래그런스오일(10ml.화이트머스크),,협력사,,,Product Parts,
SSU000349,,PT1624-클래시프래그런스오일(10ml.오가닉라벤더),판매가능,안다정,정보 최초 입력,클래시 차량용 방향제,CCAF,2023.5.30 4:56오후,,2023.5.30,2026.9.3,recAoyD6KxqQcvwE4,recAoyD6KxqQcvwE4,https://airtable.com/shr5t1qyPKytJvVBY?prefill_fldziB6bVRltNvUis=recAoyD6KxqQcvwE4,349,안다정,PT1624-클래시프래그런스오일(10ml.오가닉라벤더),,협력사,,,Product Parts,
SSU000350,,PT1625-클래시프래그런스오일(10ml.유칼립투스스파),판매가능,안다정,정보 최초 입력,클래시 차량용 방향제,CCAF,2023.5.30 4:56오후,,2023.5.30,2026.9.3,reca6EWynsHxanPp7,reca6EWynsHxanPp7,https://airtable.com/shr5t1qyPKytJvVBY?prefill_fldziB6bVRltNvUis=reca6EWynsHxanPp7,350,안다정,PT1625-클래시프래그런스오일(10ml.유칼립투스스파),,협력사,,,Product Parts,
SSU000351,,PT1627-클래시프래그런스오일(10ml.그린티),판매가능,안다정,정보 최초 입력,클래시 차량용 방향제,CCAF,2023.5.30 4:56오후,,2023.5.30,2026.9.3,recPnbVzhxIJZBayh,recPnbVzhxIJZBayh,https://airtable.com/shr5t1qyPKytJvVBY?prefill_fldziB6bVRltNvUis=recPnbVzhxIJZBayh,351,안다정,PT1627-클래시프래그런스오일(10ml.그린티),,협력사,,,Product Parts,
SSU000352,,PT1628-클래시프래그런스오일(10ml.모링가),판매가능,안다정,정보 최초 입력,클래시 차량용 방향제,CCAF,2023.5.30 4:56오후,,2023.5.30,2026.9.3,rec6ZqIPXzvjYARg1,rec6ZqIPXzvjYARg1,https://airtable.com/shr5t1qyPKytJvVBY?prefill_fldziB6bVRltNvUis=rec6ZqIPXzvjYARg1,352,안다정,PT1628-클래시프래그런스오일(10ml.모링가),,협력사,,,Product Parts,
SSU000353,,,판매가능,안다정,정보 최초 입력,,,2023.5.30 4:56오후,2023.7.19 12:14오후,2023.5.30,2023.7.18,,,https://airtable.com/shr5t1qyPKytJvVBY?prefill_fldziB6bVRltNvUis=,353,안다정,,,,,,,
SSU000354,,PT1630-스펀지패드_블랙_100-1,판매가능,,정보 최초 입력,클래시 차량용 방향제,CCAF,2023.5.30 4:56오후,,2023.5.30,2026.9.3,recepc9t0IRRncWtL,recepc9t0IRRncWtL,https://airtable.com/shr5t1qyPKytJvVBY?prefill_fldziB6bVRltNvUis=recepc9t0IRRncWtL,354,,PT1630-스펀지패드_블랙_100-1,,협력사,,,Package Parts,
SSU000355,,PT1649-클립아트펜(스탠다드)_마카롱민트,판매가능,,정보 최초 입력,클립 아트펜,CLIP,2023.5.30 4:56오후,,2023.5.30,2026.9.3,rec7eLacWA8M9ZOH9,rec7eLacWA8M9ZOH9,https://airtable.com/shr5t1qyPKytJvVBY?prefill_fldziB6bVRltNvUis=rec7eLacWA8M9ZOH9,355,,PT1649-클립아트펜(스탠다드)_마카롱민트,,협력사,,,Product Parts,
SSU000356,,PT1650-클립아트펜(네온)_바질,판매가능,,정보 최초 입력,클립 아트펜,CLIP,2023.5.30 4:56오후,2025.3.19 10:13오전,2023.5.30,2025.3.18,recuUbXwPawSf7fMj,,https://airtable.com/shr5t1qyPKytJvVBY?prefill_fldziB6bVRltNvUis=recuUbXwPawSf7fMj,356,,PT1650-클립아트펜(네온)_바질,,협력사,,,Product Parts,
SSU000357,,PT1652-클립아트펜(스탠다드)_캘리포니아오렌지,판매가능,,정보 최초 입력,클립 아트펜,CLIP,2023.5.30 4:56오후,,2023.5.30,2026.9.3,rec573c68m1Kwzaw7,rec573c68m1Kwzaw7,https://airtable.com/shr5t1qyPKytJvVBY?prefill_fldziB6bVRltNvUis=rec573c68m1Kwzaw7,357,,PT1652-클립아트펜(스탠다드)_캘리포니아오렌지,,협력사,,,Product Parts,
SSU000358,,PT1653-클립아트펜(스탠다드)_러버덕옐로우,판매가능,,정보 최초 입력,클립 아트펜,CLIP,2023.5.30 4:56오후,,2023.5.30,2026.9.3,recxnRyhfxcyqerCn,recxnRyhfxcyqerCn,https://airtable.com/shr5t1qyPKytJvVBY?prefill_fldziB6bVRltNvUis=recxnRyhfxcyqerCn,358,,PT1653-클립아트펜(스탠다드)_러버덕옐로우,,협력사,,,Product Parts,
SSU000359,,PT1658-클립아트펜(스탠다드)_유니콘블루,판매가능,,정보 최초 입력,클립 아트펜,CLIP,2023.5.30 4:56오후,,2023.5.30,2026.9.3,recZCiR0tpR4gt1Bt,recZCiR0tpR4gt1Bt,https://airtable.com/shr5t1qyPKytJvVBY?prefill_fldziB6bVRltNvUis=recZCiR0tpR4gt1Bt,359,,PT1658-클립아트펜(스탠다드)_유니콘블루,,협력사,,,Product Parts,
SSU000360,,PT1659-클립아트펜(스탠다드)_소다블루,판매가능,,정보 최초 입력,클립 아트펜,CLIP,2023.5.30 4:56오후,,2023.5.30,2026.9.3,recbKFJ5MGc9nMzN5,recbKFJ5MGc9nMzN5,https://airtable.com/shr5t1qyPKytJvVBY?prefill_fldziB6bVRltNvUis=recbKFJ5MGc9nMzN5,360,,PT1659-클립아트펜(스탠다드)_소다블루,,협력사,,,Product Parts,
SSU000361,,PT1662-클립아트펜(스탠다드)_피스타치오그린,판매가능,,정보 최초 입력,클립 아트펜,CLIP,2023.5.30 4:56오후,,2023.5.30,2026.9.3,rec9sTFKImwPQC3oo,rec9sTFKImwPQC3oo,https://airtable.com/shr5t1qyPKytJvVBY?prefill_fldziB6bVRltNvUis=rec9sTFKImwPQC3oo,361,,PT1662-클립아트펜(스탠다드)_피스타치오그린,,협력사,,,Product Parts,
SSU000362,,PT1663-클립아트펜(스탠다드)_몬스터블루,판매가능,,정보 최초 입력,클립 아트펜,CLIP,2023.5.30 4:56오후,,2023.5.30,2026.9.3,recKCGRGoL27vuR37,recKCGRGoL27vuR37,https://airtable.com/shr5t1qyPKytJvVBY?prefill_fldziB6bVRltNvUis=recKCGRGoL27vuR37,362,,PT1663-클립아트펜(스탠다드)_몬스터블루,,협력사,,,Product Parts,
SSU000363,,PT1664-클립아트펜(네온)_시트러스,판매가능,,정보 최초 입력,클립 아트펜,CLIP,2023.5.30 4:56오후,2025.3.18 5:57오후,2023.5.30,2025.3.17,recj6GOxCSOJeAzUD,,https://airtable.com/shr5t1qyPKytJvVBY?prefill_fldziB6bVRltNvUis=recj6GOxCSOJeAzUD,363,,PT1664-클립아트펜(네온)_시트러스,,협력사,,,Product Parts,
SSU000364,,PT1666-클립아트펜(스탠다드)_스노우화이트,판매가능,,정보 최초 입력,클립 아트펜,CLIP,2023.5.30 4:56오후,,2023.5.30,2026.9.3,recBKQc9YCk9HOteF,recBKQc9YCk9HOteF,https://airtable.com/shr5t1qyPKytJvVBY?prefill_fldziB6bVRltNvUis=recBKQc9YCk9HOteF,364,,PT1666-클립아트펜(스탠다드)_스노우화이트,,협력사,,,Product Parts,
SSU000365,,PT1667-클립아트펜(네온)_레몬,판매가능,,정보 최초 입력,클립 아트펜,CLIP,2023.5.30 4:56오후,,2023.5.30,2026.9.3,reciZxW5b2qmyYMgB,reciZxW5b2qmyYMgB,https://airtable.com/shr5t1qyPKytJvVBY?prefill_fldziB6bVRltNvUis=reciZxW5b2qmyYMgB,365,,PT1667-클립아트펜(네온)_레몬,,협력사,,,Product Parts,
SSU000366,,PT1670-클립아트펜(스탠다드)_케챱레드,판매가능,,정보 최초 입력,클립 아트펜,CLIP,2023.5.30 4:56오후,,2023.5.30,2026.9.3,recnef5QFCjoVVXAH,recnef5QFCjoVVXAH,https://airtable.com/shr5t1qyPKytJvVBY?prefill_fldziB6bVRltNvUis=recnef5QFCjoVVXAH,366,,PT1670-클립아트펜(스탠다드)_케챱레드,,협력사,,,Product Parts,
SSU000367,,PT1672-클립아트펜(스탠다드)_살몬핑크,판매가능,,정보 최초 입력,클립 아트펜,CLIP,2023.5.30 4:56오후,,2023.5.30,2026.9.3,reciEQ0K1axMW8xWj,reciEQ0K1axMW8xWj,https://airtable.com/shr5t1qyPKytJvVBY?prefill_fldziB6bVRltNvUis=reciEQ0K1axMW8xWj,367,,PT1672-클립아트펜(스탠다드)_살몬핑크,,협력사,,,Product Parts,
SSU000368,,,판매가능,문경선,정보 최초 입력,,,2023.5.30 4:56오후,,2023.5.30,2026.9.3,,recslnJKMVoJn1kVB,https://airtable.com/shr5t1qyPKytJvVBY?prefill_fldziB6bVRltNvUis=,368,문경선,,,,,,,
SSU000369,,,판매가능,김민지,정보 최초 입력,,,2023.5.30 4:56오후,,2023.5.30,2026.9.3,,recRP1zD08ThwPo7e,https://airtable.com/shr5t1qyPKytJvVBY?prefill_fldziB6bVRltNvUis=,369,김민지,,,,,,,
SSU000370,,,판매가능,정승윤,정보 최초 입력,,,2023.5.30 4:56오후,,2023.5.30,2026.9.3,,rec5NhEyqtOLHVXt9,https://airtable.com/shr5t1qyPKytJvVBY?prefill_fldziB6bVRltNvUis=,370,정승윤,,,,,,,
SSU000371,,PT1682-트래블링차량용소화기_레드,판매가능,,정보 최초 입력,세이프라이프 차량용소화기,TCFE,2023.5.30 4:56오후,2024.11.7 2:28오후,2023.5.30,2024.11.6,rec2yPU6XZzsdEmAk,,https://airtable.com/shr5t1qyPKytJvVBY?prefill_fldziB6bVRltNvUis=rec2yPU6XZzsdEmAk,371,,PT1682-트래블링차량용소화기_레드,,협력사,,,Product Parts,
SSU000372,,PT1684-트래블링차량용소화기_화이트,판매가능,,정보 최초 입력,세이프라이프 차량용소화기,TCFE,2023.5.30 4:56오후,2024.11.7 2:29오후,2023.5.30,2024.11.6,recyxlo5j0Qk6me4O,,https://airtable.com/shr5t1qyPKytJvVBY?prefill_fldziB6bVRltNvUis=recyxlo5j0Qk6me4O,372,,PT1684-트래블링차량용소화기_화이트,,협력사,,,Product Parts,
SSU000373,,PT1685-트래블링차량용소화기_블랙,판매가능,,정보 최초 입력,세이프라이프 차량용소화기,TCFE,2023.5.30 4:56오후,2024.11.7 2:29오후,2023.5.30,2024.11.6,rectpbAuPPfet38Oo,,https://airtable.com/shr5t1qyPKytJvVBY?prefill_fldziB6bVRltNvUis=rectpbAuPPfet38Oo,373,,PT1685-트래블링차량용소화기_블랙,,협력사,,,Product Parts,
SSU000374,,,판매가능,안다정,정보 최초 입력,,,2023.5.30 4:56오후,,2023.5.30,2026.9.3,,reckq2DvgsuWI9LQZ,https://airtable.com/shr5t1qyPKytJvVBY?prefill_fldziB6bVRltNvUis=,374,안다정,,,,,,,
SSU000375,,,판매가능,안다정,정보 최초 입력,,,2023.5.30 4:56오후,2024.8.12 2:12오후,2023.5.30,2024.8.11,,,https://airtable.com/shr5t1qyPKytJvVBY?prefill_fldziB6bVRltNvUis=,375,안다정,,,,,,,
SSU000376,,PT1695-헤링본끈_아이보리_000-1,판매가능,정승윤,정보 최초 입력,퍼 블랭킷,FUBL,2023.5.30 4:56오후,,2023.5.30,2026.9.3,rec6paLA9E9qdhCEW,rec6paLA9E9qdhCEW,https://airtable.com/shr5t1qyPKytJvVBY?prefill_fldziB6bVRltNvUis=rec6paLA9E9qdhCEW,376,정승윤,PT1695-헤링본끈_아이보리_000-1,,신시어리,,,Package Parts,
SSU000377,,,판매가능,,정보 최초 입력,,,2023.5.30 4:56오후,,2023.5.30,2026.9.3,,recuZZS63mmv3THPR,https://airtable.com/shr5t1qyPKytJvVBY?prefill_fldziB6bVRltNvUis=,377,,,,,,,,
SSU000378,,,판매가능,김민지,정보 최초 입력,,,2023.5.30 4:56오후,,2023.5.30,2026.9.3,,rec8gACcVXvkS4J9v,https://airtable.com/shr5t1qyPKytJvVBY?prefill_fldziB6bVRltNvUis=,378,김민지,,,,,,,
SSU000379,,,판매가능,정승윤,정보 최초 입력,,,2023.5.30 4:56오후,,2023.5.30,2026.9.3,,recBAqaWwuBBnzBOR,https://airtable.com/shr5t1qyPKytJvVBY?prefill_fldziB6bVRltNvUis=,379,정승윤,,,,,,,
SSU000380,,PT1718-샤쉐향(골든뱀부),판매가능,정승윤,정보 최초 입력,"페이퍼 샤쉐, 프리미엄 린넨샤쉐","PSCH, LSCH",2023.5.30 4:56오후,2026.3.23 5:05오후,2023.5.30,2026.3.22,recA3YRxFnNX7LRDL,,https://airtable.com/shr5t1qyPKytJvVBY?prefill_fldziB6bVRltNvUis=recA3YRxFnNX7LRDL,380,정승윤,PT1718-샤쉐향(골든뱀부),,신시어리,,,Product Parts,
SSU000381,,PT1719-미스트페이퍼봉투_반투명_100-1,판매가능,,정보 최초 입력,"페이퍼 샤쉐, 프리미엄 린넨샤쉐","PSCH, LSCH",2023.5.30 4:56오후,,2023.5.30,2026.9.3,recF3895kHMIjXFm1,recF3895kHMIjXFm1,https://airtable.com/shr5t1qyPKytJvVBY?prefill_fldziB6bVRltNvUis=recF3895kHMIjXFm1,381,,PT1719-미스트페이퍼봉투_반투명_100-1,,신시어리,,,Package Parts,
SSU000382,,PT1729-펠트스트링파우치(커스텀인쇄)_그레이_200-1,판매가능,정승윤,정보 최초 입력,"포시즌 블랭킷, 메시지 캐리어 파우치","FSBL, MSGC",2023.5.30 4:56오후,2026.7.22 1:58오후,2023.5.30,2026.7.21,rec1yRS1A3GPPmhtp,,https://airtable.com/shr5t1qyPKytJvVBY?prefill_fldziB6bVRltNvUis=rec1yRS1A3GPPmhtp,382,정승윤,PT1729-펠트스트링파우치(커스텀인쇄)_그레이_200-1,,신시어리,,,Package Parts,
SSU000383,,PT1730-단품박스(전용)_화이트_100-6,판매가능,,정보 최초 입력,폴더블 텀블러,FOLC,2023.5.30 4:56오후,,2023.5.30,2026.9.3,recDvvP8qTJELzBNh,recDvvP8qTJELzBNh,https://airtable.com/shr5t1qyPKytJvVBY?prefill_fldziB6bVRltNvUis=recDvvP8qTJELzBNh,383,,PT1730-단품박스(전용)_화이트_100-6,,신시어리,,,Package Parts,
SSU000384,,PT1731-폴더블텀블러_스틸블루,판매가능,김민지,정보 최초 입력,폴더블 텀블러,FOLC,2023.5.30 4:56오후,2026.7.6 11:23오전,2023.5.30,2026.7.5,recISvKAO9utGoHWk,,https://airtable.com/shr5t1qyPKytJvVBY?prefill_fldziB6bVRltNvUis=recISvKAO9utGoHWk,384,김민지,PT1731-폴더블텀블러_스틸블루,,협력사,,,Product Parts,
SSU000385,,PT1733-무광스트링파우치(커스텀인쇄)_반투명_100-1,판매가능,정승윤,정보 최초 입력,폴더블 텀블러,FOLC,2023.5.30 4:56오후,,2023.5.30,2026.9.3,recBl79l6M2oxHruh,recBl79l6M2oxHruh,https://airtable.com/shr5t1qyPKytJvVBY?prefill_fldziB6bVRltNvUis=recBl79l6M2oxHruh,385,정승윤,PT1733-무광스트링파우치(커스텀인쇄)_반투명_100-1,,신시어리,,,Package Parts,
SSU000386,,PT1734-폴더블텀블러_캐시미어그레이,판매가능,김민지,정보 최초 입력,폴더블 텀블러,FOLC,2023.5.30 4:56오후,,2023.5.30,2026.9.3,rec5BL2M3nl4wqxW5,rec5BL2M3nl4wqxW5,https://airtable.com/shr5t1qyPKytJvVBY?prefill_fldziB6bVRltNvUis=rec5BL2M3nl4wqxW5,386,김민지,PT1734-폴더블텀블러_캐시미어그레이,,협력사,,,Product Parts,
SSU000387,,,제품 철수(졸업),김민지,정보 최초 입력,,,2023.5.30 4:56오후,,2023.5.30,2026.9.3,,recS1EBXCJjpxxQ6D,https://airtable.com/shr5t1qyPKytJvVBY?prefill_fldziB6bVRltNvUis=,387,김민지,,,,,,,
SSU000388,,PT1736-폴더블텀블러_잉크블랙,판매가능,김민지,정보 최초 입력,폴더블 텀블러,FOLC,2023.5.30 4:56오후,,2023.5.30,2026.9.3,recDlmEhpDSE7g7gQ,recDlmEhpDSE7g7gQ,https://airtable.com/shr5t1qyPKytJvVBY?prefill_fldziB6bVRltNvUis=recDlmEhpDSE7g7gQ,388,김민지,PT1736-폴더블텀블러_잉크블랙,,협력사,,,Product Parts,
SSU000389,,PT1739-폴더블텀블러_쿼츠화이트,판매가능,김민지,정보 최초 입력,폴더블 텀블러,FOLC,2023.5.30 4:56오후,,2023.5.30,2026.9.3,reckdQqhG1UQwTErg,reckdQqhG1UQwTErg,https://airtable.com/shr5t1qyPKytJvVBY?prefill_fldziB6bVRltNvUis=reckdQqhG1UQwTErg,389,김민지,PT1739-폴더블텀블러_쿼츠화이트,,협력사,,,Product Parts,
SSU000390,,,제품 철수(졸업),김민지,정보 최초 입력,,,2023.5.30 4:56오후,,2023.5.30,2026.9.3,,recHeLsYWKpqoyX39,https://airtable.com/shr5t1qyPKytJvVBY?prefill_fldziB6bVRltNvUis=,390,김민지,,,,,,,
SSU000391,,,판매가능,,정보 최초 입력,,,2023.5.30 4:56오후,,2023.5.30,2026.9.3,,recFiS0sEB0a2LOZX,https://airtable.com/shr5t1qyPKytJvVBY?prefill_fldziB6bVRltNvUis=,391,,,,,,,,
SSU000392,,PT1752-프라우드투톤명함지갑_컬러,판매가능,김민지,정보 최초 입력,프라우드 투톤 명함지갑,TWTO,2023.5.30 4:56오후,,2023.5.30,2026.9.3,recFQLmvDttTfv2qV,recFQLmvDttTfv2qV,https://airtable.com/shr5t1qyPKytJvVBY?prefill_fldziB6bVRltNvUis=recFQLmvDttTfv2qV,392,김민지,PT1752-프라우드투톤명함지갑_컬러,,생산,,,Product Parts,
SSU000393,,PT1753-프라우드투톤명함지갑_블랙,판매가능,김민지,정보 최초 입력,프라우드 투톤 명함지갑,TWTO,2023.5.30 4:56오후,2024.1.8 9:46오전,2023.5.30,2024.1.7,rec0X6iDXVBr6htf7,,https://airtable.com/shr5t1qyPKytJvVBY?prefill_fldziB6bVRltNvUis=rec0X6iDXVBr6htf7,393,김민지,PT1753-프라우드투톤명함지갑_블랙,,신시어리,,,Product Parts,
SSU000394,,,판매가능,,정보 최초 입력,,,2023.5.30 4:56오후,,2023.5.30,2026.9.3,,recOY9bVaPbQolu7m,https://airtable.com/shr5t1qyPKytJvVBY?prefill_fldziB6bVRltNvUis=,394,,,,,,,,
SSU000395,,PT1779-골프공(타이틀리스트프로V1),판매가능,김민정,정보 최초 입력,"프레젠트 골프공 3구, 에디션 골프공 & 볼마커 6구 세트","PSGB, EDGB",2023.5.30 4:56오후,2025.2.17 4:49오후,2023.5.30,2025.2.16,recxX7s4YC82Xb4xc,,https://airtable.com/shr5t1qyPKytJvVBY?prefill_fldziB6bVRltNvUis=recxX7s4YC82Xb4xc,395,김민정,PT1779-골프공(타이틀리스트프로V1),,신시어리,,,Product Parts,
SSU000396,,PT1780-쇼핑백_화이트_200-3,판매가능,정승윤,정보 최초 입력,"프레젠트 골프공 3구, 클래시 차량용 방향제, 에디션 골프공 & 볼마커 6구 세트","PSGB, CCAF, EDGB",2023.5.30 4:56오후,,2023.5.30,2026.9.3,rec1cWs4EqdjCuVz2,rec1cWs4EqdjCuVz2,https://airtable.com/shr5t1qyPKytJvVBY?prefill_fldziB6bVRltNvUis=rec1cWs4EqdjCuVz2,396,정승윤,PT1780-쇼핑백_화이트_200-3,,신시어리,,,Package Parts,
SSU000397,,,판매가능,,정보 최초 입력,,,2023.5.30 4:56오후,,2023.5.30,2026.9.3,,recSgmxLNPxYA444e,https://airtable.com/shr5t1qyPKytJvVBY?prefill_fldziB6bVRltNvUis=,397,,,,,,,,
SSU000398,,,판매가능,,정보 최초 입력,,,2023.5.30 4:56오후,,2023.5.30,2026.9.3,,recco5Wt8ep3PeczW,https://airtable.com/shr5t1qyPKytJvVBY?prefill_fldziB6bVRltNvUis=,398,,,,,,,,
SSU000399,,PT1787-오픈박스(스탠다드)(Small)_블랙_100-4,판매가능,,정보 최초 입력,"Open 페이퍼박스, 주차번호판 피규어세트, 팝업스토어 피규어 세트, 디스플레이 피규어 세트, 카드트레이 피규어 세트, 브릭 메모&캘린더 스탠드2.0, 펜홀더 피규어 세트, 마이오피스 피규어 세트, 플라워 피규어 방향제","OPPB, FGPS, MSFG, DPFG, CTPS, BMVS, BRPH",2023.5.30 4:56오후,,2023.5.30,2026.9.3,rec9SMTtqOjIAVWDt,rec9SMTtqOjIAVWDt,https://airtable.com/shr5t1qyPKytJvVBY?prefill_fldziB6bVRltNvUis=rec9SMTtqOjIAVWDt,399,,PT1787-오픈박스(스탠다드)(Small)_블랙_100-4,,신시어리,,,Package Parts,
SSU000400,,PT1792-프리미엄린넨샤쉐_화이트,판매가능,안다정,정보 최초 입력,프리미엄 린넨샤쉐,LSCH,2023.5.30 4:56오후,,2023.5.30,2026.9.3,rec5AusN3hhHdQ0PQ,rec5AusN3hhHdQ0PQ,https://airtable.com/shr5t1qyPKytJvVBY?prefill_fldziB6bVRltNvUis=rec5AusN3hhHdQ0PQ,400,안다정,PT1792-프리미엄린넨샤쉐_화이트,,생산,,,Product Parts,
SSU000401,,PT1793-프리미엄린넨샤쉐_다크그레이,판매가능,안다정,정보 최초 입력,프리미엄 린넨샤쉐,LSCH,2023.5.30 4:56오후,,2023.5.30,2026.9.3,rec457qUFzF123m4e,rec457qUFzF123m4e,https://airtable.com/shr5t1qyPKytJvVBY?prefill_fldziB6bVRltNvUis=rec457qUFzF123m4e,401,안다정,PT1793-프리미엄린넨샤쉐_다크그레이,,생산,,,Product Parts,
SSU000402,,PT1799-샤쉐향(데이지),판매가능,정승윤,정보 최초 입력,"프리미엄 린넨샤쉐, 페이퍼 샤쉐","LSCH, PSCH",2023.5.30 4:56오후,2024.2.28 11:41오전,2023.5.30,2024.2.27,recilwU3CC7lH8EH9,,https://airtable.com/shr5t1qyPKytJvVBY?prefill_fldziB6bVRltNvUis=recilwU3CC7lH8EH9,402,정승윤,PT1799-샤쉐향(데이지),,생산,,,Product Parts,
SSU000403,,PT1800-샤쉐향(화이트타임/구화이트티앤타임),판매가능,정승윤,정보 최초 입력,"페이퍼 샤쉐, 프리미엄 린넨샤쉐","PSCH, LSCH",2023.5.30 4:56오후,2025.12.11 3:50오후,2023.5.30,2025.12.10,reclcMHTVrO7WI07M,,https://airtable.com/shr5t1qyPKytJvVBY?prefill_fldziB6bVRltNvUis=reclcMHTVrO7WI07M,403,정승윤,PT1800-샤쉐향(화이트타임/구화이트티앤타임),,신시어리,,,Product Parts,
SSU000404,,PT1801-샤쉐향(센트티오/구.투스칸오렌지),판매가능,정승윤,정보 최초 입력,"페이퍼 샤쉐, 프리미엄 린넨샤쉐","PSCH, LSCH",2023.5.30 4:56오후,2024.2.28 11:39오전,2023.5.30,2024.2.27,rec9FU4o8Hl7bOenW,,https://airtable.com/shr5t1qyPKytJvVBY?prefill_fldziB6bVRltNvUis=rec9FU4o8Hl7bOenW,404,정승윤,PT1801-샤쉐향(센트티오/구.투스칸오렌지),,생산,,,Product Parts,
SSU000405,,PT1802-헤링본끈_화이트,판매가능,정승윤,정보 최초 입력,"프리미엄 린넨샤쉐, 페이퍼 샤쉐","LSCH, PSCH",2023.5.30 4:56오후,,2023.5.30,2026.9.3,recc0VI1RK5RnqUWN,recc0VI1RK5RnqUWN,https://airtable.com/shr5t1qyPKytJvVBY?prefill_fldziB6bVRltNvUis=recc0VI1RK5RnqUWN,405,정승윤,PT1802-헤링본끈_화이트,,신시어리,,,Product Parts,
SSU000406,,PT1803-샤쉐향(아쿠아/구.워터풀),판매가능,정승윤,정보 최초 입력,"페이퍼 샤쉐, 프리미엄 린넨샤쉐","PSCH, LSCH",2023.5.30 4:56오후,2024.2.28 11:41오전,2023.5.30,2024.2.27,recF0ileyKrMIuUAa,,https://airtable.com/shr5t1qyPKytJvVBY?prefill_fldziB6bVRltNvUis=recF0ileyKrMIuUAa,406,정승윤,PT1803-샤쉐향(아쿠아/구.워터풀),,신시어리,,,Product Parts,
SSU000407,,,판매가능,안다정,정보 최초 입력,,,2023.5.30 4:56오후,,2023.5.30,2026.9.3,,recVjilbu6d4HamQt,https://airtable.com/shr5t1qyPKytJvVBY?prefill_fldziB6bVRltNvUis=,407,안다정,,,,,,,
SSU000408,,,판매가능,안다정,정보 최초 입력,,,2023.5.30 4:56오후,2026.6.4 4:48오후,2023.5.30,2026.6.3,,,https://airtable.com/shr5t1qyPKytJvVBY?prefill_fldziB6bVRltNvUis=,408,안다정,,,,,,,
SSU000409,,,판매가능,안다정,정보 최초 입력,,,2023.5.30 4:56오후,2026.6.4 4:48오후,2023.5.30,2026.6.3,,,https://airtable.com/shr5t1qyPKytJvVBY?prefill_fldziB6bVRltNvUis=,409,안다정,,,,,,,
SSU000410,,,판매가능,안다정,정보 최초 입력,,,2023.5.30 4:56오후,2026.6.4 4:47오후,2023.5.30,2026.6.3,,,https://airtable.com/shr5t1qyPKytJvVBY?prefill_fldziB6bVRltNvUis=,410,안다정,,,,,,,
SSU000411,,,판매가능,김민정,정보 최초 입력,,,2023.5.30 4:56오후,,2023.5.30,2026.9.3,,recFF7Jxwg053kxw8,https://airtable.com/shr5t1qyPKytJvVBY?prefill_fldziB6bVRltNvUis=,411,김민정,,,,,,,
SSU000412,,,판매가능,김민정,정보 최초 입력,,,2023.5.30 4:56오후,,2023.5.30,2026.9.3,,recqR80C9Cb14TyGQ,https://airtable.com/shr5t1qyPKytJvVBY?prefill_fldziB6bVRltNvUis=,412,김민정,,,,,,,
SSU000413,,,의도적 품절,김민지,정보 최초 입력,,,2023.5.30 4:56오후,,2023.5.30,2026.9.3,,recYBXhlNcsFIagh0,https://airtable.com/shr5t1qyPKytJvVBY?prefill_fldziB6bVRltNvUis=,413,김민지,,,,,,,
SSU000414,,,의도적 품절,김민지,정보 최초 입력,,,2023.5.30 4:56오후,,2023.5.30,2026.9.3,,recJRjNUissGKRxqC,https://airtable.com/shr5t1qyPKytJvVBY?prefill_fldziB6bVRltNvUis=,414,김민지,,,,,,,
SSU000415,,,판매가능,김민정,정보 최초 입력,,,2023.5.30 4:56오후,2023.7.20 10:37오전,2023.5.30,2023.7.19,,,https://airtable.com/shr5t1qyPKytJvVBY?prefill_fldziB6bVRltNvUis=,415,김민정,,,,,,,
SSU000416,,,의도적 품절,김민지,정보 최초 입력,,,2023.5.30 4:56오후,,2023.5.30,2026.9.3,,rec0hCU0CxaLI40Fi,https://airtable.com/shr5t1qyPKytJvVBY?prefill_fldziB6bVRltNvUis=,416,김민지,,,,,,,
SSU000417,,,판매가능,김민지,정보 최초 입력,,,2023.5.30 4:56오후,2023.7.6 10:54오전,2023.5.30,2023.7.5,,,https://airtable.com/shr5t1qyPKytJvVBY?prefill_fldziB6bVRltNvUis=,417,김민지,,,,,,,
SSU000418,,,의도적 품절,김민지,정보 최초 입력,,,2023.5.30 4:56오후,,2023.5.30,2026.9.3,,recmYPHTXcQWfsk8s,https://airtable.com/shr5t1qyPKytJvVBY?prefill_fldziB6bVRltNvUis=,418,김민지,,,,,,,
SSU000419,,,판매가능,,정보 최초 입력,,,2023.5.30 4:56오후,,2023.5.30,2026.9.3,,recCuZxVuabGeDdoK,https://airtable.com/shr5t1qyPKytJvVBY?prefill_fldziB6bVRltNvUis=,419,,,,,,,,
SSU000420,,,판매가능,김민정,정보 최초 입력,,,2023.5.30 4:56오후,2023.7.5 3:07오후,2023.5.30,2023.7.4,,,https://airtable.com/shr5t1qyPKytJvVBY?prefill_fldziB6bVRltNvUis=,420,김민정,,,,,,,
SSU000421,,,일시품절,김민지,정보 최초 입력,,,2023.5.30 4:56오후,2023.6.5 5:02오후,2023.5.30,2023.6.4,,,https://airtable.com/shr5t1qyPKytJvVBY?prefill_fldziB6bVRltNvUis=,421,김민지,,,,,,,
SSU000422,,,판매가능,,정보 최초 입력,,,2023.5.30 4:56오후,,2023.5.30,2026.9.3,,recG2gTgB3tFB6Ypj,https://airtable.com/shr5t1qyPKytJvVBY?prefill_fldziB6bVRltNvUis=,422,,,,,,,,
SSU000423,,,판매가능,김민지,정보 최초 입력,,,2023.5.30 4:56오후,2024.2.5 3:52오후,2023.5.30,2024.2.4,,,https://airtable.com/shr5t1qyPKytJvVBY?prefill_fldziB6bVRltNvUis=,423,김민지,,,,,,,
SSU000424,,,판매가능,정승윤,정보 최초 입력,,,2023.5.30 4:56오후,,2023.5.30,2026.9.3,,rec3Uwc8CcxyP77ry,https://airtable.com/shr5t1qyPKytJvVBY?prefill_fldziB6bVRltNvUis=,424,정승윤,,,,,,,
SSU000425,,,판매가능,정승윤,정보 최초 입력,,,2023.5.30 4:56오후,,2023.5.30,2026.9.3,,recDG4WGDOgMJjLk6,https://airtable.com/shr5t1qyPKytJvVBY?prefill_fldziB6bVRltNvUis=,425,정승윤,,,,,,,
SSU000426,,,판매가능,정승윤,정보 최초 입력,,,2023.5.30 4:56오후,2023.10.20 11:56오전,2023.5.30,2023.10.19,,,https://airtable.com/shr5t1qyPKytJvVBY?prefill_fldziB6bVRltNvUis=,426,정승윤,,,,,,,
SSU000427,,,판매가능,정승윤,정보 최초 입력,,,2023.5.30 4:56오후,,2023.5.30,2026.9.3,,recokxms8XdzeIF7J,https://airtable.com/shr5t1qyPKytJvVBY?prefill_fldziB6bVRltNvUis=,427,정승윤,,,,,,,
SSU000428,,,판매가능,윤지수,정보 최초 입력,,,2023.5.30 4:56오후,,2023.5.30,2026.9.3,,recJoajs1jo6THGZu,https://airtable.com/shr5t1qyPKytJvVBY?prefill_fldziB6bVRltNvUis=,428,윤지수,,,,,,,
SSU000429,,,판매가능,윤지수,정보 최초 입력,,,2023.5.30 4:56오후,,2023.5.30,2026.9.3,,recXztE6g7V9hTui1,https://airtable.com/shr5t1qyPKytJvVBY?prefill_fldziB6bVRltNvUis=,429,윤지수,,,,,,,
SSU000430,,PT2056-데스크테리어매트(기본형),판매가능,안다정,정보 최초 입력,데스크테리어 매트,DSKT,2023.5.30 4:56오후,,2023.5.30,2026.9.3,recXZjIjMLT2q3Anw,recXZjIjMLT2q3Anw,https://airtable.com/shr5t1qyPKytJvVBY?prefill_fldziB6bVRltNvUis=recXZjIjMLT2q3Anw,430,안다정,PT2056-데스크테리어매트(기본형),,생산,,,Product Parts,
SSU000431,,PT2057-데스크테리어매트(대형),판매가능,안다정,정보 최초 입력,데스크테리어 매트,DSKT,2023.5.30 4:56오후,,2023.5.30,2026.9.3,rec6E1UZPr88HuB1X,rec6E1UZPr88HuB1X,https://airtable.com/shr5t1qyPKytJvVBY?prefill_fldziB6bVRltNvUis=rec6E1UZPr88HuB1X,431,안다정,PT2057-데스크테리어매트(대형),,생산,,,Product Parts,
SSU000432,,PT2077-클리어리유저블컵_바디(473ml)_투명,판매가능,,정보 최초 입력,클리어 리유저블컵,CLRU,2023.5.30 4:56오후,,2023.5.30,2026.9.3,recxHNuxxMq9fuViV,recxHNuxxMq9fuViV,https://airtable.com/shr5t1qyPKytJvVBY?prefill_fldziB6bVRltNvUis=recxHNuxxMq9fuViV,432,,PT2077-클리어리유저블컵_바디(473ml)_투명,,신시어리,,,Product Parts,
SSU000433,,PT2078-클리어리유저블컵_리드(스트로우리드)_화이트,판매가능,,정보 최초 입력,클리어 리유저블컵,CLRU,2023.5.30 4:56오후,,2023.5.30,2026.9.3,reccKn3OPJkz38wpa,reccKn3OPJkz38wpa,https://airtable.com/shr5t1qyPKytJvVBY?prefill_fldziB6bVRltNvUis=reccKn3OPJkz38wpa,433,,PT2078-클리어리유저블컵_리드(스트로우리드)_화이트,,신시어리,,,Product Parts,
SSU000434,,PT2079-클리어리유저블컵_리드(스탠다드리드)_화이트,판매가능,,정보 최초 입력,클리어 리유저블컵,CLRU,2023.5.30 4:56오후,,2023.5.30,2026.9.3,recfyFUvrguTcBjnk,recfyFUvrguTcBjnk,https://airtable.com/shr5t1qyPKytJvVBY?prefill_fldziB6bVRltNvUis=recfyFUvrguTcBjnk,434,,PT2079-클리어리유저블컵_리드(스탠다드리드)_화이트,,신시어리,,,Product Parts,
SSU000435,,PT2080-트라이탄빨대_투명,판매가능,,정보 최초 입력,클리어 리유저블컵,CLRU,2023.5.30 4:56오후,,2023.5.30,2026.9.3,recf0zPLM8OWRiypI,recf0zPLM8OWRiypI,https://airtable.com/shr5t1qyPKytJvVBY?prefill_fldziB6bVRltNvUis=recf0zPLM8OWRiypI,435,,PT2080-트라이탄빨대_투명,,신시어리,,,Product Parts,
SSU000436,,,판매가능,,정보 최초 입력,,,2023.5.30 4:56오후,2023.9.4 1:56오후,2023.5.30,2023.9.3,,,https://airtable.com/shr5t1qyPKytJvVBY?prefill_fldziB6bVRltNvUis=,436,,,,,,,,
SSU000437,,,판매가능,,정보 최초 입력,,,2023.5.30 4:56오후,2023.9.4 1:56오후,2023.5.30,2023.9.3,,,https://airtable.com/shr5t1qyPKytJvVBY?prefill_fldziB6bVRltNvUis=,437,,,,,,,,
SSU000438,,,판매가능,김민정,정보 최초 입력,,,2023.5.30 4:56오후,2023.9.4 1:57오후,2023.5.30,2023.9.3,,,https://airtable.com/shr5t1qyPKytJvVBY?prefill_fldziB6bVRltNvUis=,438,김민정,,,,,,,
SSU000439,,,판매가능,,정보 최초 입력,,,2023.5.30 4:56오후,,2023.5.30,2026.9.3,,recEE3as15GocIkYe,https://airtable.com/shr5t1qyPKytJvVBY?prefill_fldziB6bVRltNvUis=,439,,,,,,,,
SSU000440,,,판매가능,정승윤,정보 최초 입력,,,2023.5.30 4:56오후,2023.6.12 6:31오후,2023.5.30,2023.6.11,,,https://airtable.com/shr5t1qyPKytJvVBY?prefill_fldziB6bVRltNvUis=,440,정승윤,,,,,,,
SSU000441,,,판매가능,정승윤,정보 최초 입력,,,2023.5.30 4:56오후,,2023.5.30,2026.9.3,,rec9K4q8wRGyTLhpI,https://airtable.com/shr5t1qyPKytJvVBY?prefill_fldziB6bVRltNvUis=,441,정승윤,,,,,,,
SSU000442,,PT2106-단품박스(스탠다드)_웜그레이_000-27,판매가능,,정보 최초 입력,클리어 리유저블컵,CLRU,2023.5.30 4:56오후,,2023.5.30,2026.9.3,recLQRXCCHVgTOVgh,recLQRXCCHVgTOVgh,https://airtable.com/shr5t1qyPKytJvVBY?prefill_fldziB6bVRltNvUis=recLQRXCCHVgTOVgh,442,,PT2106-단품박스(스탠다드)_웜그레이_000-27,,신시어리,,,Package Parts,
SSU000443,,,판매가능,정승윤,정보 최초 입력,,,2023.5.30 4:56오후,,2023.5.30,2026.9.3,,recZo5TVKWgZqrJDR,https://airtable.com/shr5t1qyPKytJvVBY?prefill_fldziB6bVRltNvUis=,443,정승윤,,,,,,,
SSU000444,,PT2117-생분해펄프화분(전용)_브라운,판매가능,김민정,정보 최초 입력,스타트 씨드키트,SEED,2023.5.30 4:56오후,,2023.5.30,2026.9.3,rec7AgK7RF9xTNVre,rec7AgK7RF9xTNVre,https://airtable.com/shr5t1qyPKytJvVBY?prefill_fldziB6bVRltNvUis=rec7AgK7RF9xTNVre,444,김민정,PT2117-생분해펄프화분(전용)_브라운,,신시어리,,,Package Parts,
SSU000445,,PT2118-택끈_카키_000-2,판매가능,정승윤,정보 최초 입력,스타트 씨드키트,SEED,2023.5.30 4:56오후,,2023.5.30,2026.9.3,rec51caCLbVUaY6Ut,rec51caCLbVUaY6Ut,https://airtable.com/shr5t1qyPKytJvVBY?prefill_fldziB6bVRltNvUis=rec51caCLbVUaY6Ut,445,정승윤,PT2118-택끈_카키_000-2,,신시어리,,,Package Parts,
SSU000446,,PT2121-캡슐씨앗(케일),판매가능,정승윤,정보 최초 입력,스타트 씨드키트,SEED,2023.5.30 4:56오후,,2023.5.30,2026.9.3,recXgO8D0K599U5YV,recXgO8D0K599U5YV,https://airtable.com/shr5t1qyPKytJvVBY?prefill_fldziB6bVRltNvUis=recXgO8D0K599U5YV,446,정승윤,PT2121-캡슐씨앗(케일),,협력사,,,Product Parts,
SSU000447,,PT2122-약포지(전용)(케일)_반투명,판매가능,정승윤,정보 최초 입력,스타트 씨드키트,SEED,2023.5.30 4:56오후,,2023.5.30,2026.9.3,rec7fnkxkgReLu7yG,rec7fnkxkgReLu7yG,https://airtable.com/shr5t1qyPKytJvVBY?prefill_fldziB6bVRltNvUis=rec7fnkxkgReLu7yG,447,정승윤,PT2122-약포지(전용)(케일)_반투명,,협력사,,,Package Parts,
SSU000448,,PT2123-약포지(전용)(적무)_반투명,판매가능,정승윤,정보 최초 입력,스타트 씨드키트,SEED,2023.5.30 4:56오후,,2023.5.30,2026.9.3,recs0miVOY5cWWJ4o,recs0miVOY5cWWJ4o,https://airtable.com/shr5t1qyPKytJvVBY?prefill_fldziB6bVRltNvUis=recs0miVOY5cWWJ4o,448,정승윤,PT2123-약포지(전용)(적무)_반투명,,협력사,,,Package Parts,
SSU000449,,PT2124-우드사인,판매가능,,정보 최초 입력,스타트 씨드키트,SEED,2023.5.30 4:56오후,,2023.5.30,2026.9.3,recCcZ5C3zsJJce9n,recCcZ5C3zsJJce9n,https://airtable.com/shr5t1qyPKytJvVBY?prefill_fldziB6bVRltNvUis=recCcZ5C3zsJJce9n,449,,PT2124-우드사인,,생산,,,Product Parts,
SSU000450,,PT2125-스포이드(1.2ml)_반투명,판매가능,정승윤,정보 최초 입력,스타트 씨드키트,SEED,2023.5.30 4:56오후,,2023.5.30,2026.9.3,recpjMe5AUZxqLkyF,recpjMe5AUZxqLkyF,https://airtable.com/shr5t1qyPKytJvVBY?prefill_fldziB6bVRltNvUis=recpjMe5AUZxqLkyF,450,정승윤,PT2125-스포이드(1.2ml)_반투명,,신시어리,,,Product Parts,
SSU000451,,PT2126-압축토,판매가능,정승윤,정보 최초 입력,스타트 씨드키트,SEED,2023.5.30 4:56오후,,2023.5.30,2026.9.3,recbwcwNMkzgB33Ik,recbwcwNMkzgB33Ik,https://airtable.com/shr5t1qyPKytJvVBY?prefill_fldziB6bVRltNvUis=recbwcwNMkzgB33Ik,451,정승윤,PT2126-압축토,,협력사,,,Product Parts,
SSU000452,,PT2127-캡슐씨앗(베이비브로콜리)_투명,판매가능,정승윤,정보 최초 입력,스타트 씨드키트,SEED,2023.5.30 4:56오후,,2023.5.30,2026.9.3,rec0N5xki1bC1kOtH,rec0N5xki1bC1kOtH,https://airtable.com/shr5t1qyPKytJvVBY?prefill_fldziB6bVRltNvUis=rec0N5xki1bC1kOtH,452,정승윤,PT2127-캡슐씨앗(베이비브로콜리)_투명,,협력사,,,Product Parts,
SSU000453,,,판매가능,,정보 최초 입력,,,2023.5.30 4:56오후,2023.12.14 11:37오전,2023.5.30,2023.12.13,,,https://airtable.com/shr5t1qyPKytJvVBY?prefill_fldziB6bVRltNvUis=,453,,,,,,,,
SSU000454,,PT2129-캡슐씨앗(적무),판매가능,정승윤,정보 최초 입력,스타트 씨드키트,SEED,2023.5.30 4:56오후,,2023.5.30,2026.9.3,recHrcc3JWr3HicvT,recHrcc3JWr3HicvT,https://airtable.com/shr5t1qyPKytJvVBY?prefill_fldziB6bVRltNvUis=recHrcc3JWr3HicvT,454,정승윤,PT2129-캡슐씨앗(적무),,협력사,,,Product Parts,
SSU000455,,PT2130-약포지(전용)(베이비브로콜리)_반투명,판매가능,정승윤,정보 최초 입력,스타트 씨드키트,SEED,2023.5.30 4:56오후,,2023.5.30,2026.9.3,recmAYdQc5tvu7cHZ,recmAYdQc5tvu7cHZ,https://airtable.com/shr5t1qyPKytJvVBY?prefill_fldziB6bVRltNvUis=recmAYdQc5tvu7cHZ,455,정승윤,PT2130-약포지(전용)(베이비브로콜리)_반투명,,협력사,,,Package Parts,
SSU000456,,PT2131-골지단품박스(스탠다드)_화이트_100-6,판매가능,,정보 최초 입력,올데이 텀블러,ADYT,2023.5.30 4:56오후,,2023.5.30,2026.9.3,rec8kIdNdy6dfRTvm,rec8kIdNdy6dfRTvm,https://airtable.com/shr5t1qyPKytJvVBY?prefill_fldziB6bVRltNvUis=rec8kIdNdy6dfRTvm,456,,PT2131-골지단품박스(스탠다드)_화이트_100-6,,신시어리,,,Package Parts,
SSU000457,,,판매가능,,정보 최초 입력,,,2023.5.30 4:56오후,,2023.5.30,2026.9.3,,recX8TFhlNyldyCZn,https://airtable.com/shr5t1qyPKytJvVBY?prefill_fldziB6bVRltNvUis=,457,,,,,,,,
SSU000458,,PT2143-린넨메쉬스트링파우치(S.비누망),판매가능,안다정,정보 최초 입력,낫씽 설거지비누,QWER,2023.5.30 4:56오후,,2023.5.30,2026.9.3,recCwUXEwmm0Lrhre,recCwUXEwmm0Lrhre,https://airtable.com/shr5t1qyPKytJvVBY?prefill_fldziB6bVRltNvUis=recCwUXEwmm0Lrhre,458,안다정,PT2143-린넨메쉬스트링파우치(S.비누망),,신시어리,,,Package Parts,
SSU000459,,PT2144-설거지비누(시나몬200g.로고커스텀),판매가능,안다정,정보 최초 입력,낫씽 설거지비누,QWER,2023.5.30 4:56오후,,2023.5.30,2026.9.3,recKZ8jLDYPOQByzO,recKZ8jLDYPOQByzO,https://airtable.com/shr5t1qyPKytJvVBY?prefill_fldziB6bVRltNvUis=recKZ8jLDYPOQByzO,459,안다정,PT2144-설거지비누(시나몬200g.로고커스텀),,협력사,,,Product Parts,
SSU000460,,PT2145-설거지비누(펌프킨200g.로고커스텀),판매가능,안다정,정보 최초 입력,낫씽 설거지비누,QWER,2023.5.30 4:56오후,,2023.5.30,2026.9.3,recU1MRCGaRWE1A3u,recU1MRCGaRWE1A3u,https://airtable.com/shr5t1qyPKytJvVBY?prefill_fldziB6bVRltNvUis=recU1MRCGaRWE1A3u,460,안다정,PT2145-설거지비누(펌프킨200g.로고커스텀),,협력사,,,Product Parts,
SSU000461,,PT2146-설거지비누(티트리200g.로고커스텀),판매가능,안다정,정보 최초 입력,낫씽 설거지비누,QWER,2023.5.30 4:56오후,,2023.5.30,2026.9.3,recG9S4sSEW1yXVzQ,recG9S4sSEW1yXVzQ,https://airtable.com/shr5t1qyPKytJvVBY?prefill_fldziB6bVRltNvUis=recG9S4sSEW1yXVzQ,461,안다정,PT2146-설거지비누(티트리200g.로고커스텀),,협력사,,,Product Parts,
SSU000462,,PT2148-설거지비누(플레인200g.로고커스텀),판매가능,안다정,정보 최초 입력,낫씽 설거지비누,QWER,2023.5.30 4:56오후,,2023.5.30,2026.9.3,recwxi60HpCbzSMuA,recwxi60HpCbzSMuA,https://airtable.com/shr5t1qyPKytJvVBY?prefill_fldziB6bVRltNvUis=recwxi60HpCbzSMuA,462,안다정,PT2148-설거지비누(플레인200g.로고커스텀),,협력사,,,Product Parts,
SSU000463,,PT2149-설거지비누(플레인110g.로고커스텀),판매가능,안다정,정보 최초 입력,낫씽 설거지비누,QWER,2023.5.30 4:56오후,,2023.5.30,2026.9.3,recG5DKcZgH6i0uo1,recG5DKcZgH6i0uo1,https://airtable.com/shr5t1qyPKytJvVBY?prefill_fldziB6bVRltNvUis=recG5DKcZgH6i0uo1,463,안다정,PT2149-설거지비누(플레인110g.로고커스텀),,협력사,,,Product Parts,
SSU000464,,PT2150-설거지비누(시나몬110g.로고커스텀),판매가능,안다정,정보 최초 입력,낫씽 설거지비누,QWER,2023.5.30 4:56오후,,2023.5.30,2026.9.3,recKJpS0I9i1fhKfM,recKJpS0I9i1fhKfM,https://airtable.com/shr5t1qyPKytJvVBY?prefill_fldziB6bVRltNvUis=recKJpS0I9i1fhKfM,464,안다정,PT2150-설거지비누(시나몬110g.로고커스텀),,협력사,,,Product Parts,
SSU000465,,PT2151-설거지비누(펌프킨110g.로고커스텀),판매가능,안다정,정보 최초 입력,낫씽 설거지비누,QWER,2023.5.30 4:56오후,,2023.5.30,2026.9.3,reciE9FZh7pXfeSXG,reciE9FZh7pXfeSXG,https://airtable.com/shr5t1qyPKytJvVBY?prefill_fldziB6bVRltNvUis=reciE9FZh7pXfeSXG,465,안다정,PT2151-설거지비누(펌프킨110g.로고커스텀),,협력사,,,Product Parts,
SSU000466,,PT2152-비누트레이(천연수세미),판매가능,김민정,정보 최초 입력,낫씽 설거지비누,QWER,2023.5.30 4:56오후,,2023.5.30,2026.9.3,recbio4VdWkYYvieH,recbio4VdWkYYvieH,https://airtable.com/shr5t1qyPKytJvVBY?prefill_fldziB6bVRltNvUis=recbio4VdWkYYvieH,466,김민정,PT2152-비누트레이(천연수세미),,신시어리,,,Product Parts,
SSU000467,,PT2154-배송용박스(전용),판매가능,안다정,정보 최초 입력,낫씽 설거지비누,QWER,2023.5.30 4:56오후,,2023.5.30,2026.9.3,rec0l4o3QXxA09Amz,rec0l4o3QXxA09Amz,https://airtable.com/shr5t1qyPKytJvVBY?prefill_fldziB6bVRltNvUis=rec0l4o3QXxA09Amz,467,안다정,PT2154-배송용박스(전용),,신시어리,,,Package Parts,
SSU000468,,PT2158-캡슐씨앗(방울토마토)_투명,판매가능,정승윤,정보 최초 입력,스타트 씨드키트,SEED,2023.5.30 4:56오후,2024.3.27 3:21오후,2023.5.30,2024.3.26,recB7mc9gKvOFCuBk,,https://airtable.com/shr5t1qyPKytJvVBY?prefill_fldziB6bVRltNvUis=recB7mc9gKvOFCuBk,468,정승윤,PT2158-캡슐씨앗(방울토마토)_투명,,협력사,,,Product Parts,
SSU000469,,PT2159-약포지(전용)(방울토마토)_반투명,판매가능,정승윤,정보 최초 입력,스타트 씨드키트,SEED,2023.5.30 4:56오후,,2023.5.30,2026.9.3,rechEMEjGfZBlCmcC,rechEMEjGfZBlCmcC,https://airtable.com/shr5t1qyPKytJvVBY?prefill_fldziB6bVRltNvUis=rechEMEjGfZBlCmcC,469,정승윤,PT2159-약포지(전용)(방울토마토)_반투명,,협력사,,,Package Parts,
SSU000470,,PT2161-설거지비누(플레인110g.스탠다드),판매가능,안다정,정보 최초 입력,낫씽 설거지비누,QWER,2023.5.30 4:56오후,,2023.5.30,2026.9.3,reczQTeIp6WKZSWoK,reczQTeIp6WKZSWoK,https://airtable.com/shr5t1qyPKytJvVBY?prefill_fldziB6bVRltNvUis=reczQTeIp6WKZSWoK,470,안다정,PT2161-설거지비누(플레인110g.스탠다드),,신시어리,,,Product Parts,
SSU000471,,,판매가능,,정보 최초 입력,,,2023.5.30 4:56오후,,2023.5.30,2026.9.3,,recpu9RGnMJuT0bOh,https://airtable.com/shr5t1qyPKytJvVBY?prefill_fldziB6bVRltNvUis=,471,,,,,,,,
SSU000472,,PT2169-단품박스(스탠다드)_화이트_100-17,판매가능,,정보 최초 입력,"에센셜 와인오프너 세트, 에어더스터차량용청소기","ESWO, FFAD",2023.5.30 4:56오후,,2023.5.30,2026.9.3,recmanSfrPmsg6Rhf,recmanSfrPmsg6Rhf,https://airtable.com/shr5t1qyPKytJvVBY?prefill_fldziB6bVRltNvUis=recmanSfrPmsg6Rhf,472,,PT2169-단품박스(스탠다드)_화이트_100-17,,신시어리,,,Package Parts,
SSU000473,,PT2177-설거지비누(티트리110g.로고커스텀),판매가능,안다정,정보 최초 입력,낫씽 설거지비누,QWER,2023.5.30 4:56오후,,2023.5.30,2026.9.3,rec5BfZeiwWuIPfyt,rec5BfZeiwWuIPfyt,https://airtable.com/shr5t1qyPKytJvVBY?prefill_fldziB6bVRltNvUis=rec5BfZeiwWuIPfyt,473,안다정,PT2177-설거지비누(티트리110g.로고커스텀),,협력사,,,Product Parts,
SSU000474,,,판매가능,정승윤,정보 최초 입력,,,2023.5.30 4:56오후,2025.1.2 6:08오후,2023.5.30,2025.1.1,,,https://airtable.com/shr5t1qyPKytJvVBY?prefill_fldziB6bVRltNvUis=,474,정승윤,,,,,,,
SSU000475,,,판매가능,,정보 최초 입력,,,2023.5.30 4:56오후,2025.10.17 5:53오후,2023.5.30,2025.10.16,,,https://airtable.com/shr5t1qyPKytJvVBY?prefill_fldziB6bVRltNvUis=,475,,,,,,,,
SSU000476,,PT2187-린넨메쉬스트링파우치(스탠다드)(M),판매가능,김민정,정보 최초 입력,"린넨메쉬스트링파우치, 라운드 밤부 칫솔","LNMS, RBTB",2023.5.30 4:56오후,2024.2.13 11:33오전,2023.5.30,2024.2.12,recl0D0nAWqmoteNF,,https://airtable.com/shr5t1qyPKytJvVBY?prefill_fldziB6bVRltNvUis=recl0D0nAWqmoteNF,476,김민정,PT2187-린넨메쉬스트링파우치(스탠다드)(M),,신시어리,,,Package Parts,
SSU000477,,,판매가능,김민지,정보 최초 입력,,,2023.5.30 4:56오후,,2023.5.30,2026.9.3,,rectGiVCE4NRZ6PqB,https://airtable.com/shr5t1qyPKytJvVBY?prefill_fldziB6bVRltNvUis=,477,김민지,,,,,,,
SSU000478,,,판매가능,안다정,정보 최초 입력,,,2023.5.30 4:56오후,2023.11.28 2:16오후,2023.5.30,2023.11.27,,,https://airtable.com/shr5t1qyPKytJvVBY?prefill_fldziB6bVRltNvUis=,478,안다정,,,,,,,
SSU000479,,,판매가능,김민지,정보 최초 입력,,,2023.5.30 4:56오후,,2023.5.30,2026.9.3,,reclvh2fViWJFprpH,https://airtable.com/shr5t1qyPKytJvVBY?prefill_fldziB6bVRltNvUis=,479,김민지,,,,,,,
SSU000480,,,판매가능,정승윤,정보 최초 입력,,,2023.5.30 4:56오후,,2023.5.30,2026.9.3,,rec4XqgYWYwlIEQkK,https://airtable.com/shr5t1qyPKytJvVBY?prefill_fldziB6bVRltNvUis=,480,정승윤,,,,,,,
SSU000481,,PT2228-브랜디드노트북백_블랙,판매가능,김민정,정보 최초 입력,브랜디드 노트북백,BRDD,2023.5.30 4:56오후,2024.1.8 5:27오후,2023.5.30,2024.1.7,recHi0kLkGW3jImGB,,https://airtable.com/shr5t1qyPKytJvVBY?prefill_fldziB6bVRltNvUis=recHi0kLkGW3jImGB,481,김민정,PT2228-브랜디드노트북백_블랙,,신시어리,,,Product Parts,
SSU000482,,PT2231-크로스스트랩_블랙,판매가능,김민정,정보 최초 입력,브랜디드 노트북백,BRDD,2023.5.30 4:56오후,,2023.5.30,2026.9.3,recvnDNcqyb8snw4c,recvnDNcqyb8snw4c,https://airtable.com/shr5t1qyPKytJvVBY?prefill_fldziB6bVRltNvUis=recvnDNcqyb8snw4c,482,김민정,PT2231-크로스스트랩_블랙,,신시어리,,,Product Parts,
SSU000483,,,판매가능,정승윤,정보 최초 입력,,,2023.5.30 4:56오후,,2023.5.30,2026.9.3,,reclxF97Z7LYNocIS,https://airtable.com/shr5t1qyPKytJvVBY?prefill_fldziB6bVRltNvUis=,483,정승윤,,,,,,,
SSU000484,,,판매가능,김민지,정보 최초 입력,,,2023.5.30 4:56오후,,2023.5.30,2026.9.3,,recXCWV0vBtZB2hlf,https://airtable.com/shr5t1qyPKytJvVBY?prefill_fldziB6bVRltNvUis=,484,김민지,,,,,,,
SSU000485,,,판매가능,,정보 최초 입력,,,2023.5.30 4:56오후,2024.1.31 4:20오후,2023.5.30,2024.1.30,,,https://airtable.com/shr5t1qyPKytJvVBY?prefill_fldziB6bVRltNvUis=,485,,,,,,,,
SSU000486,,PT2243-레더라벨캠핑체어(세트_본품및파우치)_블랙,판매가능,김민정,정보 최초 입력,레더라벨 캠핑체어,LTLB,2023.5.30 4:56오후,2024.10.22 2:48오후,2023.5.30,2024.10.21,recN0rmhSkpMhaJNK,,https://airtable.com/shr5t1qyPKytJvVBY?prefill_fldziB6bVRltNvUis=recN0rmhSkpMhaJNK,486,김민정,PT2243-레더라벨캠핑체어(세트_본품및파우치)_블랙,,신시어리,,,Product Parts,
SSU000487,,PT2248-아트워크레더다이어리_커버_화이트,판매가능,김민지,정보 최초 입력,아트워크 레더 다이어리,ATWK,2023.5.30 4:56오후,,2023.5.30,2026.9.3,recstLxy4dwcf971P,recstLxy4dwcf971P,https://airtable.com/shr5t1qyPKytJvVBY?prefill_fldziB6bVRltNvUis=recstLxy4dwcf971P,487,김민지,PT2248-아트워크레더다이어리_커버_화이트,,신시어리,,,Product Parts,
SSU000488,,PT2250-아트워크레더다이어리_내지(만년),판매가능,,정보 최초 입력,아트워크 레더 다이어리,ATWK,2023.5.30 4:56오후,,2023.5.30,2026.9.3,recaXbySQ6jCUz3Xp,recaXbySQ6jCUz3Xp,https://airtable.com/shr5t1qyPKytJvVBY?prefill_fldziB6bVRltNvUis=recaXbySQ6jCUz3Xp,488,,PT2250-아트워크레더다이어리_내지(만년),,신시어리,,,Product Parts,
SSU000489,,,판매가능,,정보 최초 입력,,,2023.5.30 4:56오후,,2023.5.30,2026.9.3,,recVVCuL5fuQh4dOl,https://airtable.com/shr5t1qyPKytJvVBY?prefill_fldziB6bVRltNvUis=,489,,,,,,,,
SSU000490,,PT2268-레더라벨캠핑체어(세트_본품및파우치)_베이지,판매가능,김민정,정보 최초 입력,레더라벨 캠핑체어,LTLB,2023.5.30 4:56오후,2024.11.1 5:21오후,2023.5.30,2024.10.31,recXHHuIeuzQkJCtk,,https://airtable.com/shr5t1qyPKytJvVBY?prefill_fldziB6bVRltNvUis=recXHHuIeuzQkJCtk,490,김민정,PT2268-레더라벨캠핑체어(세트_본품및파우치)_베이지,,신시어리,,,Product Parts,
SSU000491,,,판매가능,김민지,정보 최초 입력,,,2023.5.30 4:56오후,,2023.5.30,2026.9.3,,rec4KKjvMqtsl4Kmv,https://airtable.com/shr5t1qyPKytJvVBY?prefill_fldziB6bVRltNvUis=,491,김민지,,,,,,,
SSU000492,,,판매가능,김민지,정보 최초 입력,,,2023.5.30 4:56오후,,2023.5.30,2026.9.3,,recaf0ePBAJv4yxDw,https://airtable.com/shr5t1qyPKytJvVBY?prefill_fldziB6bVRltNvUis=,492,김민지,,,,,,,
SSU000493,,PT2294-펠트백(스탠다드)_블랙_400-1,판매가능,김민지,정보 최초 입력,"레더라벨 캠핑체어, 펠트백","LTLB, FTBG",2023.5.30 4:56오후,,2023.5.30,2026.9.3,rec6hk2YtHBOMxsya,rec6hk2YtHBOMxsya,https://airtable.com/shr5t1qyPKytJvVBY?prefill_fldziB6bVRltNvUis=rec6hk2YtHBOMxsya,493,김민지,PT2294-펠트백(스탠다드)_블랙_400-1,,신시어리,,,Package Parts,
SSU000494,,,,,정보 최초 입력,,,2023.5.30 4:56오후,,2023.5.30,2026.9.3,,recTxpZhgY6JaUoJ6,https://airtable.com/shr5t1qyPKytJvVBY?prefill_fldziB6bVRltNvUis=,494,,,,,,,,
SSU000495,,,판매가능,,정보 최초 입력,,,2023.5.30 4:56오후,,2023.5.30,2026.9.3,,rectyjQ8hmzL5c42H,https://airtable.com/shr5t1qyPKytJvVBY?prefill_fldziB6bVRltNvUis=,495,,,,,,,,
SSU000496,,PT2330-골지패드(고정용지지대)_400-1,판매가능,,정보 최초 입력,스타트 씨드키트,SEED,2023.5.30 4:56오후,,2023.5.30,2026.9.3,rec1uY0EXBlaARr6e,rec1uY0EXBlaARr6e,https://airtable.com/shr5t1qyPKytJvVBY?prefill_fldziB6bVRltNvUis=rec1uY0EXBlaARr6e,496,,PT2330-골지패드(고정용지지대)_400-1,,신시어리,,,Package Parts,
SSU000497,,PT2331-골지패드(간지)_400-1,판매가능,,정보 최초 입력,스타트 씨드키트,SEED,2023.5.30 4:56오후,,2023.5.30,2026.9.3,recR6LKaUD802jPCG,recR6LKaUD802jPCG,https://airtable.com/shr5t1qyPKytJvVBY?prefill_fldziB6bVRltNvUis=recR6LKaUD802jPCG,497,,PT2331-골지패드(간지)_400-1,,신시어리,,,Package Parts,
SSU000498,,,판매가능,정승윤,정보 최초 입력,,,2023.5.30 4:56오후,2023.8.28 2:29오후,2023.5.30,2023.8.27,,,https://airtable.com/shr5t1qyPKytJvVBY?prefill_fldziB6bVRltNvUis=,498,정승윤,,,,,,,
SSU000499,,PT2370-버티컬무선충전패드(15W)_블랙,판매가능,,정보 최초 입력,버티컬 무선충전패드,VWPD,2023.5.30 4:56오후,2024.2.7 12:50오후,2023.5.30,2024.2.6,rect9S1n0kLJJVTTv,,https://airtable.com/shr5t1qyPKytJvVBY?prefill_fldziB6bVRltNvUis=rect9S1n0kLJJVTTv,499,,PT2370-버티컬무선충전패드(15W)_블랙,,협력사,,,Product Parts,
SSU000500,,PT2371-버티컬무선충전패드(15W)_화이트,판매가능,,정보 최초 입력,버티컬 무선충전패드,VWPD,2023.5.30 4:56오후,,2023.5.30,2026.9.3,receygj2BJRsLNxKi,receygj2BJRsLNxKi,https://airtable.com/shr5t1qyPKytJvVBY?prefill_fldziB6bVRltNvUis=receygj2BJRsLNxKi,500,,PT2371-버티컬무선충전패드(15W)_화이트,,협력사,,,Product Parts,
SSU000501,,,판매가능,문경선,정보 최초 입력,,,2023.5.30 4:56오후,2024.4.19 11:16오전,2023.5.30,2024.4.18,,,https://airtable.com/shr5t1qyPKytJvVBY?prefill_fldziB6bVRltNvUis=,501,문경선,,,,,,,
SSU000502,,,판매가능,,정보 최초 입력,,,2023.5.30 4:56오후,2023.8.31 4:06오후,2023.5.30,2023.8.30,,,https://airtable.com/shr5t1qyPKytJvVBY?prefill_fldziB6bVRltNvUis=,502,,,,,,,,
SSU000503,,,판매가능,정승윤,정보 최초 입력,,,2023.5.30 4:56오후,2025.5.8 11:31오전,2023.5.30,2025.5.7,,,https://airtable.com/shr5t1qyPKytJvVBY?prefill_fldziB6bVRltNvUis=,503,정승윤,,,,,,,
SSU000504,,,판매가능,김민지,정보 최초 입력,,,2023.5.30 4:56오후,,2023.5.30,2026.9.3,,rectrHonaBP3u3l6A,https://airtable.com/shr5t1qyPKytJvVBY?prefill_fldziB6bVRltNvUis=,504,김민지,,,,,,,
SSU000505,,PT2391-단품박스(스탠다드)_웜그레이_000-28,판매가능,,정보 최초 입력,낫씽 설거지비누,QWER,2023.5.30 4:56오후,,2023.5.30,2026.9.3,recUDrJF3cFynVxYP,recUDrJF3cFynVxYP,https://airtable.com/shr5t1qyPKytJvVBY?prefill_fldziB6bVRltNvUis=recUDrJF3cFynVxYP,505,,PT2391-단품박스(스탠다드)_웜그레이_000-28,,신시어리,,,Package Parts,
SSU000506,,PT2405-베케이션여권케이스,판매가능,김민지,정보 최초 입력,베케이션 여권케이스,VCIT,2023.5.30 4:56오후,2023.12.11 5:43오후,2023.5.30,2023.12.10,recKsBzIJ3QQpXkdx,,https://airtable.com/shr5t1qyPKytJvVBY?prefill_fldziB6bVRltNvUis=recKsBzIJ3QQpXkdx,506,김민지,PT2405-베케이션여권케이스,,신시어리,,,Product Parts,
SSU000507,,,판매가능,안다정,정보 최초 입력,,,2023.5.30 4:56오후,,2023.5.30,2026.9.3,,recWnKlzjZhjtgQiT,https://airtable.com/shr5t1qyPKytJvVBY?prefill_fldziB6bVRltNvUis=,507,안다정,,,,,,,
SSU000508,,,판매가능,,정보 최초 입력,,,2023.5.30 4:56오후,,2023.5.30,2026.9.3,,rec41SvAjFUKVJvn0,https://airtable.com/shr5t1qyPKytJvVBY?prefill_fldziB6bVRltNvUis=,508,,,,,,,,
SSU000509,,PT2464-드레스업손거울_화이트,판매가능,안다정,정보 최초 입력,드레스업 손거울,DRSU,2023.5.30 4:56오후,,2023.5.30,2026.9.3,recx5iH2zvWpisQH5,recx5iH2zvWpisQH5,https://airtable.com/shr5t1qyPKytJvVBY?prefill_fldziB6bVRltNvUis=recx5iH2zvWpisQH5,509,안다정,PT2464-드레스업손거울_화이트,,협력사,,,Product Parts,
SSU000510,,PT2465-드레스업손거울_블랙,판매가능,안다정,정보 최초 입력,드레스업 손거울,DRSU,2023.5.30 4:56오후,,2023.5.30,2026.9.3,recVtOKUasfGvKf8R,recVtOKUasfGvKf8R,https://airtable.com/shr5t1qyPKytJvVBY?prefill_fldziB6bVRltNvUis=recVtOKUasfGvKf8R,510,안다정,PT2465-드레스업손거울_블랙,,협력사,,,Product Parts,
SSU000511,,PT2472-트리플컬러펜_블랙,판매가능,김민정,정보 최초 입력,트리플 컬러펜 | JETSTREAM,TRPC,2023.5.30 4:56오후,2024.4.16 2:09오후,2023.5.30,2024.4.15,recjcx6kutPmDEJrd,,https://airtable.com/shr5t1qyPKytJvVBY?prefill_fldziB6bVRltNvUis=recjcx6kutPmDEJrd,511,김민정,PT2472-트리플컬러펜_블랙,,신시어리,,,Product Parts,
SSU000512,,PT2473-트리플컬러펜_그레이지,판매가능,김민정,정보 최초 입력,트리플 컬러펜 | JETSTREAM,TRPC,2023.5.30 4:56오후,2023.11.9 11:08오전,2023.5.30,2023.11.8,recekNiql1Igq5ahJ,,https://airtable.com/shr5t1qyPKytJvVBY?prefill_fldziB6bVRltNvUis=recekNiql1Igq5ahJ,512,김민정,PT2473-트리플컬러펜_그레이지,,신시어리,,,Product Parts,
SSU000513,,PT2474-스펙트럼컬러펜(블랙잉크)_리인벤트에디션,판매가능,김민지,정보 최초 입력,스펙트럼 컬러펜,SPCP,2023.5.30 4:56오후,2024.3.22 7:42오후,2023.5.30,2024.3.21,recmfZV1wU0BPuItU,,https://airtable.com/shr5t1qyPKytJvVBY?prefill_fldziB6bVRltNvUis=recmfZV1wU0BPuItU,513,김민지,PT2474-스펙트럼컬러펜(블랙잉크)_리인벤트에디션,,협력사,,,Product Parts,
SSU000514,,,판매가능,김민지,정보 최초 입력,,,2023.5.30 4:56오후,,2023.5.30,2026.9.3,,rec5Ll8fy2X9ukETP,https://airtable.com/shr5t1qyPKytJvVBY?prefill_fldziB6bVRltNvUis=,514,김민지,,,,,,,
SSU000515,,,판매가능,김민정,정보 최초 입력,,,2023.5.30 4:56오후,2026.4.7 11:35오전,2023.5.30,2026.4.6,,,https://airtable.com/shr5t1qyPKytJvVBY?prefill_fldziB6bVRltNvUis=,515,김민정,,,,,,,
SSU000516,,PT2741-슈가케인텀블러(360ml)_크림,판매가능,,정보 최초 입력,슈가케인 텀블러,SGCN,2023.5.30 4:56오후,2023.10.20 4:55오후,2023.5.30,2023.10.19,recPwl2PFVXoLcMF5,,https://airtable.com/shr5t1qyPKytJvVBY?prefill_fldziB6bVRltNvUis=recPwl2PFVXoLcMF5,516,,PT2741-슈가케인텀블러(360ml)_크림,,신시어리,,,Product Parts,
SSU000517,,PT2742-슈가케인스트로우_크림,판매가능,,정보 최초 입력,슈가케인 텀블러,SGCN,2023.5.30 4:56오후,2024.4.11 4:45오후,2023.5.30,2024.4.10,recy1ODK8IjBvEGMQ,,https://airtable.com/shr5t1qyPKytJvVBY?prefill_fldziB6bVRltNvUis=recy1ODK8IjBvEGMQ,517,,PT2742-슈가케인스트로우_크림,,신시어리,,,Product Parts,
SSU000518,,PT2772-리틀빅리유저블컵_반투명,판매가능,안다정,정보 최초 입력,리틀빅 리유저블컵,LTBR,2023.5.30 4:56오후,,2023.5.30,2026.9.3,recrIAO9q8jXGXES0,recrIAO9q8jXGXES0,https://airtable.com/shr5t1qyPKytJvVBY?prefill_fldziB6bVRltNvUis=recrIAO9q8jXGXES0,518,안다정,PT2772-리틀빅리유저블컵_반투명,,협력사,,,Product Parts,
SSU000519,,PT2773-리틀빅리유저블컵_아이보리,판매가능,안다정,정보 최초 입력,리틀빅 리유저블컵,LTBR,2023.5.30 4:56오후,2026.1.8 10:43오전,2023.5.30,2026.1.7,rec1pNuRl6yxvk8TT,,https://airtable.com/shr5t1qyPKytJvVBY?prefill_fldziB6bVRltNvUis=rec1pNuRl6yxvk8TT,519,안다정,PT2773-리틀빅리유저블컵_아이보리,,협력사,,,Product Parts,
SSU000520,,PT2774-리틀빅리유저블컵_바나나옐로우,판매가능,안다정,정보 최초 입력,리틀빅 리유저블컵,LTBR,2023.5.30 4:56오후,,2023.5.30,2026.9.3,recG8ZIhfwS8Z5rLH,recG8ZIhfwS8Z5rLH,https://airtable.com/shr5t1qyPKytJvVBY?prefill_fldziB6bVRltNvUis=recG8ZIhfwS8Z5rLH,520,안다정,PT2774-리틀빅리유저블컵_바나나옐로우,,협력사,,,Product Parts,
SSU000521,,PT2775-리틀빅리유저블컵_메론그린,판매가능,안다정,정보 최초 입력,리틀빅 리유저블컵,LTBR,2023.5.30 4:56오후,,2023.5.30,2026.9.3,recUH9Wp39H4lEmfM,recUH9Wp39H4lEmfM,https://airtable.com/shr5t1qyPKytJvVBY?prefill_fldziB6bVRltNvUis=recUH9Wp39H4lEmfM,521,안다정,PT2775-리틀빅리유저블컵_메론그린,,협력사,,,Product Parts,
SSU000522,,PT2776-리틀빅리유저블컵_스카이블루,판매가능,안다정,정보 최초 입력,리틀빅 리유저블컵,LTBR,2023.5.30 4:56오후,,2023.5.30,2026.9.3,reccNyvZkClgowFHb,reccNyvZkClgowFHb,https://airtable.com/shr5t1qyPKytJvVBY?prefill_fldziB6bVRltNvUis=reccNyvZkClgowFHb,522,안다정,PT2776-리틀빅리유저블컵_스카이블루,,협력사,,,Product Parts,
SSU000523,,PT2777-리틀빅리유저블컵_카키,판매가능,안다정,정보 최초 입력,리틀빅 리유저블컵,LTBR,2023.5.30 4:56오후,2024.4.17 11:44오전,2023.5.30,2024.4.16,reche8DLawDa6AxHP,,https://airtable.com/shr5t1qyPKytJvVBY?prefill_fldziB6bVRltNvUis=reche8DLawDa6AxHP,523,안다정,PT2777-리틀빅리유저블컵_카키,,협력사,,,Product Parts,
SSU000524,,PT2802-아이콘펜(바디)_화이트,판매가능,김민정,정보 최초 입력,아이콘 펜,IIKP,2023.5.30 4:56오후,2024.4.11 4:15오후,2023.5.30,2024.4.10,recyqvsXJHTr6MF7A,,https://airtable.com/shr5t1qyPKytJvVBY?prefill_fldziB6bVRltNvUis=recyqvsXJHTr6MF7A,524,김민정,PT2802-아이콘펜(바디)_화이트,,신시어리,,,Product Parts,
SSU000525,,PT2803-페이퍼링캘린더_삼각대_블랙,일시품절,,정보 최초 입력,페이퍼링 캘린더,PIPR,2023.5.30 4:56오후,2023.6.21 2:32오후,2023.5.30,2023.6.20,rectxYluXEzBTyvJj,,https://airtable.com/shr5t1qyPKytJvVBY?prefill_fldziB6bVRltNvUis=rectxYluXEzBTyvJj,525,,PT2803-페이퍼링캘린더_삼각대_블랙,,생산,,,Product Parts,
SSU000526,,PT2804-페이퍼링캘린더_삼각대_그레이,판매가능,,정보 최초 입력,페이퍼링 캘린더,PIPR,2023.5.30 4:56오후,2024.1.25 10:57오전,2023.5.30,2024.1.24,recl2stSf8vy8AFjL,,https://airtable.com/shr5t1qyPKytJvVBY?prefill_fldziB6bVRltNvUis=recl2stSf8vy8AFjL,526,,PT2804-페이퍼링캘린더_삼각대_그레이,,생산,,,Product Parts,
SSU000527,,PT2805-씬페이퍼봉투_화이트,판매가능,,정보 최초 입력,"페이퍼링 캘린더, 페어링 캘린더",PIPR,2023.5.30 4:56오후,,2023.5.30,2026.9.3,recCe5rmJFgd9xkFV,recCe5rmJFgd9xkFV,https://airtable.com/shr5t1qyPKytJvVBY?prefill_fldziB6bVRltNvUis=recCe5rmJFgd9xkFV,527,,PT2805-씬페이퍼봉투_화이트,,신시어리,,,Package Parts,
SSU000528,,PT2806-유니크디퓨저_보틀(PNW)_투명,판매가능,안다정,정보 최초 입력,유니크 디퓨저,UNDF,2023.5.30 4:56오후,2024.3.20 11:11오전,2023.5.30,2024.3.19,recBVaDv7sRyF5zlx,,https://airtable.com/shr5t1qyPKytJvVBY?prefill_fldziB6bVRltNvUis=recBVaDv7sRyF5zlx,528,안다정,PT2806-유니크디퓨저_보틀(PNW)_투명,,협력사,,,Product Parts,
SSU000529,,PT2809-덮개박스(스탠다드)(FSC라벨삽입)_화이트,판매가능,,정보 최초 입력,"페이퍼링 캘린더, 썸네일 캘린더, 페어링 캘린더","PIPR, TNCL",2023.5.30 4:56오후,,2023.5.30,2026.9.3,recDKPa30K6FxBPdC,recDKPa30K6FxBPdC,https://airtable.com/shr5t1qyPKytJvVBY?prefill_fldziB6bVRltNvUis=recDKPa30K6FxBPdC,529,,PT2809-덮개박스(스탠다드)(FSC라벨삽입)_화이트,,신시어리,,,Package Parts,
SSU000530,,PT2811-덮개박스(스탠다드)_블랙,판매가능,,정보 최초 입력,"썸네일 캘린더, 페이퍼링 캘린더, 페어링 캘린더","TNCL, PIPR",2023.5.30 4:56오후,,2023.5.30,2026.9.3,rec5scIa1vguhmvjx,rec5scIa1vguhmvjx,https://airtable.com/shr5t1qyPKytJvVBY?prefill_fldziB6bVRltNvUis=rec5scIa1vguhmvjx,530,,PT2811-덮개박스(스탠다드)_블랙,,신시어리,,,Package Parts,
SSU000531,,PT2812-골지트레이박스_블랙,판매가능,,정보 최초 입력,Tailored 스트랩 박스,TILD,2023.5.30 4:56오후,,2023.5.30,2026.9.3,reckxfyK2bUzJFT4W,reckxfyK2bUzJFT4W,https://airtable.com/shr5t1qyPKytJvVBY?prefill_fldziB6bVRltNvUis=reckxfyK2bUzJFT4W,531,,PT2812-골지트레이박스_블랙,,신시어리,,,Package Parts,
SSU000532,,PT2813-골지트레이박스_화이트,판매가능,,정보 최초 입력,Tailored 스트랩 박스,TILD,2023.5.30 4:56오후,,2023.5.30,2026.9.3,recLJbuKIoPW5r49L,recLJbuKIoPW5r49L,https://airtable.com/shr5t1qyPKytJvVBY?prefill_fldziB6bVRltNvUis=recLJbuKIoPW5r49L,532,,PT2813-골지트레이박스_화이트,,신시어리,,,Package Parts,
SSU000533,,PT2814-슬리브_블랙,판매가능,,정보 최초 입력,Tailored 스트랩 박스,TILD,2023.5.30 4:56오후,,2023.5.30,2026.9.3,rec6OUA2Dra4KJZlx,rec6OUA2Dra4KJZlx,https://airtable.com/shr5t1qyPKytJvVBY?prefill_fldziB6bVRltNvUis=rec6OUA2Dra4KJZlx,533,,PT2814-슬리브_블랙,,신시어리,,,Package Parts,
SSU000534,,PT2815-슬리브_화이트,판매가능,,정보 최초 입력,Tailored 스트랩 박스,TILD,2023.5.30 4:56오후,,2023.5.30,2026.9.3,reczv1BthvXX8jYBT,reczv1BthvXX8jYBT,https://airtable.com/shr5t1qyPKytJvVBY?prefill_fldziB6bVRltNvUis=reczv1BthvXX8jYBT,534,,PT2815-슬리브_화이트,,신시어리,,,Package Parts,
SSU000535,,,판매가능,,정보 최초 입력,,,2023.5.30 4:56오후,2023.6.13 5:08오후,2023.5.30,2023.6.12,,,https://airtable.com/shr5t1qyPKytJvVBY?prefill_fldziB6bVRltNvUis=,535,,,,,,,,
SSU000536,,,판매가능,정승윤,정보 최초 입력,,,2023.5.30 4:56오후,2023.11.27 11:48오전,2023.5.30,2023.11.26,,,https://airtable.com/shr5t1qyPKytJvVBY?prefill_fldziB6bVRltNvUis=,536,정승윤,,,,,,,
SSU000537,,,판매가능,,정보 최초 입력,,,2023.5.30 4:56오후,,2023.5.30,2026.9.3,,recKL1uHeNlxGhXqF,https://airtable.com/shr5t1qyPKytJvVBY?prefill_fldziB6bVRltNvUis=,537,,,,,,,,
SSU000538,,,판매가능,,정보 최초 입력,,,2023.5.30 4:56오후,,2023.5.30,2026.9.3,,recXphhGVQcx2OdDV,https://airtable.com/shr5t1qyPKytJvVBY?prefill_fldziB6bVRltNvUis=,538,,,,,,,,
SSU000539,,,판매가능,정승윤,정보 최초 입력,,,2023.5.30 4:56오후,2023.8.23 11:28오전,2023.5.30,2023.8.22,,,https://airtable.com/shr5t1qyPKytJvVBY?prefill_fldziB6bVRltNvUis=,539,정승윤,,,,,,,
SSU000540,,,판매가능,정승윤,정보 최초 입력,,,2023.5.30 4:56오후,2025.10.14 6:45오후,2023.5.30,2025.10.13,,,https://airtable.com/shr5t1qyPKytJvVBY?prefill_fldziB6bVRltNvUis=,540,정승윤,,,,,,,
SSU000541,,PT2824-단품박스(스탠다드)_웜그레이,판매가능,,정보 최초 입력,"미스트 워터보틀, 스탠리 슬림 보틀","MIST, STLS",2023.5.30 4:56오후,,2023.5.30,2026.9.3,reciQWzce6gekhtAT,reciQWzce6gekhtAT,https://airtable.com/shr5t1qyPKytJvVBY?prefill_fldziB6bVRltNvUis=reciQWzce6gekhtAT,541,,PT2824-단품박스(스탠다드)_웜그레이,,신시어리,,,Package Parts,
SSU000542,,,판매가능,김민지,정보 최초 입력,,,2023.5.30 4:56오후,,2023.5.30,2026.9.3,,recAHmlJMffOjU3sy,https://airtable.com/shr5t1qyPKytJvVBY?prefill_fldziB6bVRltNvUis=,542,김민지,,,,,,,
SSU000543,,,판매가능,,정보 최초 입력,,,2023.5.30 4:56오후,,2023.5.30,2026.9.3,,recOtUrxgLXe0fK3Q,https://airtable.com/shr5t1qyPKytJvVBY?prefill_fldziB6bVRltNvUis=,543,,,,,,,,
SSU000544,,PT2827-투명손잡이지퍼백(S),판매가능,정승윤,정보 최초 입력,더블업 트래블 파우치,DTPL,2023.5.30 4:56오후,,2023.5.30,2026.9.3,rec3jEerwPG37yj7v,rec3jEerwPG37yj7v,https://airtable.com/shr5t1qyPKytJvVBY?prefill_fldziB6bVRltNvUis=rec3jEerwPG37yj7v,544,정승윤,PT2827-투명손잡이지퍼백(S),,신시어리,,,Package Parts,
SSU000545,,PT2828-투명손잡이지퍼백(L),판매가능,정승윤,정보 최초 입력,"더블업 트래블 파우치, 브랜디드 노트북백, 데일리 짐색","DTPL, BRDD, DLYG",2023.5.30 4:56오후,,2023.5.30,2026.9.3,rec413ZH7ABNiVhfS,rec413ZH7ABNiVhfS,https://airtable.com/shr5t1qyPKytJvVBY?prefill_fldziB6bVRltNvUis=rec413ZH7ABNiVhfS,545,정승윤,PT2828-투명손잡이지퍼백(L),,신시어리,,,Package Parts,
SSU000546,,PT2829-트레이박스_화이트,,,정보 최초 입력,Advent 굿즈박스,AVBX,2023.5.30 4:56오후,,2023.5.30,2026.9.3,rechAmOAWTO5voKgb,rechAmOAWTO5voKgb,https://airtable.com/shr5t1qyPKytJvVBY?prefill_fldziB6bVRltNvUis=rechAmOAWTO5voKgb,546,,PT2829-트레이박스_화이트,,신시어리,,,Package Parts,
SSU000547,,PT2830-지지대_화이트,,,정보 최초 입력,Advent 굿즈박스,AVBX,2023.5.30 4:56오후,,2023.5.30,2026.9.3,reclIoIfLuIf20eED,reclIoIfLuIf20eED,https://airtable.com/shr5t1qyPKytJvVBY?prefill_fldziB6bVRltNvUis=reclIoIfLuIf20eED,547,,PT2830-지지대_화이트,,신시어리,,,Package Parts,
SSU000548,,,판매가능,김민지,정보 최초 입력,,,2023.5.30 4:56오후,,2023.5.30,2026.9.3,,recXpnWaAF85zDdmz,https://airtable.com/shr5t1qyPKytJvVBY?prefill_fldziB6bVRltNvUis=,548,김민지,,,,,,,
SSU000549,,,판매가능,문경선,정보 최초 입력,,,2023.5.30 4:56오후,,2023.5.30,2026.9.3,,recZdjm600CpXlP7p,https://airtable.com/shr5t1qyPKytJvVBY?prefill_fldziB6bVRltNvUis=,549,문경선,,,,,,,
SSU000550,,PT2960-아크릴아이콘_투명,판매가능,안다정,정보 최초 입력,아이콘 펜,IIKP,2023.5.30 4:56오후,,2023.5.30,2026.9.3,recBNdYSTI63uIj9n,recBNdYSTI63uIj9n,https://airtable.com/shr5t1qyPKytJvVBY?prefill_fldziB6bVRltNvUis=recBNdYSTI63uIj9n,550,안다정,PT2960-아크릴아이콘_투명,,생산,,,Product Parts,
SSU000551,,PT2962-아이콘펜(클립)_화이트,판매가능,김민정,정보 최초 입력,아이콘 펜,IIKP,2023.5.30 4:56오후,,2023.5.30,2026.9.3,recCdh3W6lL5ovWGF,recCdh3W6lL5ovWGF,https://airtable.com/shr5t1qyPKytJvVBY?prefill_fldziB6bVRltNvUis=recCdh3W6lL5ovWGF,551,김민정,PT2962-아이콘펜(클립)_화이트,,신시어리,,,Product Parts,
SSU000552,,,판매가능,안다정,정보 최초 입력,,,2023.5.30 4:56오후,2023.6.26 5:13오후,2023.5.30,2023.6.25,,,https://airtable.com/shr5t1qyPKytJvVBY?prefill_fldziB6bVRltNvUis=,552,안다정,,,,,,,
SSU000553,,PT2969-메시지캐리어파우치_실버,판매가능,안다정,정보 최초 입력,메시지 캐리어 파우치,MSGC,2023.5.30 4:56오후,2023.6.26 5:29오후,2023.5.30,2023.6.25,recWZPxXHsjnxuXpC,,https://airtable.com/shr5t1qyPKytJvVBY?prefill_fldziB6bVRltNvUis=recWZPxXHsjnxuXpC,553,안다정,PT2969-메시지캐리어파우치_실버,,신시어리,,,Product Parts,
SSU000554,,PT2970-메시지캐리어파우치_메탈그레이,판매가능,안다정,정보 최초 입력,메시지 캐리어 파우치,MSGC,2023.5.30 4:56오후,2023.7.13 4:29오후,2023.5.30,2023.7.12,recT95r7975gjV8H4,,https://airtable.com/shr5t1qyPKytJvVBY?prefill_fldziB6bVRltNvUis=recT95r7975gjV8H4,554,안다정,PT2970-메시지캐리어파우치_메탈그레이,,신시어리,,,Product Parts,
SSU000555,,,판매가능,문경선,정보 최초 입력,,,2023.5.30 4:56오후,,2023.5.30,2026.9.3,,recKqBIVEXqUr4DWS,https://airtable.com/shr5t1qyPKytJvVBY?prefill_fldziB6bVRltNvUis=,555,문경선,,,,,,,
SSU000556,,,판매가능,김민지,정보 최초 입력,,,2023.5.30 4:56오후,2023.7.17 10:35오전,2023.5.30,2023.7.16,,,https://airtable.com/shr5t1qyPKytJvVBY?prefill_fldziB6bVRltNvUis=,556,김민지,,,,,,,
SSU000557,,PT2995-지지대(전용)_화이트,판매가능,,정보 최초 입력,"에센셜 와인오프너 세트, 에어더스터차량용청소기","ESWO, FFAD",2023.5.30 4:56오후,,2023.5.30,2026.9.3,recbU6AlLLT7C6Fgf,recbU6AlLLT7C6Fgf,https://airtable.com/shr5t1qyPKytJvVBY?prefill_fldziB6bVRltNvUis=recbU6AlLLT7C6Fgf,557,,PT2995-지지대(전용)_화이트,,신시어리,,,Package Parts,
SSU000558,,,판매가능,김민지,정보 최초 입력,,,2023.5.30 4:56오후,2024.4.1 4:56오후,2023.5.30,2024.3.31,,,https://airtable.com/shr5t1qyPKytJvVBY?prefill_fldziB6bVRltNvUis=,558,김민지,,,,,,,
SSU000559,,,판매가능,김민지,정보 최초 입력,,,2023.5.30 4:56오후,2024.6.17 9:31오전,2023.5.30,2024.6.16,,,https://airtable.com/shr5t1qyPKytJvVBY?prefill_fldziB6bVRltNvUis=,559,김민지,,,,,,,
SSU000560,,,판매가능,김민지,정보 최초 입력,,,2023.5.30 4:56오후,,2023.5.30,2026.9.3,,rectRe9Mg1eVM6naN,https://airtable.com/shr5t1qyPKytJvVBY?prefill_fldziB6bVRltNvUis=,560,김민지,,,,,,,
SSU000561,,,판매가능,김민지,정보 최초 입력,,,2023.5.30 4:56오후,2024.6.14 4:51오후,2023.5.30,2024.6.13,,,https://airtable.com/shr5t1qyPKytJvVBY?prefill_fldziB6bVRltNvUis=,561,김민지,,,,,,,
SSU000562,,,품절예정,,정보 최초 입력,,,2023.5.30 4:56오후,2023.9.27 9:55오전,2023.5.30,2023.9.26,,,https://airtable.com/shr5t1qyPKytJvVBY?prefill_fldziB6bVRltNvUis=,562,,,,,,,,
SSU000563,,PT3049-유니크디퓨저_원액&향(클린코튼.PNW),판매가능,안다정,정보 최초 입력,유니크 디퓨저,UNDF,2023.5.30 4:56오후,,2023.5.30,2026.9.3,recxtsa0fnyzMkQ13,recxtsa0fnyzMkQ13,https://airtable.com/shr5t1qyPKytJvVBY?prefill_fldziB6bVRltNvUis=recxtsa0fnyzMkQ13,563,안다정,PT3049-유니크디퓨저_원액&향(클린코튼.PNW),,협력사,,,Product Parts,
SSU000564,,PT3050-유니크디퓨저_원액&향(에바다.PNW),판매가능,안다정,정보 최초 입력,유니크 디퓨저,UNDF,2023.5.30 4:56오후,,2023.5.30,2026.9.3,recqL9SCzljiU5vx2,recqL9SCzljiU5vx2,https://airtable.com/shr5t1qyPKytJvVBY?prefill_fldziB6bVRltNvUis=recqL9SCzljiU5vx2,564,안다정,PT3050-유니크디퓨저_원액&향(에바다.PNW),,협력사,,,Product Parts,
SSU000565,,PT3051-유니크디퓨저_원액&향(모링가.PNW),판매가능,안다정,정보 최초 입력,유니크 디퓨저,UNDF,2023.5.30 4:56오후,,2023.5.30,2026.9.3,recoS45uFIYJ9pXuL,recoS45uFIYJ9pXuL,https://airtable.com/shr5t1qyPKytJvVBY?prefill_fldziB6bVRltNvUis=recoS45uFIYJ9pXuL,565,안다정,PT3051-유니크디퓨저_원액&향(모링가.PNW),,협력사,,,Product Parts,
SSU000566,,PT3052-유니크디퓨저_원액&향(화이트머스크.PNW),판매가능,안다정,정보 최초 입력,유니크 디퓨저,UNDF,2023.5.30 4:56오후,,2023.5.30,2026.9.3,recugP51qfHlizBjx,recugP51qfHlizBjx,https://airtable.com/shr5t1qyPKytJvVBY?prefill_fldziB6bVRltNvUis=recugP51qfHlizBjx,566,안다정,PT3052-유니크디퓨저_원액&향(화이트머스크.PNW),,협력사,,,Product Parts,
SSU000567,,PT3053-유니크디퓨저_원액&향(플라워가든.PNW),판매가능,안다정,정보 최초 입력,유니크 디퓨저,UNDF,2023.5.30 4:56오후,,2023.5.30,2026.9.3,reckTuL0HzM5KSR6Y,reckTuL0HzM5KSR6Y,https://airtable.com/shr5t1qyPKytJvVBY?prefill_fldziB6bVRltNvUis=reckTuL0HzM5KSR6Y,567,안다정,PT3053-유니크디퓨저_원액&향(플라워가든.PNW),,협력사,,,Product Parts,
SSU000568,,PT3054-유니크디퓨저_원액&향(유칼립투스스파.PNW),판매가능,안다정,정보 최초 입력,유니크 디퓨저,UNDF,2023.5.30 4:56오후,,2023.5.30,2026.9.3,recnoCkJYf1GW6TUa,recnoCkJYf1GW6TUa,https://airtable.com/shr5t1qyPKytJvVBY?prefill_fldziB6bVRltNvUis=recnoCkJYf1GW6TUa,568,안다정,PT3054-유니크디퓨저_원액&향(유칼립투스스파.PNW),,협력사,,,Product Parts,
SSU000569,,PT3055-유니크디퓨저_원액&향(오가닉라벤더.PNW),판매가능,안다정,정보 최초 입력,유니크 디퓨저,UNDF,2023.5.30 4:56오후,,2023.5.30,2026.9.3,rectTRMI2qfroYmGt,rectTRMI2qfroYmGt,https://airtable.com/shr5t1qyPKytJvVBY?prefill_fldziB6bVRltNvUis=rectTRMI2qfroYmGt,569,안다정,PT3055-유니크디퓨저_원액&향(오가닉라벤더.PNW),,협력사,,,Product Parts,
SSU000570,,PT3056-유니크디퓨저_원액&향(그린티.PNW),판매가능,안다정,정보 최초 입력,유니크 디퓨저,UNDF,2023.5.30 4:56오후,,2023.5.30,2026.9.3,recZoMidQLWUUK7Qo,recZoMidQLWUUK7Qo,https://airtable.com/shr5t1qyPKytJvVBY?prefill_fldziB6bVRltNvUis=recZoMidQLWUUK7Qo,570,안다정,PT3056-유니크디퓨저_원액&향(그린티.PNW),,협력사,,,Product Parts,
SSU000571,,,판매가능,안다정,정보 최초 입력,,,2023.5.30 4:56오후,2023.7.19 12:15오후,2023.5.30,2023.7.18,,,https://airtable.com/shr5t1qyPKytJvVBY?prefill_fldziB6bVRltNvUis=,571,안다정,,,,,,,
SSU000572,,PT3058-유니크디퓨저_원액&향(북스토어.PNW),판매가능,안다정,정보 최초 입력,유니크 디퓨저,UNDF,2023.5.30 4:56오후,,2023.5.30,2026.9.3,recgCpuh7mmplZqyY,recgCpuh7mmplZqyY,https://airtable.com/shr5t1qyPKytJvVBY?prefill_fldziB6bVRltNvUis=recgCpuh7mmplZqyY,572,안다정,PT3058-유니크디퓨저_원액&향(북스토어.PNW),,협력사,,,Product Parts,
SSU000573,,PT3067-유니크디퓨저_리드스틱&빵끈(3개입.PNW)_블랙,판매가능,안다정,정보 최초 입력,유니크 디퓨저,UNDF,2023.5.30 4:56오후,,2023.5.30,2026.9.3,rec6rnBCY5OsdxAD7,rec6rnBCY5OsdxAD7,https://airtable.com/shr5t1qyPKytJvVBY?prefill_fldziB6bVRltNvUis=rec6rnBCY5OsdxAD7,573,안다정,PT3067-유니크디퓨저_리드스틱&빵끈(3개입.PNW)_블랙,,협력사,,,Product Parts,
SSU000574,,PT3069-클래시프래그런스오일(10ml.북스토어),판매가능,안다정,정보 최초 입력,클래시 차량용 방향제,CCAF,2023.5.30 4:56오후,,2023.5.30,2026.9.3,recyOdZL7iehqQYQV,recyOdZL7iehqQYQV,https://airtable.com/shr5t1qyPKytJvVBY?prefill_fldziB6bVRltNvUis=recyOdZL7iehqQYQV,574,안다정,PT3069-클래시프래그런스오일(10ml.북스토어),,협력사,,,Product Parts,
SSU000575,,,판매가능,,정보 최초 입력,,,2023.5.30 4:56오후,,2023.5.30,2026.9.3,,rec9Rxkb8faxPBaaC,https://airtable.com/shr5t1qyPKytJvVBY?prefill_fldziB6bVRltNvUis=,575,,,,,,,,
SSU000576,,,판매가능,,정보 최초 입력,,,2023.5.30 4:56오후,,2023.5.30,2026.9.3,,recfl6ber0Bv9WfhT,https://airtable.com/shr5t1qyPKytJvVBY?prefill_fldziB6bVRltNvUis=,576,,,,,,,,
SSU000577,,,판매가능,,정보 최초 입력,,,2023.5.30 4:56오후,,2023.5.30,2026.9.3,,reclgdXdk9UyhxckH,https://airtable.com/shr5t1qyPKytJvVBY?prefill_fldziB6bVRltNvUis=,577,,,,,,,,
SSU000578,,PT3083-골프공(브리지스톤.투어비X)_화이트,판매가능,안다정,정보 최초 입력,"프레젠트 골프공 3구, 에디션 골프공 & 볼마커 6구 세트","PSGB, EDGB",2023.5.30 4:56오후,,2023.5.30,2026.9.3,recBTm98iWaSOnz87,recBTm98iWaSOnz87,https://airtable.com/shr5t1qyPKytJvVBY?prefill_fldziB6bVRltNvUis=recBTm98iWaSOnz87,578,안다정,PT3083-골프공(브리지스톤.투어비X)_화이트,,협력사,,,Product Parts,
SSU000579,,PT3085-배송용박스(전용)(KLB),판매가능,안다정,정보 최초 입력,낫씽 설거지비누,QWER,2023.5.30 4:56오후,,2023.5.30,2026.9.3,recYh0qV5AoilRsOZ,recYh0qV5AoilRsOZ,https://airtable.com/shr5t1qyPKytJvVBY?prefill_fldziB6bVRltNvUis=recYh0qV5AoilRsOZ,579,안다정,PT3085-배송용박스(전용)(KLB),,신시어리,,,Package Parts,
SSU000580,,PT3086-휴대용치약(언파차차20g)_화이트,판매가능,정승윤,정보 최초 입력,"스탠드-업 칫솔, 라운드 밤부 칫솔","STTB, RBTB",2023.5.30 4:56오후,2023.6.12 4:33오후,2023.5.30,2023.6.11,recBgB2Y0AhgyNZLJ,,https://airtable.com/shr5t1qyPKytJvVBY?prefill_fldziB6bVRltNvUis=recBgB2Y0AhgyNZLJ,580,정승윤,PT3086-휴대용치약(언파차차20g)_화이트,,협력사,,,Product Parts,
SSU000581,,,판매가능,,정보 최초 입력,,,2023.5.30 4:56오후,,2023.5.30,2026.9.3,,recwJpgl3qBLdcLkm,https://airtable.com/shr5t1qyPKytJvVBY?prefill_fldziB6bVRltNvUis=,581,,,,,,,,
SSU000582,,,판매가능,,정보 최초 입력,,,2023.5.30 4:56오후,,2023.5.30,2026.9.3,,rec9f0GjC9titn5wh,https://airtable.com/shr5t1qyPKytJvVBY?prefill_fldziB6bVRltNvUis=,582,,,,,,,,
SSU000583,,,판매가능,김민지,정보 최초 입력,,,2023.5.30 4:56오후,2025.2.11 2:05오후,2023.5.30,2025.2.10,,,https://airtable.com/shr5t1qyPKytJvVBY?prefill_fldziB6bVRltNvUis=,583,김민지,,,,,,,
SSU000584,,,판매가능,김민지,정보 최초 입력,,,2023.5.30 4:56오후,2023.7.11 4:53오후,2023.5.30,2023.7.10,,,https://airtable.com/shr5t1qyPKytJvVBY?prefill_fldziB6bVRltNvUis=,584,김민지,,,,,,,
SSU000585,,,판매가능,김민지,정보 최초 입력,,,2023.5.30 4:56오후,2023.7.12 7:07오후,2023.5.30,2023.7.11,,,https://airtable.com/shr5t1qyPKytJvVBY?prefill_fldziB6bVRltNvUis=,585,김민지,,,,,,,
SSU000586,,,판매가능,안다정,정보 최초 입력,,,2023.5.30 4:56오후,,2023.5.30,2026.9.3,,recX4IS8zcYAa2erb,https://airtable.com/shr5t1qyPKytJvVBY?prefill_fldziB6bVRltNvUis=,586,안다정,,,,,,,
SSU000587,,PT3135-포켓마켓백_블랙,판매가능,김민지,정보 최초 입력,포켓 마켓백,PKMK,2023.5.30 4:56오후,,2023.5.30,2026.9.3,rec0OGvaMDQEwAshn,rec0OGvaMDQEwAshn,https://airtable.com/shr5t1qyPKytJvVBY?prefill_fldziB6bVRltNvUis=rec0OGvaMDQEwAshn,587,김민지,PT3135-포켓마켓백_블랙,,생산,,,Product Parts,
SSU000588,,,판매가능,정승윤,정보 최초 입력,,,2023.5.30 4:56오후,,2023.5.30,2026.9.3,,recaqoVzNs0SEwUEJ,https://airtable.com/shr5t1qyPKytJvVBY?prefill_fldziB6bVRltNvUis=,588,정승윤,,,,,,,
SSU000589,,PT3149-미니멀스텐머그,판매가능,,정보 최초 입력,미니멀 스텐머그,MSTM,2023.5.30 4:56오후,2023.6.2 5:59오후,2023.5.30,2023.6.1,recuJFvJpuolxcxCG,,https://airtable.com/shr5t1qyPKytJvVBY?prefill_fldziB6bVRltNvUis=recuJFvJpuolxcxCG,589,,PT3149-미니멀스텐머그,,협력사,,,Product Parts,
SSU000590,,,판매가능,김민지,정보 최초 입력,,,2023.5.30 4:56오후,,2023.5.30,2026.9.3,,reccaDq4kMjahVegU,https://airtable.com/shr5t1qyPKytJvVBY?prefill_fldziB6bVRltNvUis=,590,김민지,,,,,,,
SSU000591,,PT3162-포시즌티셔츠_컬러,판매가능,안다정,정보 최초 입력,포시즌 티셔츠,FTSH,2023.5.30 4:56오후,,2023.5.30,2026.9.3,reckzJnW2VL9WR4F7,reckzJnW2VL9WR4F7,https://airtable.com/shr5t1qyPKytJvVBY?prefill_fldziB6bVRltNvUis=reckzJnW2VL9WR4F7,591,안다정,PT3162-포시즌티셔츠_컬러,,협력사,,,Product Parts,
SSU000592,,,판매가능,정승윤,정보 최초 입력,,,2023.5.30 4:56오후,,2023.5.30,2026.9.3,,rechACvoAksr5Rgkc,https://airtable.com/shr5t1qyPKytJvVBY?prefill_fldziB6bVRltNvUis=,592,정승윤,,,,,,,
SSU000593,,PT3184-더블업트래블파우치(S),판매가능,김민지,정보 최초 입력,더블업 트래블 파우치,DTPL,2023.5.30 4:56오후,,2023.5.30,2026.9.3,recXJLpmTjfgqguUV,recXJLpmTjfgqguUV,https://airtable.com/shr5t1qyPKytJvVBY?prefill_fldziB6bVRltNvUis=recXJLpmTjfgqguUV,593,김민지,PT3184-더블업트래블파우치(S),,생산,,,Product Parts,
SSU000594,,PT3185-더블업트래블파우치(L),판매가능,김민지,정보 최초 입력,더블업 트래블 파우치,DTPL,2023.5.30 4:56오후,,2023.5.30,2026.9.3,reckYgmUpinIwjSRs,reckYgmUpinIwjSRs,https://airtable.com/shr5t1qyPKytJvVBY?prefill_fldziB6bVRltNvUis=reckYgmUpinIwjSRs,594,김민지,PT3185-더블업트래블파우치(L),,생산,,,Product Parts,
SSU000595,,PT3200-캐리미와인잔(컵부분),판매가능,김민지,정보 최초 입력,"Carry me 와인잔, 셀렉티브 전동오프너&와인잔 세트","CMWG, WWST",2023.5.30 4:56오후,2025.10.16 11:15오전,2023.5.30,2025.10.15,recypLtI59ROrBLwz,,https://airtable.com/shr5t1qyPKytJvVBY?prefill_fldziB6bVRltNvUis=recypLtI59ROrBLwz,595,김민지,PT3200-캐리미와인잔(컵부분),,신시어리,,,Product Parts,
SSU000596,,PT3201-캐리미와인잔(받침대)_투명,판매가능,김민지,정보 최초 입력,"Carry me 와인잔, 셀렉티브 전동오프너&와인잔 세트","CMWG, WWST",2023.5.30 4:56오후,,2023.5.30,2026.9.3,recvGni8DGIyoF85g,recvGni8DGIyoF85g,https://airtable.com/shr5t1qyPKytJvVBY?prefill_fldziB6bVRltNvUis=recvGni8DGIyoF85g,596,김민지,PT3201-캐리미와인잔(받침대)_투명,,신시어리,,,Product Parts,
SSU000597,,PT3202-캐리미와인잔(1개입케이스),판매가능,김민지,정보 최초 입력,Carry me 와인잔,CMWG,2023.5.30 4:56오후,,2023.5.30,2026.9.3,recG0oU2rIRM9ZOkT,recG0oU2rIRM9ZOkT,https://airtable.com/shr5t1qyPKytJvVBY?prefill_fldziB6bVRltNvUis=recG0oU2rIRM9ZOkT,597,김민지,PT3202-캐리미와인잔(1개입케이스),,신시어리,,,Product Parts,
SSU000598,,PT3203-캐리미와인잔(2개입케이스),판매가능,김민지,정보 최초 입력,Carry me 와인잔,CMWG,2023.5.30 4:56오후,,2023.5.30,2026.9.3,rec1H1xY4gQyzRqWZ,rec1H1xY4gQyzRqWZ,https://airtable.com/shr5t1qyPKytJvVBY?prefill_fldziB6bVRltNvUis=rec1H1xY4gQyzRqWZ,598,김민지,PT3203-캐리미와인잔(2개입케이스),,신시어리,,,Product Parts,
SSU000599,,PT3205-바이브캠핑쿨러,판매가능,,정보 최초 입력,바이브 캠핑쿨러,VBCC,2023.5.30 4:56오후,2024.9.11 11:39오전,2023.5.30,2024.9.10,recQjoW8ycc70aNm3,,https://airtable.com/shr5t1qyPKytJvVBY?prefill_fldziB6bVRltNvUis=recQjoW8ycc70aNm3,599,,PT3205-바이브캠핑쿨러,,신시어리,,,Product Parts,
SSU000600,,,판매가능,,정보 최초 입력,,,2023.5.30 4:56오후,,2023.5.30,2026.9.3,,recANlFZ5BWIKGkyz,https://airtable.com/shr5t1qyPKytJvVBY?prefill_fldziB6bVRltNvUis=,600,,,,,,,,
SSU000601,,PT3215-포시즌티셔츠(XXL.XXXL)_컬러,판매가능,안다정,정보 최초 입력,포시즌 티셔츠,FTSH,2023.5.30 4:56오후,,2023.5.30,2026.9.3,recabIzUq3TPMtUPf,recabIzUq3TPMtUPf,https://airtable.com/shr5t1qyPKytJvVBY?prefill_fldziB6bVRltNvUis=recabIzUq3TPMtUPf,601,안다정,PT3215-포시즌티셔츠(XXL.XXXL)_컬러,,협력사,,,Product Parts,
SSU000603,checked,,품절예정,김민정,"10W는 현재 300개까지만 판매가 가능하며, 이후 품절입니다.

사유: 협력사에서 10W 더이상 생산하지 않고, 15w만 판매함. ",,,2023.6.2 4:16오후,2023.6.12 3:02오후,2023.6.2,2023.6.11,,,https://airtable.com/shr5t1qyPKytJvVBY?prefill_fldziB6bVRltNvUis=,603,김민정,,,,,,,
SSU000604,checked,PT3149-미니멀스텐머그,일시품절,,"협력사 재고 품절.
6월 19일 입고예정",미니멀 스텐머그,MSTM,2023.6.2 5:59오후,2023.6.9 3:46오후,2023.6.2,2023.6.8,recuJFvJpuolxcxCG,,https://airtable.com/shr5t1qyPKytJvVBY?prefill_fldziB6bVRltNvUis=recuJFvJpuolxcxCG,604,,PT3149-미니멀스텐머그,,협력사,,,Product Parts,
SSU000606,checked,,제품 철수(졸업),,"6/2 원가가 b2c 수준으로 올라서, 판매가 어렵습니다. 차주 졸업논의 예정입니다.
",,,2023.6.5 4:34오후,,2023.6.5,2026.9.3,,recsJW7rlntoChZgZ,https://airtable.com/shr5t1qyPKytJvVBY?prefill_fldziB6bVRltNvUis=,606,,,,,,,,
SSU000607,checked,PT1200-스펙트럼컬러펜(컬러잉크)_다크네이비,일시품절,김민지,6월 12일 재입고 예정.,스펙트럼 컬러펜,SPCP,2023.6.5 4:40오후,2023.6.9 4:07오후,2023.6.5,2023.6.8,reco3fXNhxhapSegS,,https://airtable.com/shr5t1qyPKytJvVBY?prefill_fldziB6bVRltNvUis=reco3fXNhxhapSegS,607,김민지,PT1200-스펙트럼컬러펜(컬러잉크)_다크네이비,,협력사,,,Product Parts,
SSU000608,checked,PT1202-스펙트럼컬러펜(컬러잉크)_다크그린,일시품절,김민지,6월 12일 재입고 예정,스펙트럼 컬러펜,SPCP,2023.6.5 4:41오후,2023.6.9 4:09오후,2023.6.5,2023.6.8,recICZfqZ5l4YVeQ5,,https://airtable.com/shr5t1qyPKytJvVBY?prefill_fldziB6bVRltNvUis=recICZfqZ5l4YVeQ5,608,김민지,PT1202-스펙트럼컬러펜(컬러잉크)_다크그린,,협력사,,,Product Parts,
SSU000609,,,판매가능,김민정,"신시어리 재고 755개 확보. 6월 15일 입고 예정이며, 이후 판매 가능합니다. 

재고가 한정적이라, 발주 전(또는 응대 전) 신시어리 재고 수량 확인 부탁드립니다.",,,2023.6.5 5:02오후,2023.7.6 10:54오전,2023.6.5,2023.7.5,,,https://airtable.com/shr5t1qyPKytJvVBY?prefill_fldziB6bVRltNvUis=,609,김민정,,,,,,,
SSU000610,,PT1136-스탠드업칫솔_화이트,일시품절,김민정,"재고 소진으로 일시품절입니다. 
재입고 예정일: 6월 말

아래 프로젝트까지는 사용 가능합니다. 
PNA17398-에이피알
PNA18776-와이즈와이어즈",스탠드-업 칫솔,STTB,2023.6.8 5:27오후,2023.6.19 12:34오후,2023.6.8,2023.6.18,recMNS5lcrNwpZKcF,,https://airtable.com/shr5t1qyPKytJvVBY?prefill_fldziB6bVRltNvUis=recMNS5lcrNwpZKcF,610,김민정,PT1136-스탠드업칫솔_화이트,,신시어리,,,Product Parts,
SSU000611,checked,PT1200-스펙트럼컬러펜(컬러잉크)_다크네이비,판매가능,김민정,협력사 제품 입고,스펙트럼 컬러펜,SPCP,2023.6.9 4:07오후,2024.2.20 4:16오후,2023.6.9,2024.2.19,reco3fXNhxhapSegS,,https://airtable.com/shr5t1qyPKytJvVBY?prefill_fldziB6bVRltNvUis=reco3fXNhxhapSegS,611,김민정,PT1200-스펙트럼컬러펜(컬러잉크)_다크네이비,,협력사,,,Product Parts,
SSU000612,checked,PT1202-스펙트럼컬러펜(컬러잉크)_다크그린,판매가능,김민정,협력사 제품입고,스펙트럼 컬러펜,SPCP,2023.6.9 4:09오후,2023.7.11 12:04오후,2023.6.9,2023.7.10,recICZfqZ5l4YVeQ5,,https://airtable.com/shr5t1qyPKytJvVBY?prefill_fldziB6bVRltNvUis=recICZfqZ5l4YVeQ5,612,김민정,PT1202-스펙트럼컬러펜(컬러잉크)_다크그린,,협력사,,,Product Parts,
SSU000613,checked,,일시품절,김민지,협력사 일시품절,,,2023.6.12 11:22오전,2023.6.27 10:26오전,2023.6.12,2023.6.26,,,https://airtable.com/shr5t1qyPKytJvVBY?prefill_fldziB6bVRltNvUis=,613,김민지,,,,,,,
SSU000615,,,제품 철수(졸업),김민정,"재고 소진 완료!! 
15W만 판매 가능합니다. ",,,2023.6.12 3:02오후,2023.6.14 12:04오후,2023.6.12,2023.6.13,,,https://airtable.com/shr5t1qyPKytJvVBY?prefill_fldziB6bVRltNvUis=,615,김민정,,,,,,,
SSU000616,,PT3086-휴대용치약(언파차차20g)_화이트,일시품절,정승윤,협력사 재고 품절로 2개월 후 입하예정,"스탠드-업 칫솔, 라운드 밤부 칫솔","STTB, RBTB",2023.6.12 4:33오후,2023.10.13 3:15오후,2023.6.12,2023.10.12,recBgB2Y0AhgyNZLJ,,https://airtable.com/shr5t1qyPKytJvVBY?prefill_fldziB6bVRltNvUis=recBgB2Y0AhgyNZLJ,616,정승윤,PT3086-휴대용치약(언파차차20g)_화이트,,협력사,,,Product Parts,
SSU000617,,,일시품절,김민정,"재고 소진.

추가 재고 매입 수량 및 일정은 확인 후 다시 공유드리겠습니다. ",,,2023.6.12 6:31오후,2023.7.14 11:12오전,2023.6.12,2023.7.13,,,https://airtable.com/shr5t1qyPKytJvVBY?prefill_fldziB6bVRltNvUis=,617,김민정,,,,,,,
SSU000618,,,제품 철수(졸업),김민정,"용지 단종으로 품절입니다.

PT0543-골지트레이박스_블랙_200-1 으로 대체되며,
규격은 동일하고 평량만 변경된 것이라 따로 고객 안내가 필요하지는 않습니다.

PT0543 : 삼원 하이보드 45 블랙 440g
PT2816 : 삼원 하이보드 45A 하이블랙 400g",,,2023.6.13 5:08오후,,2023.6.13,2026.9.3,,recYNCbUtxvh0qXuf,https://airtable.com/shr5t1qyPKytJvVBY?prefill_fldziB6bVRltNvUis=,618,김민정,,,,,,,
SSU000619,,,판매가능,김민정,고객 주문건이 15W로 변경되어 다시 판매 재개합니다.. 남은 재고 수량은 300개 입니다.,,,2023.6.14 12:04오후,2023.12.14 5:17오후,2023.6.14,2023.12.13,,,https://airtable.com/shr5t1qyPKytJvVBY?prefill_fldziB6bVRltNvUis=,619,김민정,,,,,,,
SSU000620,,PT3149-미니멀스텐머그,판매가능,,6/19 협력사에 미니멀스텐머그 3000개 입고예정으로 미리 품절해지진행합니다. 참고 부탁드립니다.,미니멀 스텐머그,MSTM,2023.6.14 2:15오후,2025.11.5 11:50오전,2023.6.14,2025.11.4,recuJFvJpuolxcxCG,,https://airtable.com/shr5t1qyPKytJvVBY?prefill_fldziB6bVRltNvUis=recuJFvJpuolxcxCG,620,,PT3149-미니멀스텐머그,,협력사,,,Product Parts,
SSU000621,,PT1400-에디트캘린더_삼각대_블랙,판매가능,김민정,,에디트 캘린더,EDCD,2023.6.19 11:38오전,2025.12.29 10:07오전,2023.6.19,2025.12.28,rec2WdHCbTSw83d6a,,https://airtable.com/shr5t1qyPKytJvVBY?prefill_fldziB6bVRltNvUis=rec2WdHCbTSw83d6a,621,김민정,PT1400-에디트캘린더_삼각대_블랙,,생산,,,Product Parts,
SSU000622,,PT1399-에디트캘린더_삼각대_그레이,일시품절,김민정,"에디트 캘린더 삼각대 그레이는 품절입니다.
4분기 대비 재고 매입 일정이 확정되면, 재입고일 공유드리겠습니다.

삼각대의 경우 재고 생산기간이 2주 정도라서,
대량 문의건이 있으신 경우, 공유 및 일정 확인 후 진행해주셔도 좋을 것 같습니다.",에디트 캘린더,EDCD,2023.6.19 11:42오전,2023.6.21 2:30오후,2023.6.19,2023.6.20,recT8vulSNDBhnw20,,https://airtable.com/shr5t1qyPKytJvVBY?prefill_fldziB6bVRltNvUis=recT8vulSNDBhnw20,622,김민정,PT1399-에디트캘린더_삼각대_그레이,,생산,,,Product Parts,
SSU000623,,PT1136-스탠드업칫솔_화이트,품절예정,김민정,"현재 일시품절이나, 고객 발주가 보류되어 200개까지 판매가 가능합니다. 

2,000개 재입고일은 6월 말입니다.",스탠드-업 칫솔,STTB,2023.6.19 12:34오후,2023.6.27 12:29오후,2023.6.19,2023.6.26,recMNS5lcrNwpZKcF,,https://airtable.com/shr5t1qyPKytJvVBY?prefill_fldziB6bVRltNvUis=recMNS5lcrNwpZKcF,623,김민정,PT1136-스탠드업칫솔_화이트,,신시어리,,,Product Parts,
SSU000624,,PT0733-노트북스탠드패드_패드_다크그레이,일시품절,김민정,재고 소진으로 일시품절입니다. 재입고일은 추후 다시 공유드리겠습니다.,노트북 스탠드패드,NSTP,2023.6.19 4:29오후,2023.8.1 11:20오전,2023.6.19,2023.7.31,recZIByBQzefhMHlb,,https://airtable.com/shr5t1qyPKytJvVBY?prefill_fldziB6bVRltNvUis=recZIByBQzefhMHlb,624,김민정,PT0733-노트북스탠드패드_패드_다크그레이,,신시어리,,,Product Parts,
SSU000625,,PT1399-에디트캘린더_삼각대_그레이,판매가능,김민정,,에디트 캘린더,EDCD,2023.6.21 2:30오후,,2023.6.21,2026.9.3,recT8vulSNDBhnw20,recT8vulSNDBhnw20,https://airtable.com/shr5t1qyPKytJvVBY?prefill_fldziB6bVRltNvUis=recT8vulSNDBhnw20,625,김민정,PT1399-에디트캘린더_삼각대_그레이,,생산,,,Product Parts,
SSU000626,,PT2803-페이퍼링캘린더_삼각대_블랙,판매가능,김민정,,페이퍼링 캘린더,PIPR,2023.6.21 2:32오후,2025.11.20 3:32오후,2023.6.21,2025.11.19,rectxYluXEzBTyvJj,,https://airtable.com/shr5t1qyPKytJvVBY?prefill_fldziB6bVRltNvUis=rectxYluXEzBTyvJj,626,김민정,PT2803-페이퍼링캘린더_삼각대_블랙,,생산,,,Product Parts,
SSU000627,,,판매가능,김민정,재입고 (협력사 재고),,,2023.6.22 3:31오후,2025.2.3 10:44오전,2023.6.22,2025.2.2,,,https://airtable.com/shr5t1qyPKytJvVBY?prefill_fldziB6bVRltNvUis=,627,김민정,,,,,,,
SSU000628,,,일시품절,,7/21 블랙색상 1000개 협력사 입고예정입니다. (신시어리전용재고X),,,2023.6.26 5:13오후,2023.7.19 11:52오전,2023.6.26,2023.7.18,,,https://airtable.com/shr5t1qyPKytJvVBY?prefill_fldziB6bVRltNvUis=,628,,,,,,,,
SSU000629,,PT2969-메시지캐리어파우치_실버,품절예정,김민정,"협력사 재고 400개로 확인하였으나,
빠르게 소진되고 있어 프로젝트 진행 전 재고 문의 부탁드립니다.",메시지 캐리어 파우치,MSGC,2023.6.26 5:29오후,2023.6.28 1:51오후,2023.6.26,2023.6.27,recWZPxXHsjnxuXpC,,https://airtable.com/shr5t1qyPKytJvVBY?prefill_fldziB6bVRltNvUis=recWZPxXHsjnxuXpC,629,김민정,PT2969-메시지캐리어파우치_실버,,신시어리,,,Product Parts,
SSU000630,,,판매가능,김민지,협력사에 유포스티커 용지 재입고됨.,,,2023.6.27 10:26오전,,2023.6.27,2026.9.3,,rec0L1ZziQamYzcfm,https://airtable.com/shr5t1qyPKytJvVBY?prefill_fldziB6bVRltNvUis=,630,김민지,,,,,,,
SSU000631,,PT1136-스탠드업칫솔_화이트,판매가능,김민지,6/28 에이원으로 재고 입고 예정,스탠드-업 칫솔,STTB,2023.6.27 12:29오후,2024.4.2 3:56오후,2023.6.27,2024.4.1,recMNS5lcrNwpZKcF,,https://airtable.com/shr5t1qyPKytJvVBY?prefill_fldziB6bVRltNvUis=recMNS5lcrNwpZKcF,631,김민지,PT1136-스탠드업칫솔_화이트,,신시어리,,,Product Parts,
SSU000632,,PT2969-메시지캐리어파우치_실버,일시품절,,,메시지 캐리어 파우치,MSGC,2023.6.28 1:51오후,2023.7.19 11:57오전,2023.6.28,2023.7.18,recWZPxXHsjnxuXpC,,https://airtable.com/shr5t1qyPKytJvVBY?prefill_fldziB6bVRltNvUis=recWZPxXHsjnxuXpC,632,,PT2969-메시지캐리어파우치_실버,,신시어리,,,Product Parts,
SSU000633,,PT1084-센텐스펜_레드,판매가능,,협력사 재입고완료 (신시어리 전용재고X),센텐스 펜,STCP,2023.6.28 3:08오후,2024.2.1 3:26오후,2023.6.28,2024.1.31,recV2TxyCaQIFXMEX,,https://airtable.com/shr5t1qyPKytJvVBY?prefill_fldziB6bVRltNvUis=recV2TxyCaQIFXMEX,633,,PT1084-센텐스펜_레드,,협력사,,,Product Parts,
SSU000634,,PT1088-센텐스펜_라이트블루,판매가능,,협력사 재입고완료,센텐스 펜,STCP,2023.6.29 2:14오후,2023.9.14 3:21오후,2023.6.29,2023.9.13,recs2X65kSftvLPlG,,https://airtable.com/shr5t1qyPKytJvVBY?prefill_fldziB6bVRltNvUis=recs2X65kSftvLPlG,634,,PT1088-센텐스펜_라이트블루,,협력사,,,Product Parts,
SSU000635,,,품절예정,김민정,"50개까지 판매 가능합니다.

핑거팬 판매 moq가 100개로, 다른 색상 핑거링과 혼합하여 사용이 필요합니다.",,,2023.7.5 3:07오후,2023.7.6 7:07오후,2023.7.5,2023.7.5,,,https://airtable.com/shr5t1qyPKytJvVBY?prefill_fldziB6bVRltNvUis=,635,김민정,,,,,,,
SSU000636,,,의도적 품절,김민지,"협력사 재고없음

**현재 재입고 일정, 수량 파악중으로 일정 확인 후 공유드리겠습니다.",,,2023.7.6 10:54오전,,2023.7.6,2026.9.3,,recEJvfqNIVsCZTtb,https://airtable.com/shr5t1qyPKytJvVBY?prefill_fldziB6bVRltNvUis=,636,김민지,,,,,,,
SSU000637,,,일시품절,김민지,"협력사 재고없음

**현재 재입고 일정, 수량 파악중으로 일정 확인 후 공유드리겠습니다.",,,2023.7.6 10:54오전,2023.7.10 12:17오후,2023.7.6,2023.7.9,,,https://airtable.com/shr5t1qyPKytJvVBY?prefill_fldziB6bVRltNvUis=,637,김민지,,,,,,,
SSU000638,,,제품 철수(졸업),김민정,단종으로 판매 불가입니다.,,,2023.7.6 12:06오후,,2023.7.6,2026.9.3,,rec0E875xqPQj8WWj,https://airtable.com/shr5t1qyPKytJvVBY?prefill_fldziB6bVRltNvUis=,638,김민정,,,,,,,
SSU000639,,,제품 철수(졸업),김민정,단종으로 판매 불가입니다.,,,2023.7.6 12:07오후,,2023.7.6,2026.9.3,,recQhyrtxE03EN7OM,https://airtable.com/shr5t1qyPKytJvVBY?prefill_fldziB6bVRltNvUis=,639,김민정,,,,,,,
SSU000640,,,제품 철수(졸업),김민정,단종으로 판매 불가입니다.,,,2023.7.6 12:07오후,,2023.7.6,2026.9.3,,reckctuBKChoYquR4,https://airtable.com/shr5t1qyPKytJvVBY?prefill_fldziB6bVRltNvUis=,640,김민정,,,,,,,
SSU000641,,,제품 철수(졸업),김민정,단종으로 판매 불가입니다.,,,2023.7.6 12:07오후,,2023.7.6,2026.9.3,,rec4YCgFTUgxZwqQH,https://airtable.com/shr5t1qyPKytJvVBY?prefill_fldziB6bVRltNvUis=,641,김민정,,,,,,,
SSU000642,,,제품 철수(졸업),김민정,단종으로 판매 불가입니다.,,,2023.7.6 12:07오후,,2023.7.6,2026.9.3,,recpWcHLCjAkBOoz9,https://airtable.com/shr5t1qyPKytJvVBY?prefill_fldziB6bVRltNvUis=,642,김민정,,,,,,,
SSU000643,,,의도적 품절,김민정,핑거링 그린 재고 소진으로 일시품절입니다.,,,2023.7.6 7:07오후,,2023.7.6,2026.9.3,,recfyZbEFoBRzNpPe,https://airtable.com/shr5t1qyPKytJvVBY?prefill_fldziB6bVRltNvUis=,643,김민정,,,,,,,
SSU000644,,,판매가능,김민지,화이트 재고 500개 7/14 입고 예정입니다.,,,2023.7.10 12:17오후,2023.9.11 9:26오후,2023.7.10,2023.9.10,,,https://airtable.com/shr5t1qyPKytJvVBY?prefill_fldziB6bVRltNvUis=,644,김민지,,,,,,,
SSU000645,,PT1202-스펙트럼컬러펜(컬러잉크)_다크그린,일시품절,김민지,"9월 초 재입고 예정
",스펙트럼 컬러펜,SPCP,2023.7.11 12:04오후,2023.8.31 4:09오후,2023.7.11,2023.8.30,recICZfqZ5l4YVeQ5,,https://airtable.com/shr5t1qyPKytJvVBY?prefill_fldziB6bVRltNvUis=recICZfqZ5l4YVeQ5,645,김민지,PT1202-스펙트럼컬러펜(컬러잉크)_다크그린,,협력사,,,Product Parts,
SSU000646,,,제품 철수(졸업),김민지,협력사 컬러 단종,,,2023.7.11 4:53오후,,2023.7.11,2026.9.3,,recCzf5HMUUcVurG1,https://airtable.com/shr5t1qyPKytJvVBY?prefill_fldziB6bVRltNvUis=,646,김민지,,,,,,,
SSU000647,,,품절예정,김민정,협력사 재고 소진 후 단종 예정인 컬러입니다.,,,2023.7.12 7:07오후,,2023.7.12,2026.9.3,,recnHkfED3W3hVMVd,https://airtable.com/shr5t1qyPKytJvVBY?prefill_fldziB6bVRltNvUis=,647,김민정,,,,,,,
SSU000648,,PT2970-메시지캐리어파우치_메탈그레이,일시품절,김민정,재고 소진,메시지 캐리어 파우치,MSGC,2023.7.13 4:29오후,2023.8.14 11:09오전,2023.7.13,2023.8.13,recT95r7975gjV8H4,,https://airtable.com/shr5t1qyPKytJvVBY?prefill_fldziB6bVRltNvUis=recT95r7975gjV8H4,648,김민정,PT2970-메시지캐리어파우치_메탈그레이,,신시어리,,,Product Parts,
SSU000649,,,판매가능,김민정,차주 재고 입고 예정으로 판매 재개합니다. :),,,2023.7.14 11:12오전,2023.10.24 12:09오후,2023.7.14,2023.10.23,,,https://airtable.com/shr5t1qyPKytJvVBY?prefill_fldziB6bVRltNvUis=,649,김민정,,,,,,,
SSU000650,,,일시품절,김민지,재입고 8월 중순,,,2023.7.17 10:35오전,2023.8.14 1:12오후,2023.7.17,2023.8.13,,,https://airtable.com/shr5t1qyPKytJvVBY?prefill_fldziB6bVRltNvUis=,650,김민지,,,,,,,
SSU000651,,,판매가능,김민정,협력사 재고 입고,,,2023.7.19 11:52오전,2023.8.3 11:03오전,2023.7.19,2023.8.2,,,https://airtable.com/shr5t1qyPKytJvVBY?prefill_fldziB6bVRltNvUis=,651,김민정,,,,,,,
SSU000652,,PT2969-메시지캐리어파우치_실버,판매가능,김민정,협력사 재고 입고,메시지 캐리어 파우치,MSGC,2023.7.19 11:57오전,2023.8.22 5:54오후,2023.7.19,2023.8.21,recWZPxXHsjnxuXpC,,https://airtable.com/shr5t1qyPKytJvVBY?prefill_fldziB6bVRltNvUis=recWZPxXHsjnxuXpC,652,김민정,PT2969-메시지캐리어파우치_실버,,신시어리,,,Product Parts,
SSU000653,,,제품 철수(졸업),김민정,협력사 재고 소진 및 단종으로 판매 불가입니다.,,,2023.7.19 12:14오후,,2023.7.19,2026.9.3,,rec0kqmA269U8gq2N,https://airtable.com/shr5t1qyPKytJvVBY?prefill_fldziB6bVRltNvUis=,653,김민정,,,,,,,
SSU000654,,,제품 철수(졸업),김민정,협력사 재고 소진 및 단종으로 판매 불가입니다.,,,2023.7.19 12:15오후,,2023.7.19,2026.9.3,,recr7wA4c1WmLwvju,https://airtable.com/shr5t1qyPKytJvVBY?prefill_fldziB6bVRltNvUis=,654,김민정,,,,,,,
SSU000655,,,품절예정,김민정,핑거링 블랙 130개까지 판매 가능합니다.,,,2023.7.20 10:37오전,,2023.7.20,2026.9.3,,rechpnLiAdz9ipftU,https://airtable.com/shr5t1qyPKytJvVBY?prefill_fldziB6bVRltNvUis=,655,김민정,,,,,,,
SSU000656,,PT0818-라운드밤부칫솔(성인용)_화이트,일시품절,,협력사 재입고분 제품 품질이슈로 재생산필요하여 8/18경 재입고예정,라운드 밤부 칫솔,RBTB,2023.7.25 11:08오전,2023.9.6 4:40오후,2023.7.25,2023.9.5,recXf46cmRjx3R0u1,,https://airtable.com/shr5t1qyPKytJvVBY?prefill_fldziB6bVRltNvUis=recXf46cmRjx3R0u1,656,,PT0818-라운드밤부칫솔(성인용)_화이트,,협력사,,,Product Parts,
SSU000657,,PT1079-센텐스펜_다크그린,일시품절,,협력사 대량 발주건으로 재고 품절입니다. 재입고예정일은 9월 26일입니다.,센텐스 펜,STCP,2023.7.26 10:01오전,2023.9.21 3:06오후,2023.7.26,2023.9.20,recn0fbU4Xv57WkdK,,https://airtable.com/shr5t1qyPKytJvVBY?prefill_fldziB6bVRltNvUis=recn0fbU4Xv57WkdK,657,,PT1079-센텐스펜_다크그린,,협력사,,,Product Parts,
SSU000658,,PT0733-노트북스탠드패드_패드_다크그레이,판매가능,김민지,재고 입고됨,노트북 스탠드패드,NSTP,2023.8.1 11:20오전,2024.1.8 6:12오후,2023.8.1,2024.1.7,recZIByBQzefhMHlb,,https://airtable.com/shr5t1qyPKytJvVBY?prefill_fldziB6bVRltNvUis=recZIByBQzefhMHlb,658,김민지,PT0733-노트북스탠드패드_패드_다크그레이,,신시어리,,,Product Parts,
SSU000659,checked,,일시품절,김민정,협력사 재고 소진,,,2023.8.3 11:03오전,2023.9.8 11:24오전,2023.8.3,2023.9.7,,,https://airtable.com/shr5t1qyPKytJvVBY?prefill_fldziB6bVRltNvUis=,659,김민정,,,,,,,
SSU000660,,PT2970-메시지캐리어파우치_메탈그레이,판매가능,안다정,곧 재입고 예정으로 판매가능으로 사전변경,메시지 캐리어 파우치,MSGC,2023.8.14 11:09오전,2023.9.8 11:25오전,2023.8.14,2023.9.7,recT95r7975gjV8H4,,https://airtable.com/shr5t1qyPKytJvVBY?prefill_fldziB6bVRltNvUis=recT95r7975gjV8H4,660,안다정,PT2970-메시지캐리어파우치_메탈그레이,,신시어리,,,Product Parts,
SSU000661,,,판매가능,김민지,8/21 재입고 예정입니다.,,,2023.8.14 1:12오후,2023.9.20 3:11오후,2023.8.14,2023.9.19,,,https://airtable.com/shr5t1qyPKytJvVBY?prefill_fldziB6bVRltNvUis=,661,김민지,,,,,,,
SSU000662,,,품절예정,김민정,"100개 판매 가능합니다..
재입고일은 확인 중으로 다시 공유드리겠습니다.",,,2023.8.18 10:37오전,2023.8.21 4:43오후,2023.8.18,2023.8.20,,,https://airtable.com/shr5t1qyPKytJvVBY?prefill_fldziB6bVRltNvUis=,662,김민정,,,,,,,
SSU000663,,,일시품절,김민정,"재고 소진.
재입고일은 공장에 확인 중으로, 다시 공유드리겠습니다. ",,,2023.8.21 4:43오후,2023.9.20 10:30오전,2023.8.21,2023.9.19,,,https://airtable.com/shr5t1qyPKytJvVBY?prefill_fldziB6bVRltNvUis=,663,김민정,,,,,,,
SSU000664,,PT1085-센텐스펜_화이트,일시품절,,협력사 제품 소진으로 9월말 재입고예정,센텐스 펜,STCP,2023.8.22 11:12오전,2023.9.26 2:11오후,2023.8.22,2023.9.25,recveOA2fHJVXQbPE,,https://airtable.com/shr5t1qyPKytJvVBY?prefill_fldziB6bVRltNvUis=recveOA2fHJVXQbPE,664,,PT1085-센텐스펜_화이트,,협력사,,,Product Parts,
SSU000665,,PT2969-메시지캐리어파우치_실버,일시품절,안다정,협력사 재고 소진,메시지 캐리어 파우치,MSGC,2023.8.22 5:54오후,2023.9.8 11:25오전,2023.8.22,2023.9.7,recWZPxXHsjnxuXpC,,https://airtable.com/shr5t1qyPKytJvVBY?prefill_fldziB6bVRltNvUis=recWZPxXHsjnxuXpC,665,안다정,PT2969-메시지캐리어파우치_실버,,신시어리,,,Product Parts,
SSU000666,,,일시품절,김민정,"재고 소진으로 일시품절이며, 재입고일은 9/15.. 입니다.",,,2023.8.23 11:28오전,2023.9.12 2:18오후,2023.8.23,2023.9.11,,,https://airtable.com/shr5t1qyPKytJvVBY?prefill_fldziB6bVRltNvUis=,666,김민정,,,,,,,
SSU000667,,,품절예정,김민정,"현재고(250개) 소진 후 일시 품절 예정입니다.
생산 moq가 높아져서 추후 문의량 추이를 보면서 추가 생산 여부를 결정할 예정입니다. ",,,2023.8.28 2:29오후,2024.1.12 4:48오후,2023.8.28,2024.1.11,,,https://airtable.com/shr5t1qyPKytJvVBY?prefill_fldziB6bVRltNvUis=,667,김민정,,,,,,,
SSU000668,checked,PT3177-굿스타트슈즈백_원단(재단)_블랙,일시품절,정승윤,"응대 재개는 9/13 진행될 예정입니다.
(즉 9/13 부터  제작진행 일정 계산시 판매는 가능합니다)
변경사유 : 자재(지퍼) 가 협력사에 품절되어 생산 중입니다..
",굿스타트 슈즈백,GSSH,2023.8.30 11:20오전,2023.9.15 11:05오전,2023.8.30,2023.9.14,recTlPczTrUMF6LT0,,https://airtable.com/shr5t1qyPKytJvVBY?prefill_fldziB6bVRltNvUis=recTlPczTrUMF6LT0,668,정승윤,PT3177-굿스타트슈즈백_원단(재단)_블랙,,생산,,,Product Parts,
SSU000669,checked,PT0901-뮤지엄머그_화이트,판매가능,김민정,"재고품목 단순화 대상이었으나, 추가 제작 진행함.",뮤지엄 머그,MMUG,2023.8.31 3:56오후,2023.11.28 2:26오후,2023.8.31,2023.11.27,recOjmlu8C4S06TJ9,,https://airtable.com/shr5t1qyPKytJvVBY?prefill_fldziB6bVRltNvUis=recOjmlu8C4S06TJ9,669,김민정,PT0901-뮤지엄머그_화이트,,신시어리,,,Product Parts,
SSU000670,,,일시품절,,"현재 레터링유리머그 본품에 유분기가 다량 존재하여 인쇄가 어려운 상황입니다. bk용제,아세톤, 알코올로 보수작업하여도 어려운 상황으로 협력사에서 공장쪽 컨택중으로 문제 해결될때까지 일시품절처리 진행합니다. 판매재개되면 공유드리겠습니다.",,,2023.8.31 4:06오후,2023.9.15 12:11오후,2023.8.31,2023.9.14,,,https://airtable.com/shr5t1qyPKytJvVBY?prefill_fldziB6bVRltNvUis=,670,,,,,,,,
SSU000671,,PT1202-스펙트럼컬러펜(컬러잉크)_다크그린,판매가능,김민지,재입고 완료,스펙트럼 컬러펜,SPCP,2023.8.31 4:09오후,2024.3.22 7:39오후,2023.8.31,2024.3.21,recICZfqZ5l4YVeQ5,,https://airtable.com/shr5t1qyPKytJvVBY?prefill_fldziB6bVRltNvUis=recICZfqZ5l4YVeQ5,671,김민지,PT1202-스펙트럼컬러펜(컬러잉크)_다크그린,,협력사,,,Product Parts,
SSU000672,,,제품 철수(졸업),,락앤락 협력사에서 더이상 본제품 생산계획없어 졸업시켜달라고 말씀주셨습니다.. 현재 협력사 잔여재고도 없습니다.,,,2023.9.4 1:56오후,,2023.9.4,2026.9.3,,recoH5zvdoVAqBvQY,https://airtable.com/shr5t1qyPKytJvVBY?prefill_fldziB6bVRltNvUis=,672,,,,,,,,
SSU000673,,,제품 철수(졸업),,락앤락 협력사에서 더이상 본제품 생산계획없어 졸업시켜달라고 말씀주셨습니다.. 현재 협력사 잔여재고도 없습니다.,,,2023.9.4 1:56오후,,2023.9.4,2026.9.3,,rechnncPPNJ5J6CKD,https://airtable.com/shr5t1qyPKytJvVBY?prefill_fldziB6bVRltNvUis=,673,,,,,,,,
SSU000675,,,의도적 품절,김민정,"현재고의 유통기한이 소비기한으로부터 6개월 미만으로, 불용재고로 전환되었습니다.
현재고는 모두 폐기 예정입니다. ",,,2023.9.4 2:21오후,,2023.9.4,2026.9.3,,rectNMd4B8fUAkIyt,https://airtable.com/shr5t1qyPKytJvVBY?prefill_fldziB6bVRltNvUis=,675,김민정,,,,,,,
SSU000676,,PT1078-센텐스펜_오렌지,일시품절,,협력사 일시품절,센텐스 펜,STCP,2023.9.5 10:44오전,2024.5.3 12:18오후,2023.9.5,2024.5.2,recvQoFMbsmDfJ2tB,,https://airtable.com/shr5t1qyPKytJvVBY?prefill_fldziB6bVRltNvUis=recvQoFMbsmDfJ2tB,676,,PT1078-센텐스펜_오렌지,,협력사,,,Product Parts,
SSU000677,,,일시품절,김민지,"협력사 재고 소진으로 10월첫주에 재입고 예정이라고 합니다. 
응대중인 프로젝트 건 있으시면 재고 입고 일정 참고 부탁드립니다.",,,2023.9.5 11:46오전,2023.9.19 4:17오후,2023.9.5,2023.9.18,,,https://airtable.com/shr5t1qyPKytJvVBY?prefill_fldziB6bVRltNvUis=,677,김민지,,,,,,,
SSU000678,,PT0818-라운드밤부칫솔(성인용)_화이트,판매가능,,협력사 재고입하완료되었습니다.,라운드 밤부 칫솔,RBTB,2023.9.6 4:40오후,2024.2.15 5:34오후,2023.9.6,2024.2.14,recXf46cmRjx3R0u1,,https://airtable.com/shr5t1qyPKytJvVBY?prefill_fldziB6bVRltNvUis=recXf46cmRjx3R0u1,678,,PT0818-라운드밤부칫솔(성인용)_화이트,,협력사,,,Product Parts,
SSU000679,,,판매가능,안다정,9/11 재입고예정으로 판매재개,,,2023.9.8 11:24오전,2023.10.18 10:05오전,2023.9.8,2023.10.17,,,https://airtable.com/shr5t1qyPKytJvVBY?prefill_fldziB6bVRltNvUis=,679,안다정,,,,,,,
SSU000680,,PT2969-메시지캐리어파우치_실버,판매가능,안다정,9/11 재입고예정으로 판매재개,메시지 캐리어 파우치,MSGC,2023.9.8 11:25오전,2023.9.22 12:51오후,2023.9.8,2023.9.21,recWZPxXHsjnxuXpC,,https://airtable.com/shr5t1qyPKytJvVBY?prefill_fldziB6bVRltNvUis=recWZPxXHsjnxuXpC,680,안다정,PT2969-메시지캐리어파우치_실버,,신시어리,,,Product Parts,
SSU000681,,PT2970-메시지캐리어파우치_메탈그레이,판매가능,안다정,9/11 재입고예정으로 판매재개,메시지 캐리어 파우치,MSGC,2023.9.8 11:25오전,2024.2.2 11:51오전,2023.9.8,2024.2.1,recT95r7975gjV8H4,,https://airtable.com/shr5t1qyPKytJvVBY?prefill_fldziB6bVRltNvUis=recT95r7975gjV8H4,681,안다정,PT2970-메시지캐리어파우치_메탈그레이,,신시어리,,,Product Parts,
SSU000682,checked,PT2833-퀵버튼링노트_플라스틱커버_반투명,판매가능,,정보 최초 입력,퀵 버튼링 노트,QBRN,2023.9.11 8:57오전,,2023.9.11,2026.9.3,recxisRC5VqHD804r,recxisRC5VqHD804r,https://airtable.com/shr5t1qyPKytJvVBY?prefill_fldziB6bVRltNvUis=recxisRC5VqHD804r,682,,PT2833-퀵버튼링노트_플라스틱커버_반투명,,신시어리,,,Product Parts,
SSU000683,checked,PT2834-퀵버튼링노트_종이커버(앞표지)_화이트+블랙인쇄,판매가능,,정보 최초 입력,퀵 버튼링 노트,QBRN,2023.9.11 8:57오전,,2023.9.11,2026.9.3,recrDGstZEt9HkrDH,recrDGstZEt9HkrDH,https://airtable.com/shr5t1qyPKytJvVBY?prefill_fldziB6bVRltNvUis=recrDGstZEt9HkrDH,683,,PT2834-퀵버튼링노트_종이커버(앞표지)_화이트+블랙인쇄,,신시어리,,,Product Parts,
SSU000684,checked,PT2836-버튼링_반투명,판매가능,,정보 최초 입력,퀵 버튼링 노트,QBRN,2023.9.11 9:00오전,2025.1.13 5:03오후,2023.9.11,2025.1.12,reclr8mOgGCtPx7PV,,https://airtable.com/shr5t1qyPKytJvVBY?prefill_fldziB6bVRltNvUis=reclr8mOgGCtPx7PV,684,,PT2836-버튼링_반투명,,신시어리,,,Product Parts,
SSU000685,checked,PT2852-퀵버튼링노트_내지세트,판매가능,,정보 최초 입력,퀵 버튼링 노트,QBRN,2023.9.11 9:01오전,,2023.9.11,2026.9.3,reckpd33uIxoAn3AC,reckpd33uIxoAn3AC,https://airtable.com/shr5t1qyPKytJvVBY?prefill_fldziB6bVRltNvUis=reckpd33uIxoAn3AC,685,,PT2852-퀵버튼링노트_내지세트,,신시어리,,,Product Parts,
SSU000686,checked,PT2853-페이퍼G형박스(스탠다드)_블랙,판매가능,,정보 최초 입력,Stationery 페이퍼박스,STBX,2023.9.11 9:01오전,,2023.9.11,2026.9.3,recScOe0KjgZfI00K,recScOe0KjgZfI00K,https://airtable.com/shr5t1qyPKytJvVBY?prefill_fldziB6bVRltNvUis=recScOe0KjgZfI00K,686,,PT2853-페이퍼G형박스(스탠다드)_블랙,,신시어리,,,Package Parts,
SSU000688,checked,PT3318-휴대용치약(언파차차30g)_블랙,판매가능,정승윤,정보 최초 입력,"스탠드-업 칫솔, 라운드 밤부 칫솔","STTB, RBTB",2023.9.11 9:04오전,2024.5.17 12:16오후,2023.9.11,2024.5.16,recTcV76vucflNOeC,,https://airtable.com/shr5t1qyPKytJvVBY?prefill_fldziB6bVRltNvUis=recTcV76vucflNOeC,688,정승윤,PT3318-휴대용치약(언파차차30g)_블랙,,협력사,,,Product Parts,
SSU000689,checked,,판매가능,정승윤,정보 최초 입력,,,2023.9.11 9:05오전,2023.10.18 11:48오전,2023.9.11,2023.10.17,,,https://airtable.com/shr5t1qyPKytJvVBY?prefill_fldziB6bVRltNvUis=,689,정승윤,,,,,,,
SSU000690,checked,PT3322-퀵버튼링노트_종이커버(뒷표지.무지)_화이트,판매가능,,정보 최초 입력,퀵 버튼링 노트,QBRN,2023.9.11 9:06오전,,2023.9.11,2026.9.3,rec4gIN3pAbju2Cyb,rec4gIN3pAbju2Cyb,https://airtable.com/shr5t1qyPKytJvVBY?prefill_fldziB6bVRltNvUis=rec4gIN3pAbju2Cyb,690,,PT3322-퀵버튼링노트_종이커버(뒷표지.무지)_화이트,,신시어리,,,Product Parts,
SSU000691,checked,PT3314-블리스터(전용)_투명,판매가능,안다정,정보 최초 입력,어썸그립,AXGR,2023.9.11 9:06오전,,2023.9.11,2026.9.3,recy4NWBnMTzns6Bs,recy4NWBnMTzns6Bs,https://airtable.com/shr5t1qyPKytJvVBY?prefill_fldziB6bVRltNvUis=recy4NWBnMTzns6Bs,691,안다정,PT3314-블리스터(전용)_투명,,신시어리,,,Package Parts,
SSU000692,,,의도적 품절,김민정,"여름 시즌이 종료되어 의도적 품절로 처리합니다.
(현 재고는 298개가 있어, 문의가 인입될 경우 판매 가능합니다.) ",,,2023.9.11 9:26오후,,2023.9.11,2026.9.3,,rec5keu1xSymSZO4O,https://airtable.com/shr5t1qyPKytJvVBY?prefill_fldziB6bVRltNvUis=,692,김민정,,,,,,,
SSU000693,,,판매가능,김민정,금주 재고 입고 예정으로 판매 재개 합니다.,,,2023.9.12 2:18오후,2025.10.14 5:47오후,2023.9.12,2025.10.13,,,https://airtable.com/shr5t1qyPKytJvVBY?prefill_fldziB6bVRltNvUis=,693,김민정,,,,,,,
SSU000694,,PT0794-사파리샤프_레드,제품 철수(졸업),,"협력사 재고소진으로 일시품절, 재입고시기미정",라미 사파리 펜,LAMY,2023.9.12 3:09오후,2026.4.30 3:47오후,2023.9.12,2026.4.29,recfxtfLCRehYZbnE,,https://airtable.com/shr5t1qyPKytJvVBY?prefill_fldziB6bVRltNvUis=recfxtfLCRehYZbnE,694,,PT0794-사파리샤프_레드,,협력사,,,Product Parts,
SSU000695,,PT1086-센텐스펜_라이트그린,일시품절,,협력사 재고 품절되었습니다. 재입고시기 미정입니다.,센텐스 펜,STCP,2023.9.14 3:20오후,2023.12.1 3:29오후,2023.9.14,2023.11.30,rec8BRBgFNFZxZGbQ,,https://airtable.com/shr5t1qyPKytJvVBY?prefill_fldziB6bVRltNvUis=rec8BRBgFNFZxZGbQ,695,,PT1086-센텐스펜_라이트그린,,협력사,,,Product Parts,
SSU000696,,PT1088-센텐스펜_라이트블루,일시품절,,협력사 재고 품절되었습니다.,센텐스 펜,STCP,2023.9.14 3:21오후,2024.5.21 3:02오후,2023.9.14,2024.5.20,recs2X65kSftvLPlG,,https://airtable.com/shr5t1qyPKytJvVBY?prefill_fldziB6bVRltNvUis=recs2X65kSftvLPlG,696,,PT1088-센텐스펜_라이트블루,,협력사,,,Product Parts,
SSU000697,,PT1081-센텐스펜_옐로우,일시품절,,협력사재고 품절되었습니다. 재입고시기 미정입니다.,센텐스 펜,STCP,2023.9.14 3:24오후,2024.5.3 12:18오후,2023.9.14,2024.5.2,recA9VTGb5Hz7R52z,,https://airtable.com/shr5t1qyPKytJvVBY?prefill_fldziB6bVRltNvUis=recA9VTGb5Hz7R52z,697,,PT1081-센텐스펜_옐로우,,협력사,,,Product Parts,
SSU000698,,PT1463-올블랙펜_스카이블루,일시품절,김민지,협력사 재고 일시품절,올 블랙 펜,ALBP,2023.9.14 4:46오후,2024.3.14 6:53오후,2023.9.14,2024.3.13,recYsxaHTIGO6YaOc,,https://airtable.com/shr5t1qyPKytJvVBY?prefill_fldziB6bVRltNvUis=recYsxaHTIGO6YaOc,698,김민지,PT1463-올블랙펜_스카이블루,,협력사,,,Product Parts,
SSU000699,,,판매가능,,협력사에서 컵 인쇄전 초음파세척진행하여 인쇄진행시 문제없다고 공유받아 제품 판매재개합니다. 참고 부탁드립니다.,,,2023.9.15 12:11오후,2023.11.16 3:55오후,2023.9.15,2023.11.15,,,https://airtable.com/shr5t1qyPKytJvVBY?prefill_fldziB6bVRltNvUis=,699,,,,,,,,
SSU000700,,,제품 철수(졸업),김민정,"재고 회전율이 낮고 moq 상승으로 옵션 단순화 대상.
재고 소진으로 의도적 품절입니다.",,,2023.9.15 1:20오후,,2023.9.15,2026.9.3,,recrIO1aSKzUqv8Pu,https://airtable.com/shr5t1qyPKytJvVBY?prefill_fldziB6bVRltNvUis=,700,김민정,,,,,,,
SSU000701,,,판매가능,김민지,협력사 재입고 완료,,,2023.9.19 4:17오후,2026.7.13 2:03오후,2023.9.19,2026.7.12,,,https://airtable.com/shr5t1qyPKytJvVBY?prefill_fldziB6bVRltNvUis=,701,김민지,,,,,,,
SSU000702,,,판매가능,김민정,"재고생산 1차분이 입고 예정으로 판매 재개 합니다. 

1차 수량이 550개 정도라서, 진행가능성이 있는 경우 구매팀에 꼭 공유 부탁드립니다. ",,,2023.9.20 10:30오전,2024.4.19 3:58오후,2023.9.20,2024.4.18,,,https://airtable.com/shr5t1qyPKytJvVBY?prefill_fldziB6bVRltNvUis=,702,김민정,,,,,,,
SSU000703,checked,PT3177-굿스타트슈즈백_원단(재단)_블랙,판매가능,정승윤,capa 확보로 품절해제 부탁드립니다,굿스타트 슈즈백,GSSH,2023.9.20 11:05오전,,2023.9.20,2026.9.3,recTlPczTrUMF6LT0,recTlPczTrUMF6LT0,https://airtable.com/shr5t1qyPKytJvVBY?prefill_fldziB6bVRltNvUis=recTlPczTrUMF6LT0,703,정승윤,PT3177-굿스타트슈즈백_원단(재단)_블랙,,생산,,,Product Parts,
SSU000704,,,일시품절,김민지,"협력사 재고 품절
10월 중순 재입고 예정 (정확한 일정은 추석이후 확인 가능)",,,2023.9.20 3:11오후,2023.11.6 12:29오후,2023.9.20,2023.11.5,,,https://airtable.com/shr5t1qyPKytJvVBY?prefill_fldziB6bVRltNvUis=,704,김민지,,,,,,,
SSU000705,checked,PT3325-리마커블UV칫솔살균기(C타입),판매가능,김민정,,리마커블 칫솔살균기,RMKB,2023.9.21 10:55오전,2024.6.21 10:16오전,2023.9.21,2024.6.20,recn9UvtcMZVjwSdb,,https://airtable.com/shr5t1qyPKytJvVBY?prefill_fldziB6bVRltNvUis=recn9UvtcMZVjwSdb,705,김민정,PT3325-리마커블UV칫솔살균기(C타입),,신시어리,,,Product Parts,
SSU000706,,PT1079-센텐스펜_다크그린,판매가능,,센텐스펜 다크그린색상 협력사 재고 입고완료,센텐스 펜,STCP,2023.9.21 3:06오후,,2023.9.21,2026.9.3,recn0fbU4Xv57WkdK,recn0fbU4Xv57WkdK,https://airtable.com/shr5t1qyPKytJvVBY?prefill_fldziB6bVRltNvUis=recn0fbU4Xv57WkdK,706,,PT1079-센텐스펜_다크그린,,협력사,,,Product Parts,
SSU000707,,PT2969-메시지캐리어파우치_실버,일시품절,안다정,"협력사 재고 일시품절 10/11 2,000개 재입고 예정",메시지 캐리어 파우치,MSGC,2023.9.22 12:51오후,2023.10.18 10:07오전,2023.9.22,2023.10.17,recWZPxXHsjnxuXpC,,https://airtable.com/shr5t1qyPKytJvVBY?prefill_fldziB6bVRltNvUis=recWZPxXHsjnxuXpC,707,안다정,PT2969-메시지캐리어파우치_실버,,신시어리,,,Product Parts,
SSU000708,,PT1085-센텐스펜_화이트,판매가능,,센텐스펜 화이트 협력사 재입고완료로 품절해제진행,센텐스 펜,STCP,2023.9.26 2:11오후,2024.2.23 11:26오전,2023.9.26,2024.2.22,recveOA2fHJVXQbPE,,https://airtable.com/shr5t1qyPKytJvVBY?prefill_fldziB6bVRltNvUis=recveOA2fHJVXQbPE,708,,PT1085-센텐스펜_화이트,,협력사,,,Product Parts,
SSU000709,,,제품 철수(졸업),김민정,"재고 소진으로 판매 불가입니다.
용지 단종으로 더 이상 제작이 어려우며, 에스카보드로 업그레이드된 밸류보드 다이어리가 곧 출시 예정입니다.",,,2023.9.27 9:55오전,,2023.9.27,2026.9.3,,rec438JAPjBtdpwAD,https://airtable.com/shr5t1qyPKytJvVBY?prefill_fldziB6bVRltNvUis=,709,김민정,,,,,,,
SSU000710,checked,PT3330-칫솔케이스(커스텀인쇄)_투명,판매가능,김민정,정보 최초 입력,스탠드-업 칫솔,STTB,2023.10.4 9:23오전,,2023.10.4,2026.9.3,rec7AhG5YiJdahOuX,rec7AhG5YiJdahOuX,https://airtable.com/shr5t1qyPKytJvVBY?prefill_fldziB6bVRltNvUis=rec7AhG5YiJdahOuX,710,김민정,PT3330-칫솔케이스(커스텀인쇄)_투명,,신시어리,,,Package Parts,
SSU000711,,PT0562-코튼스트링파우치(커스텀인쇄)(L)_광목_200-1,품절예정,김민정,"현재고(754개) 소진 후 품절 예정입니다.

재고회전율이 높지 않고, XL 사이즈가 판매되고 있어서
현시점에서 L 사이즈는 추가 재고 생산하지 않으려고 합니다. 
추가 생산은 가능하기 때문에 수요가 있을 경우 판매 재개도 가능합니다. :)",Raw 코튼 파우치,RCPC,2023.10.11 6:08오후,2023.12.28 11:20오전,2023.10.11,2023.12.27,rec6XHoU0FsKISmQ3,,https://airtable.com/shr5t1qyPKytJvVBY?prefill_fldziB6bVRltNvUis=rec6XHoU0FsKISmQ3,711,김민정,PT0562-코튼스트링파우치(커스텀인쇄)(L)_광목_200-1,,신시어리,,,Package Parts,
SSU000712,,PT3086-휴대용치약(언파차차20g)_화이트,판매가능,정승윤,화이트 입하되어 판매 가능합니다,"스탠드-업 칫솔, 라운드 밤부 칫솔","STTB, RBTB",2023.10.13 3:15오후,2025.12.8 5:29오후,2023.10.13,2025.12.7,recBgB2Y0AhgyNZLJ,,https://airtable.com/shr5t1qyPKytJvVBY?prefill_fldziB6bVRltNvUis=recBgB2Y0AhgyNZLJ,712,정승윤,PT3086-휴대용치약(언파차차20g)_화이트,,협력사,,,Product Parts,
SSU000713,checked,PT3446-위시오브제캔들_컬러,판매가능,김민정,최초등록,위시 오브제 캔들,OJCD,2023.10.18 9:20오전,2025.3.10 11:13오전,2023.10.18,2025.3.9,recUzmY9WjiwdMuus,,https://airtable.com/shr5t1qyPKytJvVBY?prefill_fldziB6bVRltNvUis=recUzmY9WjiwdMuus,713,김민정,PT3446-위시오브제캔들_컬러,,생산,,,Product Parts,
SSU000714,checked,PT3447-아크릴트레이,판매가능,김민정,최초등록,위시 오브제 캔들,OJCD,2023.10.18 9:21오전,,2023.10.18,2026.9.3,rechMDd1SoBdDSrqS,rechMDd1SoBdDSrqS,https://airtable.com/shr5t1qyPKytJvVBY?prefill_fldziB6bVRltNvUis=rechMDd1SoBdDSrqS,714,김민정,PT3447-아크릴트레이,,생산,,,Product Parts,
SSU000715,checked,PT3448-아크릴트레이.배너,판매가능,김민정,최초등록,위시 오브제 캔들,OJCD,2023.10.18 9:21오전,,2023.10.18,2026.9.3,recpr8Dim6ywOe2xz,recpr8Dim6ywOe2xz,https://airtable.com/shr5t1qyPKytJvVBY?prefill_fldziB6bVRltNvUis=recpr8Dim6ywOe2xz,715,김민정,PT3448-아크릴트레이.배너,,생산,,,Product Parts,
SSU000716,checked,PT3321-밸류보드다이어리(에스카보드),판매가능,김민정,최초등록,밸류보드 다이어리,VABD,2023.10.18 9:26오전,,2023.10.18,2026.9.3,recnxpG46yoIau3Ed,recnxpG46yoIau3Ed,https://airtable.com/shr5t1qyPKytJvVBY?prefill_fldziB6bVRltNvUis=recnxpG46yoIau3Ed,716,김민정,PT3321-밸류보드다이어리(에스카보드),,신시어리,,,Product Parts,
SSU000717,,,일시품절,안다정,협력사 재고 소진으로 인한 일시품절 (재입고예정일: 11/10),,,2023.10.18 10:05오전,2023.11.14 3:58오후,2023.10.18,2023.11.13,,,https://airtable.com/shr5t1qyPKytJvVBY?prefill_fldziB6bVRltNvUis=,717,안다정,,,,,,,
SSU000718,,PT2969-메시지캐리어파우치_실버,판매가능,안다정,"협력사 재고 입고완료되어 판매가능 (현재 재고 1,000개 이나, 연말이라 재고가 빠르게 소진될 우려가 있어 가급적 빠른 발주 필요)",메시지 캐리어 파우치,MSGC,2023.10.18 10:07오전,2023.10.31 11:40오전,2023.10.18,2023.10.30,recWZPxXHsjnxuXpC,,https://airtable.com/shr5t1qyPKytJvVBY?prefill_fldziB6bVRltNvUis=recWZPxXHsjnxuXpC,718,안다정,PT2969-메시지캐리어파우치_실버,,신시어리,,,Product Parts,
SSU000719,,,일시품절,정승윤,협력사 품절,,,2023.10.18 11:48오전,2024.5.21 5:01오후,2023.10.18,2024.5.20,,,https://airtable.com/shr5t1qyPKytJvVBY?prefill_fldziB6bVRltNvUis=,719,정승윤,,,,,,,
SSU000720,checked,PT1678-지퍼_컬러,판매가능,김민정,최초등록,톤앤톤 쿨러백,TTCB,2023.10.19 5:04오후,,2023.10.19,2026.9.3,rec0Q0zB56asfGJBa,rec0Q0zB56asfGJBa,https://airtable.com/shr5t1qyPKytJvVBY?prefill_fldziB6bVRltNvUis=rec0Q0zB56asfGJBa,720,김민정,PT1678-지퍼_컬러,,생산,,,Product Parts,
SSU000721,checked,PT1676-톤앤톤쿨러백_베이지,판매가능,김민정,최초 등록,톤앤톤 쿨러백,TTCB,2023.10.19 5:41오후,,2023.10.19,2026.9.3,recOz6EWT1uZ9zbVj,recOz6EWT1uZ9zbVj,https://airtable.com/shr5t1qyPKytJvVBY?prefill_fldziB6bVRltNvUis=recOz6EWT1uZ9zbVj,721,김민정,PT1676-톤앤톤쿨러백_베이지,,생산,,,Product Parts,
SSU000722,checked,PT2451-비치타월_원단(세라노원단)_화이트,판매가능,김민정,최초등록,굿이너프 비치타월,BCTW,2023.10.19 5:50오후,,2023.10.19,2026.9.3,rec6doAw7Hhv6alOM,rec6doAw7Hhv6alOM,https://airtable.com/shr5t1qyPKytJvVBY?prefill_fldziB6bVRltNvUis=rec6doAw7Hhv6alOM,722,김민정,PT2451-비치타월_원단(세라노원단)_화이트,,생산,,,Product Parts,
SSU000723,checked,PT2387-디자이너노트_내지(커스텀인쇄1p)_화이트+옵셋지정색,판매가능,김민정,최초등록,디자이너 노트,DSGN,2023.10.19 5:50오후,,2023.10.19,2026.9.3,rec9Vd6l4oSegNjbI,rec9Vd6l4oSegNjbI,https://airtable.com/shr5t1qyPKytJvVBY?prefill_fldziB6bVRltNvUis=rec9Vd6l4oSegNjbI,723,김민정,PT2387-디자이너노트_내지(커스텀인쇄1p)_화이트+옵셋지정색,,생산,,,Product Parts,
SSU000724,checked,PT0775-디자이너노트_커버(그문드비)_컬러,판매가능,김민정,최초등록,디자이너 노트,DSGN,2023.10.19 5:59오후,,2023.10.19,2026.9.3,recTB6oajLvP0Kdea,recTB6oajLvP0Kdea,https://airtable.com/shr5t1qyPKytJvVBY?prefill_fldziB6bVRltNvUis=recTB6oajLvP0Kdea,724,김민정,PT0775-디자이너노트_커버(그문드비)_컬러,,생산,,,Product Parts,
SSU000725,checked,PT0776-디자이너노트_내지(무지),판매가능,김민정,최초등록,디자이너 노트,DSGN,2023.10.19 6:00오후,,2023.10.19,2026.9.3,recPeJ6juvn5knrJU,recPeJ6juvn5knrJU,https://airtable.com/shr5t1qyPKytJvVBY?prefill_fldziB6bVRltNvUis=recPeJ6juvn5knrJU,725,김민정,PT0776-디자이너노트_내지(무지),,생산,,,Product Parts,
SSU000726,checked,PT0777-디자이너노트_내지(커스텀인쇄전체)_화이트+옵셋지정색,판매가능,김민정,최초등록,디자이너 노트,DSGN,2023.10.19 6:01오후,,2023.10.19,2026.9.3,rec7jAZ5xqBvmzdku,rec7jAZ5xqBvmzdku,https://airtable.com/shr5t1qyPKytJvVBY?prefill_fldziB6bVRltNvUis=rec7jAZ5xqBvmzdku,726,김민정,PT0777-디자이너노트_내지(커스텀인쇄전체)_화이트+옵셋지정색,,생산,,,Product Parts,
SSU000727,checked,PT0779-디자이너노트_커버(컬러플랜)_컬러,판매가능,김민정,최초등록,디자이너 노트,DSGN,2023.10.19 6:01오후,,2023.10.19,2026.9.3,recC57dpKdKEwjcqf,recC57dpKdKEwjcqf,https://airtable.com/shr5t1qyPKytJvVBY?prefill_fldziB6bVRltNvUis=recC57dpKdKEwjcqf,727,김민정,PT0779-디자이너노트_커버(컬러플랜)_컬러,,생산,,,Product Parts,
SSU000728,checked,,판매가능,김민정,최초등록,,,2023.10.19 6:02오후,,2023.10.19,2026.9.3,,recyPMS02riCVxqCD,https://airtable.com/shr5t1qyPKytJvVBY?prefill_fldziB6bVRltNvUis=,728,김민정,,,,,,,
SSU000729,checked,,판매가능,김민정,최초등록,,,2023.10.19 6:03오후,,2023.10.19,2026.9.3,,recOgi6SAk8gWw0tH,https://airtable.com/shr5t1qyPKytJvVBY?prefill_fldziB6bVRltNvUis=,729,김민정,,,,,,,
SSU000730,checked,PT0624-슬리브(커스텀인쇄)(S)_화이트+옵셋풀컬러_100-3,판매가능,김민정,최초등록,Start 틴케이스,TNCS,2023.10.19 6:03오후,,2023.10.19,2026.9.3,rec1ioN79XBhrCFLx,rec1ioN79XBhrCFLx,https://airtable.com/shr5t1qyPKytJvVBY?prefill_fldziB6bVRltNvUis=rec1ioN79XBhrCFLx,730,김민정,PT0624-슬리브(커스텀인쇄)(S)_화이트+옵셋풀컬러_100-3,,생산,,,Package Parts,
SSU000731,checked,PT0629-슬리브(커스텀인쇄)(S)_화이트+옵셋지정색_100-3,판매가능,김민정,최초등록,Start 틴케이스,TNCS,2023.10.19 6:04오후,,2023.10.19,2026.9.3,recVw4xsk29HguwnN,recVw4xsk29HguwnN,https://airtable.com/shr5t1qyPKytJvVBY?prefill_fldziB6bVRltNvUis=recVw4xsk29HguwnN,731,김민정,PT0629-슬리브(커스텀인쇄)(S)_화이트+옵셋지정색_100-3,,생산,,,Package Parts,
SSU000732,checked,,판매가능,김민정,최초등록,,,2023.10.19 6:05오후,,2023.10.19,2026.9.3,,recDxyAWKwAO05Sy3,https://airtable.com/shr5t1qyPKytJvVBY?prefill_fldziB6bVRltNvUis=,732,김민정,,,,,,,
SSU000733,checked,,판매가능,김민정,최초등록,,,2023.10.19 6:05오후,,2023.10.19,2026.9.3,,rechaZNYLbG4Zk1FE,https://airtable.com/shr5t1qyPKytJvVBY?prefill_fldziB6bVRltNvUis=,733,김민정,,,,,,,
SSU000734,checked,PT1027-브랜드잇_커버(컬러플랜)_컬러,판매가능,김민정,최초등록,브랜드-잇,BRDT,2023.10.19 6:06오후,,2023.10.19,2026.9.3,recpfkOTVmuVCPw4z,recpfkOTVmuVCPw4z,https://airtable.com/shr5t1qyPKytJvVBY?prefill_fldziB6bVRltNvUis=recpfkOTVmuVCPw4z,734,김민정,PT1027-브랜드잇_커버(컬러플랜)_컬러,,생산,,,Product Parts,
SSU000735,checked,PT1029-브랜드잇_커버(그문드비)_컬러,판매가능,김민정,최초등록,브랜드-잇,BRDT,2023.10.19 6:07오후,,2023.10.19,2026.9.3,recZE4YhwoCTNk4OB,recZE4YhwoCTNk4OB,https://airtable.com/shr5t1qyPKytJvVBY?prefill_fldziB6bVRltNvUis=recZE4YhwoCTNk4OB,735,김민정,PT1029-브랜드잇_커버(그문드비)_컬러,,생산,,,Product Parts,
SSU000736,checked,PT1028-브랜드잇_내지(커스텀인쇄)_화이트+옵셋지정색,판매가능,김민정,최초등록,브랜드-잇,BRDT,2023.10.19 6:07오후,,2023.10.19,2026.9.3,rec4oHkycRBLio7A9,rec4oHkycRBLio7A9,https://airtable.com/shr5t1qyPKytJvVBY?prefill_fldziB6bVRltNvUis=rec4oHkycRBLio7A9,736,김민정,PT1028-브랜드잇_내지(커스텀인쇄)_화이트+옵셋지정색,,생산,,,Product Parts,
SSU000737,checked,,판매가능,김민정,최초등록,,,2023.10.19 6:08오후,,2023.10.19,2026.9.3,,recu39IZ8UCj6m0j1,https://airtable.com/shr5t1qyPKytJvVBY?prefill_fldziB6bVRltNvUis=,737,김민정,,,,,,,
SSU000738,checked,,판매가능,김민정,최초등록,,,2023.10.19 6:08오후,,2023.10.19,2026.9.3,,rec2dsFV93DSep5XF,https://airtable.com/shr5t1qyPKytJvVBY?prefill_fldziB6bVRltNvUis=,738,김민정,,,,,,,
SSU000739,checked,,판매가능,김민정,최초등록,,,2023.10.19 6:09오후,,2023.10.19,2026.9.3,,recTLcY1LEi3Tvl6E,https://airtable.com/shr5t1qyPKytJvVBY?prefill_fldziB6bVRltNvUis=,739,김민정,,,,,,,
SSU000740,checked,,판매가능,김민정,최초등록,,,2023.10.19 6:10오후,,2023.10.19,2026.9.3,,rechzCTLvWt3ZeNPl,https://airtable.com/shr5t1qyPKytJvVBY?prefill_fldziB6bVRltNvUis=,740,김민정,,,,,,,
SSU000741,checked,,판매가능,김민정,최초등록,,,2023.10.19 6:10오후,,2023.10.19,2026.9.3,,rech4t8tLSHS3xWAR,https://airtable.com/shr5t1qyPKytJvVBY?prefill_fldziB6bVRltNvUis=,741,김민정,,,,,,,
SSU000742,checked,,판매가능,김민정,최초등록,,,2023.10.19 6:11오후,,2023.10.19,2026.9.3,,recevrtXEzSgZIjU8,https://airtable.com/shr5t1qyPKytJvVBY?prefill_fldziB6bVRltNvUis=,742,김민정,,,,,,,
SSU000743,checked,,판매가능,김민정,최초등록,,,2023.10.19 6:11오후,,2023.10.19,2026.9.3,,recCaGa6fF86i4CbE,https://airtable.com/shr5t1qyPKytJvVBY?prefill_fldziB6bVRltNvUis=,743,김민정,,,,,,,
SSU000744,checked,,판매가능,김민정,최초등록,,,2023.10.20 9:11오전,,2023.10.20,2026.9.3,,recewdLyEcfSMZac8,https://airtable.com/shr5t1qyPKytJvVBY?prefill_fldziB6bVRltNvUis=,744,김민정,,,,,,,
SSU000745,checked,,판매가능,김민정,최초등록,,,2023.10.20 9:12오전,,2023.10.20,2026.9.3,,rec3P6yN2QIHblkmd,https://airtable.com/shr5t1qyPKytJvVBY?prefill_fldziB6bVRltNvUis=,745,김민정,,,,,,,
SSU000746,checked,,판매가능,김민정,최초등록,,,2023.10.20 9:13오전,,2023.10.20,2026.9.3,,rec34xxY3HnvKoiAy,https://airtable.com/shr5t1qyPKytJvVBY?prefill_fldziB6bVRltNvUis=,746,김민정,,,,,,,
SSU000747,checked,,판매가능,김민정,최초등록,,,2023.10.20 9:13오전,,2023.10.20,2026.9.3,,rec8UwYfuwwb1j6ei,https://airtable.com/shr5t1qyPKytJvVBY?prefill_fldziB6bVRltNvUis=,747,김민정,,,,,,,
SSU000748,checked,PT1511-슬리브(커스텀인쇄)_화이트+옵셋풀컬러_000-6,판매가능,김민정,최초등록,유니크 디퓨저,UNDF,2023.10.20 9:14오전,,2023.10.20,2026.9.3,recCYPKi7SSzYwQL3,recCYPKi7SSzYwQL3,https://airtable.com/shr5t1qyPKytJvVBY?prefill_fldziB6bVRltNvUis=recCYPKi7SSzYwQL3,748,김민정,PT1511-슬리브(커스텀인쇄)_화이트+옵셋풀컬러_000-6,,생산,,,Package Parts,
SSU000749,checked,,판매가능,김민정,최초등록,,,2023.10.20 9:14오전,,2023.10.20,2026.9.3,,reca1CMlU2SHQC33u,https://airtable.com/shr5t1qyPKytJvVBY?prefill_fldziB6bVRltNvUis=,749,김민정,,,,,,,
SSU000750,checked,PT1561-컬러풀노트패드_내지(커스텀인쇄)_화이트+블랙인쇄,판매가능,김민정,최초등록,컬러풀 노트패드,CNPD,2023.10.20 9:15오전,,2023.10.20,2026.9.3,recubaAfaegZUpvJK,recubaAfaegZUpvJK,https://airtable.com/shr5t1qyPKytJvVBY?prefill_fldziB6bVRltNvUis=recubaAfaegZUpvJK,750,김민정,PT1561-컬러풀노트패드_내지(커스텀인쇄)_화이트+블랙인쇄,,생산,,,Product Parts,
SSU000751,checked,PT1562-컬러풀노트패드_내지(무지),판매가능,김민정,최초등록,컬러풀 노트패드,CNPD,2023.10.20 9:15오전,,2023.10.20,2026.9.3,recvqGnFfU4BqnJUb,recvqGnFfU4BqnJUb,https://airtable.com/shr5t1qyPKytJvVBY?prefill_fldziB6bVRltNvUis=recvqGnFfU4BqnJUb,751,김민정,PT1562-컬러풀노트패드_내지(무지),,생산,,,Product Parts,
SSU000752,checked,PT1563-컬러풀노트패드_내지(커스텀인쇄)_화이트+옵셋지정색,판매가능,김민정,최초등록,컬러풀 노트패드,CNPD,2023.10.20 9:16오전,,2023.10.20,2026.9.3,recfQTphRh0ad2HrJ,recfQTphRh0ad2HrJ,https://airtable.com/shr5t1qyPKytJvVBY?prefill_fldziB6bVRltNvUis=recfQTphRh0ad2HrJ,752,김민정,PT1563-컬러풀노트패드_내지(커스텀인쇄)_화이트+옵셋지정색,,생산,,,Product Parts,
SSU000753,checked,PT1565-컬러풀노트패드_내지(줄),판매가능,김민정,최초등록,컬러풀 노트패드,CNPD,2023.10.20 9:18오전,,2023.10.20,2026.9.3,recHyUwQGskSCrJ41,recHyUwQGskSCrJ41,https://airtable.com/shr5t1qyPKytJvVBY?prefill_fldziB6bVRltNvUis=recHyUwQGskSCrJ41,753,김민정,PT1565-컬러풀노트패드_내지(줄),,생산,,,Product Parts,
SSU000754,checked,PT1566-컬러풀노트패드_커버(그문드비)_컬러,판매가능,김민정,최초등록,컬러풀 노트패드,CNPD,2023.10.20 9:19오전,,2023.10.20,2026.9.3,rec7UKyvYe5q4ZDDP,rec7UKyvYe5q4ZDDP,https://airtable.com/shr5t1qyPKytJvVBY?prefill_fldziB6bVRltNvUis=rec7UKyvYe5q4ZDDP,754,김민정,PT1566-컬러풀노트패드_커버(그문드비)_컬러,,생산,,,Product Parts,
SSU000755,checked,PT1567-컬러풀노트패드_커버(컬러플랜)_컬러,판매가능,김민정,최초등록,컬러풀 노트패드,CNPD,2023.10.20 9:19오전,,2023.10.20,2026.9.3,recCeQXAKkt2k83ge,recCeQXAKkt2k83ge,https://airtable.com/shr5t1qyPKytJvVBY?prefill_fldziB6bVRltNvUis=recCeQXAKkt2k83ge,755,김민정,PT1567-컬러풀노트패드_커버(컬러플랜)_컬러,,생산,,,Product Parts,
SSU000756,checked,,판매가능,김민정,최초등록,,,2023.10.20 9:20오전,,2023.10.20,2026.9.3,,recy4lmzbhdodWqdW,https://airtable.com/shr5t1qyPKytJvVBY?prefill_fldziB6bVRltNvUis=,756,김민정,,,,,,,
SSU000757,checked,PT0678-그래픽에코백_추가(직조라벨),판매가능,김민정,최초등록,그래픽 에코백,GPEB,2023.10.20 9:20오전,,2023.10.20,2026.9.3,recFZbsbeqplIY9i1,recFZbsbeqplIY9i1,https://airtable.com/shr5t1qyPKytJvVBY?prefill_fldziB6bVRltNvUis=recFZbsbeqplIY9i1,757,김민정,PT0678-그래픽에코백_추가(직조라벨),,생산,,,Product Parts,
SSU000758,checked,PT0682-그래픽에코백_추가(바닥면),판매가능,김민정,최초등록,그래픽 에코백,GPEB,2023.10.20 9:23오전,,2023.10.20,2026.9.3,reclJl221AVYHxWuG,reclJl221AVYHxWuG,https://airtable.com/shr5t1qyPKytJvVBY?prefill_fldziB6bVRltNvUis=reclJl221AVYHxWuG,758,김민정,PT0682-그래픽에코백_추가(바닥면),,생산,,,Product Parts,
SSU000759,checked,PT0691-그래픽에코백_추가(속주머니),판매가능,김민정,최초등록,그래픽 에코백,GPEB,2023.10.20 9:23오전,,2023.10.20,2026.9.3,recPnCWOc7zKqbAo8,recPnCWOc7zKqbAo8,https://airtable.com/shr5t1qyPKytJvVBY?prefill_fldziB6bVRltNvUis=recPnCWOc7zKqbAo8,759,김민정,PT0691-그래픽에코백_추가(속주머니),,생산,,,Product Parts,
SSU000760,checked,PT0695-그래픽에코백_추가(자석),판매가능,김민정,최초등록,그래픽 에코백,GPEB,2023.10.20 9:24오전,,2023.10.20,2026.9.3,rec01M0UP2LuHF6uY,rec01M0UP2LuHF6uY,https://airtable.com/shr5t1qyPKytJvVBY?prefill_fldziB6bVRltNvUis=rec01M0UP2LuHF6uY,760,김민정,PT0695-그래픽에코백_추가(자석),,생산,,,Product Parts,
SSU000761,checked,PT0680-그래픽에코백_추가(손잡이끈),판매가능,김민정,최초등록,그래픽 에코백,GPEB,2023.10.20 9:24오전,,2023.10.20,2026.9.3,recENkX7onE29SL6A,recENkX7onE29SL6A,https://airtable.com/shr5t1qyPKytJvVBY?prefill_fldziB6bVRltNvUis=recENkX7onE29SL6A,761,김민정,PT0680-그래픽에코백_추가(손잡이끈),,생산,,,Product Parts,
SSU000762,checked,PT0683-그래픽에코백_추가(크로스끈&조리개끈),판매가능,김민정,최초등록,그래픽 에코백,GPEB,2023.10.20 9:25오전,,2023.10.20,2026.9.3,rec9wvLS7Zisi4RTE,rec9wvLS7Zisi4RTE,https://airtable.com/shr5t1qyPKytJvVBY?prefill_fldziB6bVRltNvUis=rec9wvLS7Zisi4RTE,762,김민정,PT0683-그래픽에코백_추가(크로스끈&조리개끈),,생산,,,Product Parts,
SSU000763,checked,PT0684-그래픽에코백_추가(크로스끈),판매가능,김민정,최초등록,그래픽 에코백,GPEB,2023.10.20 9:26오전,,2023.10.20,2026.9.3,recjAY8PgINFlSArM,recjAY8PgINFlSArM,https://airtable.com/shr5t1qyPKytJvVBY?prefill_fldziB6bVRltNvUis=recjAY8PgINFlSArM,763,김민정,PT0684-그래픽에코백_추가(크로스끈),,생산,,,Product Parts,
SSU000764,checked,PT0676-그래픽에코백_기본(염색원단10수캔버스),판매가능,김민정,최초등록,그래픽 에코백,GPEB,2023.10.20 9:27오전,,2023.10.20,2026.9.3,rec8qhkz8HSOxvroq,rec8qhkz8HSOxvroq,https://airtable.com/shr5t1qyPKytJvVBY?prefill_fldziB6bVRltNvUis=rec8qhkz8HSOxvroq,764,김민정,PT0676-그래픽에코백_기본(염색원단10수캔버스),,생산,,,Product Parts,
SSU000765,checked,PT0677-그래픽에코백_기본(광목원단10수캔버스)_화이트,판매가능,김민정,최초등록,그래픽 에코백,GPEB,2023.10.20 9:27오전,,2023.10.20,2026.9.3,rec2DbUj5QeoatmC6,rec2DbUj5QeoatmC6,https://airtable.com/shr5t1qyPKytJvVBY?prefill_fldziB6bVRltNvUis=rec2DbUj5QeoatmC6,765,김민정,PT0677-그래픽에코백_기본(광목원단10수캔버스)_화이트,,생산,,,Product Parts,
SSU000766,checked,PT0685-그래픽에코백_기본(광목원단10수캔버스)_광목,판매가능,김민정,최초등록,그래픽 에코백,GPEB,2023.10.20 9:29오전,,2023.10.20,2026.9.3,rec6M3DpM26XPTOoX,rec6M3DpM26XPTOoX,https://airtable.com/shr5t1qyPKytJvVBY?prefill_fldziB6bVRltNvUis=rec6M3DpM26XPTOoX,766,김민정,PT0685-그래픽에코백_기본(광목원단10수캔버스)_광목,,생산,,,Product Parts,
SSU000767,checked,PT0687-그래픽에코백_기본(광목원단10수2합)_블랙,판매가능,김민정,최초등록,그래픽 에코백,GPEB,2023.10.20 9:29오전,,2023.10.20,2026.9.3,recaTusaLgvO2pbxD,recaTusaLgvO2pbxD,https://airtable.com/shr5t1qyPKytJvVBY?prefill_fldziB6bVRltNvUis=recaTusaLgvO2pbxD,767,김민정,PT0687-그래픽에코백_기본(광목원단10수2합)_블랙,,생산,,,Product Parts,
SSU000768,checked,PT0689-그래픽에코백_기본(광목원단10수캔버스)_블랙,판매가능,김민정,최초등록,그래픽 에코백,GPEB,2023.10.20 9:42오전,,2023.10.20,2026.9.3,recXHBc0Rm47w3Izd,recXHBc0Rm47w3Izd,https://airtable.com/shr5t1qyPKytJvVBY?prefill_fldziB6bVRltNvUis=recXHBc0Rm47w3Izd,768,김민정,PT0689-그래픽에코백_기본(광목원단10수캔버스)_블랙,,생산,,,Product Parts,
SSU000769,checked,PT0692-그래픽에코백_기본(염색원단10수2합),판매가능,김민정,최초등록,그래픽 에코백,GPEB,2023.10.20 9:43오전,,2023.10.20,2026.9.3,recwe5b4kwhqzdlZC,recwe5b4kwhqzdlZC,https://airtable.com/shr5t1qyPKytJvVBY?prefill_fldziB6bVRltNvUis=recwe5b4kwhqzdlZC,769,김민정,PT0692-그래픽에코백_기본(염색원단10수2합),,생산,,,Product Parts,
SSU000770,checked,PT0693-그래픽에코백_기본(광목원단10수2합)_광목,판매가능,김민정,최초등록,그래픽 에코백,GPEB,2023.10.20 9:44오전,2023.10.20 9:48오전,2023.10.20,2023.10.19,rec4A7z1RD7e1gT1E,,https://airtable.com/shr5t1qyPKytJvVBY?prefill_fldziB6bVRltNvUis=rec4A7z1RD7e1gT1E,770,김민정,PT0693-그래픽에코백_기본(광목원단10수2합)_광목,,생산,,,Product Parts,
SSU000771,checked,PT0693-그래픽에코백_기본(광목원단10수2합)_광목,판매가능,김민정,최초등록,그래픽 에코백,GPEB,2023.10.20 9:48오전,,2023.10.20,2026.9.3,rec4A7z1RD7e1gT1E,rec4A7z1RD7e1gT1E,https://airtable.com/shr5t1qyPKytJvVBY?prefill_fldziB6bVRltNvUis=rec4A7z1RD7e1gT1E,771,김민정,PT0693-그래픽에코백_기본(광목원단10수2합)_광목,,생산,,,Product Parts,
SSU000772,checked,,판매가능,김민정,최초등록,,,2023.10.20 9:49오전,,2023.10.20,2026.9.3,,recF62Xlctp4gjPe4,https://airtable.com/shr5t1qyPKytJvVBY?prefill_fldziB6bVRltNvUis=,772,김민정,,,,,,,
SSU000773,checked,,판매가능,김민정,최초등록,,,2023.10.20 9:50오전,,2023.10.20,2026.9.3,,recsWSi9meHGykO53,https://airtable.com/shr5t1qyPKytJvVBY?prefill_fldziB6bVRltNvUis=,773,김민정,,,,,,,
SSU000774,checked,,판매가능,김민정,최초등록,,,2023.10.20 9:50오전,,2023.10.20,2026.9.3,,recTwcvb71B9Q0AOQ,https://airtable.com/shr5t1qyPKytJvVBY?prefill_fldziB6bVRltNvUis=,774,김민정,,,,,,,
SSU000775,checked,PT1715-페이퍼샤쉐_컬러,판매가능,김민정,최초등록,페이퍼 샤쉐,PSCH,2023.10.20 9:51오전,,2023.10.20,2026.9.3,rec4gCbl6NM7y2Wgt,rec4gCbl6NM7y2Wgt,https://airtable.com/shr5t1qyPKytJvVBY?prefill_fldziB6bVRltNvUis=rec4gCbl6NM7y2Wgt,775,김민정,PT1715-페이퍼샤쉐_컬러,,생산,,,Product Parts,
SSU000776,checked,PT1713-페이퍼샤쉐_화이트+옵셋풀컬러,판매가능,김민정,최초등록,페이퍼 샤쉐,PSCH,2023.10.20 9:51오전,,2023.10.20,2026.9.3,recJEI1soEsNZzFD7,recJEI1soEsNZzFD7,https://airtable.com/shr5t1qyPKytJvVBY?prefill_fldziB6bVRltNvUis=recJEI1soEsNZzFD7,776,김민정,PT1713-페이퍼샤쉐_화이트+옵셋풀컬러,,생산,,,Product Parts,
SSU000777,checked,,판매가능,김민정,최초등록,,,2023.10.20 9:52오전,,2023.10.20,2026.9.3,,recOE2PG0DX6rTaPX,https://airtable.com/shr5t1qyPKytJvVBY?prefill_fldziB6bVRltNvUis=,777,김민정,,,,,,,
SSU000778,checked,,판매가능,김민정,최초등록,,,2023.10.20 9:54오전,,2023.10.20,2026.9.3,,recexJjY8Nbq6Lz52,https://airtable.com/shr5t1qyPKytJvVBY?prefill_fldziB6bVRltNvUis=,778,김민정,,,,,,,
SSU000779,checked,,판매가능,김민정,최초등록,,,2023.10.20 9:54오전,,2023.10.20,2026.9.3,,recTFtqpgmZg3P2p1,https://airtable.com/shr5t1qyPKytJvVBY?prefill_fldziB6bVRltNvUis=,779,김민정,,,,,,,
SSU000780,checked,,판매가능,김민정,최초등록,,,2023.10.20 9:55오전,,2023.10.20,2026.9.3,,recMpy0ABYW1nfboM,https://airtable.com/shr5t1qyPKytJvVBY?prefill_fldziB6bVRltNvUis=,780,김민정,,,,,,,
SSU000781,checked,,판매가능,김민정,최초등록,,,2023.10.20 9:55오전,,2023.10.20,2026.9.3,,recPM04X14OdEqgnT,https://airtable.com/shr5t1qyPKytJvVBY?prefill_fldziB6bVRltNvUis=,781,김민정,,,,,,,
SSU000782,checked,,판매가능,김민정,최초등록,,,2023.10.20 9:56오전,,2023.10.20,2026.9.3,,recgQmGGI9soGdnPc,https://airtable.com/shr5t1qyPKytJvVBY?prefill_fldziB6bVRltNvUis=,782,김민정,,,,,,,
SSU000783,checked,,판매가능,김민정,최초등록,,,2023.10.20 9:59오전,,2023.10.20,2026.9.3,,recA7IJCuXUvVwL3l,https://airtable.com/shr5t1qyPKytJvVBY?prefill_fldziB6bVRltNvUis=,783,김민정,,,,,,,
SSU000784,checked,,판매가능,김민정,최초등록,,,2023.10.20 9:59오전,,2023.10.20,2026.9.3,,reczdpNnoZhfGLFNz,https://airtable.com/shr5t1qyPKytJvVBY?prefill_fldziB6bVRltNvUis=,784,김민정,,,,,,,
SSU000785,checked,PT1227-펜류지지대_화이트_000-1,판매가능,김민정,최초등록,"스펙트럼 컬러펜, 올 블랙 펜","SPCP, ALBP",2023.10.20 10:01오전,,2023.10.20,2026.9.3,rec8CUHX76uqQcFYx,rec8CUHX76uqQcFYx,https://airtable.com/shr5t1qyPKytJvVBY?prefill_fldziB6bVRltNvUis=rec8CUHX76uqQcFYx,785,김민정,PT1227-펜류지지대_화이트_000-1,,생산,,,Package Parts,
SSU000786,checked,,판매가능,김민정,최초등록,,,2023.10.20 10:02오전,,2023.10.20,2026.9.3,,recGxsPBX05ghSzME,https://airtable.com/shr5t1qyPKytJvVBY?prefill_fldziB6bVRltNvUis=,786,김민정,,,,,,,
SSU000787,checked,,판매가능,김민정,최초등록,,,2023.10.20 10:02오전,,2023.10.20,2026.9.3,,recKXarU1t9bVvppb,https://airtable.com/shr5t1qyPKytJvVBY?prefill_fldziB6bVRltNvUis=,787,김민정,,,,,,,
SSU000788,checked,PT2285-펜슬리브(커스텀인쇄)_+옵셋풀컬러_000-1,판매가능,김민정,최초등록,"슈가케인 펜, 올 블랙 펜, 스펙트럼 컬러펜, 트리플 컬러펜 | JETSTREAM, 와이드클립 펜","SCPN, ALBP, SPCP, TRPC, WIDC",2023.10.20 10:02오전,,2023.10.20,2026.9.3,recyrjNAqE1KHuF7T,recyrjNAqE1KHuF7T,https://airtable.com/shr5t1qyPKytJvVBY?prefill_fldziB6bVRltNvUis=recyrjNAqE1KHuF7T,788,김민정,PT2285-펜슬리브(커스텀인쇄)_+옵셋풀컬러_000-1,,생산,,,Package Parts,
SSU000789,checked,,판매가능,김민정,최초등록,,,2023.10.20 10:03오전,,2023.10.20,2026.9.3,,recCEbuJE832g9rAS,https://airtable.com/shr5t1qyPKytJvVBY?prefill_fldziB6bVRltNvUis=,789,김민정,,,,,,,
SSU000790,checked,PT1153-코튼스트링파우치(커스텀인쇄)_광목_000-1,판매가능,김민정,최초등록,"라운드 밤부 칫솔, 스테인리스 빨대 세트","RBTB, STSW",2023.10.20 10:05오전,,2023.10.20,2026.9.3,recQifbeWDl52a3KJ,recQifbeWDl52a3KJ,https://airtable.com/shr5t1qyPKytJvVBY?prefill_fldziB6bVRltNvUis=recQifbeWDl52a3KJ,790,김민정,PT1153-코튼스트링파우치(커스텀인쇄)_광목_000-1,,생산,,,Package Parts,
SSU000791,checked,PT0879-가죽슬리브_컬러,판매가능,김민정,최초등록,매트블랙 텀블러,MTTB,2023.10.20 10:05오전,,2023.10.20,2026.9.3,rec0qNdDbj8m6VcWm,rec0qNdDbj8m6VcWm,https://airtable.com/shr5t1qyPKytJvVBY?prefill_fldziB6bVRltNvUis=rec0qNdDbj8m6VcWm,791,김민정,PT0879-가죽슬리브_컬러,,생산,,,Product Parts,
SSU000792,checked,,판매가능,김민정,최초등록,,,2023.10.20 10:06오전,,2023.10.20,2026.9.3,,rec3unnFqR4COKVud,https://airtable.com/shr5t1qyPKytJvVBY?prefill_fldziB6bVRltNvUis=,792,김민정,,,,,,,
SSU000793,checked,,판매가능,김민정,최초등록,,,2023.10.20 10:07오전,,2023.10.20,2026.9.3,,recziggC9SW599KBd,https://airtable.com/shr5t1qyPKytJvVBY?prefill_fldziB6bVRltNvUis=,793,김민정,,,,,,,
SSU000794,checked,,판매가능,김민정,최초등록,,,2023.10.20 10:07오전,,2023.10.20,2026.9.3,,recs1U8Mi47p5CsN0,https://airtable.com/shr5t1qyPKytJvVBY?prefill_fldziB6bVRltNvUis=,794,김민정,,,,,,,
SSU000795,checked,,판매가능,김민정,최초등록,,,2023.10.20 10:08오전,,2023.10.20,2026.9.3,,recMPQ3oDxRdiZM8Q,https://airtable.com/shr5t1qyPKytJvVBY?prefill_fldziB6bVRltNvUis=,795,김민정,,,,,,,
SSU000796,checked,,판매가능,김민정,최초등록,,,2023.10.20 10:09오전,,2023.10.20,2026.9.3,,recJdVb961QeZZHX2,https://airtable.com/shr5t1qyPKytJvVBY?prefill_fldziB6bVRltNvUis=,796,김민정,,,,,,,
SSU000797,checked,,판매가능,김민정,최초등록,,,2023.10.20 10:09오전,,2023.10.20,2026.9.3,,reczCGBcYc6u0AlZb,https://airtable.com/shr5t1qyPKytJvVBY?prefill_fldziB6bVRltNvUis=,797,김민정,,,,,,,
SSU000798,checked,,판매가능,김민정,최초등록,,,2023.10.20 10:10오전,,2023.10.20,2026.9.3,,recXLzY4WUdj3xQ6R,https://airtable.com/shr5t1qyPKytJvVBY?prefill_fldziB6bVRltNvUis=,798,김민정,,,,,,,
SSU000799,checked,,판매가능,김민정,최초등록,,,2023.10.20 10:10오전,,2023.10.20,2026.9.3,,recX5Uipznn816kaV,https://airtable.com/shr5t1qyPKytJvVBY?prefill_fldziB6bVRltNvUis=,799,김민정,,,,,,,
SSU000800,checked,,판매가능,김민정,최초등록,,,2023.10.20 10:11오전,,2023.10.20,2026.9.3,,recHUAn743E4pUez7,https://airtable.com/shr5t1qyPKytJvVBY?prefill_fldziB6bVRltNvUis=,800,김민정,,,,,,,
SSU000801,checked,PT1550-클라우드피크닉매트(1인용),판매가능,김민정,최초등록,클라우드 피크닉매트,PCMT,2023.10.20 11:19오전,,2023.10.20,2026.9.3,recryYtkzoT8hKUro,recryYtkzoT8hKUro,https://airtable.com/shr5t1qyPKytJvVBY?prefill_fldziB6bVRltNvUis=recryYtkzoT8hKUro,801,김민정,PT1550-클라우드피크닉매트(1인용),,생산,,,Product Parts,
SSU000802,checked,PT1551-클라우드피크닉매트(2인용),판매가능,김민정,최초등록,클라우드 피크닉매트,PCMT,2023.10.20 11:21오전,,2023.10.20,2026.9.3,recIiEprz8mbuhmDo,recIiEprz8mbuhmDo,https://airtable.com/shr5t1qyPKytJvVBY?prefill_fldziB6bVRltNvUis=recIiEprz8mbuhmDo,802,김민정,PT1551-클라우드피크닉매트(2인용),,생산,,,Product Parts,
SSU000803,,,일시품절,정승윤,현재 미니팩 전체 생산 중지되어 판매가 불가합니다 / 현재 재입고 일정 미정입니다,,,2023.10.20 11:56오전,2024.4.25 3:11오후,2023.10.20,2024.4.24,,,https://airtable.com/shr5t1qyPKytJvVBY?prefill_fldziB6bVRltNvUis=,803,정승윤,,,,,,,
SSU000805,,,판매가능,김민정,"밸류메모큐브 판매재개 합니다.

아래의 조건이 업데이트 되었습니다.
1. 측면 인쇄는 동일 색상일 경우만 가능 (바탕색이 없는 단순 로고, 이미지는 가능)
2. 점메의 풀 가공으로 측면 색상편차는 개선 불가능- 색상 편차는 불량이 아닌 것으로 고객사에 안내 필요",,,2023.10.20 2:02오후,2025.9.22 4:06오후,2023.10.20,2025.9.21,,,https://airtable.com/shr5t1qyPKytJvVBY?prefill_fldziB6bVRltNvUis=,805,김민정,,,,,,,
SSU000806,checked,,판매가능,김민정,"""밸류메모큐브 판매재개 합니다.

아래의 조건이 업데이트 되었습니다.
1. 측면 인쇄는 동일 색상일 경우만 가능 (바탕색이 없는 단순 로고, 이미지는 가능)
2. 점메의 풀 가공으로 측면 색상편차는 개선 불가능- 색상 편차는 불량이 아닌 것으로 고객사에 안내 필요""",,,2023.10.20 2:08오후,2025.9.22 4:06오후,2023.10.20,2025.9.21,,,https://airtable.com/shr5t1qyPKytJvVBY?prefill_fldziB6bVRltNvUis=,806,김민정,,,,,,,
SSU000807,checked,,판매가능,김민정,"""밸류메모큐브 판매재개 합니다.

아래의 조건이 업데이트 되었습니다.
1. 측면 인쇄는 동일 색상일 경우만 가능 (바탕색이 없는 단순 로고, 이미지는 가능)
2. 점메의 풀 가공으로 측면 색상편차는 개선 불가능- 색상 편차는 불량이 아닌 것으로 고객사에 안내 필요""",,,2023.10.20 2:08오후,2025.9.22 4:07오후,2023.10.20,2025.9.21,,,https://airtable.com/shr5t1qyPKytJvVBY?prefill_fldziB6bVRltNvUis=,807,김민정,,,,,,,
SSU000808,checked,,판매가능,김민정,"""밸류메모큐브 판매재개 합니다.

아래의 조건이 업데이트 되었습니다.
1. 측면 인쇄는 동일 색상일 경우만 가능 (바탕색이 없는 단순 로고, 이미지는 가능)
2. 점메의 풀 가공으로 측면 색상편차는 개선 불가능- 색상 편차는 불량이 아닌 것으로 고객사에 안내 필요""",,,2023.10.20 2:08오후,2025.9.22 4:07오후,2023.10.20,2025.9.21,,,https://airtable.com/shr5t1qyPKytJvVBY?prefill_fldziB6bVRltNvUis=,808,김민정,,,,,,,
SSU000809,checked,,판매가능,김민정,"""밸류메모큐브 판매재개 합니다.

아래의 조건이 업데이트 되었습니다.
1. 측면 인쇄는 동일 색상일 경우만 가능 (바탕색이 없는 단순 로고, 이미지는 가능)
2. 점메의 풀 가공으로 측면 색상편차는 개선 불가능- 색상 편차는 불량이 아닌 것으로 고객사에 안내 필요""",,,2023.10.20 2:09오후,2025.9.22 4:07오후,2023.10.20,2025.9.21,,,https://airtable.com/shr5t1qyPKytJvVBY?prefill_fldziB6bVRltNvUis=,809,김민정,,,,,,,
SSU000810,checked,,판매가능,김민정,"""밸류메모큐브 판매재개 합니다.

아래의 조건이 업데이트 되었습니다.
1. 측면 인쇄는 동일 색상일 경우만 가능 (바탕색이 없는 단순 로고, 이미지는 가능)
2. 점메의 풀 가공으로 측면 색상편차는 개선 불가능- 색상 편차는 불량이 아닌 것으로 고객사에 안내 필요""",,,2023.10.20 2:09오후,2024.5.22 9:25오전,2023.10.20,2024.5.21,,,https://airtable.com/shr5t1qyPKytJvVBY?prefill_fldziB6bVRltNvUis=,810,김민정,,,,,,,
SSU000811,checked,,판매가능,김민정,"""밸류메모큐브 판매재개 합니다.

아래의 조건이 업데이트 되었습니다.
1. 측면 인쇄는 동일 색상일 경우만 가능 (바탕색이 없는 단순 로고, 이미지는 가능)
2. 점메의 풀 가공으로 측면 색상편차는 개선 불가능- 색상 편차는 불량이 아닌 것으로 고객사에 안내 필요""",,,2023.10.20 2:09오후,2023.11.28 9:17오전,2023.10.20,2023.11.27,,,https://airtable.com/shr5t1qyPKytJvVBY?prefill_fldziB6bVRltNvUis=,811,김민정,,,,,,,
SSU000812,checked,,판매가능,김민정,"""밸류메모큐브 판매재개 합니다.

아래의 조건이 업데이트 되었습니다.
1. 측면 인쇄는 동일 색상일 경우만 가능 (바탕색이 없는 단순 로고, 이미지는 가능)
2. 점메의 풀 가공으로 측면 색상편차는 개선 불가능- 색상 편차는 불량이 아닌 것으로 고객사에 안내 필요""",,,2023.10.20 2:10오후,2025.9.22 4:07오후,2023.10.20,2025.9.21,,,https://airtable.com/shr5t1qyPKytJvVBY?prefill_fldziB6bVRltNvUis=,812,김민정,,,,,,,
SSU000813,,PT2741-슈가케인텀블러(360ml)_크림,품절예정,김민정,"슈가케인텀블러 품절 예정공지입니다.
현재고 354개 남아있으며, 재입고는 11월 말 2,000개 입고 예정입니다. ",슈가케인 텀블러,SGCN,2023.10.20 4:55오후,2023.10.23 3:41오후,2023.10.20,2023.10.22,recPwl2PFVXoLcMF5,,https://airtable.com/shr5t1qyPKytJvVBY?prefill_fldziB6bVRltNvUis=recPwl2PFVXoLcMF5,813,김민정,PT2741-슈가케인텀블러(360ml)_크림,,신시어리,,,Product Parts,
SSU000814,,PT2741-슈가케인텀블러(360ml)_크림,일시품절,김민정,"재고 소진으로 일시품절입니다.
재입고일은 11월 말으로 예상됩니다.",슈가케인 텀블러,SGCN,2023.10.23 3:41오후,2023.11.20 3:22오후,2023.10.23,2023.11.19,recPwl2PFVXoLcMF5,,https://airtable.com/shr5t1qyPKytJvVBY?prefill_fldziB6bVRltNvUis=recPwl2PFVXoLcMF5,814,김민정,PT2741-슈가케인텀블러(360ml)_크림,,신시어리,,,Product Parts,
SSU000815,,,제품 철수(졸업),김민정,"리마커블 칫솔 살균기 재고 소진입니다.

앞으로는 리뉴얼 버전으로 판매 가능합니다.
- PT3325-리마커블UV칫솔살균기(C타입)",,,2023.10.24 12:09오후,,2023.10.24,2026.9.3,,recz849tFvAnMI2fj,https://airtable.com/shr5t1qyPKytJvVBY?prefill_fldziB6bVRltNvUis=,815,김민정,,,,,,,
SSU000816,checked,PT0696-그립잇(사각)_블랙,판매가능,김민정,최초등록,그립-잇,GRIT,2023.10.25 4:15오후,,2023.10.25,2026.9.3,receTDy472HxFBMUD,receTDy472HxFBMUD,https://airtable.com/shr5t1qyPKytJvVBY?prefill_fldziB6bVRltNvUis=receTDy472HxFBMUD,816,김민정,PT0696-그립잇(사각)_블랙,,생산,,,Product Parts,
SSU000817,checked,PT0697-그립잇(사각)_화이트,판매가능,김민정,최초등록,그립-잇,GRIT,2023.10.25 4:20오후,,2023.10.25,2026.9.3,rec6lU9kRTmI7LOY2,rec6lU9kRTmI7LOY2,https://airtable.com/shr5t1qyPKytJvVBY?prefill_fldziB6bVRltNvUis=rec6lU9kRTmI7LOY2,817,김민정,PT0697-그립잇(사각)_화이트,,생산,,,Product Parts,
SSU000818,checked,PT0698-그립잇(원형)_블랙,판매가능,김민정,최초등록,그립-잇,GRIT,2023.10.25 4:20오후,,2023.10.25,2026.9.3,recZ3pjtHgHKydY6z,recZ3pjtHgHKydY6z,https://airtable.com/shr5t1qyPKytJvVBY?prefill_fldziB6bVRltNvUis=recZ3pjtHgHKydY6z,818,김민정,PT0698-그립잇(원형)_블랙,,생산,,,Product Parts,
SSU000819,checked,PT0700-그립잇(원형)_화이트,판매가능,김민정,최초등록,그립-잇,GRIT,2023.10.25 4:21오후,,2023.10.25,2026.9.3,receSlEfswl9N4KWc,receSlEfswl9N4KWc,https://airtable.com/shr5t1qyPKytJvVBY?prefill_fldziB6bVRltNvUis=receSlEfswl9N4KWc,819,김민정,PT0700-그립잇(원형)_화이트,,생산,,,Product Parts,
SSU000820,checked,PT1397-에디트캘린더_내지(커스텀인쇄)_화이트+옵셋지정색,판매가능,김민정,최초등록,에디트 캘린더,EDCD,2023.10.25 4:21오후,,2023.10.25,2026.9.3,recN5KAxooEk7AxOe,recN5KAxooEk7AxOe,https://airtable.com/shr5t1qyPKytJvVBY?prefill_fldziB6bVRltNvUis=recN5KAxooEk7AxOe,820,김민정,PT1397-에디트캘린더_내지(커스텀인쇄)_화이트+옵셋지정색,,생산,,,Product Parts,
SSU000821,checked,PT1398-에디트캘린더_커버_컬러,판매가능,김민정,최초등록,에디트 캘린더,EDCD,2023.10.25 4:22오후,,2023.10.25,2026.9.3,recWJ4ZzVXU7shPU9,recWJ4ZzVXU7shPU9,https://airtable.com/shr5t1qyPKytJvVBY?prefill_fldziB6bVRltNvUis=recWJ4ZzVXU7shPU9,821,김민정,PT1398-에디트캘린더_커버_컬러,,생산,,,Product Parts,
SSU000822,checked,PT1401-에디트캘린더_커버_화이트+옵셋풀컬러,판매가능,김민정,최초등록,에디트 캘린더,EDCD,2023.10.25 4:22오후,,2023.10.25,2026.9.3,recHrFRYKsVYOfJSO,recHrFRYKsVYOfJSO,https://airtable.com/shr5t1qyPKytJvVBY?prefill_fldziB6bVRltNvUis=recHrFRYKsVYOfJSO,822,김민정,PT1401-에디트캘린더_커버_화이트+옵셋풀컬러,,생산,,,Product Parts,
SSU000823,checked,PT1402-에디트캘린더_내지(기본달력)_화이트,판매가능,김민정,최초등록,에디트 캘린더,EDCD,2023.10.25 4:23오후,,2023.10.25,2026.9.3,recEUajXiyvXpNJRZ,recEUajXiyvXpNJRZ,https://airtable.com/shr5t1qyPKytJvVBY?prefill_fldziB6bVRltNvUis=recEUajXiyvXpNJRZ,823,김민정,PT1402-에디트캘린더_내지(기본달력)_화이트,,생산,,,Product Parts,
SSU000824,checked,PT1403-에디트캘린더_내지(커스텀인쇄)_화이트+옵셋풀컬러,판매가능,김민정,최초등록,에디트 캘린더,EDCD,2023.10.25 4:23오후,,2023.10.25,2026.9.3,recJX3b5QkpooxzK7,recJX3b5QkpooxzK7,https://airtable.com/shr5t1qyPKytJvVBY?prefill_fldziB6bVRltNvUis=recJX3b5QkpooxzK7,824,김민정,PT1403-에디트캘린더_내지(커스텀인쇄)_화이트+옵셋풀컬러,,생산,,,Product Parts,
SSU000825,checked,PT1405-에디트캘린더_커버_화이트+옵셋지정색,판매가능,김민정,최초등록,에디트 캘린더,EDCD,2023.10.25 4:24오후,,2023.10.25,2026.9.3,recqDRsniLzoFOuJO,recqDRsniLzoFOuJO,https://airtable.com/shr5t1qyPKytJvVBY?prefill_fldziB6bVRltNvUis=recqDRsniLzoFOuJO,825,김민정,PT1405-에디트캘린더_커버_화이트+옵셋지정색,,생산,,,Product Parts,
SSU000826,checked,PT1694-퍼블랭킷(일반담요),판매가능,김민정,최초등록,퍼 블랭킷,FUBL,2023.10.25 4:29오후,,2023.10.25,2026.9.3,rec4ZgJByocezmbsX,rec4ZgJByocezmbsX,https://airtable.com/shr5t1qyPKytJvVBY?prefill_fldziB6bVRltNvUis=rec4ZgJByocezmbsX,826,김민정,PT1694-퍼블랭킷(일반담요),,생산,,,Product Parts,
SSU000827,checked,PT1696-퍼블랭킷(무릎담요),판매가능,김민정,최초등록,퍼 블랭킷,FUBL,2023.10.25 4:29오후,,2023.10.25,2026.9.3,recsDkPp9S7wo1chV,recsDkPp9S7wo1chV,https://airtable.com/shr5t1qyPKytJvVBY?prefill_fldziB6bVRltNvUis=recsDkPp9S7wo1chV,827,김민정,PT1696-퍼블랭킷(무릎담요),,생산,,,Product Parts,
SSU000828,checked,,판매가능,김민정,최초등록,,,2023.10.25 4:30오후,,2023.10.25,2026.9.3,,rec4qiobrevJ9fMXq,https://airtable.com/shr5t1qyPKytJvVBY?prefill_fldziB6bVRltNvUis=,828,김민정,,,,,,,
SSU000829,checked,,판매가능,김민정,최초등록,,,2023.10.25 4:31오후,,2023.10.25,2026.9.3,,recMVDk4gQssZQfWF,https://airtable.com/shr5t1qyPKytJvVBY?prefill_fldziB6bVRltNvUis=,829,김민정,,,,,,,
SSU000830,checked,,판매가능,김민정,최초등록,,,2023.10.25 4:31오후,,2023.10.25,2026.9.3,,rec4WpMI2lL5mH403,https://airtable.com/shr5t1qyPKytJvVBY?prefill_fldziB6bVRltNvUis=,830,김민정,,,,,,,
SSU000831,checked,PT3306-트래블2in1목베개,판매가능,김민정,최초등록,트래블 2in1 목베개,NKPL,2023.10.25 4:32오후,2026.4.3 10:28오전,2023.10.25,2026.4.2,recdZa7cJ0IClHdy8,,https://airtable.com/shr5t1qyPKytJvVBY?prefill_fldziB6bVRltNvUis=recdZa7cJ0IClHdy8,831,김민정,PT3306-트래블2in1목베개,,생산,,,Product Parts,
SSU000832,checked,PT3251-프라우드메모패드_커버_컬러,판매가능,김민정,최초등록,프라우드 메모패드,PMPB,2023.10.25 4:33오후,,2023.10.25,2026.9.3,recV1b9TtPnn5GyR0,recV1b9TtPnn5GyR0,https://airtable.com/shr5t1qyPKytJvVBY?prefill_fldziB6bVRltNvUis=recV1b9TtPnn5GyR0,832,김민정,PT3251-프라우드메모패드_커버_컬러,,생산,,,Product Parts,
SSU000833,checked,PT3291-리멤버타투스티커_화이트+디지털풀컬러,판매가능,김민정,최초등록,리멤버 타투스티커,TTSK,2023.10.25 4:33오후,2024.4.29 8:52오전,2023.10.25,2024.4.28,recDCFyNcLSZWAE3u,,https://airtable.com/shr5t1qyPKytJvVBY?prefill_fldziB6bVRltNvUis=recDCFyNcLSZWAE3u,833,김민정,PT3291-리멤버타투스티커_화이트+디지털풀컬러,,생산,,,Product Parts,
SSU000834,checked,PT3267-모먼트일회용카메라_본품,판매가능,김민정,최초등록,모먼트 일회용 카메라,FCAM,2023.10.25 4:35오후,2025.9.11 8:59오후,2023.10.25,2025.9.10,recVvQIFXPRcwYsoz,,https://airtable.com/shr5t1qyPKytJvVBY?prefill_fldziB6bVRltNvUis=recVvQIFXPRcwYsoz,834,김민정,PT3267-모먼트일회용카메라_본품,,협력사,,,Product Parts,
SSU000835,checked,PT3268-모먼트일회용카메라_커버,판매가능,김민정,최초등록,모먼트 일회용 카메라,FCAM,2023.10.25 4:36오후,2025.9.11 9:00오후,2023.10.25,2025.9.10,recy9UYrZdSeBih2y,,https://airtable.com/shr5t1qyPKytJvVBY?prefill_fldziB6bVRltNvUis=recy9UYrZdSeBih2y,835,김민정,PT3268-모먼트일회용카메라_커버,,생산,,,Product Parts,
SSU000836,checked,PT3103-펠트슬리브_컬러,판매가능,김민정,최초등록,슈가케인 텀블러,SGCN,2023.10.25 4:36오후,,2023.10.25,2026.9.3,recKbgb0WmNqxmPxm,recKbgb0WmNqxmPxm,https://airtable.com/shr5t1qyPKytJvVBY?prefill_fldziB6bVRltNvUis=recKbgb0WmNqxmPxm,836,김민정,PT3103-펠트슬리브_컬러,,생산,,,Product Parts,
SSU000837,checked,PT2911-하이킹폴딩방석,판매가능,김민정,최초등록,하이킹 폴딩방석,HIKF,2023.10.25 4:37오후,,2023.10.25,2026.9.3,recdKRXeRje8JpsdO,recdKRXeRje8JpsdO,https://airtable.com/shr5t1qyPKytJvVBY?prefill_fldziB6bVRltNvUis=recdKRXeRje8JpsdO,837,김민정,PT2911-하이킹폴딩방석,,생산,,,Product Parts,
SSU000838,checked,PT2916-하이킹폴딩방석_바이어스/고정밴드_블랙,판매가능,김민정,최초등록,하이킹 폴딩방석,HIKF,2023.10.25 4:37오후,,2023.10.25,2026.9.3,recYAGJ9MWf7pJqvi,recYAGJ9MWf7pJqvi,https://airtable.com/shr5t1qyPKytJvVBY?prefill_fldziB6bVRltNvUis=recYAGJ9MWf7pJqvi,838,김민정,PT2916-하이킹폴딩방석_바이어스/고정밴드_블랙,,생산,,,Product Parts,
SSU000839,checked,PT2917-하이킹폴딩방석_바이어스/고정밴드_화이트,판매가능,김민정,최초등록,하이킹 폴딩방석,HIKF,2023.10.25 4:38오후,,2023.10.25,2026.9.3,recBSI3hPAAHrfwVs,recBSI3hPAAHrfwVs,https://airtable.com/shr5t1qyPKytJvVBY?prefill_fldziB6bVRltNvUis=recBSI3hPAAHrfwVs,839,김민정,PT2917-하이킹폴딩방석_바이어스/고정밴드_화이트,,생산,,,Product Parts,
SSU000840,checked,PT2866-페이퍼링캘린더_커버(지정2색)_화이트+옵셋지정색,판매가능,김민정,최초등록,페이퍼링 캘린더,PIPR,2023.10.25 4:39오후,,2023.10.25,2026.9.3,recpOftBFxZWThnfA,recpOftBFxZWThnfA,https://airtable.com/shr5t1qyPKytJvVBY?prefill_fldziB6bVRltNvUis=recpOftBFxZWThnfA,840,김민정,PT2866-페이퍼링캘린더_커버(지정2색)_화이트+옵셋지정색,,생산,,,Product Parts,
SSU000841,checked,PT2867-페이퍼링캘린더_커버_화이트+옵셋풀컬러,판매가능,김민정,최초등록,페이퍼링 캘린더,PIPR,2023.10.25 4:39오후,,2023.10.25,2026.9.3,recNdZosYOnmNX20j,recNdZosYOnmNX20j,https://airtable.com/shr5t1qyPKytJvVBY?prefill_fldziB6bVRltNvUis=recNdZosYOnmNX20j,841,김민정,PT2867-페이퍼링캘린더_커버_화이트+옵셋풀컬러,,생산,,,Product Parts,
SSU000842,checked,PT2868-페이퍼링캘린더_내지_화이트+블랙인쇄,판매가능,김민정,최초등록,페이퍼링 캘린더,PIPR,2023.10.25 4:45오후,,2023.10.25,2026.9.3,recvZoq3uxFlkDQBg,recvZoq3uxFlkDQBg,https://airtable.com/shr5t1qyPKytJvVBY?prefill_fldziB6bVRltNvUis=recvZoq3uxFlkDQBg,842,김민정,PT2868-페이퍼링캘린더_내지_화이트+블랙인쇄,,생산,,,Product Parts,
SSU000843,checked,PT2869-페이퍼링캘린더_내지(지정2색)_화이트+옵셋지정색,판매가능,김민정,최초등록,페이퍼링 캘린더,PIPR,2023.10.25 4:46오후,,2023.10.25,2026.9.3,recap0D7B6G0y9cza,recap0D7B6G0y9cza,https://airtable.com/shr5t1qyPKytJvVBY?prefill_fldziB6bVRltNvUis=recap0D7B6G0y9cza,843,김민정,PT2869-페이퍼링캘린더_내지(지정2색)_화이트+옵셋지정색,,생산,,,Product Parts,
SSU000844,checked,PT2870-페이퍼링캘린더_내지_화이트+옵셋풀컬러,판매가능,김민정,최초등록,페이퍼링 캘린더,PIPR,2023.10.25 5:04오후,,2023.10.25,2026.9.3,recptNZ44WrElidHt,recptNZ44WrElidHt,https://airtable.com/shr5t1qyPKytJvVBY?prefill_fldziB6bVRltNvUis=recptNZ44WrElidHt,844,김민정,PT2870-페이퍼링캘린더_내지_화이트+옵셋풀컬러,,생산,,,Product Parts,
SSU000845,checked,PT2251-아트워크레더다이어리_내지(커스텀인쇄.전체.블랙인쇄),판매가능,김민정,최초등록,아트워크 레더 다이어리,ATWK,2023.10.25 5:05오후,,2023.10.25,2026.9.3,reccmBnpvixPgUpDz,reccmBnpvixPgUpDz,https://airtable.com/shr5t1qyPKytJvVBY?prefill_fldziB6bVRltNvUis=reccmBnpvixPgUpDz,845,김민정,PT2251-아트워크레더다이어리_내지(커스텀인쇄.전체.블랙인쇄),,생산,,,Product Parts,
SSU000846,checked,PT2252-아트워크레더다이어리_내지(커스텀인쇄1-31p옵셋풀컬러.나머지블랙인쇄),판매가능,김민정,최초등록,아트워크 레더 다이어리,ATWK,2023.10.25 5:05오후,,2023.10.25,2026.9.3,recqz64BDSrfHSyT5,recqz64BDSrfHSyT5,https://airtable.com/shr5t1qyPKytJvVBY?prefill_fldziB6bVRltNvUis=recqz64BDSrfHSyT5,846,김민정,PT2252-아트워크레더다이어리_내지(커스텀인쇄1-31p옵셋풀컬러.나머지블랙인쇄),,생산,,,Product Parts,
SSU000847,checked,PT3006-아트워크레더다이어리_내지(커스텀인쇄1-16p옵셋풀컬러.나머지블랙인쇄),판매가능,김민정,최초등록,아트워크 레더 다이어리,ATWK,2023.10.25 5:05오후,,2023.10.25,2026.9.3,recwsZepXzXA1ient,recwsZepXzXA1ient,https://airtable.com/shr5t1qyPKytJvVBY?prefill_fldziB6bVRltNvUis=recwsZepXzXA1ient,847,김민정,PT3006-아트워크레더다이어리_내지(커스텀인쇄1-16p옵셋풀컬러.나머지블랙인쇄),,생산,,,Product Parts,
SSU000848,checked,PT2468-데코스티커_화이트+디지털풀컬러,판매가능,김민정,최초등록,드레스업 손거울,DRSU,2023.10.25 5:06오후,,2023.10.25,2026.9.3,reckca0OZuND2gNEP,reckca0OZuND2gNEP,https://airtable.com/shr5t1qyPKytJvVBY?prefill_fldziB6bVRltNvUis=reckca0OZuND2gNEP,848,김민정,PT2468-데코스티커_화이트+디지털풀컬러,,생산,,,Product Parts,
SSU000849,checked,PT2373-데코스티커_화이트+디지털풀컬러,판매가능,김민정,최초등록,데코 스티커,DECO,2023.10.25 5:06오후,,2023.10.25,2026.9.3,reccQUdjHAHTQl1zS,reccQUdjHAHTQl1zS,https://airtable.com/shr5t1qyPKytJvVBY?prefill_fldziB6bVRltNvUis=reccQUdjHAHTQl1zS,849,김민정,PT2373-데코스티커_화이트+디지털풀컬러,,생산,,,Product Parts,
SSU000850,checked,PT2374-데코스티커_투명+디지털풀컬러,판매가능,김민정,최초등록,데코 스티커,DECO,2023.10.25 5:07오후,,2023.10.25,2026.9.3,recNaMJ2b302OJGen,recNaMJ2b302OJGen,https://airtable.com/shr5t1qyPKytJvVBY?prefill_fldziB6bVRltNvUis=recNaMJ2b302OJGen,850,김민정,PT2374-데코스티커_투명+디지털풀컬러,,생산,,,Product Parts,
SSU000851,checked,,판매가능,김민정,최초등록,,,2023.10.25 5:08오후,2026.6.25 9:36오전,2023.10.25,2026.6.24,,,https://airtable.com/shr5t1qyPKytJvVBY?prefill_fldziB6bVRltNvUis=,851,김민정,,,,,,,
SSU000852,checked,,판매가능,김민정,최초등록,,,2023.10.25 5:08오후,2026.6.25 9:36오전,2023.10.25,2026.6.24,,,https://airtable.com/shr5t1qyPKytJvVBY?prefill_fldziB6bVRltNvUis=,852,김민정,,,,,,,
SSU000853,checked,,판매가능,김민정,최초등록,,,2023.10.25 5:09오후,2026.6.25 9:36오전,2023.10.25,2026.6.24,,,https://airtable.com/shr5t1qyPKytJvVBY?prefill_fldziB6bVRltNvUis=,853,김민정,,,,,,,
SSU000854,checked,,판매가능,김민정,최초등록,,,2023.10.25 5:09오후,2026.6.25 9:36오전,2023.10.25,2026.6.24,,,https://airtable.com/shr5t1qyPKytJvVBY?prefill_fldziB6bVRltNvUis=,854,김민정,,,,,,,
SSU000855,checked,,판매가능,김민정,최초등록,,,2023.10.25 5:10오후,2026.6.25 9:40오전,2023.10.25,2026.6.24,,,https://airtable.com/shr5t1qyPKytJvVBY?prefill_fldziB6bVRltNvUis=,855,김민정,,,,,,,
SSU000856,checked,,판매가능,김민정,최초등록,,,2023.10.25 5:11오후,2026.6.25 9:40오전,2023.10.25,2026.6.24,,,https://airtable.com/shr5t1qyPKytJvVBY?prefill_fldziB6bVRltNvUis=,856,김민정,,,,,,,
SSU000857,checked,,판매가능,김민정,최초등록,,,2023.10.25 5:11오후,2026.6.25 9:40오전,2023.10.25,2026.6.24,,,https://airtable.com/shr5t1qyPKytJvVBY?prefill_fldziB6bVRltNvUis=,857,김민정,,,,,,,
SSU000858,checked,,판매가능,김민정,최초등록,,,2023.10.25 5:11오후,2026.6.25 9:40오전,2023.10.25,2026.6.24,,,https://airtable.com/shr5t1qyPKytJvVBY?prefill_fldziB6bVRltNvUis=,858,김민정,,,,,,,
SSU000859,checked,,판매가능,김민정,최초등록,,,2023.10.25 5:12오후,2026.6.25 9:40오전,2023.10.25,2026.6.24,,,https://airtable.com/shr5t1qyPKytJvVBY?prefill_fldziB6bVRltNvUis=,859,김민정,,,,,,,
SSU000860,checked,,판매가능,김민정,최초등록,,,2023.10.25 5:12오후,2026.6.25 9:40오전,2023.10.25,2026.6.24,,,https://airtable.com/shr5t1qyPKytJvVBY?prefill_fldziB6bVRltNvUis=,860,김민정,,,,,,,
SSU000861,checked,,판매가능,김민정,최초등록,,,2023.10.25 5:13오후,2024.6.18 5:15오후,2023.10.25,2024.6.17,,,https://airtable.com/shr5t1qyPKytJvVBY?prefill_fldziB6bVRltNvUis=,861,김민정,,,,,,,
SSU000862,checked,,판매가능,김민정,최초등록,,,2023.10.25 5:13오후,2024.6.18 3:11오후,2023.10.25,2024.6.17,,,https://airtable.com/shr5t1qyPKytJvVBY?prefill_fldziB6bVRltNvUis=,862,김민정,,,,,,,
SSU000863,checked,,판매가능,김민정,최초등록,,,2023.10.25 5:14오후,,2023.10.25,2026.9.3,,recsDVlQNpDxe9mem,https://airtable.com/shr5t1qyPKytJvVBY?prefill_fldziB6bVRltNvUis=,863,김민정,,,,,,,
SSU000864,checked,PT1742-풀컬러스프링노트_커버_화이트+옵셋풀컬러,판매가능,김민정,최초등록,풀커버 스프링노트,FCSP,2023.10.25 5:14오후,,2023.10.25,2026.9.3,recrNK43odwYxYB4s,recrNK43odwYxYB4s,https://airtable.com/shr5t1qyPKytJvVBY?prefill_fldziB6bVRltNvUis=recrNK43odwYxYB4s,864,김민정,PT1742-풀컬러스프링노트_커버_화이트+옵셋풀컬러,,생산,,,Product Parts,
SSU000865,checked,PT1743-풀컬러스프링노트_내지(커스텀인쇄전체)_화이트+블랙인쇄,판매가능,김민정,최초등록,풀커버 스프링노트,FCSP,2023.10.25 5:15오후,,2023.10.25,2026.9.3,recKdftwtGaRiPgYY,recKdftwtGaRiPgYY,https://airtable.com/shr5t1qyPKytJvVBY?prefill_fldziB6bVRltNvUis=recKdftwtGaRiPgYY,865,김민정,PT1743-풀컬러스프링노트_내지(커스텀인쇄전체)_화이트+블랙인쇄,,생산,,,Product Parts,
SSU000866,checked,PT1744-풀컬러스프링노트_커버(그문드비)_컬러,판매가능,김민정,최초등록,풀커버 스프링노트,FCSP,2023.10.25 5:15오후,,2023.10.25,2026.9.3,rec3YiWnmnXTcCmuu,rec3YiWnmnXTcCmuu,https://airtable.com/shr5t1qyPKytJvVBY?prefill_fldziB6bVRltNvUis=rec3YiWnmnXTcCmuu,866,김민정,PT1744-풀컬러스프링노트_커버(그문드비)_컬러,,생산,,,Product Parts,
SSU000867,checked,PT1745-풀컬러스프링노트_내지(줄)_화이트,판매가능,김민정,최초등록,풀커버 스프링노트,FCSP,2023.10.25 5:16오후,,2023.10.25,2026.9.3,recVdiqiVPNWEailX,recVdiqiVPNWEailX,https://airtable.com/shr5t1qyPKytJvVBY?prefill_fldziB6bVRltNvUis=recVdiqiVPNWEailX,867,김민정,PT1745-풀컬러스프링노트_내지(줄)_화이트,,생산,,,Product Parts,
SSU000868,checked,PT1746-풀커버스프링노트_스프링_컬러,판매가능,김민정,최초등록,풀커버 스프링노트,FCSP,2023.10.25 5:16오후,,2023.10.25,2026.9.3,rechyMigOeFvxkl5c,rechyMigOeFvxkl5c,https://airtable.com/shr5t1qyPKytJvVBY?prefill_fldziB6bVRltNvUis=rechyMigOeFvxkl5c,868,김민정,PT1746-풀커버스프링노트_스프링_컬러,,생산,,,Product Parts,
SSU000869,checked,PT1747-풀컬러스프링노트_내지(커스텀인쇄1-15p)_화이트+옵셋풀컬러,판매가능,김민정,최초등록,풀커버 스프링노트,FCSP,2023.10.25 5:17오후,,2023.10.25,2026.9.3,reczyyiyXw15VomUu,reczyyiyXw15VomUu,https://airtable.com/shr5t1qyPKytJvVBY?prefill_fldziB6bVRltNvUis=reczyyiyXw15VomUu,869,김민정,PT1747-풀컬러스프링노트_내지(커스텀인쇄1-15p)_화이트+옵셋풀컬러,,생산,,,Product Parts,
SSU000870,checked,PT1748-풀컬러스프링노트_내지(무지)_화이트,판매가능,김민정,최초등록,풀커버 스프링노트,FCSP,2023.10.25 5:17오후,,2023.10.25,2026.9.3,recXx9sVQ0C8WkW81,recXx9sVQ0C8WkW81,https://airtable.com/shr5t1qyPKytJvVBY?prefill_fldziB6bVRltNvUis=recXx9sVQ0C8WkW81,870,김민정,PT1748-풀컬러스프링노트_내지(무지)_화이트,,생산,,,Product Parts,
SSU000871,checked,PT1749-풀컬러스프링노트_내지(커스텀인쇄1p)_화이트+블랙인쇄,판매가능,김민정,최초등록,풀커버 스프링노트,FCSP,2023.10.25 5:17오후,,2023.10.25,2026.9.3,recU9TAf2xnSaCSn1,recU9TAf2xnSaCSn1,https://airtable.com/shr5t1qyPKytJvVBY?prefill_fldziB6bVRltNvUis=recU9TAf2xnSaCSn1,871,김민정,PT1749-풀컬러스프링노트_내지(커스텀인쇄1p)_화이트+블랙인쇄,,생산,,,Product Parts,
SSU000872,checked,PT1750-풀컬러스프링노트_커버(컬러플랜)_컬러,판매가능,김민정,최초등록,풀커버 스프링노트,FCSP,2023.10.25 5:18오후,,2023.10.25,2026.9.3,rechiwnHZvk0c39Ov,rechiwnHZvk0c39Ov,https://airtable.com/shr5t1qyPKytJvVBY?prefill_fldziB6bVRltNvUis=rechiwnHZvk0c39Ov,872,김민정,PT1750-풀컬러스프링노트_커버(컬러플랜)_컬러,,생산,,,Product Parts,
SSU000873,checked,PT3468-밸류보드다이어리_내지(커스텀인쇄192p)_화이트+블랙인쇄,판매가능,김민정,최초등록,밸류보드 다이어리,VABD,2023.10.25 5:19오후,,2023.10.25,2026.9.3,recF7Rxm2gJBL0f2f,recF7Rxm2gJBL0f2f,https://airtable.com/shr5t1qyPKytJvVBY?prefill_fldziB6bVRltNvUis=recF7Rxm2gJBL0f2f,873,김민정,PT3468-밸류보드다이어리_내지(커스텀인쇄192p)_화이트+블랙인쇄,,생산,,,Product Parts,
SSU000874,checked,,판매가능,김민정,최초등록,,,2023.10.25 5:20오후,,2023.10.25,2026.9.3,,rec2YsAW51gjZIxJp,https://airtable.com/shr5t1qyPKytJvVBY?prefill_fldziB6bVRltNvUis=,874,김민정,,,,,,,
SSU000875,checked,,판매가능,김민정,최초등록,,,2023.10.25 5:20오후,,2023.10.25,2026.9.3,,recbmK5WMZT6bJ0Rm,https://airtable.com/shr5t1qyPKytJvVBY?prefill_fldziB6bVRltNvUis=,875,김민정,,,,,,,
SSU000876,checked,,판매가능,김민정,최초등록,,,2023.10.25 5:20오후,,2023.10.25,2026.9.3,,recONhw1p3iXyuH3E,https://airtable.com/shr5t1qyPKytJvVBY?prefill_fldziB6bVRltNvUis=,876,김민정,,,,,,,
SSU000877,checked,,판매가능,김민정,최초등록,,,2023.10.25 5:21오후,,2023.10.25,2026.9.3,,recFd1GwjnQWG8mAA,https://airtable.com/shr5t1qyPKytJvVBY?prefill_fldziB6bVRltNvUis=,877,김민정,,,,,,,
SSU000878,checked,,판매가능,김민정,최초등록,,,2023.10.25 5:21오후,,2023.10.25,2026.9.3,,recmIApG8E4NYwMdL,https://airtable.com/shr5t1qyPKytJvVBY?prefill_fldziB6bVRltNvUis=,878,김민정,,,,,,,
SSU000879,checked,PT1358-애드온뱃지(자유형40x40이내5-7색),판매가능,김민정,최초등록,애드온 뱃지,AOBG,2023.10.25 5:24오후,,2023.10.25,2026.9.3,recYGT9uINWJAqHEO,recYGT9uINWJAqHEO,https://airtable.com/shr5t1qyPKytJvVBY?prefill_fldziB6bVRltNvUis=recYGT9uINWJAqHEO,879,김민정,PT1358-애드온뱃지(자유형40x40이내5-7색),,생산,,,Product Parts,
SSU000880,checked,PT1360-애드온뱃지(자유형20x20이내1-4색),판매가능,김민정,최초등록,애드온 뱃지,AOBG,2023.10.25 5:26오후,,2023.10.25,2026.9.3,recWtU5JBGlaiIEoA,recWtU5JBGlaiIEoA,https://airtable.com/shr5t1qyPKytJvVBY?prefill_fldziB6bVRltNvUis=recWtU5JBGlaiIEoA,880,김민정,PT1360-애드온뱃지(자유형20x20이내1-4색),,생산,,,Product Parts,
SSU000881,checked,PT1363-애드온뱃지(자유형20x20이내5-7색),판매가능,김민정,최초등록,애드온 뱃지,AOBG,2023.10.25 5:26오후,,2023.10.25,2026.9.3,rectFWefxELhXBCex,rectFWefxELhXBCex,https://airtable.com/shr5t1qyPKytJvVBY?prefill_fldziB6bVRltNvUis=rectFWefxELhXBCex,881,김민정,PT1363-애드온뱃지(자유형20x20이내5-7색),,생산,,,Product Parts,
SSU000882,checked,PT1364-애드온뱃지(사각/원형30x30이내1-4색),판매가능,김민정,최초등록,애드온 뱃지,AOBG,2023.10.25 5:26오후,,2023.10.25,2026.9.3,recf73t3sLmOcpvyZ,recf73t3sLmOcpvyZ,https://airtable.com/shr5t1qyPKytJvVBY?prefill_fldziB6bVRltNvUis=recf73t3sLmOcpvyZ,882,김민정,PT1364-애드온뱃지(사각/원형30x30이내1-4색),,생산,,,Product Parts,
SSU000883,checked,PT1365-애드온뱃지(자유형30x30이내1-4색),판매가능,김민정,최초등록,애드온 뱃지,AOBG,2023.10.25 5:27오후,,2023.10.25,2026.9.3,recpn8Id4iUib6WwH,recpn8Id4iUib6WwH,https://airtable.com/shr5t1qyPKytJvVBY?prefill_fldziB6bVRltNvUis=recpn8Id4iUib6WwH,883,김민정,PT1365-애드온뱃지(자유형30x30이내1-4색),,생산,,,Product Parts,
SSU000884,checked,PT1366-애드온뱃지(사각/원형30x30이내5-7색),판매가능,김민정,최초등록,애드온 뱃지,AOBG,2023.10.25 5:27오후,,2023.10.25,2026.9.3,recKBwX1eEKENrgKC,recKBwX1eEKENrgKC,https://airtable.com/shr5t1qyPKytJvVBY?prefill_fldziB6bVRltNvUis=recKBwX1eEKENrgKC,884,김민정,PT1366-애드온뱃지(사각/원형30x30이내5-7색),,생산,,,Product Parts,
SSU000885,checked,PT1368-애드온뱃지(자유형30x30이내5-7색),판매가능,김민정,최초등록,애드온 뱃지,AOBG,2023.10.25 5:28오후,,2023.10.25,2026.9.3,recIaW2FzQNYzEZQt,recIaW2FzQNYzEZQt,https://airtable.com/shr5t1qyPKytJvVBY?prefill_fldziB6bVRltNvUis=recIaW2FzQNYzEZQt,885,김민정,PT1368-애드온뱃지(자유형30x30이내5-7색),,생산,,,Product Parts,
SSU000886,checked,PT1370-애드온뱃지(자유형40x40이내1-4색),판매가능,김민정,최초등록,애드온 뱃지,AOBG,2023.10.25 5:29오후,,2023.10.25,2026.9.3,rec4HnRFIn2HrRLj8,rec4HnRFIn2HrRLj8,https://airtable.com/shr5t1qyPKytJvVBY?prefill_fldziB6bVRltNvUis=rec4HnRFIn2HrRLj8,886,김민정,PT1370-애드온뱃지(자유형40x40이내1-4색),,생산,,,Product Parts,
SSU000887,checked,PT1389-볼마커(사각/원형.25x25이내.1-4색)_컬러,판매가능,김민정,최초등록,"에디션 골프공 & 볼마커 6구 세트, 프레젠트 골프공 3구","EDGB, PSGB",2023.10.25 5:29오후,,2023.10.25,2026.9.3,recSQTbzHgGsKA1Sa,recSQTbzHgGsKA1Sa,https://airtable.com/shr5t1qyPKytJvVBY?prefill_fldziB6bVRltNvUis=recSQTbzHgGsKA1Sa,887,김민정,PT1389-볼마커(사각/원형.25x25이내.1-4색)_컬러,,생산,,,Product Parts,
SSU000888,checked,PT1390-볼마커(사각/원형.25x25이내.5-7색)_컬러,판매가능,김민정,최초등록,"에디션 골프공 & 볼마커 6구 세트, 프레젠트 골프공 3구","EDGB, PSGB",2023.10.25 5:31오후,,2023.10.25,2026.9.3,recBZVBCKNcPdu8jp,recBZVBCKNcPdu8jp,https://airtable.com/shr5t1qyPKytJvVBY?prefill_fldziB6bVRltNvUis=recBZVBCKNcPdu8jp,888,김민정,PT1390-볼마커(사각/원형.25x25이내.5-7색)_컬러,,생산,,,Product Parts,
SSU000889,checked,PT1391-볼마커(사각/원형.40x40이내.1-4색)_컬러,판매가능,김민정,최초등록,"에디션 골프공 & 볼마커 6구 세트, 프레젠트 골프공 3구","EDGB, PSGB",2023.10.25 5:31오후,,2023.10.25,2026.9.3,recPrdMfxY2KejfHu,recPrdMfxY2KejfHu,https://airtable.com/shr5t1qyPKytJvVBY?prefill_fldziB6bVRltNvUis=recPrdMfxY2KejfHu,889,김민정,PT1391-볼마커(사각/원형.40x40이내.1-4색)_컬러,,생산,,,Product Parts,
SSU000890,checked,PT1392-볼마커(사각/원형.40x40이내.5-7색)_컬러,판매가능,김민정,최초등록,"에디션 골프공 & 볼마커 6구 세트, 프레젠트 골프공 3구","EDGB, PSGB",2023.10.25 5:32오후,,2023.10.25,2026.9.3,recvmXKtgn9XEf1ks,recvmXKtgn9XEf1ks,https://airtable.com/shr5t1qyPKytJvVBY?prefill_fldziB6bVRltNvUis=recvmXKtgn9XEf1ks,890,김민정,PT1392-볼마커(사각/원형.40x40이내.5-7색)_컬러,,생산,,,Product Parts,
SSU000891,checked,PT1393-볼마커(자유형.25x25이내.1-4색)_컬러,판매가능,김민정,최초등록,"에디션 골프공 & 볼마커 6구 세트, 프레젠트 골프공 3구","EDGB, PSGB",2023.10.25 5:32오후,,2023.10.25,2026.9.3,recpukwUIeQcBgwz4,recpukwUIeQcBgwz4,https://airtable.com/shr5t1qyPKytJvVBY?prefill_fldziB6bVRltNvUis=recpukwUIeQcBgwz4,891,김민정,PT1393-볼마커(자유형.25x25이내.1-4색)_컬러,,생산,,,Product Parts,
SSU000892,checked,PT1394-볼마커(자유형.25x25이내.5-7색)_컬러,판매가능,김민정,최초등록,"에디션 골프공 & 볼마커 6구 세트, 프레젠트 골프공 3구","EDGB, PSGB",2023.10.25 5:33오후,,2023.10.25,2026.9.3,rec8AOPJwtQ90CSRj,rec8AOPJwtQ90CSRj,https://airtable.com/shr5t1qyPKytJvVBY?prefill_fldziB6bVRltNvUis=rec8AOPJwtQ90CSRj,892,김민정,PT1394-볼마커(자유형.25x25이내.5-7색)_컬러,,생산,,,Product Parts,
SSU000893,checked,PT1395-볼마커(자유형.40x40이내.1-4색)_컬러,판매가능,김민정,최초등록,"에디션 골프공 & 볼마커 6구 세트, 프레젠트 골프공 3구","EDGB, PSGB",2023.10.25 5:33오후,,2023.10.25,2026.9.3,recMKvbfqAXf7jB5b,recMKvbfqAXf7jB5b,https://airtable.com/shr5t1qyPKytJvVBY?prefill_fldziB6bVRltNvUis=recMKvbfqAXf7jB5b,893,김민정,PT1395-볼마커(자유형.40x40이내.1-4색)_컬러,,생산,,,Product Parts,
SSU000894,checked,PT1396-볼마커(자유형.40x40이내.5-7색)_컬러,판매가능,김민정,최초등록,"에디션 골프공 & 볼마커 6구 세트, 프레젠트 골프공 3구","EDGB, PSGB",2023.10.25 5:34오후,,2023.10.25,2026.9.3,rect6jH1T0tjY2m01,rect6jH1T0tjY2m01,https://airtable.com/shr5t1qyPKytJvVBY?prefill_fldziB6bVRltNvUis=rect6jH1T0tjY2m01,894,김민정,PT1396-볼마커(자유형.40x40이내.5-7색)_컬러,,생산,,,Product Parts,
SSU000895,checked,PT1720-포시즌블랭킷(무릎담요),판매가능,김민정,최초등록,포시즌 블랭킷,FSBL,2023.10.25 5:34오후,,2023.10.25,2026.9.3,rec2JswnJTN43GVo1,rec2JswnJTN43GVo1,https://airtable.com/shr5t1qyPKytJvVBY?prefill_fldziB6bVRltNvUis=rec2JswnJTN43GVo1,895,김민정,PT1720-포시즌블랭킷(무릎담요),,생산,,,Product Parts,
SSU000896,checked,PT1726-포시즌블랭킷(일반담요),판매가능,김민정,최초등록,포시즌 블랭킷,FSBL,2023.10.25 5:35오후,,2023.10.25,2026.9.3,recCXE96X4yCEdiuq,recCXE96X4yCEdiuq,https://airtable.com/shr5t1qyPKytJvVBY?prefill_fldziB6bVRltNvUis=recCXE96X4yCEdiuq,896,김민정,PT1726-포시즌블랭킷(일반담요),,생산,,,Product Parts,
SSU000897,checked,PT0855-리유저블캘린더_캘린더_화이트+옵셋풀컬러,판매가능,김민정,최초등록,리유저블 캘린더,RUCD,2023.10.25 6:24오후,,2023.10.25,2026.9.3,recjqRPHZvmDAiHBz,recjqRPHZvmDAiHBz,https://airtable.com/shr5t1qyPKytJvVBY?prefill_fldziB6bVRltNvUis=recjqRPHZvmDAiHBz,897,김민정,PT0855-리유저블캘린더_캘린더_화이트+옵셋풀컬러,,생산,,,Product Parts,
SSU000898,checked,PT0856-리유저블캘린더_캘린더_화이트+블랙인쇄,판매가능,김민정,최초등록,리유저블 캘린더,RUCD,2023.10.25 6:25오후,,2023.10.25,2026.9.3,recYNr2air3ZIa0x2,recYNr2air3ZIa0x2,https://airtable.com/shr5t1qyPKytJvVBY?prefill_fldziB6bVRltNvUis=recYNr2air3ZIa0x2,898,김민정,PT0856-리유저블캘린더_캘린더_화이트+블랙인쇄,,생산,,,Product Parts,
SSU000899,checked,PT0857-리유저블캘린더_캘린더_화이트+옵셋지정색,판매가능,김민정,최초등록,리유저블 캘린더,RUCD,2023.10.25 6:26오후,,2023.10.25,2026.9.3,recsehxqCAzhVj3ue,recsehxqCAzhVj3ue,https://airtable.com/shr5t1qyPKytJvVBY?prefill_fldziB6bVRltNvUis=recsehxqCAzhVj3ue,899,김민정,PT0857-리유저블캘린더_캘린더_화이트+옵셋지정색,,생산,,,Product Parts,
SSU000900,checked,PT1327-썸네일캘린더_커버_화이트+옵셋풀컬러,판매가능,김민정,최초등록,썸네일 캘린더,TNCL,2023.10.25 6:26오후,,2023.10.25,2026.9.3,recjwbMCVLnj3kmEk,recjwbMCVLnj3kmEk,https://airtable.com/shr5t1qyPKytJvVBY?prefill_fldziB6bVRltNvUis=recjwbMCVLnj3kmEk,900,김민정,PT1327-썸네일캘린더_커버_화이트+옵셋풀컬러,,생산,,,Product Parts,
SSU000901,checked,PT1339-썸네일캘린더_내지(양면풀컬러)_화이트+옵셋풀컬러,판매가능,김민정,최초등록,썸네일 캘린더,TNCL,2023.10.25 6:27오후,,2023.10.25,2026.9.3,recGfgSyJx1rD5y2l,recGfgSyJx1rD5y2l,https://airtable.com/shr5t1qyPKytJvVBY?prefill_fldziB6bVRltNvUis=recGfgSyJx1rD5y2l,901,김민정,PT1339-썸네일캘린더_내지(양면풀컬러)_화이트+옵셋풀컬러,,생산,,,Product Parts,
SSU000902,checked,PT1340-썸네일캘린더_내지(전면지정2색.후면풀컬러)_화이트+옵셋지정색,판매가능,김민정,최초등록,썸네일 캘린더,TNCL,2023.10.25 6:34오후,,2023.10.25,2026.9.3,rec9oAYDi8CN0yy1h,rec9oAYDi8CN0yy1h,https://airtable.com/shr5t1qyPKytJvVBY?prefill_fldziB6bVRltNvUis=rec9oAYDi8CN0yy1h,902,김민정,PT1340-썸네일캘린더_내지(전면지정2색.후면풀컬러)_화이트+옵셋지정색,,생산,,,Product Parts,
SSU000903,checked,PT1342-썸네일캘린더_커버_컬러,판매가능,김민정,최초등록,썸네일 캘린더,TNCL,2023.10.25 6:34오후,,2023.10.25,2026.9.3,reciI5JKs1YCCKqae,reciI5JKs1YCCKqae,https://airtable.com/shr5t1qyPKytJvVBY?prefill_fldziB6bVRltNvUis=reciI5JKs1YCCKqae,903,김민정,PT1342-썸네일캘린더_커버_컬러,,생산,,,Product Parts,
SSU000904,checked,PT1346-썸네일캘린더_커버_화이트+옵셋지정색,판매가능,김민정,최초등록,썸네일 캘린더,TNCL,2023.10.25 6:35오후,,2023.10.25,2026.9.3,recroRgmxoh0Flxbn,recroRgmxoh0Flxbn,https://airtable.com/shr5t1qyPKytJvVBY?prefill_fldziB6bVRltNvUis=recroRgmxoh0Flxbn,904,김민정,PT1346-썸네일캘린더_커버_화이트+옵셋지정색,,생산,,,Product Parts,
SSU000905,checked,PT1130-스타일수면안대,판매가능,김민정,최초등록,스타일 수면안대,STSM,2023.10.25 6:40오후,2023.12.15 2:25오후,2023.10.25,2023.12.14,recvuHmB1J5QkrN5c,,https://airtable.com/shr5t1qyPKytJvVBY?prefill_fldziB6bVRltNvUis=recvuHmB1J5QkrN5c,905,김민정,PT1130-스타일수면안대,,생산,,,Product Parts,
SSU000906,checked,PT1134-안대파우치,판매가능,김민정,최초등록,스타일 수면안대,STSM,2023.10.25 6:41오후,,2023.10.25,2026.9.3,rec5I4bntlWs3zRfp,rec5I4bntlWs3zRfp,https://airtable.com/shr5t1qyPKytJvVBY?prefill_fldziB6bVRltNvUis=rec5I4bntlWs3zRfp,906,김민정,PT1134-안대파우치,,생산,,,Product Parts,
SSU000907,checked,PT0834-레더스킨다이어리_내지(커스텀인쇄1-32p옵셋풀컬러.나머지블랙인쇄)_화이트+옵셋풀컬러,판매가능,김민정,최초등록,레더스킨 다이어리,LSKD,2023.10.25 6:41오후,,2023.10.25,2026.9.3,recPrNK6eTY1Nck4T,recPrNK6eTY1Nck4T,https://airtable.com/shr5t1qyPKytJvVBY?prefill_fldziB6bVRltNvUis=recPrNK6eTY1Nck4T,907,김민정,PT0834-레더스킨다이어리_내지(커스텀인쇄1-32p옵셋풀컬러.나머지블랙인쇄)_화이트+옵셋풀컬러,,생산,,,Product Parts,
SSU000908,checked,PT0837-레더스킨다이어리_내지(커스텀인쇄전체)_화이트+블랙인쇄,판매가능,김민정,최초등록,레더스킨 다이어리,LSKD,2023.10.26 9:10오전,,2023.10.26,2026.9.3,recoPY0KtgtmGkLb6,recoPY0KtgtmGkLb6,https://airtable.com/shr5t1qyPKytJvVBY?prefill_fldziB6bVRltNvUis=recoPY0KtgtmGkLb6,908,김민정,PT0837-레더스킨다이어리_내지(커스텀인쇄전체)_화이트+블랙인쇄,,생산,,,Product Parts,
SSU000909,checked,PT0845-레더스킨다이어리_내지(커스텀인쇄1-16p옵셋풀컬러.나머지블랙인쇄)_화이트+옵셋풀컬러,판매가능,김민정,최초등록,레더스킨 다이어리,LSKD,2023.10.26 9:11오전,,2023.10.26,2026.9.3,recvrkQ54pI2xypBY,recvrkQ54pI2xypBY,https://airtable.com/shr5t1qyPKytJvVBY?prefill_fldziB6bVRltNvUis=recvrkQ54pI2xypBY,909,김민정,PT0845-레더스킨다이어리_내지(커스텀인쇄1-16p옵셋풀컬러.나머지블랙인쇄)_화이트+옵셋풀컬러,,생산,,,Product Parts,
SSU000910,checked,PT0713-내추럴노트_내지(커스텀인쇄1-32p옵셋풀컬러.나머지블랙)_화이트+옵셋풀컬러,판매가능,김민정,최초등록,내추럴 노트,NTRN,2023.10.26 9:11오전,2025.6.16 10:19오전,2023.10.26,2025.6.15,recBTrjXXuFcIlhtP,,https://airtable.com/shr5t1qyPKytJvVBY?prefill_fldziB6bVRltNvUis=recBTrjXXuFcIlhtP,910,김민정,PT0713-내추럴노트_내지(커스텀인쇄1-32p옵셋풀컬러.나머지블랙)_화이트+옵셋풀컬러,,생산,,,Product Parts,
SSU000911,checked,PT0714-내추럴노트_내지(커스텀인쇄전체)_화이트+블랙인쇄,판매가능,김민정,최초등록,내추럴 노트,NTRN,2023.10.26 9:12오전,2025.6.16 10:19오전,2023.10.26,2025.6.15,recsnobI99oVRyz34,,https://airtable.com/shr5t1qyPKytJvVBY?prefill_fldziB6bVRltNvUis=recsnobI99oVRyz34,911,김민정,PT0714-내추럴노트_내지(커스텀인쇄전체)_화이트+블랙인쇄,,생산,,,Product Parts,
SSU000912,checked,PT3007-내추럴노트_내지(커스텀인쇄1-16p옵셋풀컬러.나머지블랙인쇄),판매가능,김민정,최초등록,내추럴 노트,NTRN,2023.10.26 9:12오전,2025.6.16 10:18오전,2023.10.26,2025.6.15,recSLGjG7mojTltbP,,https://airtable.com/shr5t1qyPKytJvVBY?prefill_fldziB6bVRltNvUis=recSLGjG7mojTltbP,912,김민정,PT3007-내추럴노트_내지(커스텀인쇄1-16p옵셋풀컬러.나머지블랙인쇄),,생산,,,Product Parts,
SSU000913,checked,PT3442-내추럴노트_가름끈_컬러,판매가능,김민정,최초등록,내추럴 노트,NTRN,2023.10.26 9:13오전,2025.6.16 10:19오전,2023.10.26,2025.6.15,recYxsd3geblNY4Bz,,https://airtable.com/shr5t1qyPKytJvVBY?prefill_fldziB6bVRltNvUis=recYxsd3geblNY4Bz,913,김민정,PT3442-내추럴노트_가름끈_컬러,,협력사,,,Product Parts,
SSU000914,checked,PT1844-홈카페코스터(S)_투명,판매가능,김민정,최초등록,홈카페 코스터,HCCO,2023.10.26 9:16오전,,2023.10.26,2026.9.3,recumZ91silc9oiUT,recumZ91silc9oiUT,https://airtable.com/shr5t1qyPKytJvVBY?prefill_fldziB6bVRltNvUis=recumZ91silc9oiUT,914,김민정,PT1844-홈카페코스터(S)_투명,,생산,,,Product Parts,
SSU000915,checked,PT1845-홈카페코스터(M)_투명,판매가능,김민정,최초등록,홈카페 코스터,HCCO,2023.10.26 9:19오전,,2023.10.26,2026.9.3,rec0sSInyecuax7vy,rec0sSInyecuax7vy,https://airtable.com/shr5t1qyPKytJvVBY?prefill_fldziB6bVRltNvUis=rec0sSInyecuax7vy,915,김민정,PT1845-홈카페코스터(M)_투명,,생산,,,Product Parts,
SSU000916,checked,PT1846-홈카페코스터(S)_반투명,판매가능,김민정,최초등록,홈카페 코스터,HCCO,2023.10.26 9:19오전,,2023.10.26,2026.9.3,recxpCmYmAjqIuXD7,recxpCmYmAjqIuXD7,https://airtable.com/shr5t1qyPKytJvVBY?prefill_fldziB6bVRltNvUis=recxpCmYmAjqIuXD7,916,김민정,PT1846-홈카페코스터(S)_반투명,,생산,,,Product Parts,
SSU000917,checked,PT1848-홈카페코스터(M)_반투명,판매가능,김민정,최초등록,홈카페 코스터,HCCO,2023.10.26 9:20오전,,2023.10.26,2026.9.3,reckhqn6nuYCpQ63N,reckhqn6nuYCpQ63N,https://airtable.com/shr5t1qyPKytJvVBY?prefill_fldziB6bVRltNvUis=reckhqn6nuYCpQ63N,917,김민정,PT1848-홈카페코스터(M)_반투명,,생산,,,Product Parts,
SSU000918,checked,,판매가능,김민정,최초등록,,,2023.10.26 9:20오전,2026.6.26 2:21오후,2023.10.26,2026.6.25,,,https://airtable.com/shr5t1qyPKytJvVBY?prefill_fldziB6bVRltNvUis=,918,김민정,,,,,,,
SSU000919,checked,,판매가능,김민정,최초등록,,,2023.10.26 9:21오전,2026.6.26 2:21오후,2023.10.26,2026.6.25,,,https://airtable.com/shr5t1qyPKytJvVBY?prefill_fldziB6bVRltNvUis=,919,김민정,,,,,,,
SSU000920,checked,PT1421-후드스트링_컬러,판매가능,김민정,최초등록,"프리미엄 스트링 후드집업, 웜업 스트링 후드집업","ODHZ, WZIP",2023.10.26 9:21오전,,2023.10.26,2026.9.3,recK6G6fXkUAK8lJB,recK6G6fXkUAK8lJB,https://airtable.com/shr5t1qyPKytJvVBY?prefill_fldziB6bVRltNvUis=recK6G6fXkUAK8lJB,920,김민정,PT1421-후드스트링_컬러,,생산,,,Product Parts,
SSU000922,checked,PT0851-로고스트랩파우치_바디_컬러,판매가능,김민정,최초등록,로고스트랩 파우치,LOPU,2023.10.26 10:19오전,,2023.10.26,2026.9.3,recvG22matC3sZP0O,recvG22matC3sZP0O,https://airtable.com/shr5t1qyPKytJvVBY?prefill_fldziB6bVRltNvUis=recvG22matC3sZP0O,922,김민정,PT0851-로고스트랩파우치_바디_컬러,,생산,,,Product Parts,
SSU000923,checked,,판매가능,김민정,최초등록,,,2023.10.26 10:22오전,2025.10.16 4:48오후,2023.10.26,2025.10.15,,,https://airtable.com/shr5t1qyPKytJvVBY?prefill_fldziB6bVRltNvUis=,923,김민정,,,,,,,
SSU000924,checked,,판매가능,김민정,최초등록,,,2023.10.26 10:23오전,2025.10.16 5:06오후,2023.10.26,2025.10.15,,,https://airtable.com/shr5t1qyPKytJvVBY?prefill_fldziB6bVRltNvUis=,924,김민정,,,,,,,
SSU000925,checked,,판매가능,김민정,최초등록,,,2023.10.26 10:25오전,2025.10.16 4:46오후,2023.10.26,2025.10.15,,,https://airtable.com/shr5t1qyPKytJvVBY?prefill_fldziB6bVRltNvUis=,925,김민정,,,,,,,
SSU000926,checked,PT3408-웜업스트링후드집업(3L초과사이즈),판매가능,김민정,최초등록,웜업 스트링 후드집업,WZIP,2023.10.26 10:27오전,2025.10.16 5:06오후,2023.10.26,2025.10.15,recNKcAK0VXrz1l1g,,https://airtable.com/shr5t1qyPKytJvVBY?prefill_fldziB6bVRltNvUis=recNKcAK0VXrz1l1g,926,김민정,PT3408-웜업스트링후드집업(3L초과사이즈),,협력사,,,Product Parts,
SSU000927,,PT2969-메시지캐리어파우치_실버,일시품절,안다정,협력사 재고 일시품절 (재입고예정일: 11/16~11/17),메시지 캐리어 파우치,MSGC,2023.10.31 11:40오전,2023.11.14 3:58오후,2023.10.31,2023.11.13,recWZPxXHsjnxuXpC,,https://airtable.com/shr5t1qyPKytJvVBY?prefill_fldziB6bVRltNvUis=recWZPxXHsjnxuXpC,927,안다정,PT2969-메시지캐리어파우치_실버,,신시어리,,,Product Parts,
SSU000928,,,판매가능,김민지,11/10 재고입고 예정,,,2023.11.6 12:29오후,2024.10.22 3:03오후,2023.11.6,2024.10.21,,,https://airtable.com/shr5t1qyPKytJvVBY?prefill_fldziB6bVRltNvUis=,928,김민지,,,,,,,
SSU000929,,PT2473-트리플컬러펜_그레이지,일시품절,김민정,"신시어리 & 협력사 재고 소진 
재입고일은 12월에 확인 가능",트리플 컬러펜 | JETSTREAM,TRPC,2023.11.9 11:08오전,2024.1.15 12:55오후,2023.11.9,2024.1.14,recekNiql1Igq5ahJ,,https://airtable.com/shr5t1qyPKytJvVBY?prefill_fldziB6bVRltNvUis=recekNiql1Igq5ahJ,929,김민정,PT2473-트리플컬러펜_그레이지,,신시어리,,,Product Parts,
SSU000930,,,일시품절,김민정,"재고 소진.
12월 8일 재입고 예정으로 12월 초에 판매재개하겠습니다.",,,2023.11.13 6:30오후,2023.11.23 4:30오후,2023.11.13,2023.11.22,,,https://airtable.com/shr5t1qyPKytJvVBY?prefill_fldziB6bVRltNvUis=,930,김민정,,,,,,,
SSU000931,checked,,제품 철수(졸업),김민정,협력사에서 단종으로 안내받아 일시품절 처리함.,,,2023.11.14 1:56오후,,2023.11.14,2026.9.3,,rec6ivWmKryqB0ywy,https://airtable.com/shr5t1qyPKytJvVBY?prefill_fldziB6bVRltNvUis=,931,김민정,,,,,,,
SSU000932,,,판매가능,안다정,협력사 재고 11/17 재입고 예정으로 품절 재개 합니다.,,,2023.11.14 3:58오후,2023.11.29 11:15오전,2023.11.14,2023.11.28,,,https://airtable.com/shr5t1qyPKytJvVBY?prefill_fldziB6bVRltNvUis=,932,안다정,,,,,,,
SSU000933,,PT2969-메시지캐리어파우치_실버,판매가능,안다정,협력사 재고 11/17 재입고 예정으로 품절 재개 합니다.,메시지 캐리어 파우치,MSGC,2023.11.14 3:58오후,2024.3.11 10:35오전,2023.11.14,2024.3.10,recWZPxXHsjnxuXpC,,https://airtable.com/shr5t1qyPKytJvVBY?prefill_fldziB6bVRltNvUis=recWZPxXHsjnxuXpC,933,안다정,PT2969-메시지캐리어파우치_실버,,신시어리,,,Product Parts,
SSU000934,,PT0712-내추럴노트_커버_그레이,일시품절,김민정,용지 수급 이슈로 재고가 12월 15일에 입고 예정입니다..,내추럴 노트,NTRN,2023.11.16 10:45오전,2023.12.12 11:15오전,2023.11.16,2023.12.11,rec5pn661J4iRslXl,,https://airtable.com/shr5t1qyPKytJvVBY?prefill_fldziB6bVRltNvUis=rec5pn661J4iRslXl,934,김민정,PT0712-내추럴노트_커버_그레이,,신시어리,,,Product Parts,
SSU000935,,,일시품절,김민정,본품에 유분기로 인쇄 작업이 어려운 상황입니다. 이슈 파악 중으로 당분간 일시품절입니다.,,,2023.11.16 3:55오후,2024.3.7 4:41오후,2023.11.16,2024.3.6,,,https://airtable.com/shr5t1qyPKytJvVBY?prefill_fldziB6bVRltNvUis=,935,김민정,,,,,,,
SSU000936,,PT2741-슈가케인텀블러(360ml)_크림,판매가능,정승윤,입하준비 완료로 현 시점부터 판매 가능합니다.(금주 말~차주 초까지 베스트원에 입하예정입니다),슈가케인 텀블러,SGCN,2023.11.20 3:22오후,2025.2.26 5:26오후,2023.11.20,2025.2.25,recPwl2PFVXoLcMF5,,https://airtable.com/shr5t1qyPKytJvVBY?prefill_fldziB6bVRltNvUis=recPwl2PFVXoLcMF5,936,정승윤,PT2741-슈가케인텀블러(360ml)_크림,,신시어리,,,Product Parts,
SSU000937,,,품절예정,김민정,"웜그레이 재고 소진 후 품절 예정입니다.
웜그레이 컬러 단종으로 쿨그레이로 대체 예정이며, 재고는 재고조회 인터페이스에서 확인 부탁드립니다.",,,2023.11.21 3:42오후,2023.11.22 9:51오전,2023.11.21,2023.11.21,,,https://airtable.com/shr5t1qyPKytJvVBY?prefill_fldziB6bVRltNvUis=,937,김민정,,,,,,,
SSU000938,,,제품 철수(졸업),김민정,"컬러 단종으로 품절입니다. 
웜그레이 > 쿨그레이로 변경 예정입니다. ",,,2023.11.22 9:51오전,,2023.11.22,2026.9.3,,recZW9e7e8REC0JGz,https://airtable.com/shr5t1qyPKytJvVBY?prefill_fldziB6bVRltNvUis=,938,김민정,,,,,,,
SSU000939,,,품절예정,김민정,"품절 예정이며, 재입고일은 12월 말입니다.",,,2023.11.23 3:09오후,2023.12.19 2:33오후,2023.11.23,2023.12.18,,,https://airtable.com/shr5t1qyPKytJvVBY?prefill_fldziB6bVRltNvUis=,939,김민정,,,,,,,
SSU000940,,,판매가능,김민정,재고 확보로 판매 재개 합니다. :),,,2023.11.23 4:30오후,2024.2.13 9:38오전,2023.11.23,2024.2.12,,,https://airtable.com/shr5t1qyPKytJvVBY?prefill_fldziB6bVRltNvUis=,940,김민정,,,,,,,
SSU000941,,PT3329-슈가케인펜_쿨그레이,판매가능,김민정,"슈가케인펜 쿨그레이 출시.
재고 2,500개 확보되어 바로 판매 가능합니다!",슈가케인 펜,SCPN,2023.11.24 3:43오후,,2023.11.24,2026.9.3,recvMRXltAsoS28Mp,recvMRXltAsoS28Mp,https://airtable.com/shr5t1qyPKytJvVBY?prefill_fldziB6bVRltNvUis=recvMRXltAsoS28Mp,941,김민정,PT3329-슈가케인펜_쿨그레이,,신시어리,,,Product Parts,
SSU000942,,,일시품절,김민정,재입고일은 12월 8일로 차주 중 판매재개 예정입니다.,,,2023.11.27 11:48오전,2023.12.6 2:14오후,2023.11.27,2023.12.5,,,https://airtable.com/shr5t1qyPKytJvVBY?prefill_fldziB6bVRltNvUis=,942,김민정,,,,,,,
SSU000943,checked,,일시품절,김민정,,,,2023.11.28 9:17오전,2024.5.22 9:26오전,2023.11.28,2024.5.21,,,https://airtable.com/shr5t1qyPKytJvVBY?prefill_fldziB6bVRltNvUis=,943,김민정,,,,,,,
SSU000944,checked,,일시품절,안다정,협력사 보유 재고가 모두 소진되어 일시품절,,,2023.11.28 2:16오후,2023.12.12 11:13오전,2023.11.28,2023.12.11,,,https://airtable.com/shr5t1qyPKytJvVBY?prefill_fldziB6bVRltNvUis=,944,안다정,,,,,,,
SSU000945,,PT0901-뮤지엄머그_화이트,일시품절,김민정,재고 소진. 추가 재고생산 여부 확인 후 다시 공지드리겠습니다.,뮤지엄 머그,MMUG,2023.11.28 2:26오후,2023.12.1 7:18오후,2023.11.28,2023.11.30,recOjmlu8C4S06TJ9,,https://airtable.com/shr5t1qyPKytJvVBY?prefill_fldziB6bVRltNvUis=recOjmlu8C4S06TJ9,945,김민정,PT0901-뮤지엄머그_화이트,,신시어리,,,Product Parts,
SSU000946,,,제품 철수(졸업),안다정,"제품 색상 특성으로 인쇄불량율이 높아 내부 논의 하에 품절 결정 (실버, 메탈그레이 색상은 그대로 진행)",,,2023.11.29 11:15오전,,2023.11.29,2026.9.3,,rechz8MkwhtUGyidC,https://airtable.com/shr5t1qyPKytJvVBY?prefill_fldziB6bVRltNvUis=,946,안다정,,,,,,,
SSU000947,checked,PT0832-레더스킨다이어리_그레이,판매가능,김민정,,레더스킨 다이어리,LSKD,2023.11.29 3:26오후,2023.12.5 4:27오후,2023.11.29,2023.12.4,rec0qhXEO8UTVYp27,,https://airtable.com/shr5t1qyPKytJvVBY?prefill_fldziB6bVRltNvUis=rec0qhXEO8UTVYp27,947,김민정,PT0832-레더스킨다이어리_그레이,,신시어리,,,Product Parts,
SSU000948,checked,PT1516-미니가든피규어세트(괴마옥),의도적 품절,김민정,겨울철 가드닝 키트 식물 공급 중단,미니가든 피규어 세트,ISGK,2023.11.30 3:59오후,2024.2.13 12:42오후,2023.11.30,2024.2.12,rec078denQY9WPeql,,https://airtable.com/shr5t1qyPKytJvVBY?prefill_fldziB6bVRltNvUis=rec078denQY9WPeql,948,김민정,PT1516-미니가든피규어세트(괴마옥),,협력사,,,Product Parts,
SSU000949,checked,PT1513-미니가든피규어세트(용신목),의도적 품절,김민정,겨울철 가드닝 키트 식물 공급 중단,미니가든 피규어 세트,ISGK,2023.11.30 3:59오후,2024.2.13 12:44오후,2023.11.30,2024.2.12,recWj6OwQH1wZY40s,,https://airtable.com/shr5t1qyPKytJvVBY?prefill_fldziB6bVRltNvUis=recWj6OwQH1wZY40s,949,김민정,PT1513-미니가든피규어세트(용신목),,협력사,,,Product Parts,
SSU000950,,PT1118-슈가케인펜_스카이블루,제품 철수(졸업),김민정,슈가케인펜 스카이블루 재고 소진으로 의도적 품절처리합니다.,슈가케인 펜,SCPN,2023.11.30 7:10오후,,2023.11.30,2026.9.3,recQD7mLSWgtbf2iG,recQD7mLSWgtbf2iG,https://airtable.com/shr5t1qyPKytJvVBY?prefill_fldziB6bVRltNvUis=recQD7mLSWgtbf2iG,950,김민정,PT1118-슈가케인펜_스카이블루,,협력사,,,Product Parts,
SSU000951,,PT1086-센텐스펜_라이트그린,판매가능,정승윤,재입하 완료되었습니다.,센텐스 펜,STCP,2023.12.1 3:29오후,,2023.12.1,2026.9.3,rec8BRBgFNFZxZGbQ,rec8BRBgFNFZxZGbQ,https://airtable.com/shr5t1qyPKytJvVBY?prefill_fldziB6bVRltNvUis=rec8BRBgFNFZxZGbQ,951,정승윤,PT1086-센텐스펜_라이트그린,,협력사,,,Product Parts,
SSU000952,,PT0901-뮤지엄머그_화이트,판매가능,김민정,뮤지엄머그 화이트 추가 제작하는 것으로 결정되어 판매재개 합니다. :),뮤지엄 머그,MMUG,2023.12.1 7:18오후,2026.6.22 3:46오후,2023.12.1,2026.6.21,recOjmlu8C4S06TJ9,,https://airtable.com/shr5t1qyPKytJvVBY?prefill_fldziB6bVRltNvUis=recOjmlu8C4S06TJ9,952,김민정,PT0901-뮤지엄머그_화이트,,신시어리,,,Product Parts,
SSU000953,,PT0832-레더스킨다이어리_그레이,품절예정,김민정,"내년에 추가 생산을 계획하고있어, 현재고 소진 후 일시 품절 예정입니다.
레더스킨다이어리_블랙과 슬로건다이어리 그레이/블랙 재고 소진 부탁드립니다.",레더스킨 다이어리,LSKD,2023.12.5 4:27오후,2023.12.11 9:44오전,2023.12.5,2023.12.10,rec0qhXEO8UTVYp27,,https://airtable.com/shr5t1qyPKytJvVBY?prefill_fldziB6bVRltNvUis=rec0qhXEO8UTVYp27,953,김민정,PT0832-레더스킨다이어리_그레이,,신시어리,,,Product Parts,
SSU000954,,,판매가능,정승윤,차주 초 내 재입고 예정입니다.,,,2023.12.6 2:14오후,2024.6.24 8:19오전,2023.12.6,2024.6.23,,,https://airtable.com/shr5t1qyPKytJvVBY?prefill_fldziB6bVRltNvUis=,954,정승윤,,,,,,,
SSU000955,checked,PT2843-액티브스포츠타월(원단)_스노우화이트,판매가능,김민정,,액티브 스포츠타월,SPTS,2023.12.6 2:54오후,,2023.12.6,2026.9.3,recMlQr93h8yBEwLn,recMlQr93h8yBEwLn,https://airtable.com/shr5t1qyPKytJvVBY?prefill_fldziB6bVRltNvUis=recMlQr93h8yBEwLn,955,김민정,PT2843-액티브스포츠타월(원단)_스노우화이트,,협력사,,,Product Parts,
SSU000956,checked,PT3193-투명손잡이지퍼백(M),판매가능,김민정,최초등록,"굿스타트 슈즈백, 트래블 2in1 목베개, 웜업 스트링 후드집업, 슬로건 맨투맨","GSSH, NKPL, WZIP, SMTM",2023.12.6 3:03오후,,2023.12.6,2026.9.3,recKqItpvBGEPZU6l,recKqItpvBGEPZU6l,https://airtable.com/shr5t1qyPKytJvVBY?prefill_fldziB6bVRltNvUis=recKqItpvBGEPZU6l,956,김민정,PT3193-투명손잡이지퍼백(M),,신시어리,,,Package Parts,
SSU000957,checked,PT0833-레더스킨다이어리_블랙,판매가능,김민정,최초등록,레더스킨 다이어리,LSKD,2023.12.6 3:04오후,2024.7.15 3:33오후,2023.12.6,2024.7.14,recUFmvu3f10hWB6R,,https://airtable.com/shr5t1qyPKytJvVBY?prefill_fldziB6bVRltNvUis=recUFmvu3f10hWB6R,957,김민정,PT0833-레더스킨다이어리_블랙,,신시어리,,,Product Parts,
SSU000958,checked,PT0843-레더스킨다이어리_가름끈_컬러,판매가능,김민정,최초등록,레더스킨 다이어리,LSKD,2023.12.6 3:04오후,,2023.12.6,2026.9.3,recsde0rOZFrev4Fk,recsde0rOZFrev4Fk,https://airtable.com/shr5t1qyPKytJvVBY?prefill_fldziB6bVRltNvUis=recsde0rOZFrev4Fk,958,김민정,PT0843-레더스킨다이어리_가름끈_컬러,,생산,,,Product Parts,
SSU000959,checked,PT1415-오디너리후드집업(SS)_컬러,판매가능,김민정,최초등록,프리미엄 스트링 후드집업,ODHZ,2023.12.6 3:05오후,,2023.12.6,2026.9.3,recNN6SYtxuGI7Mlu,recNN6SYtxuGI7Mlu,https://airtable.com/shr5t1qyPKytJvVBY?prefill_fldziB6bVRltNvUis=recNN6SYtxuGI7Mlu,959,김민정,PT1415-오디너리후드집업(SS)_컬러,,생산,,,Product Parts,
SSU000960,checked,PT1427-오디너리후드집업(FW)_컬러,판매가능,김민정,최초등록,프리미엄 스트링 후드집업,ODHZ,2023.12.6 3:05오후,2023.12.6 3:05오후,2023.12.6,2023.12.5,recgxI7i3as1PAnlp,,https://airtable.com/shr5t1qyPKytJvVBY?prefill_fldziB6bVRltNvUis=recgxI7i3as1PAnlp,960,김민정,PT1427-오디너리후드집업(FW)_컬러,,생산,,,Product Parts,
SSU000961,checked,PT2232-레더라벨_컬러,판매가능,김민정,최초등록,브랜디드 노트북백,BRDD,2023.12.6 3:06오후,2023.12.6 3:06오후,2023.12.6,2023.12.5,recemppNrIeeRMab4,,https://airtable.com/shr5t1qyPKytJvVBY?prefill_fldziB6bVRltNvUis=recemppNrIeeRMab4,961,김민정,PT2232-레더라벨_컬러,,생산,,,Product Parts,
SSU000962,checked,PT2279-레더라벨(파우치)_컬러,판매가능,김민정,최초등록,레더라벨 캠핑체어,LTLB,2023.12.6 3:06오후,,2023.12.6,2026.9.3,rec7t2CJYbOkYxaev,rec7t2CJYbOkYxaev,https://airtable.com/shr5t1qyPKytJvVBY?prefill_fldziB6bVRltNvUis=rec7t2CJYbOkYxaev,962,김민정,PT2279-레더라벨(파우치)_컬러,,생산,,,Product Parts,
SSU000963,checked,PT2280-레더라벨(체어시트)_컬러,판매가능,김민정,최초등록,레더라벨 캠핑체어,LTLB,2023.12.6 3:06오후,,2023.12.6,2026.9.3,recXGJkqnuWXUKBXf,recXGJkqnuWXUKBXf,https://airtable.com/shr5t1qyPKytJvVBY?prefill_fldziB6bVRltNvUis=recXGJkqnuWXUKBXf,963,김민정,PT2280-레더라벨(체어시트)_컬러,,생산,,,Product Parts,
SSU000964,checked,,판매가능,김민정,최초등록,,,2023.12.6 3:07오후,,2023.12.6,2026.9.3,,rec6LyIcSjFqSwurp,https://airtable.com/shr5t1qyPKytJvVBY?prefill_fldziB6bVRltNvUis=,964,김민정,,,,,,,
SSU000965,checked,PT2839-프라우드메모패드_커버_블랙,판매가능,김민정,최초등록,프라우드 메모패드,PMPB,2023.12.6 3:07오후,2023.12.6 3:07오후,2023.12.6,2023.12.5,reciLd1QOs3R44qmB,,https://airtable.com/shr5t1qyPKytJvVBY?prefill_fldziB6bVRltNvUis=reciLd1QOs3R44qmB,965,김민정,PT2839-프라우드메모패드_커버_블랙,,신시어리,,,Product Parts,
SSU000966,checked,PT2841-리갈패드_옐로우,판매가능,김민정,최초등록,프라우드 메모패드,PMPB,2023.12.6 3:07오후,2023.12.6 3:07오후,2023.12.6,2023.12.5,recpmptkYzakGMm7d,,https://airtable.com/shr5t1qyPKytJvVBY?prefill_fldziB6bVRltNvUis=recpmptkYzakGMm7d,966,김민정,PT2841-리갈패드_옐로우,,신시어리,,,Product Parts,
SSU000967,checked,PT2844-무광스트링파우치(커스텀인쇄)(L)_반투명,판매가능,김민정,최초등록,Passion 더스트백,DBAG,2023.12.6 3:08오후,2023.12.6 3:08오후,2023.12.6,2023.12.5,recKjLq3CIreT3OUO,,https://airtable.com/shr5t1qyPKytJvVBY?prefill_fldziB6bVRltNvUis=recKjLq3CIreT3OUO,967,김민정,PT2844-무광스트링파우치(커스텀인쇄)(L)_반투명,,신시어리,,,Package Parts,
SSU000968,checked,PT2846-배송용박스,판매가능,김민정,최초등록,바이브 캠핑쿨러,VBCC,2023.12.6 3:08오후,,2023.12.6,2026.9.3,recAptmigF5jbpl6B,recAptmigF5jbpl6B,https://airtable.com/shr5t1qyPKytJvVBY?prefill_fldziB6bVRltNvUis=recAptmigF5jbpl6B,968,김민정,PT2846-배송용박스,,신시어리,,,Package Parts,
SSU000969,checked,PT3169-오디너리후드집업(SS.3XL초과사이즈),판매가능,김민정,최초등록,프리미엄 스트링 후드집업,ODHZ,2023.12.6 3:09오후,,2023.12.6,2026.9.3,recZ81YHHUqq1PXff,recZ81YHHUqq1PXff,https://airtable.com/shr5t1qyPKytJvVBY?prefill_fldziB6bVRltNvUis=recZ81YHHUqq1PXff,969,김민정,PT3169-오디너리후드집업(SS.3XL초과사이즈),,생산,,,Product Parts,
SSU000970,checked,PT3170-오디너리후드집업(FW.3XL초과사이즈),판매가능,김민정,최초등록,프리미엄 스트링 후드집업,ODHZ,2023.12.6 3:09오후,2023.12.6 3:09오후,2023.12.6,2023.12.5,reccY1Z2PlGNyY98r,,https://airtable.com/shr5t1qyPKytJvVBY?prefill_fldziB6bVRltNvUis=reccY1Z2PlGNyY98r,970,김민정,PT3170-오디너리후드집업(FW.3XL초과사이즈),,생산,,,Product Parts,
SSU000971,checked,PT3197-슬리브(커스텀인쇄)_화이트+디지털풀컬러,판매가능,김민정,최초등록,Advent 굿즈박스,AVBX,2023.12.6 3:10오후,,2023.12.6,2026.9.3,receK6h8vRhUqgNTS,receK6h8vRhUqgNTS,https://airtable.com/shr5t1qyPKytJvVBY?prefill_fldziB6bVRltNvUis=receK6h8vRhUqgNTS,971,김민정,PT3197-슬리브(커스텀인쇄)_화이트+디지털풀컬러,,생산,,,Package Parts,
SSU000972,checked,,판매가능,김민정,최초등록,,,2023.12.6 3:10오후,2023.12.6 3:10오후,2023.12.6,2023.12.5,,,https://airtable.com/shr5t1qyPKytJvVBY?prefill_fldziB6bVRltNvUis=,972,김민정,,,,,,,
SSU000973,checked,,판매가능,김민정,최초등록,,,2023.12.6 3:10오후,2024.8.23 9:23오전,2023.12.6,2024.8.22,,,https://airtable.com/shr5t1qyPKytJvVBY?prefill_fldziB6bVRltNvUis=,973,김민정,,,,,,,
SSU000974,,PT0832-레더스킨다이어리_그레이,일시품절,김민정,"레더스킨다이어리_그레이 재고 소진으로 일시 품절입니다.
재생산 예상 시점은 1월입니다.",레더스킨 다이어리,LSKD,2023.12.11 9:44오전,2024.1.25 4:35오후,2023.12.11,2024.1.24,rec0qhXEO8UTVYp27,,https://airtable.com/shr5t1qyPKytJvVBY?prefill_fldziB6bVRltNvUis=rec0qhXEO8UTVYp27,974,김민정,PT0832-레더스킨다이어리_그레이,,신시어리,,,Product Parts,
SSU000975,,,일시품절,김민지,협력사 재고 소진,,,2023.12.11 10:38오전,2024.3.29 3:26오후,2023.12.11,2024.3.28,,,https://airtable.com/shr5t1qyPKytJvVBY?prefill_fldziB6bVRltNvUis=,975,김민지,,,,,,,
SSU000976,,PT2405-베케이션여권케이스,일시품절,김민정,"재입고일이 1월 5일로, 12월 말 판매재개 예정입니다.",베케이션 여권케이스,VCIT,2023.12.11 5:43오후,2024.1.23 10:31오전,2023.12.11,2024.1.22,recKsBzIJ3QQpXkdx,,https://airtable.com/shr5t1qyPKytJvVBY?prefill_fldziB6bVRltNvUis=recKsBzIJ3QQpXkdx,976,김민정,PT2405-베케이션여권케이스,,신시어리,,,Product Parts,
SSU000977,,,판매가능,안다정,협력사 재고 12/15 정상 입고예정으로 인한 판매재개,,,2023.12.12 11:13오전,2024.11.26 3:45오후,2023.12.12,2024.11.25,,,https://airtable.com/shr5t1qyPKytJvVBY?prefill_fldziB6bVRltNvUis=,977,안다정,,,,,,,
SSU000978,,PT0712-내추럴노트_커버_그레이,판매가능,김민정,내추럴노트 판매 재개합니다!,내추럴 노트,NTRN,2023.12.12 11:15오전,2025.6.16 10:17오전,2023.12.12,2025.6.15,rec5pn661J4iRslXl,,https://airtable.com/shr5t1qyPKytJvVBY?prefill_fldziB6bVRltNvUis=rec5pn661J4iRslXl,978,김민정,PT0712-내추럴노트_커버_그레이,,신시어리,,,Product Parts,
SSU000979,,,일시품절,,협력사 재고 소진되었습니다. 재입고예정은 내년으로 아직 일정이 미정으로 안내받았습니다. 품절처리 부탁드립니다.,,,2023.12.14 11:37오전,2024.1.9 5:32오후,2023.12.14,2024.1.8,,,https://airtable.com/shr5t1qyPKytJvVBY?prefill_fldziB6bVRltNvUis=,979,,,,,,,,
SSU000980,,,제품 철수(졸업),김민정,드디어 재고 소진!,,,2023.12.14 5:17오후,,2023.12.14,2026.9.3,,recgCp4ElLpN2KpRf,https://airtable.com/shr5t1qyPKytJvVBY?prefill_fldziB6bVRltNvUis=,980,김민정,,,,,,,
SSU000981,,PT1130-스타일수면안대,일시품절,안다정,수면안대 협력사 재단 담당자께서 부상을 당하시어 수술을 앞두고 계시다고 합니다. 해당 담당자 외에는 대체 작업이 불가하시어 1월까지는 작업이 잠정 중단된다고 합니다. 1월말 경 진행 재개가 가능할지 한번 더 체크예정입니다. 우선 일시품절로 안내 드립니다.,스타일 수면안대,STSM,2023.12.15 2:25오후,2024.3.6 3:48오후,2023.12.15,2024.3.5,recvuHmB1J5QkrN5c,,https://airtable.com/shr5t1qyPKytJvVBY?prefill_fldziB6bVRltNvUis=recvuHmB1J5QkrN5c,981,안다정,PT1130-스타일수면안대,,생산,,,Product Parts,
SSU000982,,,일시품절,김민정,재고 소진으로 일시품절입니다. 재입고일은 12월 말~ 1월 초로 예상됩니다.,,,2023.12.19 2:33오후,2024.1.4 1:19오전,2023.12.19,2024.1.3,,,https://airtable.com/shr5t1qyPKytJvVBY?prefill_fldziB6bVRltNvUis=,982,김민정,,,,,,,
SSU000983,,,제품 철수(졸업),김민정,재고 소진으로 품절처리합니다!,,,2023.12.27 5:03오후,2023.12.28 12:54오전,2023.12.27,2023.12.27,,,https://airtable.com/shr5t1qyPKytJvVBY?prefill_fldziB6bVRltNvUis=,983,김민정,,,,,,,
SSU000984,,PT1239-슬로건다이어리_블랙,품절예정,김민정,재고 수량 확인 후 발주 부탁드립니다.,슬로건 다이어리,SLGN,2023.12.27 10:58오후,2024.1.15 1:03오후,2023.12.27,2024.1.14,recwEwAaCd1CXCxD1,,https://airtable.com/shr5t1qyPKytJvVBY?prefill_fldziB6bVRltNvUis=recwEwAaCd1CXCxD1,984,김민정,PT1239-슬로건다이어리_블랙,,신시어리,,,Product Parts,
SSU000985,,,제품 철수(졸업),김민정,"재고 소진으로 품절 처리합니다. 
드라이버스텀블러 단종으로 졸업 예정이며, 프로젝트 발주까지 완료되면 졸업처리하겠습니다. :)",,,2023.12.28 12:54오전,,2023.12.28,2026.9.3,,rec4pLPXdZoj41933,https://airtable.com/shr5t1qyPKytJvVBY?prefill_fldziB6bVRltNvUis=,985,김민정,,,,,,,
SSU000986,,PT0562-코튼스트링파우치(커스텀인쇄)(L)_광목_200-1,일시품절,김민정,"재고 소진이며, 1월 입고 후 판매 재개 예정입니다.",Raw 코튼 파우치,RCPC,2023.12.28 11:20오전,2024.3.5 11:01오전,2023.12.28,2024.3.4,rec6XHoU0FsKISmQ3,,https://airtable.com/shr5t1qyPKytJvVBY?prefill_fldziB6bVRltNvUis=rec6XHoU0FsKISmQ3,986,김민정,PT0562-코튼스트링파우치(커스텀인쇄)(L)_광목_200-1,,신시어리,,,Package Parts,
SSU000987,,,판매가능,김민정,재고 입고로 판매 재개 합니다.,,,2024.1.4 1:19오전,2024.7.15 9:56오전,2024.1.4,2024.7.14,,,https://airtable.com/shr5t1qyPKytJvVBY?prefill_fldziB6bVRltNvUis=,987,김민정,,,,,,,
SSU000988,,PT1125-슈가케인펜_화이트,일시품절,김민정,"재입고 예정일은 2월 초입니다. 
+ 화이트 원하시는 고객 분께 웜그레이 추천 부탁드려요. (웜그레이 재고: 500개)",슈가케인 펜,SCPN,2024.1.4 3:00오후,2024.1.11 12:37오후,2024.1.4,2024.1.10,recuHHhUga7WEvSvg,,https://airtable.com/shr5t1qyPKytJvVBY?prefill_fldziB6bVRltNvUis=recuHHhUga7WEvSvg,988,김민정,PT1125-슈가케인펜_화이트,,신시어리,,,Product Parts,
SSU000989,,PT1753-프라우드투톤명함지갑_블랙,품절예정,김민정,"재고 200개 남았습니다. 재고 확인 후 발주 부탁드립니다. 
+ 재입고 예정일은 1월 26일입니다.",프라우드 투톤 명함지갑,TWTO,2024.1.8 9:46오전,2024.1.9 4:33오후,2024.1.8,2024.1.8,rec0X6iDXVBr6htf7,,https://airtable.com/shr5t1qyPKytJvVBY?prefill_fldziB6bVRltNvUis=rec0X6iDXVBr6htf7,989,김민정,PT1753-프라우드투톤명함지갑_블랙,,신시어리,,,Product Parts,
SSU000990,,PT2228-브랜디드노트북백_블랙,일시품절,김민정,품절입니다. 재입고일은 2월 28일 예정입니다.,브랜디드 노트북백,BRDD,2024.1.8 5:27오후,2024.3.20 11:39오전,2024.1.8,2024.3.19,recHi0kLkGW3jImGB,,https://airtable.com/shr5t1qyPKytJvVBY?prefill_fldziB6bVRltNvUis=recHi0kLkGW3jImGB,990,김민정,PT2228-브랜디드노트북백_블랙,,신시어리,,,Product Parts,
SSU000991,,PT0733-노트북스탠드패드_패드_다크그레이,일시품절,김민정,재입고일은 1/19 입니다.,노트북 스탠드패드,NSTP,2024.1.8 6:12오후,2024.1.16 10:09오전,2024.1.8,2024.1.15,recZIByBQzefhMHlb,,https://airtable.com/shr5t1qyPKytJvVBY?prefill_fldziB6bVRltNvUis=recZIByBQzefhMHlb,991,김민정,PT0733-노트북스탠드패드_패드_다크그레이,,신시어리,,,Product Parts,
SSU000992,,PT1753-프라우드투톤명함지갑_블랙,일시품절,김민정,"일시품절입니다. 재입고 예정일은 1월 26일입니다
",프라우드 투톤 명함지갑,TWTO,2024.1.9 4:33오후,2024.1.23 10:36오전,2024.1.9,2024.1.22,rec0X6iDXVBr6htf7,,https://airtable.com/shr5t1qyPKytJvVBY?prefill_fldziB6bVRltNvUis=rec0X6iDXVBr6htf7,992,김민정,PT1753-프라우드투톤명함지갑_블랙,,신시어리,,,Product Parts,
SSU000993,,,의도적 품절,김민정,협력사에서 상반기에는 생산계획이 없음.,,,2024.1.9 5:32오후,,2024.1.9,2026.9.3,,recZkVOpKdMenI8N3,https://airtable.com/shr5t1qyPKytJvVBY?prefill_fldziB6bVRltNvUis=,993,김민정,,,,,,,
SSU000994,,PT1125-슈가케인펜_화이트,판매가능,김민정,재고 확보,슈가케인 펜,SCPN,2024.1.11 12:37오후,,2024.1.11,2026.9.3,recuHHhUga7WEvSvg,recuHHhUga7WEvSvg,https://airtable.com/shr5t1qyPKytJvVBY?prefill_fldziB6bVRltNvUis=recuHHhUga7WEvSvg,994,김민정,PT1125-슈가케인펜_화이트,,신시어리,,,Product Parts,
SSU000995,,,의도적 품절,김민정,"현 재고는 불용재고로 전환되어 의도적 품절 처리합니다.
생산 moq가 매우 높아, 당분간은 생산 계획이 없습니다. ",,,2024.1.12 4:48오후,2024.2.5 2:51오후,2024.1.12,2024.2.4,,,https://airtable.com/shr5t1qyPKytJvVBY?prefill_fldziB6bVRltNvUis=,995,김민정,,,,,,,
SSU000996,,PT2473-트리플컬러펜_그레이지,판매가능,김민정,차주 월요일 입고 예정으로 판매 재개합니다.,트리플 컬러펜 | JETSTREAM,TRPC,2024.1.15 12:55오후,,2024.1.15,2026.9.3,recekNiql1Igq5ahJ,recekNiql1Igq5ahJ,https://airtable.com/shr5t1qyPKytJvVBY?prefill_fldziB6bVRltNvUis=recekNiql1Igq5ahJ,996,김민정,PT2473-트리플컬러펜_그레이지,,신시어리,,,Product Parts,
SSU000997,,PT1239-슬로건다이어리_블랙,일시품절,김민정,1월 말 재입고 예정입니다.,슬로건 다이어리,SLGN,2024.1.15 1:03오후,2024.1.30 3:24오후,2024.1.15,2024.1.29,recwEwAaCd1CXCxD1,,https://airtable.com/shr5t1qyPKytJvVBY?prefill_fldziB6bVRltNvUis=recwEwAaCd1CXCxD1,997,김민정,PT1239-슬로건다이어리_블랙,,신시어리,,,Product Parts,
SSU000998,,PT0733-노트북스탠드패드_패드_다크그레이,판매가능,김민정,19일 재고 입고 예정으로 판매 재개합니다,노트북 스탠드패드,NSTP,2024.1.16 10:09오전,2024.2.27 11:47오전,2024.1.16,2024.2.26,recZIByBQzefhMHlb,,https://airtable.com/shr5t1qyPKytJvVBY?prefill_fldziB6bVRltNvUis=recZIByBQzefhMHlb,998,김민정,PT0733-노트북스탠드패드_패드_다크그레이,,신시어리,,,Product Parts,
SSU000999,checked,,판매가능,김민정,최초등록,,,2024.1.19 5:58오후,2024.8.22 2:39오후,2024.1.19,2024.8.21,,,https://airtable.com/shr5t1qyPKytJvVBY?prefill_fldziB6bVRltNvUis=,999,김민정,,,,,,,
SSU001000,checked,,판매가능,김민정,최초등록,,,2024.1.19 5:59오후,,2024.1.19,2026.9.3,,recfyeDdgCO3OtgqG,https://airtable.com/shr5t1qyPKytJvVBY?prefill_fldziB6bVRltNvUis=,1000,김민정,,,,,,,
SSU001001,checked,PT3769-사각스티커(커스텀인쇄)_화이트+디지털풀컬러,판매가능,김민정,최초등록,킵세이프 마그넷 배터리 Slim,KSMB,2024.1.19 5:59오후,,2024.1.19,2026.9.3,reciovLlgbPNB6kHU,reciovLlgbPNB6kHU,https://airtable.com/shr5t1qyPKytJvVBY?prefill_fldziB6bVRltNvUis=reciovLlgbPNB6kHU,1001,김민정,PT3769-사각스티커(커스텀인쇄)_화이트+디지털풀컬러,,생산,,,Package Parts,
SSU001002,checked,,판매가능,김민정,최초등록,,,2024.1.19 5:59오후,,2024.1.19,2026.9.3,,recrkhOJWUfaI5O1f,https://airtable.com/shr5t1qyPKytJvVBY?prefill_fldziB6bVRltNvUis=,1002,김민정,,,,,,,
SSU001003,checked,,판매가능,김민정,최초등록,,,2024.1.19 6:00오후,,2024.1.19,2026.9.3,,reczqEPGi3Pf0JquG,https://airtable.com/shr5t1qyPKytJvVBY?prefill_fldziB6bVRltNvUis=,1003,김민정,,,,,,,
SSU001004,checked,PT3279-타월스트랩(커스텀인쇄),판매가능,김민정,최초등록,액티브 스포츠타월,SPTS,2024.1.19 6:02오후,,2024.1.19,2026.9.3,recBtLnEJh1dfLp5G,recBtLnEJh1dfLp5G,https://airtable.com/shr5t1qyPKytJvVBY?prefill_fldziB6bVRltNvUis=recBtLnEJh1dfLp5G,1004,김민정,PT3279-타월스트랩(커스텀인쇄),,생산,,,Product Parts,
SSU001005,checked,PT3324-주의사항표기서(전용)_화이트+디지털풀컬러,판매가능,김민정,최초등록,위시 오브제 캔들,OJCD,2024.1.19 6:04오후,,2024.1.19,2026.9.3,recuchgewycNq1OjB,recuchgewycNq1OjB,https://airtable.com/shr5t1qyPKytJvVBY?prefill_fldziB6bVRltNvUis=recuchgewycNq1OjB,1005,김민정,PT3324-주의사항표기서(전용)_화이트+디지털풀컬러,,신시어리,,,Package Parts,
SSU001006,checked,PT3323-페이퍼G형박스(전용)_웜그레이+블랙인쇄,판매가능,김민정,최초등록,위시 오브제 캔들,OJCD,2024.1.19 6:04오후,,2024.1.19,2026.9.3,recrTfNRpIX7Xygcc,recrTfNRpIX7Xygcc,https://airtable.com/shr5t1qyPKytJvVBY?prefill_fldziB6bVRltNvUis=recrTfNRpIX7Xygcc,1006,김민정,PT3323-페이퍼G형박스(전용)_웜그레이+블랙인쇄,,신시어리,,,Package Parts,
SSU001007,,PT2405-베케이션여권케이스,판매가능,김민정,차주중 입고 예정으로 판매 재개합니다.,베케이션 여권케이스,VCIT,2024.1.23 10:31오전,,2024.1.23,2026.9.3,recKsBzIJ3QQpXkdx,recKsBzIJ3QQpXkdx,https://airtable.com/shr5t1qyPKytJvVBY?prefill_fldziB6bVRltNvUis=recKsBzIJ3QQpXkdx,1007,김민정,PT2405-베케이션여권케이스,,신시어리,,,Product Parts,
SSU001008,,PT1753-프라우드투톤명함지갑_블랙,판매가능,김민정,1/26 재입고로 판매 재개합니다.,프라우드 투톤 명함지갑,TWTO,2024.1.23 10:36오전,2025.12.15 3:49오후,2024.1.23,2025.12.14,rec0X6iDXVBr6htf7,,https://airtable.com/shr5t1qyPKytJvVBY?prefill_fldziB6bVRltNvUis=rec0X6iDXVBr6htf7,1008,김민정,PT1753-프라우드투톤명함지갑_블랙,,신시어리,,,Product Parts,
SSU001009,,PT2804-페이퍼링캘린더_삼각대_그레이,의도적 품절,김민정,"재고 소진 및 시즌이 종료되어 일시 품절처리 합니다. (의도적 품절)

만약, 대량 주문이(500-1000개 이상) 있다면, 구매팀에 공유해주세요.
* 삼각대 재고생산 기간: 약 2주",페이퍼링 캘린더,PIPR,2024.1.25 10:57오전,2024.2.13 11:11오전,2024.1.25,2024.2.12,recl2stSf8vy8AFjL,,https://airtable.com/shr5t1qyPKytJvVBY?prefill_fldziB6bVRltNvUis=recl2stSf8vy8AFjL,1009,김민정,PT2804-페이퍼링캘린더_삼각대_그레이,,생산,,,Product Parts,
SSU001010,,PT0832-레더스킨다이어리_그레이,판매가능,김민정,재고 입고 완료,레더스킨 다이어리,LSKD,2024.1.25 4:35오후,2025.1.21 4:38오후,2024.1.25,2025.1.20,rec0qhXEO8UTVYp27,,https://airtable.com/shr5t1qyPKytJvVBY?prefill_fldziB6bVRltNvUis=rec0qhXEO8UTVYp27,1010,김민정,PT0832-레더스킨다이어리_그레이,,신시어리,,,Product Parts,
SSU001011,,PT1239-슬로건다이어리_블랙,판매가능,김민정,재입고,슬로건 다이어리,SLGN,2024.1.30 3:24오후,2024.12.11 9:36오전,2024.1.30,2024.12.10,recwEwAaCd1CXCxD1,,https://airtable.com/shr5t1qyPKytJvVBY?prefill_fldziB6bVRltNvUis=recwEwAaCd1CXCxD1,1011,김민정,PT1239-슬로건다이어리_블랙,,신시어리,,,Product Parts,
SSU001012,checked,PT3809-인마이백피크닉매트(2인용),판매가능,김민정,출시,인마이백 피크닉매트,KRDJ,2024.1.30 10:53오후,,2024.1.30,2026.9.3,recsfmqV3tFIB7CWX,recsfmqV3tFIB7CWX,https://airtable.com/shr5t1qyPKytJvVBY?prefill_fldziB6bVRltNvUis=recsfmqV3tFIB7CWX,1012,김민정,PT3809-인마이백피크닉매트(2인용),,생산,,,Product Parts,
SSU001013,checked,PT3810-인마이백피크닉매트(4인용),판매가능,김민정,출시,인마이백 피크닉매트,KRDJ,2024.1.30 10:53오후,,2024.1.30,2026.9.3,recqbb1YsFnH4QJ1i,recqbb1YsFnH4QJ1i,https://airtable.com/shr5t1qyPKytJvVBY?prefill_fldziB6bVRltNvUis=recqbb1YsFnH4QJ1i,1013,김민정,PT3810-인마이백피크닉매트(4인용),,생산,,,Product Parts,
SSU001014,,,일시품절,김민정,재고 소진. 재입고일은 3월 4일 예정입니다.,,,2024.1.31 4:20오후,2024.3.7 4:39오후,2024.1.31,2024.3.6,,,https://airtable.com/shr5t1qyPKytJvVBY?prefill_fldziB6bVRltNvUis=,1014,김민정,,,,,,,
SSU001015,,PT1084-센텐스펜_레드,일시품절,,협력사 일시품절,센텐스 펜,STCP,2024.2.1 3:26오후,2024.5.21 3:03오후,2024.2.1,2024.5.20,recV2TxyCaQIFXMEX,,https://airtable.com/shr5t1qyPKytJvVBY?prefill_fldziB6bVRltNvUis=recV2TxyCaQIFXMEX,1015,,PT1084-센텐스펜_레드,,협력사,,,Product Parts,
SSU001016,,PT2970-메시지캐리어파우치_메탈그레이,품절예정,김민정,"재고가 180개 정도 남아 품절 예정입니다. 
재고 확인 후 진행 부탁드립니다.",메시지 캐리어 파우치,MSGC,2024.2.2 11:51오전,2024.2.14 5:48오후,2024.2.2,2024.2.13,recT95r7975gjV8H4,,https://airtable.com/shr5t1qyPKytJvVBY?prefill_fldziB6bVRltNvUis=recT95r7975gjV8H4,1016,김민정,PT2970-메시지캐리어파우치_메탈그레이,,신시어리,,,Product Parts,
SSU001017,,,제품 철수(졸업),김민정,"마일드타블렛 세탁세제 졸업합니다.
불용재고는 내부 나눔으로 처리할 예정입니다. ",,,2024.2.5 2:51오후,,2024.2.5,2026.9.3,,rec8SwzlX12d4uMUn,https://airtable.com/shr5t1qyPKytJvVBY?prefill_fldziB6bVRltNvUis=,1017,김민정,,,,,,,
SSU001018,,,일시품절,김민정,"재고 소진 및 협력사 단종으로 졸업 예정입니다.
프로젝트 진행 완료 후 졸업 공지 다시 공유하겠습니다. ",,,2024.2.5 3:52오후,2024.3.7 4:49오후,2024.2.5,2024.3.6,,,https://airtable.com/shr5t1qyPKytJvVBY?prefill_fldziB6bVRltNvUis=,1018,김민정,,,,,,,
SSU001019,,PT2370-버티컬무선충전패드(15W)_블랙,일시품절,,협력사 재고 200개미만 남아있으며 발주건시 사용예정입니다. 신시어리재고 200여개 남아있습니다.,버티컬 무선충전패드,VWPD,2024.2.7 12:50오후,2024.3.14 11:09오전,2024.2.7,2024.3.13,rect9S1n0kLJJVTTv,,https://airtable.com/shr5t1qyPKytJvVBY?prefill_fldziB6bVRltNvUis=rect9S1n0kLJJVTTv,1019,,PT2370-버티컬무선충전패드(15W)_블랙,,협력사,,,Product Parts,
SSU001020,,,일시품절,김민정,재고 소진으로 일시품절입니다. 재입고일 확인 후 다시 공유드리겠습니다.,,,2024.2.13 9:38오전,2024.2.19 10:17오전,2024.2.13,2024.2.18,,,https://airtable.com/shr5t1qyPKytJvVBY?prefill_fldziB6bVRltNvUis=,1020,김민정,,,,,,,
SSU001021,,PT2804-페이퍼링캘린더_삼각대_그레이,판매가능,안다정,,페이퍼링 캘린더,PIPR,2024.2.13 11:11오전,,2024.2.13,2026.9.3,recl2stSf8vy8AFjL,recl2stSf8vy8AFjL,https://airtable.com/shr5t1qyPKytJvVBY?prefill_fldziB6bVRltNvUis=recl2stSf8vy8AFjL,1021,안다정,PT2804-페이퍼링캘린더_삼각대_그레이,,생산,,,Product Parts,
SSU001022,,PT2187-린넨메쉬스트링파우치(스탠다드)(M),일시품절,김민정,재고 소진으로 일시품절입니다. 재입고일 확인 후 다시 공유드리겠습니다.,"린넨메쉬스트링파우치, 라운드 밤부 칫솔","LNMS, RBTB",2024.2.13 11:33오전,2024.3.20 2:11오후,2024.2.13,2024.3.19,recl0D0nAWqmoteNF,,https://airtable.com/shr5t1qyPKytJvVBY?prefill_fldziB6bVRltNvUis=recl0D0nAWqmoteNF,1022,김민정,PT2187-린넨메쉬스트링파우치(스탠다드)(M),,신시어리,,,Package Parts,
SSU001023,,PT1516-미니가든피규어세트(괴마옥),판매가능,,기온이 올라가 판매가능한점 협력사확인완료 (갑자기 기온이 확떨어진다면 배송일 기준으로 오후에 영하의 날씨만 아니면 공급이 가능한것으로 확인하여 참고부탁드립니다.),미니가든 피규어 세트,ISGK,2024.2.13 12:42오후,2024.12.9 6:26오후,2024.2.13,2024.12.8,rec078denQY9WPeql,,https://airtable.com/shr5t1qyPKytJvVBY?prefill_fldziB6bVRltNvUis=rec078denQY9WPeql,1023,,PT1516-미니가든피규어세트(괴마옥),,협력사,,,Product Parts,
SSU001024,,PT1513-미니가든피규어세트(용신목),판매가능,,기온이 올라가 판매가능한점 협력사확인완료 (갑자기 기온이 확떨어진다면 배송일 기준으로 오후에 영하의 날씨만 아니면 공급이 가능한것으로 확인하여 참고부탁드립니다.),미니가든 피규어 세트,ISGK,2024.2.13 12:44오후,2024.12.9 6:28오후,2024.2.13,2024.12.8,recWj6OwQH1wZY40s,,https://airtable.com/shr5t1qyPKytJvVBY?prefill_fldziB6bVRltNvUis=recWj6OwQH1wZY40s,1024,,PT1513-미니가든피규어세트(용신목),,협력사,,,Product Parts,
SSU001025,,PT2970-메시지캐리어파우치_메탈그레이,일시품절,김민정,재고소진. 재입고일 확인 후 공유드리겠습니다.,메시지 캐리어 파우치,MSGC,2024.2.14 5:48오후,2024.3.25 2:09오후,2024.2.14,2024.3.24,recT95r7975gjV8H4,,https://airtable.com/shr5t1qyPKytJvVBY?prefill_fldziB6bVRltNvUis=recT95r7975gjV8H4,1025,김민정,PT2970-메시지캐리어파우치_메탈그레이,,신시어리,,,Product Parts,
SSU001026,,PT0818-라운드밤부칫솔(성인용)_화이트,일시품절,,현재 협력사 재고 품절로 3월 3째주경 재입고예정입니다.,라운드 밤부 칫솔,RBTB,2024.2.15 5:34오후,2024.3.7 2:09오후,2024.2.15,2024.3.6,recXf46cmRjx3R0u1,,https://airtable.com/shr5t1qyPKytJvVBY?prefill_fldziB6bVRltNvUis=recXf46cmRjx3R0u1,1026,,PT0818-라운드밤부칫솔(성인용)_화이트,,협력사,,,Product Parts,
SSU001027,,PT0820-라운드밤부칫솔(성인용)_챠콜,일시품절,,협력사재고 품절로 3월3주차경 재입고예정입니다.,라운드 밤부 칫솔,RBTB,2024.2.15 5:34오후,2024.3.7 2:11오후,2024.2.15,2024.3.6,recHEZhCqZdbhiazO,,https://airtable.com/shr5t1qyPKytJvVBY?prefill_fldziB6bVRltNvUis=recHEZhCqZdbhiazO,1027,,PT0820-라운드밤부칫솔(성인용)_챠콜,,협력사,,,Product Parts,
SSU001028,,,의도적 품절,김민정,재고소진,,,2024.2.19 8:59오전,2024.3.16 7:39오후,2024.2.19,2024.3.15,,,https://airtable.com/shr5t1qyPKytJvVBY?prefill_fldziB6bVRltNvUis=,1028,김민정,,,,,,,
SSU001029,,,판매가능,김민정,재고 확보,,,2024.2.19 10:17오전,2026.2.19 2:12오후,2024.2.19,2026.2.18,,,https://airtable.com/shr5t1qyPKytJvVBY?prefill_fldziB6bVRltNvUis=,1029,김민정,,,,,,,
SSU001030,,PT0503-미르텀블러_블랙,품절예정,,현재 미르텀블러_블랙 협력사 재고는 품절되었습니다. 신시어리에 보관중인 재고는 7백개가량 남아있어 해당수량 판매는 가능합니다. 협력사 재고는 3월말-4월초 재입고예정입니다.,MiiR 텀블러,MIRT,2024.2.19 10:49오전,2024.4.22 11:43오전,2024.2.19,2024.4.21,recP5WdvOqABOkdLT,,https://airtable.com/shr5t1qyPKytJvVBY?prefill_fldziB6bVRltNvUis=recP5WdvOqABOkdLT,1030,,PT0503-미르텀블러_블랙,,협력사,,,Product Parts,
SSU001031,,PT1200-스펙트럼컬러펜(컬러잉크)_다크네이비,일시품절,김민지,협력사 재고소진으로 4월 초 재입고 예정입니다.,스펙트럼 컬러펜,SPCP,2024.2.20 4:16오후,2024.3.22 7:38오후,2024.2.20,2024.3.21,reco3fXNhxhapSegS,,https://airtable.com/shr5t1qyPKytJvVBY?prefill_fldziB6bVRltNvUis=reco3fXNhxhapSegS,1031,김민지,PT1200-스펙트럼컬러펜(컬러잉크)_다크네이비,,협력사,,,Product Parts,
SSU001032,,PT1464-올블랙펜_매트블랙,일시품절,김민정,"협력사 및 신시어리 재고 소진으로 일시 품절이며, 협력사 재고 4월초 입고 예정입니다.",올 블랙 펜,ALBP,2024.2.21 5:49오후,2024.3.22 7:43오후,2024.2.21,2024.3.21,recdZIETtzg8v1aj8,,https://airtable.com/shr5t1qyPKytJvVBY?prefill_fldziB6bVRltNvUis=recdZIETtzg8v1aj8,1032,김민정,PT1464-올블랙펜_매트블랙,,협력사,,,Product Parts,
SSU001033,,PT1085-센텐스펜_화이트,일시품절,,협력사 재고 300개만 남아있고 제품특성상 금방 소진될 재고로 예측되어 일시품절처리 진행하였습니다.,센텐스 펜,STCP,2024.2.23 11:26오전,2024.2.27 12:10오후,2024.2.23,2024.2.26,recveOA2fHJVXQbPE,,https://airtable.com/shr5t1qyPKytJvVBY?prefill_fldziB6bVRltNvUis=recveOA2fHJVXQbPE,1033,,PT1085-센텐스펜_화이트,,협력사,,,Product Parts,
SSU001034,,PT0733-노트북스탠드패드_패드_다크그레이,품절예정,김민정,"현재고 360개 정도로, 재고 확인 후 발주 부탁드립니다. :)",노트북 스탠드패드,NSTP,2024.2.27 11:47오전,2024.3.20 2:33오후,2024.2.27,2024.3.19,recZIByBQzefhMHlb,,https://airtable.com/shr5t1qyPKytJvVBY?prefill_fldziB6bVRltNvUis=recZIByBQzefhMHlb,1034,김민정,PT0733-노트북스탠드패드_패드_다크그레이,,신시어리,,,Product Parts,
SSU001035,,PT1085-센텐스펜_화이트,판매가능,김민정,"500개 재고 확보. 
협력사 재입고일은 4월초~중순으로, 
그전까지 신시어리 재고 확인 후 발주 부탁드립니다. ",센텐스 펜,STCP,2024.2.27 12:10오후,,2024.2.27,2026.9.3,recveOA2fHJVXQbPE,recveOA2fHJVXQbPE,https://airtable.com/shr5t1qyPKytJvVBY?prefill_fldziB6bVRltNvUis=recveOA2fHJVXQbPE,1035,김민정,PT1085-센텐스펜_화이트,,협력사,,,Product Parts,
SSU001036,,PT1801-샤쉐향(센트티오/구.투스칸오렌지),의도적 품절,김민정,"재고 소진하였고, 판매량이 많지 않아 우선은 의도적 품절 처리합니다.
moq 조정 예정이며, 다시 공지 드리겠습니다.","페이퍼 샤쉐, 프리미엄 린넨샤쉐","PSCH, LSCH",2024.2.28 11:39오전,2024.5.3 3:04오후,2024.2.28,2024.5.2,rec9FU4o8Hl7bOenW,,https://airtable.com/shr5t1qyPKytJvVBY?prefill_fldziB6bVRltNvUis=rec9FU4o8Hl7bOenW,1036,김민정,PT1801-샤쉐향(센트티오/구.투스칸오렌지),,생산,,,Product Parts,
SSU001037,,PT1803-샤쉐향(아쿠아/구.워터풀),의도적 품절,김민정,"재고 소진하였고, 판매량이 많지 않아 우선은 의도적 품절 처리합니다.
moq 조정 예정이며, 다시 공지 드리겠습니다.","페이퍼 샤쉐, 프리미엄 린넨샤쉐","PSCH, LSCH",2024.2.28 11:41오전,2024.4.16 9:39오전,2024.2.28,2024.4.15,recF0ileyKrMIuUAa,,https://airtable.com/shr5t1qyPKytJvVBY?prefill_fldziB6bVRltNvUis=recF0ileyKrMIuUAa,1037,김민정,PT1803-샤쉐향(아쿠아/구.워터풀),,신시어리,,,Product Parts,
SSU001038,,PT1799-샤쉐향(데이지),의도적 품절,김민정,"재고 소진하였고, 판매량이 많지 않아 우선은 의도적 품절 처리합니다.
moq 조정 예정이며, 다시 공지 드리겠습니다.","프리미엄 린넨샤쉐, 페이퍼 샤쉐","LSCH, PSCH",2024.2.28 11:41오전,2024.5.3 3:05오후,2024.2.28,2024.5.2,recilwU3CC7lH8EH9,,https://airtable.com/shr5t1qyPKytJvVBY?prefill_fldziB6bVRltNvUis=recilwU3CC7lH8EH9,1038,김민정,PT1799-샤쉐향(데이지),,생산,,,Product Parts,
SSU001039,,PT0562-코튼스트링파우치(커스텀인쇄)(L)_광목_200-1,판매가능,김민정,재고 500개 보유로 판매재개 합니다.,Raw 코튼 파우치,RCPC,2024.3.5 11:01오전,2025.9.1 10:47오전,2024.3.5,2025.8.31,rec6XHoU0FsKISmQ3,,https://airtable.com/shr5t1qyPKytJvVBY?prefill_fldziB6bVRltNvUis=rec6XHoU0FsKISmQ3,1039,김민정,PT0562-코튼스트링파우치(커스텀인쇄)(L)_광목_200-1,,신시어리,,,Package Parts,
SSU001040,,PT1130-스타일수면안대,판매가능,,수면안대 앞으로 문의없이 진행가능한것으로 확인,스타일 수면안대,STSM,2024.3.6 3:48오후,,2024.3.6,2026.9.3,recvuHmB1J5QkrN5c,recvuHmB1J5QkrN5c,https://airtable.com/shr5t1qyPKytJvVBY?prefill_fldziB6bVRltNvUis=recvuHmB1J5QkrN5c,1040,,PT1130-스타일수면안대,,생산,,,Product Parts,
SSU001041,,PT0818-라운드밤부칫솔(성인용)_화이트,판매가능,,협력사 재고가 조금 빠르게 입하되었습니다. 금일기준 화이트색상 재고 1500개입니다.,라운드 밤부 칫솔,RBTB,2024.3.7 2:09오후,2024.8.28 2:44오후,2024.3.7,2024.8.27,recXf46cmRjx3R0u1,,https://airtable.com/shr5t1qyPKytJvVBY?prefill_fldziB6bVRltNvUis=recXf46cmRjx3R0u1,1041,,PT0818-라운드밤부칫솔(성인용)_화이트,,협력사,,,Product Parts,
SSU001042,,PT0820-라운드밤부칫솔(성인용)_챠콜,판매가능,,협력사재고입고완료되었습니다. 금일 기준 협력사재고 1천개입니다.,라운드 밤부 칫솔,RBTB,2024.3.7 2:11오후,,2024.3.7,2026.9.3,recHEZhCqZdbhiazO,recHEZhCqZdbhiazO,https://airtable.com/shr5t1qyPKytJvVBY?prefill_fldziB6bVRltNvUis=recHEZhCqZdbhiazO,1042,,PT0820-라운드밤부칫솔(성인용)_챠콜,,협력사,,,Product Parts,
SSU001043,,,판매가능,김민정,재고 확보로 판매재개합니다. :),,,2024.3.7 4:39오후,2024.8.27 10:18오전,2024.3.7,2024.8.26,,,https://airtable.com/shr5t1qyPKytJvVBY?prefill_fldziB6bVRltNvUis=,1043,김민정,,,,,,,
SSU001044,checked,,판매가능,김민정,,,,2024.3.7 4:41오후,2024.4.24 2:52오후,2024.3.7,2024.4.23,,,https://airtable.com/shr5t1qyPKytJvVBY?prefill_fldziB6bVRltNvUis=,1044,김민정,,,,,,,
SSU001045,checked,,제품 철수(졸업),김민정,재고소진으로 졸업처리,,,2024.3.7 4:49오후,2024.4.18 3:58오후,2024.3.7,2024.4.17,,,https://airtable.com/shr5t1qyPKytJvVBY?prefill_fldziB6bVRltNvUis=,1045,김민정,,,,,,,
SSU001046,,PT2969-메시지캐리어파우치_실버,판매가능,김민정,"협력사 재고 입고로 판매 재개합니다.

메탈그레이는 3/25 입고 예정",메시지 캐리어 파우치,MSGC,2024.3.11 10:35오전,2024.7.24 3:33오후,2024.3.11,2024.7.23,recWZPxXHsjnxuXpC,,https://airtable.com/shr5t1qyPKytJvVBY?prefill_fldziB6bVRltNvUis=recWZPxXHsjnxuXpC,1046,김민정,PT2969-메시지캐리어파우치_실버,,신시어리,,,Product Parts,
SSU001047,,PT3854-미스트워터보틀_반투명화이트,판매가능,김민정,"재고 1000개 확보하여 판매 가능합니다. 2000개는 4월 1일 입고 예정입니다. 

신시어리 소유 재고로 매입한 것이며, 신제품이라 판매량 예측이 어려워 재고 수량 확인 후 프로젝트 진행 부탁드립니다. ",미스트 워터보틀,MIST,2024.3.11 2:44오후,2024.3.20 11:23오전,2024.3.11,2024.3.19,recjfsnYVez8C9Lsi,,https://airtable.com/shr5t1qyPKytJvVBY?prefill_fldziB6bVRltNvUis=recjfsnYVez8C9Lsi,1047,김민정,PT3854-미스트워터보틀_반투명화이트,,신시어리,,,Product Parts,
SSU001048,checked,PT3855-미스트워터보틀_다크그레이,판매가능,김민정,최초등록,미스트 워터보틀,MIST,2024.3.11 2:44오후,2025.3.11 11:21오전,2024.3.11,2025.3.10,rectwHwXV2IUhBBSy,,https://airtable.com/shr5t1qyPKytJvVBY?prefill_fldziB6bVRltNvUis=rectwHwXV2IUhBBSy,1048,김민정,PT3855-미스트워터보틀_다크그레이,,신시어리,,,Product Parts,
SSU001049,checked,PT3856-미스트워터보틀_더스티핑크,판매가능,김민정,최초등록,미스트 워터보틀,MIST,2024.3.11 2:45오후,2024.3.20 11:30오전,2024.3.11,2024.3.19,reczhBTwD3QmLu6uO,,https://airtable.com/shr5t1qyPKytJvVBY?prefill_fldziB6bVRltNvUis=reczhBTwD3QmLu6uO,1049,김민정,PT3856-미스트워터보틀_더스티핑크,,신시어리,,,Product Parts,
SSU001050,checked,PT3331-테크미니파우치,판매가능,김민정,최초등록,테크 미니 파우치,TCMP,2024.3.11 2:45오후,2024.8.14 2:41오후,2024.3.11,2024.8.13,recyKvheOWvhN7KBa,,https://airtable.com/shr5t1qyPKytJvVBY?prefill_fldziB6bVRltNvUis=recyKvheOWvhN7KBa,1050,김민정,PT3331-테크미니파우치,,신시어리,,,Product Parts,
SSU001051,,PT2370-버티컬무선충전패드(15W)_블랙,판매가능,김민정,"협력사재입고 예정일은 18일로, 판매 재개합니다~",버티컬 무선충전패드,VWPD,2024.3.14 11:09오전,2024.12.6 10:32오전,2024.3.14,2024.12.5,rect9S1n0kLJJVTTv,,https://airtable.com/shr5t1qyPKytJvVBY?prefill_fldziB6bVRltNvUis=rect9S1n0kLJJVTTv,1051,김민정,PT2370-버티컬무선충전패드(15W)_블랙,,협력사,,,Product Parts,
SSU001052,,PT1217-스펙트럼컬러펜(컬러잉크)_리프그린,일시품절,김민지,3월말 재입고 예정,스펙트럼 컬러펜,SPCP,2024.3.14 6:38오후,2024.3.29 7:03오후,2024.3.14,2024.3.28,rec11LbSlmK50OMIt,,https://airtable.com/shr5t1qyPKytJvVBY?prefill_fldziB6bVRltNvUis=rec11LbSlmK50OMIt,1052,김민지,PT1217-스펙트럼컬러펜(컬러잉크)_리프그린,,협력사,,,Product Parts,
SSU001053,,PT1205-스펙트럼컬러펜(컬러잉크)_퍼플,일시품절,김민지,3월말 입고예정,스펙트럼 컬러펜,SPCP,2024.3.14 6:40오후,2024.3.29 7:03오후,2024.3.14,2024.3.28,recjDHESSrqXz0YWb,,https://airtable.com/shr5t1qyPKytJvVBY?prefill_fldziB6bVRltNvUis=recjDHESSrqXz0YWb,1053,김민지,PT1205-스펙트럼컬러펜(컬러잉크)_퍼플,,협력사,,,Product Parts,
SSU001054,,PT1466-올블랙펜_화이트,일시품절,김민지,3월말 입고예정,올 블랙 펜,ALBP,2024.3.14 6:41오후,2024.5.13 2:15오후,2024.3.14,2024.5.12,rec8i4T0XTIV4p81v,,https://airtable.com/shr5t1qyPKytJvVBY?prefill_fldziB6bVRltNvUis=rec8i4T0XTIV4p81v,1054,김민지,PT1466-올블랙펜_화이트,,협력사,,,Product Parts,
SSU001055,,PT1463-올블랙펜_스카이블루,판매가능,김민지,재입고 완료,올 블랙 펜,ALBP,2024.3.14 6:53오후,,2024.3.14,2026.9.3,recYsxaHTIGO6YaOc,recYsxaHTIGO6YaOc,https://airtable.com/shr5t1qyPKytJvVBY?prefill_fldziB6bVRltNvUis=recYsxaHTIGO6YaOc,1055,김민지,PT1463-올블랙펜_스카이블루,,협력사,,,Product Parts,
SSU001056,checked,,의도적 품절,김민정,,,,2024.3.16 7:39오후,,2024.3.16,2026.9.3,,recAzlkaQ6UPdAkBp,https://airtable.com/shr5t1qyPKytJvVBY?prefill_fldziB6bVRltNvUis=,1056,김민정,,,,,,,
SSU001057,checked,PT2806-유니크디퓨저_보틀(PNW)_투명,품절예정,김민정,현시점 450개정도 남아있습니다. 추가 보틀은 생산중이며 4/22부터 출고가능할 것으로 예측됩니다. 4/22까지 450개 수량만 발주가능하여 수량체크후 프로젝트건 진행 필요합니다.,유니크 디퓨저,UNDF,2024.3.20 11:11오전,2024.4.18 9:40오전,2024.3.20,2024.4.17,recBVaDv7sRyF5zlx,,https://airtable.com/shr5t1qyPKytJvVBY?prefill_fldziB6bVRltNvUis=recBVaDv7sRyF5zlx,1057,김민정,PT2806-유니크디퓨저_보틀(PNW)_투명,,협력사,,,Product Parts,
SSU001058,,PT3854-미스트워터보틀_반투명화이트,판매가능,김민정,"반투명 화이트 500개 추가 확보하여, 831개 재고로 보유하고 있으며, 
4/1에 추가 물량 입고 예정입니다. ",미스트 워터보틀,MIST,2024.3.20 11:23오전,2025.2.3 3:47오후,2024.3.20,2025.2.2,recjfsnYVez8C9Lsi,,https://airtable.com/shr5t1qyPKytJvVBY?prefill_fldziB6bVRltNvUis=recjfsnYVez8C9Lsi,1058,김민정,PT3854-미스트워터보틀_반투명화이트,,신시어리,,,Product Parts,
SSU001059,,PT3856-미스트워터보틀_더스티핑크,판매가능,김민정,"[미스트워터보틀 재고 소유 현황]

반투명화이트: 신시어리 재고
다크그레이: 신시어리 재고
핑크: 협력사 재고

--

화이트와 다크그레이는 신시어리 재고로 재고조회를 통해서 수량 확인해주시면 되어요.
핑크는 협력사 재고인데(프로젝트 건 마다 매입해서 진행), 
협력사에서 재고 관리가 핏하게 이루어지지 않는 것으로 보여,
수량이 많은 경우 발주 전 재고 확인 후 진행하는 것이 안전할 것 같습니다. :)",미스트 워터보틀,MIST,2024.3.20 11:30오전,2024.11.21 5:00오후,2024.3.20,2024.11.20,reczhBTwD3QmLu6uO,,https://airtable.com/shr5t1qyPKytJvVBY?prefill_fldziB6bVRltNvUis=reczhBTwD3QmLu6uO,1059,김민정,PT3856-미스트워터보틀_더스티핑크,,신시어리,,,Product Parts,
SSU001060,,PT2228-브랜디드노트북백_블랙,품절예정,김민정,"400개 정도 재고 있어서, 품절예정으로 판매재개합니다.
1000개는 4월 중순 입고 예정입니다.",브랜디드 노트북백,BRDD,2024.3.20 11:39오전,2024.4.8 11:17오전,2024.3.20,2024.4.7,recHi0kLkGW3jImGB,,https://airtable.com/shr5t1qyPKytJvVBY?prefill_fldziB6bVRltNvUis=recHi0kLkGW3jImGB,1060,김민정,PT2228-브랜디드노트북백_블랙,,신시어리,,,Product Parts,
SSU001061,,PT2187-린넨메쉬스트링파우치(스탠다드)(M),판매가능,김민정,차주 초 재고 입고 예정으로 판매 재개합니다.,"린넨메쉬스트링파우치, 라운드 밤부 칫솔","LNMS, RBTB",2024.3.20 2:11오후,,2024.3.20,2026.9.3,recl0D0nAWqmoteNF,recl0D0nAWqmoteNF,https://airtable.com/shr5t1qyPKytJvVBY?prefill_fldziB6bVRltNvUis=recl0D0nAWqmoteNF,1061,김민정,PT2187-린넨메쉬스트링파우치(스탠다드)(M),,신시어리,,,Package Parts,
SSU001062,,PT0733-노트북스탠드패드_패드_다크그레이,일시품절,김민정,재고 소진으로 일시품절입니다. 재입고 예정일은 4월 말입니다.,노트북 스탠드패드,NSTP,2024.3.20 2:33오후,2024.4.22 11:47오전,2024.3.20,2024.4.21,recZIByBQzefhMHlb,,https://airtable.com/shr5t1qyPKytJvVBY?prefill_fldziB6bVRltNvUis=recZIByBQzefhMHlb,1062,김민정,PT0733-노트북스탠드패드_패드_다크그레이,,신시어리,,,Product Parts,
SSU001063,,PT0563-코튼스트링파우치(커스텀인쇄)(XL)_광목_200-2,품절예정,김민정,"재고 500-600개 정도 보유하고 있어, 재고 확인 후 진행 부탁드립니다.
재입고 일정은 추후 공유드리겠습니다.",Raw 코튼 파우치,RCPC,2024.3.21 11:07오전,2024.6.21 9:10오전,2024.3.21,2024.6.20,recPMfp30xe6UX34Q,,https://airtable.com/shr5t1qyPKytJvVBY?prefill_fldziB6bVRltNvUis=recPMfp30xe6UX34Q,1063,김민정,PT0563-코튼스트링파우치(커스텀인쇄)(XL)_광목_200-2,,신시어리,,,Package Parts,
SSU001064,,PT1200-스펙트럼컬러펜(컬러잉크)_다크네이비,일시품절,김민지,협력사 제작 딜레이로 5월 중순 입고 예정입니다.,스펙트럼 컬러펜,SPCP,2024.3.22 7:38오후,2024.4.29 11:54오전,2024.3.22,2024.4.28,reco3fXNhxhapSegS,,https://airtable.com/shr5t1qyPKytJvVBY?prefill_fldziB6bVRltNvUis=reco3fXNhxhapSegS,1064,김민지,PT1200-스펙트럼컬러펜(컬러잉크)_다크네이비,,협력사,,,Product Parts,
SSU001065,,PT1202-스펙트럼컬러펜(컬러잉크)_다크그린,일시품절,김민지,협력사 재고 소진으로 4월 말 재입고 예정,스펙트럼 컬러펜,SPCP,2024.3.22 7:39오후,2024.3.29 7:04오후,2024.3.22,2024.3.28,recICZfqZ5l4YVeQ5,,https://airtable.com/shr5t1qyPKytJvVBY?prefill_fldziB6bVRltNvUis=recICZfqZ5l4YVeQ5,1065,김민지,PT1202-스펙트럼컬러펜(컬러잉크)_다크그린,,협력사,,,Product Parts,
SSU001066,,PT1199-스펙트럼컬러펜(컬러잉크)_레드,일시품절,김민지,협력사 재고 소진으로 4월 초 재입고 예정,스펙트럼 컬러펜,SPCP,2024.3.22 7:40오후,2024.3.29 7:03오후,2024.3.22,2024.3.28,recj2NSG843k3wkwe,,https://airtable.com/shr5t1qyPKytJvVBY?prefill_fldziB6bVRltNvUis=recj2NSG843k3wkwe,1066,김민지,PT1199-스펙트럼컬러펜(컬러잉크)_레드,,협력사,,,Product Parts,
SSU001067,,PT1210-스펙트럼컬러펜(컬러잉크)_핑크,일시품절,김민지,협력사 재고 소진으로 4월 초 재입고 예정,스펙트럼 컬러펜,SPCP,2024.3.22 7:41오후,2024.3.29 7:02오후,2024.3.22,2024.3.28,reclcJ8kfNtaD63Rv,,https://airtable.com/shr5t1qyPKytJvVBY?prefill_fldziB6bVRltNvUis=reclcJ8kfNtaD63Rv,1067,김민지,PT1210-스펙트럼컬러펜(컬러잉크)_핑크,,협력사,,,Product Parts,
SSU001068,,PT2474-스펙트럼컬러펜(블랙잉크)_리인벤트에디션,일시품절,김민지,협력사 재고 소진으로 4월초 재입고 예정,스펙트럼 컬러펜,SPCP,2024.3.22 7:42오후,2024.5.28 12:01오전,2024.3.22,2024.5.27,recmfZV1wU0BPuItU,,https://airtable.com/shr5t1qyPKytJvVBY?prefill_fldziB6bVRltNvUis=recmfZV1wU0BPuItU,1068,김민지,PT2474-스펙트럼컬러펜(블랙잉크)_리인벤트에디션,,협력사,,,Product Parts,
SSU001069,,PT1464-올블랙펜_매트블랙,일시품절,김민지,협력사 제작 딜레이로 5월 중순 입고 예정,올 블랙 펜,ALBP,2024.3.22 7:43오후,2024.4.29 11:53오전,2024.3.22,2024.4.28,recdZIETtzg8v1aj8,,https://airtable.com/shr5t1qyPKytJvVBY?prefill_fldziB6bVRltNvUis=recdZIETtzg8v1aj8,1069,김민지,PT1464-올블랙펜_매트블랙,,협력사,,,Product Parts,
SSU001070,,PT2970-메시지캐리어파우치_메탈그레이,판매가능,김민지,재고생산 완료,메시지 캐리어 파우치,MSGC,2024.3.25 2:09오후,2024.8.22 8:59오전,2024.3.25,2024.8.21,recT95r7975gjV8H4,,https://airtable.com/shr5t1qyPKytJvVBY?prefill_fldziB6bVRltNvUis=recT95r7975gjV8H4,1070,김민지,PT2970-메시지캐리어파우치_메탈그레이,,신시어리,,,Product Parts,
SSU001071,,PT2158-캡슐씨앗(방울토마토)_투명,제품 철수(졸업),정승윤,시장에서 해당 토마토 씨앗 졸업/ 대체 제품의 단가가 크게 차이나서 우선 기존 토마토 씨앗은 품절& 진행 불가처리 필요합니다. 재개시점은 현재는 없습니다.,스타트 씨드키트,SEED,2024.3.27 3:21오후,2024.4.2 6:39오후,2024.3.27,2024.4.1,recB7mc9gKvOFCuBk,,https://airtable.com/shr5t1qyPKytJvVBY?prefill_fldziB6bVRltNvUis=recB7mc9gKvOFCuBk,1071,정승윤,PT2158-캡슐씨앗(방울토마토)_투명,,협력사,,,Product Parts,
SSU001072,,,일시품절,김민지,협력사 재고 소진 재입고 일정 아직 미정,,,2024.3.29 3:26오후,2025.1.24 2:24오후,2024.3.29,2025.1.23,,,https://airtable.com/shr5t1qyPKytJvVBY?prefill_fldziB6bVRltNvUis=,1072,김민지,,,,,,,
SSU001073,,PT1210-스펙트럼컬러펜(컬러잉크)_핑크,판매가능,김민정,4/3 협력사 재고 입고로 판매재개합니다.,스펙트럼 컬러펜,SPCP,2024.3.29 7:02오후,2026.3.23 3:12오후,2024.3.29,2026.3.22,reclcJ8kfNtaD63Rv,,https://airtable.com/shr5t1qyPKytJvVBY?prefill_fldziB6bVRltNvUis=reclcJ8kfNtaD63Rv,1073,김민정,PT1210-스펙트럼컬러펜(컬러잉크)_핑크,,협력사,,,Product Parts,
SSU001074,,PT1205-스펙트럼컬러펜(컬러잉크)_퍼플,판매가능,김민정,4/3 협력사 재고 입고로 판매재개합니다.,스펙트럼 컬러펜,SPCP,2024.3.29 7:03오후,2025.9.4 1:59오후,2024.3.29,2025.9.3,recjDHESSrqXz0YWb,,https://airtable.com/shr5t1qyPKytJvVBY?prefill_fldziB6bVRltNvUis=recjDHESSrqXz0YWb,1074,김민정,PT1205-스펙트럼컬러펜(컬러잉크)_퍼플,,협력사,,,Product Parts,
SSU001075,,PT1217-스펙트럼컬러펜(컬러잉크)_리프그린,판매가능,김민정,4/3 협력사 재고 입고로 판매재개합니다.,스펙트럼 컬러펜,SPCP,2024.3.29 7:03오후,2026.2.10 10:49오전,2024.3.29,2026.2.9,rec11LbSlmK50OMIt,,https://airtable.com/shr5t1qyPKytJvVBY?prefill_fldziB6bVRltNvUis=rec11LbSlmK50OMIt,1075,김민정,PT1217-스펙트럼컬러펜(컬러잉크)_리프그린,,협력사,,,Product Parts,
SSU001076,,PT1199-스펙트럼컬러펜(컬러잉크)_레드,판매가능,김민정,4/3 협력사 재고 입고로 판매재개합니다.,스펙트럼 컬러펜,SPCP,2024.3.29 7:03오후,2025.5.14 2:19오후,2024.3.29,2025.5.13,recj2NSG843k3wkwe,,https://airtable.com/shr5t1qyPKytJvVBY?prefill_fldziB6bVRltNvUis=recj2NSG843k3wkwe,1076,김민정,PT1199-스펙트럼컬러펜(컬러잉크)_레드,,협력사,,,Product Parts,
SSU001077,,PT1202-스펙트럼컬러펜(컬러잉크)_다크그린,판매가능,김민정,4/3 협력사 재고 입고로 판매재개합니다.,스펙트럼 컬러펜,SPCP,2024.3.29 7:04오후,2024.4.1 11:24오전,2024.3.29,2024.3.31,recICZfqZ5l4YVeQ5,,https://airtable.com/shr5t1qyPKytJvVBY?prefill_fldziB6bVRltNvUis=recICZfqZ5l4YVeQ5,1077,김민정,PT1202-스펙트럼컬러펜(컬러잉크)_다크그린,,협력사,,,Product Parts,
SSU001078,,PT1202-스펙트럼컬러펜(컬러잉크)_다크그린,일시품절,김민지,4월 말 입고 예정,스펙트럼 컬러펜,SPCP,2024.4.1 11:24오전,2024.4.29 11:55오전,2024.4.1,2024.4.28,recICZfqZ5l4YVeQ5,,https://airtable.com/shr5t1qyPKytJvVBY?prefill_fldziB6bVRltNvUis=recICZfqZ5l4YVeQ5,1078,김민지,PT1202-스펙트럼컬러펜(컬러잉크)_다크그린,,협력사,,,Product Parts,
SSU001079,,,제품 철수(졸업),김민지,협력사 제품 졸업으로 판매 불가합니다.,,,2024.4.1 4:56오후,2024.9.11 11:37오전,2024.4.1,2024.9.10,,,https://airtable.com/shr5t1qyPKytJvVBY?prefill_fldziB6bVRltNvUis=,1079,김민지,,,,,,,
SSU001080,,PT1136-스탠드업칫솔_화이트,품절예정,김민정,"현재 재고 198개만 가능하며, 재입고 예정일은 4/18입니다.",스탠드-업 칫솔,STTB,2024.4.2 3:56오후,2024.4.16 11:41오전,2024.4.2,2024.4.15,recMNS5lcrNwpZKcF,,https://airtable.com/shr5t1qyPKytJvVBY?prefill_fldziB6bVRltNvUis=recMNS5lcrNwpZKcF,1080,김민정,PT1136-스탠드업칫솔_화이트,,신시어리,,,Product Parts,
SSU001081,,PT2158-캡슐씨앗(방울토마토)_투명,판매가능,김민정,판매가 인상하여 판매재개,스타트 씨드키트,SEED,2024.4.2 6:39오후,,2024.4.2,2026.9.3,recB7mc9gKvOFCuBk,recB7mc9gKvOFCuBk,https://airtable.com/shr5t1qyPKytJvVBY?prefill_fldziB6bVRltNvUis=recB7mc9gKvOFCuBk,1081,김민정,PT2158-캡슐씨앗(방울토마토)_투명,,협력사,,,Product Parts,
SSU001082,,PT2228-브랜디드노트북백_블랙,판매가능,김민정,4/12 재입고 예정으로 판매재개 합니다 :),브랜디드 노트북백,BRDD,2024.4.8 11:17오전,2024.8.8 5:07오후,2024.4.8,2024.8.7,recHi0kLkGW3jImGB,,https://airtable.com/shr5t1qyPKytJvVBY?prefill_fldziB6bVRltNvUis=recHi0kLkGW3jImGB,1082,김민정,PT2228-브랜디드노트북백_블랙,,신시어리,,,Product Parts,
SSU001083,,PT2802-아이콘펜(바디)_화이트,일시품절,김민정,재고 소진으로 품절입니다. 재입고 예정일은 5월 1주입니다 ㅠㅠ,아이콘 펜,IIKP,2024.4.11 4:15오후,2024.4.30 10:27오전,2024.4.11,2024.4.29,recyqvsXJHTr6MF7A,,https://airtable.com/shr5t1qyPKytJvVBY?prefill_fldziB6bVRltNvUis=recyqvsXJHTr6MF7A,1083,김민정,PT2802-아이콘펜(바디)_화이트,,신시어리,,,Product Parts,
SSU001084,,PT2742-슈가케인스트로우_크림,일시품절,김민정,"슈가케인텀블러 스트로우는 재고 소진으로 품절입니다. (바디는 가능)
입고 일정 확인 중이며, 일정 확인 후 다시 공유드리겠습니다.",슈가케인 텀블러,SGCN,2024.4.11 4:45오후,2024.6.11 9:57오전,2024.4.11,2024.6.10,recy1ODK8IjBvEGMQ,,https://airtable.com/shr5t1qyPKytJvVBY?prefill_fldziB6bVRltNvUis=recy1ODK8IjBvEGMQ,1084,김민정,PT2742-슈가케인스트로우_크림,,신시어리,,,Product Parts,
SSU001085,,PT1803-샤쉐향(아쿠아/구.워터풀),판매가능,김민정,워터풀 재고매입으로 판매재개 합니다.,"페이퍼 샤쉐, 프리미엄 린넨샤쉐","PSCH, LSCH",2024.4.16 9:39오전,,2024.4.16,2026.9.3,recF0ileyKrMIuUAa,recF0ileyKrMIuUAa,https://airtable.com/shr5t1qyPKytJvVBY?prefill_fldziB6bVRltNvUis=recF0ileyKrMIuUAa,1085,김민정,PT1803-샤쉐향(아쿠아/구.워터풀),,신시어리,,,Product Parts,
SSU001086,checked,,일시품절,김민정,협력사 대량 납품으로 인해 4/25- 5/2동안 다른 주문건 인쇄가 불가합니다.,,,2024.4.16 9:44오전,2024.5.2 9:44오전,2024.4.16,2024.5.1,,,https://airtable.com/shr5t1qyPKytJvVBY?prefill_fldziB6bVRltNvUis=,1086,김민정,,,,,,,
SSU001087,checked,,일시품절,김민정,협력사 대량 납품으로 인해 4/25- 5/2동안 다른 주문건 인쇄가 불가합니다.,,,2024.4.16 9:44오전,2024.5.2 9:44오전,2024.4.16,2024.5.1,,,https://airtable.com/shr5t1qyPKytJvVBY?prefill_fldziB6bVRltNvUis=,1087,김민정,,,,,,,
SSU001088,,PT1136-스탠드업칫솔_화이트,판매가능,김민정,"4/18 재고 입고 예정으로, 품절예정에서 판매가능으로 변경합니다.",스탠드-업 칫솔,STTB,2024.4.16 11:41오전,,2024.4.16,2026.9.3,recMNS5lcrNwpZKcF,recMNS5lcrNwpZKcF,https://airtable.com/shr5t1qyPKytJvVBY?prefill_fldziB6bVRltNvUis=recMNS5lcrNwpZKcF,1088,김민정,PT1136-스탠드업칫솔_화이트,,신시어리,,,Product Parts,
SSU001089,,PT2472-트리플컬러펜_블랙,일시품절,김민정,"재고 소진으로 일시품절입니다. 5월 중순 입고 예정이며, 그레이지 컬러는 재고가 있습니다. 그레이지 컬러로 판매 유도 부탁드립니다.",트리플 컬러펜 | JETSTREAM,TRPC,2024.4.16 2:09오후,2024.5.14 9:13오전,2024.4.16,2024.5.13,recjcx6kutPmDEJrd,,https://airtable.com/shr5t1qyPKytJvVBY?prefill_fldziB6bVRltNvUis=recjcx6kutPmDEJrd,1089,김민정,PT2472-트리플컬러펜_블랙,,신시어리,,,Product Parts,
SSU001090,,PT2777-리틀빅리유저블컵_카키,품절예정,,현재 협력사재고 300개선으로 해당수량 소진 후 품절예정입니다. 5월중순이후 몇천개 재입고예정입니다.,리틀빅 리유저블컵,LTBR,2024.4.17 11:44오전,2024.5.8 3:12오후,2024.4.17,2024.5.7,reche8DLawDa6AxHP,,https://airtable.com/shr5t1qyPKytJvVBY?prefill_fldziB6bVRltNvUis=reche8DLawDa6AxHP,1090,,PT2777-리틀빅리유저블컵_카키,,협력사,,,Product Parts,
SSU001091,,,일시품절,,협력사재고일시품절,,,2024.4.17 2:25오후,2025.1.16 3:27오후,2024.4.17,2025.1.15,,,https://airtable.com/shr5t1qyPKytJvVBY?prefill_fldziB6bVRltNvUis=,1091,,,,,,,,
SSU001092,,PT2806-유니크디퓨저_보틀(PNW)_투명,판매가능,김민정,유니크디퓨저 보틀 협력사 재고 입고되어 판매가능으로 스테이터스 변경합니다. (신시어리재고->협력사자체재고),유니크 디퓨저,UNDF,2024.4.18 9:40오전,,2024.4.18,2026.9.3,recBVaDv7sRyF5zlx,recBVaDv7sRyF5zlx,https://airtable.com/shr5t1qyPKytJvVBY?prefill_fldziB6bVRltNvUis=recBVaDv7sRyF5zlx,1092,김민정,PT2806-유니크디퓨저_보틀(PNW)_투명,,협력사,,,Product Parts,
SSU001093,,,판매가능,김민정,"재고 260개가 남아있어, 여유수량 고려하여 250개까지 판매가능합니다.
(이후 졸업 예정)",,,2024.4.18 3:58오후,2025.3.12 9:47오전,2024.4.18,2025.3.11,,,https://airtable.com/shr5t1qyPKytJvVBY?prefill_fldziB6bVRltNvUis=,1093,김민정,,,,,,,
SSU001094,,PT3353-메시지캐리어파우치_매트블랙,판매가능,김민지,협력사 재고생산 완료,메시지 캐리어 파우치,MSGC,2024.4.19 10:28오전,2024.4.19 11:00오전,2024.4.19,2024.4.18,recaSvDfs8zsNZ3Fz,,https://airtable.com/shr5t1qyPKytJvVBY?prefill_fldziB6bVRltNvUis=recaSvDfs8zsNZ3Fz,1094,김민지,PT3353-메시지캐리어파우치_매트블랙,,신시어리,,,Product Parts,
SSU001095,,PT3353-메시지캐리어파우치_매트블랙,판매가능,김민정,협력사 재고 입고로 판매재개합니다.,메시지 캐리어 파우치,MSGC,2024.4.19 11:00오전,2024.7.24 3:32오후,2024.4.19,2024.7.23,recaSvDfs8zsNZ3Fz,,https://airtable.com/shr5t1qyPKytJvVBY?prefill_fldziB6bVRltNvUis=recaSvDfs8zsNZ3Fz,1095,김민정,PT3353-메시지캐리어파우치_매트블랙,,신시어리,,,Product Parts,
SSU001096,checked,,판매가능,김민정,최초등록,,,2024.4.19 11:01오전,2025.4.4 3:05오후,2024.4.19,2025.4.3,,,https://airtable.com/shr5t1qyPKytJvVBY?prefill_fldziB6bVRltNvUis=,1096,김민정,,,,,,,
SSU001097,checked,,판매가능,김민정,최초등록,,,2024.4.19 11:02오전,2025.4.4 3:05오후,2024.4.19,2025.4.3,,,https://airtable.com/shr5t1qyPKytJvVBY?prefill_fldziB6bVRltNvUis=,1097,김민정,,,,,,,
SSU001098,checked,,판매가능,김민정,최초등록,,,2024.4.19 11:02오전,2025.7.28 3:35오후,2024.4.19,2025.7.27,,,https://airtable.com/shr5t1qyPKytJvVBY?prefill_fldziB6bVRltNvUis=,1098,김민정,,,,,,,
SSU001099,checked,,판매가능,김민정,최초등록,,,2024.4.19 11:02오전,2025.7.28 3:34오후,2024.4.19,2025.7.27,,,https://airtable.com/shr5t1qyPKytJvVBY?prefill_fldziB6bVRltNvUis=,1099,김민정,,,,,,,
SSU001100,checked,,판매가능,김민정,최초등록,,,2024.4.19 11:03오전,2025.7.28 3:36오후,2024.4.19,2025.7.27,,,https://airtable.com/shr5t1qyPKytJvVBY?prefill_fldziB6bVRltNvUis=,1100,김민정,,,,,,,
SSU001101,checked,PT3928-스탠딩휴대용선풍기_아쿠아그레이,판매가능,김민정,최초등록,스탠딩 휴대용 선풍기,STPF,2024.4.19 11:05오전,2026.7.31 2:02오후,2024.4.19,2026.7.30,recJhjnatvPYSQPzf,,https://airtable.com/shr5t1qyPKytJvVBY?prefill_fldziB6bVRltNvUis=recJhjnatvPYSQPzf,1101,김민정,PT3928-스탠딩휴대용선풍기_아쿠아그레이,,협력사,,,Product Parts,
SSU001102,checked,,판매가능,김민정,최초등록,,,2024.4.19 11:05오전,2025.7.21 4:33오후,2024.4.19,2025.7.20,,,https://airtable.com/shr5t1qyPKytJvVBY?prefill_fldziB6bVRltNvUis=,1102,김민정,,,,,,,
SSU001103,checked,PT3927-스탠딩휴대용선풍기_크림화이트,판매가능,김민정,최초등록,스탠딩 휴대용 선풍기,STPF,2024.4.19 11:06오전,2026.7.31 2:02오후,2024.4.19,2026.7.30,recw54yFxHUWJf0jc,,https://airtable.com/shr5t1qyPKytJvVBY?prefill_fldziB6bVRltNvUis=recw54yFxHUWJf0jc,1103,김민정,PT3927-스탠딩휴대용선풍기_크림화이트,,협력사,,,Product Parts,
SSU001104,checked,,판매가능,김민정,최초등록,,,2024.4.19 11:06오전,2024.6.27 3:39오후,2024.4.19,2024.6.26,,,https://airtable.com/shr5t1qyPKytJvVBY?prefill_fldziB6bVRltNvUis=,1104,김민정,,,,,,,
SSU001105,checked,PT3339-핸디링미니선풍기_화이트,판매가능,김민정,최초등록,핸디링 미니 선풍기,HDRM,2024.4.19 11:06오전,2024.6.19 5:53오후,2024.4.19,2024.6.18,recqFktAwgv3tu96u,,https://airtable.com/shr5t1qyPKytJvVBY?prefill_fldziB6bVRltNvUis=recqFktAwgv3tu96u,1105,김민정,PT3339-핸디링미니선풍기_화이트,,신시어리,,,Product Parts,
SSU001106,checked,PT0864-릴리프눈마사지기_화이트,품절예정,김민정,4/9~4/19,릴리프 눈마사지기,EMSG,2024.4.19 11:08오전,2024.4.19 11:12오전,2024.4.19,2024.4.18,recuwk9eRx5pkJDK8,,https://airtable.com/shr5t1qyPKytJvVBY?prefill_fldziB6bVRltNvUis=recuwk9eRx5pkJDK8,1106,김민정,PT0864-릴리프눈마사지기_화이트,,협력사,,,Product Parts,
SSU001107,,PT0864-릴리프눈마사지기_화이트,판매가능,,협력사에 재고 2천개 입고완료되었습니다.,릴리프 눈마사지기,EMSG,2024.4.19 11:12오전,,2024.4.19,2026.9.3,recuwk9eRx5pkJDK8,recuwk9eRx5pkJDK8,https://airtable.com/shr5t1qyPKytJvVBY?prefill_fldziB6bVRltNvUis=recuwk9eRx5pkJDK8,1107,,PT0864-릴리프눈마사지기_화이트,,협력사,,,Product Parts,
SSU001108,checked,,판매가능,김민정,최초등록,,,2024.4.19 11:14오전,,2024.4.19,2026.9.3,,rec9TEfpSJwJ9wGaG,https://airtable.com/shr5t1qyPKytJvVBY?prefill_fldziB6bVRltNvUis=,1108,김민정,,,,,,,
SSU001109,checked,PT3778-슬로건맨투맨_블랙,판매가능,김민정,최초등록,슬로건 맨투맨,SMTM,2024.4.19 11:14오전,,2024.4.19,2026.9.3,recsmMhK4ghaeXFkk,recsmMhK4ghaeXFkk,https://airtable.com/shr5t1qyPKytJvVBY?prefill_fldziB6bVRltNvUis=recsmMhK4ghaeXFkk,1109,김민정,PT3778-슬로건맨투맨_블랙,,생산,,,Product Parts,
SSU001110,checked,PT3795-슬로건맨투맨_네이비,판매가능,김민정,최초등록,슬로건 맨투맨,SMTM,2024.4.19 11:14오전,,2024.4.19,2026.9.3,recd5sytzlcC7PmQl,recd5sytzlcC7PmQl,https://airtable.com/shr5t1qyPKytJvVBY?prefill_fldziB6bVRltNvUis=recd5sytzlcC7PmQl,1110,김민정,PT3795-슬로건맨투맨_네이비,,협력사,,,Product Parts,
SSU001111,checked,PT3796-슬로건맨투맨_멜란지그레이,판매가능,김민정,최초등록,슬로건 맨투맨,SMTM,2024.4.19 11:15오전,,2024.4.19,2026.9.3,recbMciGP35hJUwqW,recbMciGP35hJUwqW,https://airtable.com/shr5t1qyPKytJvVBY?prefill_fldziB6bVRltNvUis=recbMciGP35hJUwqW,1111,김민정,PT3796-슬로건맨투맨_멜란지그레이,,협력사,,,Product Parts,
SSU001112,checked,PT3797-슬로건맨투맨(2XL이상사이즈),판매가능,김민정,최초등록,슬로건 맨투맨,SMTM,2024.4.19 11:15오전,,2024.4.19,2026.9.3,recGnlTKppnZyFLKS,recGnlTKppnZyFLKS,https://airtable.com/shr5t1qyPKytJvVBY?prefill_fldziB6bVRltNvUis=recGnlTKppnZyFLKS,1112,김민정,PT3797-슬로건맨투맨(2XL이상사이즈),,협력사,,,Product Parts,
SSU001113,checked,,판매가능,김민정,최초등록,,,2024.4.19 11:15오전,,2024.4.19,2026.9.3,,receHYX4rI41qE0sC,https://airtable.com/shr5t1qyPKytJvVBY?prefill_fldziB6bVRltNvUis=,1113,김민정,,,,,,,
SSU001114,checked,PT3900-리멤버탁상시계,판매가능,김민정,최초등록,리멤버 탁상시계,RMBT,2024.4.19 11:15오전,2025.7.1 5:14오후,2024.4.19,2025.6.30,rec7Dsl5NIQED2qGR,,https://airtable.com/shr5t1qyPKytJvVBY?prefill_fldziB6bVRltNvUis=rec7Dsl5NIQED2qGR,1114,김민정,PT3900-리멤버탁상시계,,신시어리,,,Product Parts,
SSU001115,checked,,판매가능,김민정,최초등록,,,2024.4.19 11:16오전,,2024.4.19,2026.9.3,,recp3O7YOgc73bmsh,https://airtable.com/shr5t1qyPKytJvVBY?prefill_fldziB6bVRltNvUis=,1115,김민정,,,,,,,
SSU001116,checked,,판매가능,김민정,최초등록,,,2024.4.19 11:16오전,,2024.4.19,2026.9.3,,recmbML6tQO9PdUDT,https://airtable.com/shr5t1qyPKytJvVBY?prefill_fldziB6bVRltNvUis=,1116,김민정,,,,,,,
SSU001117,checked,,판매가능,김민정,최초등록,,,2024.4.19 11:16오전,,2024.4.19,2026.9.3,,recfUa4zEQJ7KRgTw,https://airtable.com/shr5t1qyPKytJvVBY?prefill_fldziB6bVRltNvUis=,1117,김민정,,,,,,,
SSU001118,,,품절예정,김민정,"기아건으로 500개 사용예정으로, 현재 사용 가능한 재고는 280~290개 정도 입니다. 
ㄴmrp 재고조회 인터페이스에는 현재 800개 이상으로 조회되나 기아건으로 500개 사용 예정입니다. 
5월 말쯤 재고생산 입고 예정이며, 정확한 일정은 다시 공지 드릴게요.",,,2024.4.19 3:58오후,2024.4.30 3:26오후,2024.4.19,2024.4.29,,,https://airtable.com/shr5t1qyPKytJvVBY?prefill_fldziB6bVRltNvUis=,1118,김민정,,,,,,,
SSU001119,,PT0503-미르텀블러_블랙,판매가능,,협력사재고 3500개 입고되었습니다. (신시어리 전용 재고X),MiiR 텀블러,MIRT,2024.4.22 11:43오전,2024.12.23 3:13오후,2024.4.22,2024.12.22,recP5WdvOqABOkdLT,,https://airtable.com/shr5t1qyPKytJvVBY?prefill_fldziB6bVRltNvUis=recP5WdvOqABOkdLT,1119,,PT0503-미르텀블러_블랙,,협력사,,,Product Parts,
SSU001120,,PT0733-노트북스탠드패드_패드_다크그레이,판매가능,김민지,4/25 재고 생산 건 입고 예정입니다.,노트북 스탠드패드,NSTP,2024.4.22 11:47오전,2024.6.3 5:38오후,2024.4.22,2024.6.2,recZIByBQzefhMHlb,,https://airtable.com/shr5t1qyPKytJvVBY?prefill_fldziB6bVRltNvUis=recZIByBQzefhMHlb,1120,김민지,PT0733-노트북스탠드패드_패드_다크그레이,,신시어리,,,Product Parts,
SSU001121,,,일시품절,김민정,재고 소진으로 일시품절 처리합니다. 재입고일은 다시 안내드리겠습니다.,,,2024.4.24 2:52오후,2024.4.30 8:36오전,2024.4.24,2024.4.29,,,https://airtable.com/shr5t1qyPKytJvVBY?prefill_fldziB6bVRltNvUis=,1121,김민정,,,,,,,
SSU001122,checked,,판매가능,정승윤,"미니팩생산재개
- 시나몬은 5/2 부터 판매가능하나 같이 현 시점에 해제해도 무방할 것으로 보입니다.",,,2024.4.25 3:11오후,,2024.4.25,2026.9.3,,reckd6qaBgFJ3vfUB,https://airtable.com/shr5t1qyPKytJvVBY?prefill_fldziB6bVRltNvUis=,1122,정승윤,,,,,,,
SSU001123,checked,PT3291-리멤버타투스티커_화이트+디지털풀컬러,일시품절,정승윤,업체에서 갑자기 B2B제작을 중단했다는 연락을 받았습니다. 현재 대체 업체 정보와 상황파악 중입니다.,리멤버 타투스티커,TTSK,2024.4.29 8:52오전,2024.6.10 9:17오전,2024.4.29,2024.6.9,recDCFyNcLSZWAE3u,,https://airtable.com/shr5t1qyPKytJvVBY?prefill_fldziB6bVRltNvUis=recDCFyNcLSZWAE3u,1123,정승윤,PT3291-리멤버타투스티커_화이트+디지털풀컬러,,생산,,,Product Parts,
SSU001124,,PT1464-올블랙펜_매트블랙,판매가능,김민지,5/10 재입고 확정으로 일정참고하여 고객응대 해주시면 됩니다. :),올 블랙 펜,ALBP,2024.4.29 11:53오전,2026.2.9 5:16오후,2024.4.29,2026.2.8,recdZIETtzg8v1aj8,,https://airtable.com/shr5t1qyPKytJvVBY?prefill_fldziB6bVRltNvUis=recdZIETtzg8v1aj8,1124,김민지,PT1464-올블랙펜_매트블랙,,협력사,,,Product Parts,
SSU001125,,PT1200-스펙트럼컬러펜(컬러잉크)_다크네이비,판매가능,김민지,5/10 재입고 확정으로 일정참고하여 고객응대 해주시면 됩니다. :),스펙트럼 컬러펜,SPCP,2024.4.29 11:54오전,2025.2.24 12:27오후,2024.4.29,2025.2.23,reco3fXNhxhapSegS,,https://airtable.com/shr5t1qyPKytJvVBY?prefill_fldziB6bVRltNvUis=reco3fXNhxhapSegS,1125,김민지,PT1200-스펙트럼컬러펜(컬러잉크)_다크네이비,,협력사,,,Product Parts,
SSU001126,,PT1202-스펙트럼컬러펜(컬러잉크)_다크그린,판매가능,김민지,5/10 재입고 확정으로 일정참고하여 고객응대 해주시면 됩니다. :),스펙트럼 컬러펜,SPCP,2024.4.29 11:55오전,2024.9.24 9:48오전,2024.4.29,2024.9.23,recICZfqZ5l4YVeQ5,,https://airtable.com/shr5t1qyPKytJvVBY?prefill_fldziB6bVRltNvUis=recICZfqZ5l4YVeQ5,1126,김민지,PT1202-스펙트럼컬러펜(컬러잉크)_다크그린,,협력사,,,Product Parts,
SSU001127,,,판매가능,김민정,재고 확보하여 판매재개합니다.,,,2024.4.30 8:36오전,2025.9.22 3:41오후,2024.4.30,2025.9.21,,,https://airtable.com/shr5t1qyPKytJvVBY?prefill_fldziB6bVRltNvUis=,1127,김민정,,,,,,,
SSU001128,,PT2802-아이콘펜(바디)_화이트,판매가능,김민정,재고 확보로 판매재개합니다.,아이콘 펜,IIKP,2024.4.30 10:27오전,2025.12.3 6:21오후,2024.4.30,2025.12.2,recyqvsXJHTr6MF7A,,https://airtable.com/shr5t1qyPKytJvVBY?prefill_fldziB6bVRltNvUis=recyqvsXJHTr6MF7A,1128,김민정,PT2802-아이콘펜(바디)_화이트,,신시어리,,,Product Parts,
SSU001129,,,일시품절,김민정,재고소진으로 일시품절입니다. 재입고는 분할로 입고가능한 수량 및 일정 확인중에 있습니다.,,,2024.4.30 3:26오후,2024.6.7 9:35오전,2024.4.30,2024.6.6,,,https://airtable.com/shr5t1qyPKytJvVBY?prefill_fldziB6bVRltNvUis=,1129,김민정,,,,,,,
SSU001130,checked,,판매가능,김민정,최초등록,,,2024.5.2 8:59오전,2024.8.12 12:29오후,2024.5.2,2024.8.11,,,https://airtable.com/shr5t1qyPKytJvVBY?prefill_fldziB6bVRltNvUis=,1130,김민정,,,,,,,
SSU001131,checked,,판매가능,김민정,최초등록,,,2024.5.2 9:00오전,2025.7.28 3:36오후,2024.5.2,2025.7.27,,,https://airtable.com/shr5t1qyPKytJvVBY?prefill_fldziB6bVRltNvUis=,1131,김민정,,,,,,,
SSU001132,,,판매가능,김민정,오늘부터 기존일정으로 진행가능,,,2024.5.2 9:44오전,,2024.5.2,2026.9.3,,rectnNQY9ZTxjkZ2m,https://airtable.com/shr5t1qyPKytJvVBY?prefill_fldziB6bVRltNvUis=,1132,김민정,,,,,,,
SSU001133,,,판매가능,김민정,오늘부터 기존일정으로 진행가능,,,2024.5.2 9:44오전,,2024.5.2,2026.9.3,,reckM8yRKcYHd6z4V,https://airtable.com/shr5t1qyPKytJvVBY?prefill_fldziB6bVRltNvUis=,1133,김민정,,,,,,,
SSU001134,,PT1081-센텐스펜_옐로우,판매가능,,옐로우색상 가능한점 5/3 확인완료,센텐스 펜,STCP,2024.5.3 12:18오후,,2024.5.3,2026.9.3,recA9VTGb5Hz7R52z,recA9VTGb5Hz7R52z,https://airtable.com/shr5t1qyPKytJvVBY?prefill_fldziB6bVRltNvUis=recA9VTGb5Hz7R52z,1134,,PT1081-센텐스펜_옐로우,,협력사,,,Product Parts,
SSU001135,,PT1078-센텐스펜_오렌지,판매가능,,센텐스펜 오렌지색상 가능한점 5/3 확인완료,센텐스 펜,STCP,2024.5.3 12:18오후,,2024.5.3,2026.9.3,recvQoFMbsmDfJ2tB,recvQoFMbsmDfJ2tB,https://airtable.com/shr5t1qyPKytJvVBY?prefill_fldziB6bVRltNvUis=recvQoFMbsmDfJ2tB,1135,,PT1078-센텐스펜_오렌지,,협력사,,,Product Parts,
SSU001136,,PT1801-샤쉐향(센트티오/구.투스칸오렌지),판매가능,김민정,"재고효율성을 높이고자 3가지 향(골든뱀부, 워터풀, 화이트티앤타임)만 신시어리 재고로 운영합니다.
데이지와 투스칸 오렌지는 프로젝트 마다 생산될 예정이이며, 판매 moq는 1000개 입니다.

- 신시어리재고: 골든뱀부, 워터풀, 화이트 티앤타임 (기존과 동일하게 운영)
- 협력사재고: 데이지, 투스칸오렌지 (판매moq 1000개로 상승)","페이퍼 샤쉐, 프리미엄 린넨샤쉐","PSCH, LSCH",2024.5.3 3:04오후,,2024.5.3,2026.9.3,rec9FU4o8Hl7bOenW,rec9FU4o8Hl7bOenW,https://airtable.com/shr5t1qyPKytJvVBY?prefill_fldziB6bVRltNvUis=rec9FU4o8Hl7bOenW,1136,김민정,PT1801-샤쉐향(센트티오/구.투스칸오렌지),,생산,,,Product Parts,
SSU001137,,PT1799-샤쉐향(데이지),판매가능,김민정,"재고효율성을 높이고자 3가지 향(골든뱀부, 워터풀, 화이트티앤타임)만 신시어리 재고로 운영합니다.
데이지와 투스칸 오렌지는 프로젝트 마다 생산될 예정이이며, 판매 moq는 1000개 입니다.

- 신시어리재고: 골든뱀부, 워터풀, 화이트 티앤타임 (기존과 동일하게 운영)
- 협력사재고: 데이지, 투스칸오렌지 (판매moq 1000개로 상승)","프리미엄 린넨샤쉐, 페이퍼 샤쉐","LSCH, PSCH",2024.5.3 3:05오후,,2024.5.3,2026.9.3,recilwU3CC7lH8EH9,recilwU3CC7lH8EH9,https://airtable.com/shr5t1qyPKytJvVBY?prefill_fldziB6bVRltNvUis=recilwU3CC7lH8EH9,1137,김민정,PT1799-샤쉐향(데이지),,생산,,,Product Parts,
SSU001138,checked,PT3343-펄프박스_리드_그레이,판매가능,김민정,최초등록,Storage 펄프 박스,STPB,2024.5.7 5:13오후,,2024.5.7,2026.9.3,recJHOqmnW0uHxe3L,recJHOqmnW0uHxe3L,https://airtable.com/shr5t1qyPKytJvVBY?prefill_fldziB6bVRltNvUis=recJHOqmnW0uHxe3L,1138,김민정,PT3343-펄프박스_리드_그레이,,신시어리,,,Product Parts,
SSU001139,checked,PT3344-펄프박스_바디_그레이,판매가능,김민정,최초등록,Storage 펄프 박스,STPB,2024.5.7 5:13오후,,2024.5.7,2026.9.3,recjtvCIlKsvM78ps,recjtvCIlKsvM78ps,https://airtable.com/shr5t1qyPKytJvVBY?prefill_fldziB6bVRltNvUis=recjtvCIlKsvM78ps,1139,김민정,PT3344-펄프박스_바디_그레이,,신시어리,,,Product Parts,
SSU001140,,PT2777-리틀빅리유저블컵_카키,일시품절,안다정,협력사 재고 일시품절로 5월말 재입고 예정,리틀빅 리유저블컵,LTBR,2024.5.8 3:12오후,2024.6.7 9:47오전,2024.5.8,2024.6.6,reche8DLawDa6AxHP,,https://airtable.com/shr5t1qyPKytJvVBY?prefill_fldziB6bVRltNvUis=reche8DLawDa6AxHP,1140,안다정,PT2777-리틀빅리유저블컵_카키,,협력사,,,Product Parts,
SSU001141,,PT1466-올블랙펜_화이트,판매가능,김민지,협력사에 재고 400개 입고됨.,올 블랙 펜,ALBP,2024.5.13 2:15오후,,2024.5.13,2026.9.3,rec8i4T0XTIV4p81v,rec8i4T0XTIV4p81v,https://airtable.com/shr5t1qyPKytJvVBY?prefill_fldziB6bVRltNvUis=rec8i4T0XTIV4p81v,1141,김민지,PT1466-올블랙펜_화이트,,협력사,,,Product Parts,
SSU001142,,PT2472-트리플컬러펜_블랙,판매가능,김민정,,트리플 컬러펜 | JETSTREAM,TRPC,2024.5.14 9:13오전,2026.1.29 2:13오후,2024.5.14,2026.1.28,recjcx6kutPmDEJrd,,https://airtable.com/shr5t1qyPKytJvVBY?prefill_fldziB6bVRltNvUis=recjcx6kutPmDEJrd,1142,김민정,PT2472-트리플컬러펜_블랙,,신시어리,,,Product Parts,
SSU001143,checked,PT3990-굿데이볼캡_네이비,판매가능,김민정,최초등록,굿데이 볼캡,GDEB,2024.5.16 3:27오후,,2024.5.16,2026.9.3,recjCjzcJscRo2f52,recjCjzcJscRo2f52,https://airtable.com/shr5t1qyPKytJvVBY?prefill_fldziB6bVRltNvUis=recjCjzcJscRo2f52,1143,김민정,PT3990-굿데이볼캡_네이비,,협력사,,,Product Parts,
SSU001144,checked,PT3988-굿데이볼캡_블랙,판매가능,김민정,최초등록,굿데이 볼캡,GDEB,2024.5.16 3:27오후,,2024.5.16,2026.9.3,recXGMtUzg8vatKG0,recXGMtUzg8vatKG0,https://airtable.com/shr5t1qyPKytJvVBY?prefill_fldziB6bVRltNvUis=recXGMtUzg8vatKG0,1144,김민정,PT3988-굿데이볼캡_블랙,,협력사,,,Product Parts,
SSU001145,checked,PT3989-굿데이볼캡_연베이지,판매가능,김민정,최초등록,굿데이 볼캡,GDEB,2024.5.16 3:28오후,,2024.5.16,2026.9.3,rech9xJDuJZZhtqR5,rech9xJDuJZZhtqR5,https://airtable.com/shr5t1qyPKytJvVBY?prefill_fldziB6bVRltNvUis=rech9xJDuJZZhtqR5,1145,김민정,PT3989-굿데이볼캡_연베이지,,협력사,,,Product Parts,
SSU001146,checked,PT3987-굿데이볼캡_화이트,판매가능,김민정,최초등록,굿데이 볼캡,GDEB,2024.5.16 3:28오후,,2024.5.16,2026.9.3,recQ9XA9tB1KevmMW,recQ9XA9tB1KevmMW,https://airtable.com/shr5t1qyPKytJvVBY?prefill_fldziB6bVRltNvUis=recQ9XA9tB1KevmMW,1146,김민정,PT3987-굿데이볼캡_화이트,,협력사,,,Product Parts,
SSU001147,,PT3318-휴대용치약(언파차차30g)_블랙,일시품절,안다정,블랙 재고 소진 (재입고 일정 미정),"스탠드-업 칫솔, 라운드 밤부 칫솔","STTB, RBTB",2024.5.17 12:16오후,2024.5.21 5:02오후,2024.5.17,2024.5.20,recTcV76vucflNOeC,,https://airtable.com/shr5t1qyPKytJvVBY?prefill_fldziB6bVRltNvUis=recTcV76vucflNOeC,1147,안다정,PT3318-휴대용치약(언파차차30g)_블랙,,협력사,,,Product Parts,
SSU001148,,PT1088-센텐스펜_라이트블루,판매가능,이난영,협력사 재고 입고 완료,센텐스 펜,STCP,2024.5.21 3:02오후,,2024.5.21,2026.9.3,recs2X65kSftvLPlG,recs2X65kSftvLPlG,https://airtable.com/shr5t1qyPKytJvVBY?prefill_fldziB6bVRltNvUis=recs2X65kSftvLPlG,1148,이난영,PT1088-센텐스펜_라이트블루,,협력사,,,Product Parts,
SSU001149,,PT1084-센텐스펜_레드,판매가능,이난영,,센텐스 펜,STCP,2024.5.21 3:03오후,,2024.5.21,2026.9.3,recV2TxyCaQIFXMEX,recV2TxyCaQIFXMEX,https://airtable.com/shr5t1qyPKytJvVBY?prefill_fldziB6bVRltNvUis=recV2TxyCaQIFXMEX,1149,이난영,PT1084-센텐스펜_레드,,협력사,,,Product Parts,
SSU001150,,PT1088-센텐스펜_라이트블루,판매가능,이난영,,센텐스 펜,STCP,2024.5.21 3:03오후,2024.5.21 3:22오후,2024.5.21,2024.5.20,recs2X65kSftvLPlG,,https://airtable.com/shr5t1qyPKytJvVBY?prefill_fldziB6bVRltNvUis=recs2X65kSftvLPlG,1150,이난영,PT1088-센텐스펜_라이트블루,,협력사,,,Product Parts,
SSU001151,checked,PT1088-센텐스펜_라이트블루,판매가능,이난영,협력사 재고입고완료,센텐스 펜,STCP,2024.5.21 3:22오후,,2024.5.21,2026.9.3,recs2X65kSftvLPlG,recs2X65kSftvLPlG,https://airtable.com/shr5t1qyPKytJvVBY?prefill_fldziB6bVRltNvUis=recs2X65kSftvLPlG,1151,이난영,PT1088-센텐스펜_라이트블루,,협력사,,,Product Parts,
SSU001152,checked,,제품 철수(졸업),안다정,협력사 재고 소진으로 품절 (제품 원가 상승으로 협력사에서 추가 생산계획 없는 것으로 안내받음),,,2024.5.21 5:01오후,,2024.5.21,2026.9.3,,recN74LzxbLOEophY,https://airtable.com/shr5t1qyPKytJvVBY?prefill_fldziB6bVRltNvUis=,1152,안다정,,,,,,,
SSU001153,checked,PT3318-휴대용치약(언파차차30g)_블랙,제품 철수(졸업),안다정,원가 상승으로 협력사에서 향후 생산 계획이 없는 것으로 안내주심,"스탠드-업 칫솔, 라운드 밤부 칫솔","STTB, RBTB",2024.5.21 5:02오후,2026.1.21 10:57오전,2024.5.21,2026.1.20,recTcV76vucflNOeC,,https://airtable.com/shr5t1qyPKytJvVBY?prefill_fldziB6bVRltNvUis=recTcV76vucflNOeC,1153,안다정,PT3318-휴대용치약(언파차차30g)_블랙,,협력사,,,Product Parts,
SSU001154,,,제품 철수(졸업),김민지,점메 낱장인쇄 옵션은 사이즈 상관없이 협력사에서 졸업되었습니다.,,,2024.5.22 9:25오전,,2024.5.22,2026.9.3,,recngHa314wqAdS7u,https://airtable.com/shr5t1qyPKytJvVBY?prefill_fldziB6bVRltNvUis=,1154,김민지,,,,,,,
SSU001155,,,제품 철수(졸업),김민지,점메 낱장인쇄 옵션은 사이즈 상관없이 협력사에서 졸업되었습니다.,,,2024.5.22 9:26오전,,2024.5.22,2026.9.3,,recjvgK5KiZYWFc1D,https://airtable.com/shr5t1qyPKytJvVBY?prefill_fldziB6bVRltNvUis=,1155,김민지,,,,,,,
SSU001156,,PT2474-스펙트럼컬러펜(블랙잉크)_리인벤트에디션,일시품절,김민지,협력사 제품 제작 이슈로 재입고 딜레이 되었습니다. (6월말 입고예정),스펙트럼 컬러펜,SPCP,2024.5.28 12:01오전,2024.7.30 3:58오후,2024.5.28,2024.7.29,recmfZV1wU0BPuItU,,https://airtable.com/shr5t1qyPKytJvVBY?prefill_fldziB6bVRltNvUis=recmfZV1wU0BPuItU,1156,김민지,PT2474-스펙트럼컬러펜(블랙잉크)_리인벤트에디션,,협력사,,,Product Parts,
SSU001157,,,일시품절,,협력사 재고품절 (8월중 2천개안팎 재입고예상),,,2024.5.31 10:33오전,2026.1.7 12:10오후,2024.5.31,2026.1.6,,,https://airtable.com/shr5t1qyPKytJvVBY?prefill_fldziB6bVRltNvUis=,1157,,,,,,,,
SSU001158,checked,,판매가능,김민정,최초등록,,,2024.5.31 5:04오후,2024.6.18 11:02오전,2024.5.31,2024.6.17,,,https://airtable.com/shr5t1qyPKytJvVBY?prefill_fldziB6bVRltNvUis=,1158,김민정,,,,,,,
SSU001159,checked,,판매가능,김민정,최초등록,,,2024.5.31 5:04오후,2024.6.18 11:05오전,2024.5.31,2024.6.17,,,https://airtable.com/shr5t1qyPKytJvVBY?prefill_fldziB6bVRltNvUis=,1159,김민정,,,,,,,
SSU001160,checked,,판매가능,김민정,최초등록,,,2024.5.31 5:04오후,2024.6.18 11:06오전,2024.5.31,2024.6.17,,,https://airtable.com/shr5t1qyPKytJvVBY?prefill_fldziB6bVRltNvUis=,1160,김민정,,,,,,,
SSU001161,checked,PT4028-데일리짐색,판매가능,김민정,최초등록,데일리 짐색,DLYG,2024.6.3 8:53오전,,2024.6.3,2026.9.3,recosrNWpwqpAOboa,recosrNWpwqpAOboa,https://airtable.com/shr5t1qyPKytJvVBY?prefill_fldziB6bVRltNvUis=recosrNWpwqpAOboa,1161,김민정,PT4028-데일리짐색,,생산,,,Product Parts,
SSU001162,checked,PT4030-데일리짐색_바이어스/스트링_블랙,판매가능,김민정,최초등록,데일리 짐색,DLYG,2024.6.3 8:53오전,,2024.6.3,2026.9.3,rec3VnM2OcMwDuzHR,rec3VnM2OcMwDuzHR,https://airtable.com/shr5t1qyPKytJvVBY?prefill_fldziB6bVRltNvUis=rec3VnM2OcMwDuzHR,1162,김민정,PT4030-데일리짐색_바이어스/스트링_블랙,,생산,,,Product Parts,
SSU001163,checked,PT4029-데일리짐색_바이어스/스트링_화이트,판매가능,김민정,최초등록,데일리 짐색,DLYG,2024.6.3 8:53오전,,2024.6.3,2026.9.3,recyvyK5jVLdv4lvg,recyvyK5jVLdv4lvg,https://airtable.com/shr5t1qyPKytJvVBY?prefill_fldziB6bVRltNvUis=recyvyK5jVLdv4lvg,1163,김민정,PT4029-데일리짐색_바이어스/스트링_화이트,,생산,,,Product Parts,
SSU001164,,PT0733-노트북스탠드패드_패드_다크그레이,일시품절,김민정,재고 소진으로 일시품절입니다. 재입고 예정일은 6/28입니다.,노트북 스탠드패드,NSTP,2024.6.3 5:38오후,2024.6.18 8:38오전,2024.6.3,2024.6.17,recZIByBQzefhMHlb,,https://airtable.com/shr5t1qyPKytJvVBY?prefill_fldziB6bVRltNvUis=recZIByBQzefhMHlb,1164,김민정,PT0733-노트북스탠드패드_패드_다크그레이,,신시어리,,,Product Parts,
SSU001165,,,판매가능,김민정,"차주 2,500개 입고 예정으로 판매재개합니다. 

단품 납품으로 일정이 타이트한 경우 일정 문의 부탁드립니다.
(아직 입고되기 전이므로)",,,2024.6.7 9:35오전,2025.5.22 12:42오후,2024.6.7,2025.5.21,,,https://airtable.com/shr5t1qyPKytJvVBY?prefill_fldziB6bVRltNvUis=,1165,김민정,,,,,,,
SSU001166,,PT2777-리틀빅리유저블컵_카키,일시품절,김민정,"5월말 재입고 예정이었으나, 아직 생산계획 수립단계로 입고일정이 지연되었습니다. 
일정 확인되면 다시 안내드리겠습니다. ",리틀빅 리유저블컵,LTBR,2024.6.7 9:47오전,2024.10.21 4:59오후,2024.6.7,2024.10.20,reche8DLawDa6AxHP,,https://airtable.com/shr5t1qyPKytJvVBY?prefill_fldziB6bVRltNvUis=reche8DLawDa6AxHP,1166,김민정,PT2777-리틀빅리유저블컵_카키,,협력사,,,Product Parts,
SSU001167,,PT3291-리멤버타투스티커_화이트+디지털풀컬러,판매가능,김민정,"리멤버타투스티커 판매재개합니다.
협력사가 교체되어 샘플은 제작 불가입니다. 참고부탁드려요.",리멤버 타투스티커,TTSK,2024.6.10 9:17오전,,2024.6.10,2026.9.3,recDCFyNcLSZWAE3u,recDCFyNcLSZWAE3u,https://airtable.com/shr5t1qyPKytJvVBY?prefill_fldziB6bVRltNvUis=recDCFyNcLSZWAE3u,1167,김민정,PT3291-리멤버타투스티커_화이트+디지털풀컬러,,생산,,,Product Parts,
SSU001168,,PT2742-슈가케인스트로우_크림,판매가능,정승윤,6/13 입고 예정(국내입고 확인),슈가케인 텀블러,SGCN,2024.6.11 9:57오전,2025.2.17 4:19오후,2024.6.11,2025.2.16,recy1ODK8IjBvEGMQ,,https://airtable.com/shr5t1qyPKytJvVBY?prefill_fldziB6bVRltNvUis=recy1ODK8IjBvEGMQ,1168,정승윤,PT2742-슈가케인스트로우_크림,,신시어리,,,Product Parts,
SSU001169,checked,PT3365-와이드클립펜_올블랙,판매가능,김민정,최초등록,와이드클립 펜,WIDC,2024.6.12 9:31오전,,2024.6.12,2026.9.3,recqNPif5XL0aIRH9,recqNPif5XL0aIRH9,https://airtable.com/shr5t1qyPKytJvVBY?prefill_fldziB6bVRltNvUis=recqNPif5XL0aIRH9,1169,김민정,PT3365-와이드클립펜_올블랙,,신시어리,,,Product Parts,
SSU001170,checked,PT3366-와이드클립펜_화이트,판매가능,김민정,최초등록,와이드클립 펜,WIDC,2024.6.12 9:32오전,,2024.6.12,2026.9.3,recLSeIBguWY5THwG,recLSeIBguWY5THwG,https://airtable.com/shr5t1qyPKytJvVBY?prefill_fldziB6bVRltNvUis=recLSeIBguWY5THwG,1170,김민정,PT3366-와이드클립펜_화이트,,신시어리,,,Product Parts,
SSU001171,,,일시품절,김민지,"협력사 재고 품절 
(지란지교건으로 홀딩상태이며 협력사 재고 705개 모두매입예정)",,,2024.6.14 4:51오후,2024.8.26 10:07오전,2024.6.14,2024.8.25,,,https://airtable.com/shr5t1qyPKytJvVBY?prefill_fldziB6bVRltNvUis=,1171,김민지,,,,,,,
SSU001172,checked,PT4093-프라임폴더블멀티충전기_다크그레이,판매가능,김민정,최초등록,프라임 폴더블 멀티충전기,PRMF,2024.6.17 9:18오전,2024.8.30 1:58오후,2024.6.17,2024.8.29,rec1oBK4OgXwxoY4F,,https://airtable.com/shr5t1qyPKytJvVBY?prefill_fldziB6bVRltNvUis=rec1oBK4OgXwxoY4F,1172,김민정,PT4093-프라임폴더블멀티충전기_다크그레이,,신시어리,,,Product Parts,
SSU001173,checked,,제품 철수(졸업),김민정,협력사 단종,,,2024.6.17 9:31오전,2024.9.11 11:37오전,2024.6.17,2024.9.10,,,https://airtable.com/shr5t1qyPKytJvVBY?prefill_fldziB6bVRltNvUis=,1173,김민정,,,,,,,
SSU001174,,PT0733-노트북스탠드패드_패드_다크그레이,판매가능,김민정,재고입고 예정으로 판매재개합니다 :),노트북 스탠드패드,NSTP,2024.6.18 8:38오전,2024.8.30 3:53오후,2024.6.18,2024.8.29,recZIByBQzefhMHlb,,https://airtable.com/shr5t1qyPKytJvVBY?prefill_fldziB6bVRltNvUis=recZIByBQzefhMHlb,1174,김민정,PT0733-노트북스탠드패드_패드_다크그레이,,신시어리,,,Product Parts,
SSU001175,,,일시품절,,협력사 재고 소진되었습니다. 6월말경 1500개 입고예정이나 1000개 이미 선매입진행완료된 상태로 발주진행예정건있다면 선매입필요합니다. 참고 부탁드립니다.,,,2024.6.18 11:02오전,2024.6.25 4:04오후,2024.6.18,2024.6.24,,,https://airtable.com/shr5t1qyPKytJvVBY?prefill_fldziB6bVRltNvUis=,1175,,,,,,,,
SSU001176,,,일시품절,,협력사 재고 소진되어 일시품절입니다. 재입고예정일 미정입니다.,,,2024.6.18 11:05오전,2024.6.25 4:05오후,2024.6.18,2024.6.24,,,https://airtable.com/shr5t1qyPKytJvVBY?prefill_fldziB6bVRltNvUis=,1176,,,,,,,,
SSU001177,,,판매가능,,협력사재고는 품절되었고 신시어리 보유재고만 440개 남아있습니다. 재고 체킹후 발주진행필요합니다.,,,2024.6.18 11:06오전,2024.6.25 4:08오후,2024.6.18,2024.6.24,,,https://airtable.com/shr5t1qyPKytJvVBY?prefill_fldziB6bVRltNvUis=,1177,,,,,,,,
SSU001178,,,일시품절,,협력사 금형 새로 제작해야되는 이슈로 현재 일시품절 협력사에서 요청주셨습니다. 7월 2주차경 재개 가능할것으로 보입니다. 자세한 세부일정 공유받으면 판매재개 공지진행하겠습니다.,,,2024.6.18 3:06오후,2025.1.24 3:09오후,2024.6.18,2025.1.23,,,https://airtable.com/shr5t1qyPKytJvVBY?prefill_fldziB6bVRltNvUis=,1178,,,,,,,,
SSU001179,,,판매가능,김민정,280mm 사이즈만 품절입니다. 7/9 판매 재개 가능합니다.,,,2024.6.18 3:11오후,2024.6.18 5:14오후,2024.6.18,2024.6.17,,,https://airtable.com/shr5t1qyPKytJvVBY?prefill_fldziB6bVRltNvUis=,1179,김민정,,,,,,,
SSU001180,checked,,일시품절,김민정,"변경사항 : 협력사 전체적인 캐파 문제로, 모든 사이즈 일시품절입니다.
변경사유 : 동일한 기간에 여러 건이 발주되면 협력사에서 일정 조정이 어려우신 것 같습니다. 자세한 사유에 대해서는 md(융희님), scm(난영님) 과 확인중입니다. ",,,2024.6.18 5:14오후,2024.6.25 5:02오후,2024.6.18,2024.6.24,,,https://airtable.com/shr5t1qyPKytJvVBY?prefill_fldziB6bVRltNvUis=,1180,김민정,,,,,,,
SSU001181,checked,,일시품절,김민정,"변경사항 : 협력사 전체적인 캐파 문제로, 모든 사이즈 일시품절입니다.
변경사유 : 동일한 기간에 여러 건이 발주되면 협력사에서 일정 조정이 어려우신 것 같습니다. 자세한 사유에 대해서는 md(융희님), scm(난영님) 과 확인중입니다. ",,,2024.6.18 5:15오후,2024.6.25 5:02오후,2024.6.18,2024.6.24,,,https://airtable.com/shr5t1qyPKytJvVBY?prefill_fldziB6bVRltNvUis=,1181,김민정,,,,,,,
SSU001182,,PT3339-핸디링미니선풍기_화이트,품절예정,김민정,"현재 신시어리 재고가 290개 정도 남아있습니다.
이번주 금요일 추가 확보 200-300개 예정이고,
7월 첫 주에 더 확보할 예정입니다.

현재 체크파이널까지는 모두 가능하나, 이후 건들은 재고 확인 후 진행 부탁드립니다.

재입고일 및 수량은 계속 업데이트 드리겠습니다. ",핸디링 미니 선풍기,HDRM,2024.6.19 5:53오후,2024.6.21 11:13오전,2024.6.19,2024.6.20,recqFktAwgv3tu96u,,https://airtable.com/shr5t1qyPKytJvVBY?prefill_fldziB6bVRltNvUis=recqFktAwgv3tu96u,1182,김민정,PT3339-핸디링미니선풍기_화이트,,신시어리,,,Product Parts,
SSU001183,,PT0563-코튼스트링파우치(커스텀인쇄)(XL)_광목_200-2,판매가능,김민정,재고입고로 품절예정에서 판매가능으로 판매상태 변경합니다.,Raw 코튼 파우치,RCPC,2024.6.21 9:10오전,2024.9.9 9:31오전,2024.6.21,2024.9.8,recPMfp30xe6UX34Q,,https://airtable.com/shr5t1qyPKytJvVBY?prefill_fldziB6bVRltNvUis=recPMfp30xe6UX34Q,1183,김민정,PT0563-코튼스트링파우치(커스텀인쇄)(XL)_광목_200-2,,신시어리,,,Package Parts,
SSU001184,,PT3325-리마커블UV칫솔살균기(C타입),일시품절,김민정,"재고소진으로 일시품절입니다. 재입고일은 다시 공지 예정이며,
현재 체크파이널은 가능합니다. ",리마커블 칫솔살균기,RMKB,2024.6.21 10:16오전,2024.7.17 9:33오전,2024.6.21,2024.7.16,recn9UvtcMZVjwSdb,,https://airtable.com/shr5t1qyPKytJvVBY?prefill_fldziB6bVRltNvUis=recn9UvtcMZVjwSdb,1184,김민정,PT3325-리마커블UV칫솔살균기(C타입),,신시어리,,,Product Parts,
SSU001185,,PT3339-핸디링미니선풍기_화이트,일시품절,김민정,"재고소진 
7월 8일 1100개 입고예정",핸디링 미니 선풍기,HDRM,2024.6.21 11:13오전,2024.6.27 3:33오후,2024.6.21,2024.6.26,recqFktAwgv3tu96u,,https://airtable.com/shr5t1qyPKytJvVBY?prefill_fldziB6bVRltNvUis=recqFktAwgv3tu96u,1185,김민정,PT3339-핸디링미니선풍기_화이트,,신시어리,,,Product Parts,
SSU001186,,,의도적 품절,김민정,"판매량이 낮아 더이상 재고생산 계획이 없어 의도적 품절 처리합니다.
ㄴ PNA26081-주한스웨덴대사관 건으로 재고 소진 완료",,,2024.6.21 11:18오전,,2024.6.21,2026.9.3,,recsz46wr8OIpGYt2,https://airtable.com/shr5t1qyPKytJvVBY?prefill_fldziB6bVRltNvUis=,1186,김민정,,,,,,,
SSU001187,,,품절예정,김민정,"현재고 290개 정도 남아있습니다. 체크파이널 전 재고 확인해주세요.
재입고 예정일은 7월 26일이고 3000개 입고 예정입니다.",,,2024.6.24 8:19오전,2024.9.5 9:43오전,2024.6.24,2024.9.4,,,https://airtable.com/shr5t1qyPKytJvVBY?prefill_fldziB6bVRltNvUis=,1187,김민정,,,,,,,
SSU001188,,,일시품절,,입고예정일이 밀려서 재공지드립니다. 7/8 입고예정입니다.  (그린 색상 현재 입하예정수량중 500개만 매입가능이며 나머지 수량은 타업체에서 사전매입완료되었다고 합니다),,,2024.6.25 4:04오후,2024.7.3 2:21오후,2024.6.25,2024.7.2,,,https://airtable.com/shr5t1qyPKytJvVBY?prefill_fldziB6bVRltNvUis=,1188,,,,,,,,
SSU001189,,,일시품절,,입고예정일이 대략적으로 나와서 재공지드립니다. 7/8 입고예정입니다.  (블랙 색상 현재 입하예정수량중 200개만 매입가능이며 나머지 수량은 타업체에서 사전매입완료되었다고 합니다),,,2024.6.25 4:05오후,2024.7.3 2:18오후,2024.6.25,2024.7.2,,,https://airtable.com/shr5t1qyPKytJvVBY?prefill_fldziB6bVRltNvUis=,1189,,,,,,,,
SSU001190,,,판매가능,,현재 신시어리보유재고 제외 500개 추가로 7/8 입하예정입니다. (500개 신시어리 사전매입 완료건),,,2024.6.25 4:08오후,2024.7.30 2:57오후,2024.6.25,2024.7.29,,,https://airtable.com/shr5t1qyPKytJvVBY?prefill_fldziB6bVRltNvUis=,1190,,,,,,,,
SSU001191,,,판매가능,이난영,협력사 캐파 확보로 판매 재개 합니다.,,,2024.6.25 5:02오후,,2024.6.25,2026.9.3,,recInRLvQW93XcxCx,https://airtable.com/shr5t1qyPKytJvVBY?prefill_fldziB6bVRltNvUis=,1191,이난영,,,,,,,
SSU001192,,,판매가능,이난영,협력사 캐파 확보로 판매 재개 합니다.,,,2024.6.25 5:02오후,,2024.6.25,2026.9.3,,recjfVHJUQWVa6Lcq,https://airtable.com/shr5t1qyPKytJvVBY?prefill_fldziB6bVRltNvUis=,1192,이난영,,,,,,,
SSU001193,,PT3339-핸디링미니선풍기_화이트,판매가능,김민정,7/5 2100개 입고 예정으로 판매재개합니다 :),핸디링 미니 선풍기,HDRM,2024.6.27 3:33오후,2024.7.22 12:03오후,2024.6.27,2024.7.21,recqFktAwgv3tu96u,,https://airtable.com/shr5t1qyPKytJvVBY?prefill_fldziB6bVRltNvUis=recqFktAwgv3tu96u,1193,김민정,PT3339-핸디링미니선풍기_화이트,,신시어리,,,Product Parts,
SSU001194,,,일시품절,김민정,재고 소진으로 품절처리합니다. 화이트 2100개 재고 보유하고 있어 화이트로 판매 유도 부탁드립니다 :),,,2024.6.27 3:39오후,2024.7.23 4:39오후,2024.6.27,2024.7.22,,,https://airtable.com/shr5t1qyPKytJvVBY?prefill_fldziB6bVRltNvUis=,1194,김민정,,,,,,,
SSU001195,checked,PT4106-홀리데이네임택,판매가능,김민정,최초등록,홀리데이 네임택,HLDN,2024.7.2 2:32오후,,2024.7.2,2026.9.3,recuxmUaMlEBc9mzB,recuxmUaMlEBc9mzB,https://airtable.com/shr5t1qyPKytJvVBY?prefill_fldziB6bVRltNvUis=recuxmUaMlEBc9mzB,1195,김민정,PT4106-홀리데이네임택,,생산,,,Product Parts,
SSU001196,checked,,판매가능,김민정,최초등록,,,2024.7.2 2:42오후,2026.6.10 10:55오전,2024.7.2,2026.6.9,,,https://airtable.com/shr5t1qyPKytJvVBY?prefill_fldziB6bVRltNvUis=,1196,김민정,,,,,,,
SSU001197,checked,PT3981-라이트캘린더_삼각대(커스텀인쇄)_화이트+디지털풀컬러,판매가능,김민정,최초등록,라이트 캘린더,LTCL,2024.7.2 2:48오후,,2024.7.2,2026.9.3,recceFVoEyMQJg0oP,recceFVoEyMQJg0oP,https://airtable.com/shr5t1qyPKytJvVBY?prefill_fldziB6bVRltNvUis=recceFVoEyMQJg0oP,1197,김민정,PT3981-라이트캘린더_삼각대(커스텀인쇄)_화이트+디지털풀컬러,,생산,,,Product Parts,
SSU001198,checked,PT3982-라이트캘린더_표지+내지(커스텀인쇄)_화이트+디지털풀컬러,판매가능,김민정,최초등록,라이트 캘린더,LTCL,2024.7.2 2:49오후,,2024.7.2,2026.9.3,recC6emm8wYgXhEWi,recC6emm8wYgXhEWi,https://airtable.com/shr5t1qyPKytJvVBY?prefill_fldziB6bVRltNvUis=recC6emm8wYgXhEWi,1198,김민정,PT3982-라이트캘린더_표지+내지(커스텀인쇄)_화이트+디지털풀컬러,,생산,,,Product Parts,
SSU001199,,,품절예정,,"신시어리 재고 200개 확보로 판매재개 하나, 
소량이라 재고 확인 후 발주 부탁드립니다.",,,2024.7.3 2:18오후,2024.7.30 3:00오후,2024.7.3,2024.7.29,,,https://airtable.com/shr5t1qyPKytJvVBY?prefill_fldziB6bVRltNvUis=,1199,,,,,,,,
SSU001200,,,품절예정,,"협력사 재고 7/8 300개 입고될예정이나, 신시어리재고는 아니여서 협력사재고가능여부 문의후 프로젝트건 진행필요합니다.",,,2024.7.3 2:21오후,2024.7.30 3:00오후,2024.7.3,2024.7.29,,,https://airtable.com/shr5t1qyPKytJvVBY?prefill_fldziB6bVRltNvUis=,1200,,,,,,,,
SSU001201,,,일시품절,김민정,재고 소진으로 일시품절입니다. 재입고 예정일은 9월 9일입니다.,,,2024.7.15 9:56오전,2024.9.30 12:10오전,2024.7.15,2024.9.29,,,https://airtable.com/shr5t1qyPKytJvVBY?prefill_fldziB6bVRltNvUis=,1201,김민정,,,,,,,
SSU001202,,PT0833-레더스킨다이어리_블랙,일시품절,김민정,"4분기 대비 재고매입 차주에 진행 예정으로, 1차 입고일정은 다음주에 공유드리겠습니다.",레더스킨 다이어리,LSKD,2024.7.15 3:33오후,2024.8.8 5:07오후,2024.7.15,2024.8.7,recUFmvu3f10hWB6R,,https://airtable.com/shr5t1qyPKytJvVBY?prefill_fldziB6bVRltNvUis=recUFmvu3f10hWB6R,1202,김민정,PT0833-레더스킨다이어리_블랙,,신시어리,,,Product Parts,
SSU001203,,PT3325-리마커블UV칫솔살균기(C타입),판매가능,김민정,판매재개 합니다.,리마커블 칫솔살균기,RMKB,2024.7.17 9:33오전,2024.7.23 9:42오전,2024.7.17,2024.7.22,recn9UvtcMZVjwSdb,,https://airtable.com/shr5t1qyPKytJvVBY?prefill_fldziB6bVRltNvUis=recn9UvtcMZVjwSdb,1203,김민정,PT3325-리마커블UV칫솔살균기(C타입),,신시어리,,,Product Parts,
SSU001204,checked,,판매가능,김민정,최초등록,,,2024.7.22 9:01오전,2024.7.22 9:05오전,2024.7.22,2024.7.21,,,https://airtable.com/shr5t1qyPKytJvVBY?prefill_fldziB6bVRltNvUis=,1204,김민정,,,,,,,
SSU001205,checked,PT3375-시그니처다이어리_밴드_6.핑크,판매가능,김민정,최초등록,시그니처 다이어리,SGND,2024.7.22 9:01오전,,2024.7.22,2026.9.3,recrzktMB8wGnipCv,recrzktMB8wGnipCv,https://airtable.com/shr5t1qyPKytJvVBY?prefill_fldziB6bVRltNvUis=recrzktMB8wGnipCv,1205,김민정,PT3375-시그니처다이어리_밴드_6.핑크,,신시어리,,,Product Parts,
SSU001206,checked,PT3377-시그니처다이어리_밴드_20.빨강,판매가능,김민정,최초등록,시그니처 다이어리,SGND,2024.7.22 9:02오전,,2024.7.22,2026.9.3,rec38moVXQ1OY1sPI,rec38moVXQ1OY1sPI,https://airtable.com/shr5t1qyPKytJvVBY?prefill_fldziB6bVRltNvUis=rec38moVXQ1OY1sPI,1206,김민정,PT3377-시그니처다이어리_밴드_20.빨강,,신시어리,,,Product Parts,
SSU001207,checked,PT3376-시그니처다이어리_밴드_9.주황,판매가능,김민정,최초등록,시그니처 다이어리,SGND,2024.7.22 9:02오전,,2024.7.22,2026.9.3,recvopO0FMy4dnheT,recvopO0FMy4dnheT,https://airtable.com/shr5t1qyPKytJvVBY?prefill_fldziB6bVRltNvUis=recvopO0FMy4dnheT,1207,김민정,PT3376-시그니처다이어리_밴드_9.주황,,신시어리,,,Product Parts,
SSU001208,checked,PT3378-시그니처다이어리_밴드_22.보라,판매가능,김민정,최초등록,시그니처 다이어리,SGND,2024.7.22 9:04오전,,2024.7.22,2026.9.3,receDKRuGDtqlJGMA,receDKRuGDtqlJGMA,https://airtable.com/shr5t1qyPKytJvVBY?prefill_fldziB6bVRltNvUis=receDKRuGDtqlJGMA,1208,김민정,PT3378-시그니처다이어리_밴드_22.보라,,신시어리,,,Product Parts,
SSU001209,checked,PT3379-시그니처다이어리_밴드_25.파랑,판매가능,김민정,최초등록,시그니처 다이어리,SGND,2024.7.22 9:04오전,,2024.7.22,2026.9.3,recB3uANFZtPwOnCC,recB3uANFZtPwOnCC,https://airtable.com/shr5t1qyPKytJvVBY?prefill_fldziB6bVRltNvUis=recB3uANFZtPwOnCC,1209,김민정,PT3379-시그니처다이어리_밴드_25.파랑,,신시어리,,,Product Parts,
SSU001210,checked,PT3380-시그니처다이어리_밴드_26.네이비,판매가능,김민정,최초등록,시그니처 다이어리,SGND,2024.7.22 9:04오전,,2024.7.22,2026.9.3,recizIiK4O2JTuFkR,recizIiK4O2JTuFkR,https://airtable.com/shr5t1qyPKytJvVBY?prefill_fldziB6bVRltNvUis=recizIiK4O2JTuFkR,1210,김민정,PT3380-시그니처다이어리_밴드_26.네이비,,신시어리,,,Product Parts,
SSU001211,checked,PT3381-시그니처다이어리_밴드_32.하늘색,판매가능,김민정,최초등록,시그니처 다이어리,SGND,2024.7.22 9:04오전,,2024.7.22,2026.9.3,rec4JVGF6flQTA6Fb,rec4JVGF6flQTA6Fb,https://airtable.com/shr5t1qyPKytJvVBY?prefill_fldziB6bVRltNvUis=rec4JVGF6flQTA6Fb,1211,김민정,PT3381-시그니처다이어리_밴드_32.하늘색,,신시어리,,,Product Parts,
SSU001212,checked,PT3382-시그니처다이어리_밴드_34.연두,판매가능,김민정,최초등록,시그니처 다이어리,SGND,2024.7.22 9:04오전,2024.7.22 9:04오전,2024.7.22,2024.7.21,recLOlAf5MHEVyAxZ,,https://airtable.com/shr5t1qyPKytJvVBY?prefill_fldziB6bVRltNvUis=recLOlAf5MHEVyAxZ,1212,김민정,PT3382-시그니처다이어리_밴드_34.연두,,신시어리,,,Product Parts,
SSU001213,checked,PT3383-시그니처다이어리_밴드_37.초록,판매가능,김민정,최초등록,시그니처 다이어리,SGND,2024.7.22 9:04오전,,2024.7.22,2026.9.3,recsvGlyAifIKR8Wv,recsvGlyAifIKR8Wv,https://airtable.com/shr5t1qyPKytJvVBY?prefill_fldziB6bVRltNvUis=recsvGlyAifIKR8Wv,1213,김민정,PT3383-시그니처다이어리_밴드_37.초록,,신시어리,,,Product Parts,
SSU001214,checked,PT3384-시그니처다이어리_밴드_52.그레이,판매가능,김민정,최초등록,시그니처 다이어리,SGND,2024.7.22 9:04오전,,2024.7.22,2026.9.3,recJzT4nGjtF06CfS,recJzT4nGjtF06CfS,https://airtable.com/shr5t1qyPKytJvVBY?prefill_fldziB6bVRltNvUis=recJzT4nGjtF06CfS,1214,김민정,PT3384-시그니처다이어리_밴드_52.그레이,,신시어리,,,Product Parts,
SSU001215,checked,PT3385-시그니처다이어리_밴드_14.노랑,판매가능,김민정,최초등록,시그니처 다이어리,SGND,2024.7.22 9:04오전,,2024.7.22,2026.9.3,recy9vamhPzMfaRWP,recy9vamhPzMfaRWP,https://airtable.com/shr5t1qyPKytJvVBY?prefill_fldziB6bVRltNvUis=recy9vamhPzMfaRWP,1215,김민정,PT3385-시그니처다이어리_밴드_14.노랑,,신시어리,,,Product Parts,
SSU001216,checked,,판매가능,김민정,최초등록,,,2024.7.22 9:05오전,2024.7.22 9:05오전,2024.7.22,2024.7.21,,,https://airtable.com/shr5t1qyPKytJvVBY?prefill_fldziB6bVRltNvUis=,1216,김민정,,,,,,,
SSU001217,checked,,판매가능,김민정,최초등록,,,2024.7.22 9:05오전,2025.2.26 5:33오후,2024.7.22,2025.2.25,,,https://airtable.com/shr5t1qyPKytJvVBY?prefill_fldziB6bVRltNvUis=,1217,김민정,,,,,,,
SSU001218,,PT3339-핸디링미니선풍기_화이트,일시품절,김민정,재고소진,핸디링 미니 선풍기,HDRM,2024.7.22 12:03오후,2024.7.23 4:09오후,2024.7.22,2024.7.22,recqFktAwgv3tu96u,,https://airtable.com/shr5t1qyPKytJvVBY?prefill_fldziB6bVRltNvUis=recqFktAwgv3tu96u,1218,김민정,PT3339-핸디링미니선풍기_화이트,,신시어리,,,Product Parts,
SSU001219,,PT3325-리마커블UV칫솔살균기(C타입),판매가능,김민정,재고 확보,리마커블 칫솔살균기,RMKB,2024.7.23 9:42오전,2025.3.28 11:34오전,2024.7.23,2025.3.27,recn9UvtcMZVjwSdb,,https://airtable.com/shr5t1qyPKytJvVBY?prefill_fldziB6bVRltNvUis=recn9UvtcMZVjwSdb,1219,김민정,PT3325-리마커블UV칫솔살균기(C타입),,신시어리,,,Product Parts,
SSU001220,,PT3339-핸디링미니선풍기_화이트,품절예정,김민정,"400개 추가 확보하였으며, 이번 시즌 마지막 물량입니다 :)",핸디링 미니 선풍기,HDRM,2024.7.23 4:09오후,2024.8.19 9:33오전,2024.7.23,2024.8.18,recqFktAwgv3tu96u,,https://airtable.com/shr5t1qyPKytJvVBY?prefill_fldziB6bVRltNvUis=recqFktAwgv3tu96u,1220,김민정,PT3339-핸디링미니선풍기_화이트,,신시어리,,,Product Parts,
SSU001221,checked,,의도적 품절,김민정,"7/23 기준 구매가능하나, 피크시즌 종료로 판단되어, 의도적 품절 처리",,,2024.7.23 4:39오후,2025.4.2 1:58오후,2024.7.23,2025.4.1,,,https://airtable.com/shr5t1qyPKytJvVBY?prefill_fldziB6bVRltNvUis=,1221,김민정,,,,,,,
SSU001222,,PT3353-메시지캐리어파우치_매트블랙,품절예정,김민정,"협력사 재고 7월 24일 기준 1,000개 있습니다. 300개 이상 발주 건은 건별 재고 확인 부탁드립니다.
협력사 재입고 예정일 8.23",메시지 캐리어 파우치,MSGC,2024.7.24 3:32오후,2024.8.13 11:40오전,2024.7.24,2024.8.12,recaSvDfs8zsNZ3Fz,,https://airtable.com/shr5t1qyPKytJvVBY?prefill_fldziB6bVRltNvUis=recaSvDfs8zsNZ3Fz,1222,김민정,PT3353-메시지캐리어파우치_매트블랙,,신시어리,,,Product Parts,
SSU001223,,PT2969-메시지캐리어파우치_실버,품절예정,김민정,"협력사 보유 재고 500개 입니다. 발주 전 건별 재고 확인 부탁드립니다.
협력사 재입고일 8/23",메시지 캐리어 파우치,MSGC,2024.7.24 3:33오후,2024.9.10 12:10오후,2024.7.24,2024.9.9,recWZPxXHsjnxuXpC,,https://airtable.com/shr5t1qyPKytJvVBY?prefill_fldziB6bVRltNvUis=recWZPxXHsjnxuXpC,1223,김민정,PT2969-메시지캐리어파우치_실버,,신시어리,,,Product Parts,
SSU001224,,,일시품절,,"올데이텀블러_화이트 신시어리 보관재고 전부 소진되었습니다. 다음 재입고일정 미정입니다. 

●PNA27095-브룩허스트거라지 100개
●유림님 진행건 200개",,,2024.7.30 2:57오후,2024.9.5 12:25오후,2024.7.30,2024.9.4,,,https://airtable.com/shr5t1qyPKytJvVBY?prefill_fldziB6bVRltNvUis=,1224,,,,,,,,
SSU001225,,,일시품절,,현재 협력사 올데이텀블러_블랙 210개 선매입진행했던 재고 도장이 조금 다르게 입하되어 전량 협력사공장측에서 기물 교체예정입니다. 교체일정 미정으로 공유받으면 전달드리겠습니다. 일시품절 부탁드립니다.,,,2024.7.30 3:00오후,2024.9.5 12:23오후,2024.7.30,2024.9.4,,,https://airtable.com/shr5t1qyPKytJvVBY?prefill_fldziB6bVRltNvUis=,1225,,,,,,,,
SSU001226,,,일시품절,안다정,올데이텀블러_그린 재고 소진되었습니다. 일시품절로 재입고일정 미정입니다.,,,2024.7.30 3:00오후,2025.1.20 11:56오전,2024.7.30,2025.1.19,,,https://airtable.com/shr5t1qyPKytJvVBY?prefill_fldziB6bVRltNvUis=,1226,안다정,,,,,,,
SSU001227,,PT2474-스펙트럼컬러펜(블랙잉크)_리인벤트에디션,판매가능,김민지,협력사 재입고 완료,스펙트럼 컬러펜,SPCP,2024.7.30 3:58오후,2025.2.24 12:24오후,2024.7.30,2025.2.23,recmfZV1wU0BPuItU,,https://airtable.com/shr5t1qyPKytJvVBY?prefill_fldziB6bVRltNvUis=recmfZV1wU0BPuItU,1227,김민지,PT2474-스펙트럼컬러펜(블랙잉크)_리인벤트에디션,,협력사,,,Product Parts,
SSU001228,checked,PT4010-스테들러세트(형광펜세트),판매가능,김민정,최초등록,심볼릭 샤프 & 형광펜 세트 | 스테들러,STDL,2024.7.31 11:59오전,,2024.7.31,2026.9.3,rec0l9cMQBJxm1IEz,rec0l9cMQBJxm1IEz,https://airtable.com/shr5t1qyPKytJvVBY?prefill_fldziB6bVRltNvUis=rec0l9cMQBJxm1IEz,1228,김민정,PT4010-스테들러세트(형광펜세트),,협력사,,,Product Parts,
SSU001229,checked,PT4171-스테들러세트(화인라이너세트),판매가능,김민정,최초등록,심볼릭 샤프 & 형광펜 세트 | 스테들러,STDL,2024.7.31 11:59오전,,2024.7.31,2026.9.3,recvdhS2CydlodSel,recvdhS2CydlodSel,https://airtable.com/shr5t1qyPKytJvVBY?prefill_fldziB6bVRltNvUis=recvdhS2CydlodSel,1229,김민정,PT4171-스테들러세트(화인라이너세트),,협력사,,,Product Parts,
SSU001230,checked,PT4170-스테들러세트(모바일오피스세트),판매가능,김민정,최초등록,심볼릭 샤프 & 형광펜 세트 | 스테들러,STDL,2024.7.31 11:59오전,,2024.7.31,2026.9.3,rectlfD8QqE4PoqfW,rectlfD8QqE4PoqfW,https://airtable.com/shr5t1qyPKytJvVBY?prefill_fldziB6bVRltNvUis=rectlfD8QqE4PoqfW,1230,김민정,PT4170-스테들러세트(모바일오피스세트),,협력사,,,Product Parts,
SSU001231,checked,,판매가능,김민정,최초등록,,,2024.7.31 12:00오후,2024.8.6 6:13오후,2024.7.31,2024.8.5,,,https://airtable.com/shr5t1qyPKytJvVBY?prefill_fldziB6bVRltNvUis=,1231,김민정,,,,,,,
SSU001232,checked,,판매가능,김민정,최초등록,,,2024.7.31 12:01오후,,2024.7.31,2026.9.3,,recgv1dM2BexHUCrY,https://airtable.com/shr5t1qyPKytJvVBY?prefill_fldziB6bVRltNvUis=,1232,김민정,,,,,,,
SSU001233,checked,PT4250-브랜드핏쇼핑백(XS)_화이트+디지털풀컬러,판매가능,김민정,최초등록,BrandFit 커스텀 쇼핑백,BFSB,2024.8.1 4:40오후,,2024.8.1,2026.9.3,recvgk8PSJO9M9YRX,recvgk8PSJO9M9YRX,https://airtable.com/shr5t1qyPKytJvVBY?prefill_fldziB6bVRltNvUis=recvgk8PSJO9M9YRX,1233,김민정,PT4250-브랜드핏쇼핑백(XS)_화이트+디지털풀컬러,,생산,,,Product Parts,
SSU001234,checked,PT4252-브랜드핏쇼핑백(S)_화이트+디지털풀컬러,판매가능,김민정,최초등록,BrandFit 커스텀 쇼핑백,BFSB,2024.8.1 4:40오후,,2024.8.1,2026.9.3,recP0MvqO8hnTFJME,recP0MvqO8hnTFJME,https://airtable.com/shr5t1qyPKytJvVBY?prefill_fldziB6bVRltNvUis=recP0MvqO8hnTFJME,1234,김민정,PT4252-브랜드핏쇼핑백(S)_화이트+디지털풀컬러,,생산,,,Product Parts,
SSU001235,checked,PT4253-브랜드핏쇼핑백(M)_화이트+디지털풀컬러,판매가능,김민정,최초등록,BrandFit 커스텀 쇼핑백,BFSB,2024.8.1 4:40오후,,2024.8.1,2026.9.3,reciann6hUoiVhJVz,reciann6hUoiVhJVz,https://airtable.com/shr5t1qyPKytJvVBY?prefill_fldziB6bVRltNvUis=reciann6hUoiVhJVz,1235,김민정,PT4253-브랜드핏쇼핑백(M)_화이트+디지털풀컬러,,생산,,,Product Parts,
SSU001236,checked,PT4254-브랜드핏쇼핑백(L)_화이트+디지털풀컬러,판매가능,김민정,최초등록,BrandFit 커스텀 쇼핑백,BFSB,2024.8.1 4:40오후,,2024.8.1,2026.9.3,rec7mM4tUswrxT5Go,rec7mM4tUswrxT5Go,https://airtable.com/shr5t1qyPKytJvVBY?prefill_fldziB6bVRltNvUis=rec7mM4tUswrxT5Go,1236,김민정,PT4254-브랜드핏쇼핑백(L)_화이트+디지털풀컬러,,생산,,,Product Parts,
SSU001237,checked,PT4255-브랜드핏쇼핑백(XL)_화이트+디지털풀컬러,판매가능,김민정,최초등록,BrandFit 커스텀 쇼핑백,BFSB,2024.8.1 4:40오후,,2024.8.1,2026.9.3,recMJ9nXNz6lZJ3HI,recMJ9nXNz6lZJ3HI,https://airtable.com/shr5t1qyPKytJvVBY?prefill_fldziB6bVRltNvUis=recMJ9nXNz6lZJ3HI,1237,김민정,PT4255-브랜드핏쇼핑백(XL)_화이트+디지털풀컬러,,생산,,,Product Parts,
SSU001238,checked,PT4257-브랜드핏쇼핑백손잡이_화이트,판매가능,김민정,최초등록,BrandFit 커스텀 쇼핑백,BFSB,2024.8.1 4:40오후,,2024.8.1,2026.9.3,recuFXsnuoK7O15GI,recuFXsnuoK7O15GI,https://airtable.com/shr5t1qyPKytJvVBY?prefill_fldziB6bVRltNvUis=recuFXsnuoK7O15GI,1238,김민정,PT4257-브랜드핏쇼핑백손잡이_화이트,,생산,,,Product Parts,
SSU001239,checked,PT4258-브랜드핏쇼핑백손잡이_블랙,판매가능,김민정,최초등록,BrandFit 커스텀 쇼핑백,BFSB,2024.8.1 4:40오후,2024.8.1 4:40오후,2024.8.1,2024.7.31,recPJys32MATQ45Cm,,https://airtable.com/shr5t1qyPKytJvVBY?prefill_fldziB6bVRltNvUis=recPJys32MATQ45Cm,1239,김민정,PT4258-브랜드핏쇼핑백손잡이_블랙,,생산,,,Product Parts,
SSU001240,,,일시품절,김민정,협력사 재고 이슈로 일시품절 처리합니다.,,,2024.8.6 6:13오후,2024.8.26 10:08오전,2024.8.6,2024.8.25,,,https://airtable.com/shr5t1qyPKytJvVBY?prefill_fldziB6bVRltNvUis=,1240,김민정,,,,,,,
SSU001241,,PT2228-브랜디드노트북백_블랙,품절예정,김민정,"100개 가능하며, 재입고일은 9월 추석이후입니다.",브랜디드 노트북백,BRDD,2024.8.8 5:07오후,2024.9.23 9:19오전,2024.8.8,2024.9.22,recHi0kLkGW3jImGB,,https://airtable.com/shr5t1qyPKytJvVBY?prefill_fldziB6bVRltNvUis=recHi0kLkGW3jImGB,1241,김민정,PT2228-브랜디드노트북백_블랙,,신시어리,,,Product Parts,
SSU001242,,PT0833-레더스킨다이어리_블랙,판매가능,김민정,판매 재개 합니다.,레더스킨 다이어리,LSKD,2024.8.8 5:07오후,2025.1.8 11:55오전,2024.8.8,2025.1.7,recUFmvu3f10hWB6R,,https://airtable.com/shr5t1qyPKytJvVBY?prefill_fldziB6bVRltNvUis=recUFmvu3f10hWB6R,1242,김민정,PT0833-레더스킨다이어리_블랙,,신시어리,,,Product Parts,
SSU001243,checked,,일시품절,김민정,협력사 재고 소진 및 시즌 종료로 추가 제작 X,,,2024.8.12 12:29오후,2024.8.26 10:07오전,2024.8.12,2024.8.25,,,https://airtable.com/shr5t1qyPKytJvVBY?prefill_fldziB6bVRltNvUis=,1243,김민정,,,,,,,
SSU001244,,,의도적 품절,김민정,"- 생산 moq가 1500개에서 3000개로 상승됨.
- 최근 1년간 판매량이 0, 유효문의(견적서 작성) 4건으로
의도적 품절 진행합니다.",,,2024.8.12 2:12오후,,2024.8.12,2026.9.3,,recZq5SDgSBnMCHQ8,https://airtable.com/shr5t1qyPKytJvVBY?prefill_fldziB6bVRltNvUis=,1244,김민정,,,,,,,
SSU001245,,PT3353-메시지캐리어파우치_매트블랙,일시품절,정승윤,잔여재고 약 100개 / 9월 초 재입고 예정,메시지 캐리어 파우치,MSGC,2024.8.13 11:40오전,2024.9.10 11:19오전,2024.8.13,2024.9.9,recaSvDfs8zsNZ3Fz,,https://airtable.com/shr5t1qyPKytJvVBY?prefill_fldziB6bVRltNvUis=recaSvDfs8zsNZ3Fz,1245,정승윤,PT3353-메시지캐리어파우치_매트블랙,,신시어리,,,Product Parts,
SSU001246,,PT3331-테크미니파우치,일시품절,김민정,재고 소진. 재입고일 확인 중입니다. 분할 납품 예정으로 1차 물량 입고일정 정해지면 다시 공유드리겠습니다.,테크 미니 파우치,TCMP,2024.8.14 2:41오후,2024.9.4 9:43오전,2024.8.14,2024.9.3,recyKvheOWvhN7KBa,,https://airtable.com/shr5t1qyPKytJvVBY?prefill_fldziB6bVRltNvUis=recyKvheOWvhN7KBa,1246,김민정,PT3331-테크미니파우치,,신시어리,,,Product Parts,
SSU001247,,PT3339-핸디링미니선풍기_화이트,의도적 품절,김민정,"올해 매입한 재고 모두 소진하였고, 피크시즌이 지나서 의도적 품절처리 합니다. 
내년에 만나요",핸디링 미니 선풍기,HDRM,2024.8.19 9:33오전,2025.4.2 1:58오후,2024.8.19,2025.4.1,recqFktAwgv3tu96u,,https://airtable.com/shr5t1qyPKytJvVBY?prefill_fldziB6bVRltNvUis=recqFktAwgv3tu96u,1247,김민정,PT3339-핸디링미니선풍기_화이트,,신시어리,,,Product Parts,
SSU001248,,PT2970-메시지캐리어파우치_메탈그레이,일시품절,김민정,재고 소진으로 일시품절입니다.,메시지 캐리어 파우치,MSGC,2024.8.22 8:59오전,2024.9.26 11:49오전,2024.8.22,2024.9.25,recT95r7975gjV8H4,,https://airtable.com/shr5t1qyPKytJvVBY?prefill_fldziB6bVRltNvUis=recT95r7975gjV8H4,1248,김민정,PT2970-메시지캐리어파우치_메탈그레이,,신시어리,,,Product Parts,
SSU001249,,,일시품절,,협력사에서 대량주문건으로 재고가 다 빠져서 245개만 가능하다고 합니다. 추후 입고 9/4경으로 확인받아 일시품절 변경합니다.,,,2024.8.22 2:39오후,2024.9.3 2:56오후,2024.8.22,2024.9.2,,,https://airtable.com/shr5t1qyPKytJvVBY?prefill_fldziB6bVRltNvUis=,1249,,,,,,,,
SSU001250,,,품절예정,김민지,협력사 현재 재고 300개로 곧 품정예정으로 응대시 문의 주시면 감사하겠습니다.,,,2024.8.23 9:23오전,2025.2.11 2:05오후,2024.8.23,2025.2.10,,,https://airtable.com/shr5t1qyPKytJvVBY?prefill_fldziB6bVRltNvUis=,1250,김민지,,,,,,,
SSU001251,,,품절예정,김민지,협력사 현재 재고 500개로 곧 품정예정으로 응대시 문의 주시면 감사하겠습니다.,,,2024.8.23 9:24오전,2025.2.11 2:05오후,2024.8.23,2025.2.10,,,https://airtable.com/shr5t1qyPKytJvVBY?prefill_fldziB6bVRltNvUis=,1251,김민지,,,,,,,
SSU001252,checked,,의도적 품절,김민정,시즌 off 로 의도적 품절 처리,,,2024.8.26 10:07오전,2025.4.29 3:34오후,2024.8.26,2025.4.28,,,https://airtable.com/shr5t1qyPKytJvVBY?prefill_fldziB6bVRltNvUis=,1252,김민정,,,,,,,
SSU001253,checked,,제품 철수(졸업),김민정,협력사 단종,,,2024.8.26 10:07오전,2024.9.11 11:37오전,2024.8.26,2024.9.10,,,https://airtable.com/shr5t1qyPKytJvVBY?prefill_fldziB6bVRltNvUis=,1253,김민정,,,,,,,
SSU001254,checked,,제품 철수(졸업),김민정,퀄리티이슈로 졸업처리 (대체협력사 기물로 변경),,,2024.8.26 10:08오전,,2024.8.26,2026.9.3,,recooyw4BIxZS6Kwt,https://airtable.com/shr5t1qyPKytJvVBY?prefill_fldziB6bVRltNvUis=,1254,김민정,,,,,,,
SSU001255,,,일시품절,김민정,재고소진,,,2024.8.27 10:18오전,2024.10.7 10:34오전,2024.8.27,2024.10.6,,,https://airtable.com/shr5t1qyPKytJvVBY?prefill_fldziB6bVRltNvUis=,1255,김민정,,,,,,,
SSU001256,,PT0818-라운드밤부칫솔(성인용)_화이트,일시품절,,밤부칫솔 화이트 품절되었습니다. 재입고예정일은 9월 추석직전입니다.,라운드 밤부 칫솔,RBTB,2024.8.28 2:44오후,2024.9.11 9:51오전,2024.8.28,2024.9.10,recXf46cmRjx3R0u1,,https://airtable.com/shr5t1qyPKytJvVBY?prefill_fldziB6bVRltNvUis=recXf46cmRjx3R0u1,1256,,PT0818-라운드밤부칫솔(성인용)_화이트,,협력사,,,Product Parts,
SSU001257,,PT4093-프라임폴더블멀티충전기_다크그레이,일시품절,정승윤,"현 재고 120
9/30 경 국내 추가 입고예정",프라임 폴더블 멀티충전기,PRMF,2024.8.30 1:58오후,2024.9.20 9:25오전,2024.8.30,2024.9.19,rec1oBK4OgXwxoY4F,,https://airtable.com/shr5t1qyPKytJvVBY?prefill_fldziB6bVRltNvUis=rec1oBK4OgXwxoY4F,1257,정승윤,PT4093-프라임폴더블멀티충전기_다크그레이,,신시어리,,,Product Parts,
SSU001258,,PT0733-노트북스탠드패드_패드_다크그레이,품절예정,김민정,"200개 가량 재고 남아있습니다. 재고 확인 후 발주 부탁드립니다.
재입고 예정일은 9월 말입니다. ",노트북 스탠드패드,NSTP,2024.8.30 3:53오후,2025.5.8 11:32오전,2024.8.30,2025.5.7,recZIByBQzefhMHlb,,https://airtable.com/shr5t1qyPKytJvVBY?prefill_fldziB6bVRltNvUis=recZIByBQzefhMHlb,1258,김민정,PT0733-노트북스탠드패드_패드_다크그레이,,신시어리,,,Product Parts,
SSU001259,,,판매가능,,9/4 협력사 재고 입고예정으로 품절해제,,,2024.9.3 2:56오후,2024.9.26 3:14오후,2024.9.3,2024.9.25,,,https://airtable.com/shr5t1qyPKytJvVBY?prefill_fldziB6bVRltNvUis=,1259,,,,,,,,
SSU001260,checked,PT4346-에센셜장우산(세트_본품및우산집),판매가능,김민정,최초등록,에센셜 장우산,GENH,2024.9.4 9:16오전,,2024.9.4,2026.9.3,recMsTiZiNRdbugZN,recMsTiZiNRdbugZN,https://airtable.com/shr5t1qyPKytJvVBY?prefill_fldziB6bVRltNvUis=recMsTiZiNRdbugZN,1260,김민정,PT4346-에센셜장우산(세트_본품및우산집),,협력사,,,Product Parts,
SSU001261,checked,PT4312-사각스티커(커스텀인쇄)_화이트+디지털풀컬러,판매가능,김민정,최초등록,그래픽배너 대용량 보조배터리,GBBT,2024.9.4 9:20오전,,2024.9.4,2026.9.3,recm6pNClIB5mlXEt,recm6pNClIB5mlXEt,https://airtable.com/shr5t1qyPKytJvVBY?prefill_fldziB6bVRltNvUis=recm6pNClIB5mlXEt,1261,김민정,PT4312-사각스티커(커스텀인쇄)_화이트+디지털풀컬러,,생산,,,Package Parts,
SSU001262,checked,PT4313-사각스티커(커스텀인쇄)(판매용)_화이트+디지털풀컬러,판매가능,김민정,최초등록,그래픽배너 대용량 보조배터리,GBBT,2024.9.4 9:20오전,,2024.9.4,2026.9.3,recAmifOaVhoQjEkN,recAmifOaVhoQjEkN,https://airtable.com/shr5t1qyPKytJvVBY?prefill_fldziB6bVRltNvUis=recAmifOaVhoQjEkN,1262,김민정,PT4313-사각스티커(커스텀인쇄)(판매용)_화이트+디지털풀컬러,,생산,,,Package Parts,
SSU001263,checked,PT3348-단품박스(스탠다드)_화이트,판매가능,김민정,최초등록,"리멤버 탁상시계, 그래픽배너 대용량 보조배터리, 디테일 드라이버 키트","RMBT, GBBT, DTDK",2024.9.4 9:20오전,,2024.9.4,2026.9.3,recIveTmMec2K8cqQ,recIveTmMec2K8cqQ,https://airtable.com/shr5t1qyPKytJvVBY?prefill_fldziB6bVRltNvUis=recIveTmMec2K8cqQ,1263,김민정,PT3348-단품박스(스탠다드)_화이트,,신시어리,,,Package Parts,
SSU001264,checked,PT4307-그래픽배너대용량보조배터리_블랙,판매가능,김민정,최초등록,그래픽배너 대용량 보조배터리,GBBT,2024.9.4 9:20오전,2025.8.28 9:25오전,2024.9.4,2025.8.27,recD81hCtRgPAMrFB,,https://airtable.com/shr5t1qyPKytJvVBY?prefill_fldziB6bVRltNvUis=recD81hCtRgPAMrFB,1264,김민정,PT4307-그래픽배너대용량보조배터리_블랙,,협력사,,,Product Parts,
SSU001265,checked,PT4308-그래픽배너대용량보조배터리_화이트,판매가능,김민정,최초등록,그래픽배너 대용량 보조배터리,GBBT,2024.9.4 9:21오전,,2024.9.4,2026.9.3,recJDMwK3UEUlczyU,recJDMwK3UEUlczyU,https://airtable.com/shr5t1qyPKytJvVBY?prefill_fldziB6bVRltNvUis=recJDMwK3UEUlczyU,1265,김민정,PT4308-그래픽배너대용량보조배터리_화이트,,협력사,,,Product Parts,
SSU001266,,PT3331-테크미니파우치,품절예정,김민정,"테크미니파우치 일부 수량이 계획보다 일찍 입고되어, 판매재개합니다.
800개 정도만 입고되어, 품절예정으로 판매재개입니다. 
재고 확인 후 발주 부탁드립니다.",테크 미니 파우치,TCMP,2024.9.4 9:43오전,2024.9.20 9:26오전,2024.9.4,2024.9.19,recyKvheOWvhN7KBa,,https://airtable.com/shr5t1qyPKytJvVBY?prefill_fldziB6bVRltNvUis=recyKvheOWvhN7KBa,1266,김민정,PT3331-테크미니파우치,,신시어리,,,Product Parts,
SSU001267,,,판매가능,김민정,재고입고로 품절예정에서 판매가능으로 변경합니다. :),,,2024.9.5 9:43오전,2025.3.26 10:47오전,2024.9.5,2025.3.25,,,https://airtable.com/shr5t1qyPKytJvVBY?prefill_fldziB6bVRltNvUis=,1267,김민정,,,,,,,
SSU001268,,,의도적 품절,,올데이텀블러_블랙 210개 차주 9/10 협력사 입고예정입니다. 이외 입고분중 판매가능수량 있을지 협력사에서 확인중이시며 차주경 공유주시기로하였습니다. 210개 확정분 수량이 적어 의도적 품절로 status 설정합니다.,,,2024.9.5 12:23오후,2025.3.28 3:30오후,2024.9.5,2025.3.27,,,https://airtable.com/shr5t1qyPKytJvVBY?prefill_fldziB6bVRltNvUis=,1268,,,,,,,,
SSU001269,,,판매가능,,올데이텀블러 2천개 신시어리재고매입분 9/10 협력사 입고예정입니다.,,,2024.9.5 12:25오후,2024.12.10 10:18오전,2024.9.5,2024.12.9,,,https://airtable.com/shr5t1qyPKytJvVBY?prefill_fldziB6bVRltNvUis=,1269,,,,,,,,
SSU001270,,PT0563-코튼스트링파우치(커스텀인쇄)(XL)_광목_200-2,일시품절,김민정,재입고예정일은 9/26입니다,Raw 코튼 파우치,RCPC,2024.9.9 9:31오전,2024.9.23 9:22오전,2024.9.9,2024.9.22,recPMfp30xe6UX34Q,,https://airtable.com/shr5t1qyPKytJvVBY?prefill_fldziB6bVRltNvUis=recPMfp30xe6UX34Q,1270,김민정,PT0563-코튼스트링파우치(커스텀인쇄)(XL)_광목_200-2,,신시어리,,,Package Parts,
SSU001271,,PT3353-메시지캐리어파우치_매트블랙,판매가능,김민정,재고확보로 판매재개합니다.,메시지 캐리어 파우치,MSGC,2024.9.10 11:19오전,2024.9.10 12:09오후,2024.9.10,2024.9.9,recaSvDfs8zsNZ3Fz,,https://airtable.com/shr5t1qyPKytJvVBY?prefill_fldziB6bVRltNvUis=recaSvDfs8zsNZ3Fz,1271,김민정,PT3353-메시지캐리어파우치_매트블랙,,신시어리,,,Product Parts,
SSU001272,,PT3353-메시지캐리어파우치_매트블랙,일시품절,김민정,"재고가 한정적이고, 예정인 프로젝트들이 있어 
일정 및 수량 확인 후 다시 판매재개 하겠습니다.",메시지 캐리어 파우치,MSGC,2024.9.10 12:09오후,2024.10.22 2:57오후,2024.9.10,2024.10.21,recaSvDfs8zsNZ3Fz,,https://airtable.com/shr5t1qyPKytJvVBY?prefill_fldziB6bVRltNvUis=recaSvDfs8zsNZ3Fz,1272,김민정,PT3353-메시지캐리어파우치_매트블랙,,신시어리,,,Product Parts,
SSU001273,,PT2969-메시지캐리어파우치_실버,일시품절,김민정,"재고가 한정적이고, 예정인 프로젝트들이 있어 
일정 및 수량 확인 후 다시 판매재개 하겠습니다.",메시지 캐리어 파우치,MSGC,2024.9.10 12:10오후,2024.9.26 11:49오전,2024.9.10,2024.9.25,recWZPxXHsjnxuXpC,,https://airtable.com/shr5t1qyPKytJvVBY?prefill_fldziB6bVRltNvUis=recWZPxXHsjnxuXpC,1273,김민정,PT2969-메시지캐리어파우치_실버,,신시어리,,,Product Parts,
SSU001274,checked,PT4365-풀커버스티치노트(청산인쇄)(커버)_화이트+옵셋풀컬러,판매가능,김민정,최초등록,풀커버 스티치 노트,FCSN,2024.9.11 8:58오전,,2024.9.11,2026.9.3,recrOLEsLvvz97sHe,recrOLEsLvvz97sHe,https://airtable.com/shr5t1qyPKytJvVBY?prefill_fldziB6bVRltNvUis=recrOLEsLvvz97sHe,1274,김민정,PT4365-풀커버스티치노트(청산인쇄)(커버)_화이트+옵셋풀컬러,,생산,,,Product Parts,
SSU001275,checked,PT4367-풀커버스티치노트(청산인쇄)(내지)_무지,판매가능,김민정,최초등록,풀커버 스티치 노트,FCSN,2024.9.11 8:59오전,,2024.9.11,2026.9.3,recnF8r1WZMr7VThw,recnF8r1WZMr7VThw,https://airtable.com/shr5t1qyPKytJvVBY?prefill_fldziB6bVRltNvUis=recnF8r1WZMr7VThw,1275,김민정,PT4367-풀커버스티치노트(청산인쇄)(내지)_무지,,생산,,,Product Parts,
SSU001276,checked,PT4368-풀커버스티치노트(청산인쇄)(내지)_커스텀(1장블랙),판매가능,김민정,최초등록,풀커버 스티치 노트,FCSN,2024.9.11 8:59오전,,2024.9.11,2026.9.3,recVU2IkFBi5WmzMO,recVU2IkFBi5WmzMO,https://airtable.com/shr5t1qyPKytJvVBY?prefill_fldziB6bVRltNvUis=recVU2IkFBi5WmzMO,1276,김민정,PT4368-풀커버스티치노트(청산인쇄)(내지)_커스텀(1장블랙),,생산,,,Product Parts,
SSU001277,checked,PT4369-풀커버스티치노트(청산인쇄)(내지)_커스텀(전체블랙),판매가능,김민정,최초등록,풀커버 스티치 노트,FCSN,2024.9.11 8:59오전,,2024.9.11,2026.9.3,recUYL92rRwIrHIp5,recUYL92rRwIrHIp5,https://airtable.com/shr5t1qyPKytJvVBY?prefill_fldziB6bVRltNvUis=recUYL92rRwIrHIp5,1277,김민정,PT4369-풀커버스티치노트(청산인쇄)(내지)_커스텀(전체블랙),,생산,,,Product Parts,
SSU001278,checked,PT4370-풀커버스티치노트(청산인쇄)(스티치)_6컬러택1,판매가능,김민정,최초등록,풀커버 스티치 노트,FCSN,2024.9.11 9:00오전,,2024.9.11,2026.9.3,recjRjqIYCJEhhYCK,recjRjqIYCJEhhYCK,https://airtable.com/shr5t1qyPKytJvVBY?prefill_fldziB6bVRltNvUis=recjRjqIYCJEhhYCK,1278,김민정,PT4370-풀커버스티치노트(청산인쇄)(스티치)_6컬러택1,,생산,,,Product Parts,
SSU001279,,PT0818-라운드밤부칫솔(성인용)_화이트,일시품절,,라운드밤부칫솔 화이트 현재 중국입고일정이 더 미뤄져 9월 말일정도 예상입니다. 추가 내용공유받으면 전달드리겠습니다. 일시품절유지합니다.,라운드 밤부 칫솔,RBTB,2024.9.11 9:51오전,2024.9.25 10:01오전,2024.9.11,2024.9.24,recXf46cmRjx3R0u1,,https://airtable.com/shr5t1qyPKytJvVBY?prefill_fldziB6bVRltNvUis=recXf46cmRjx3R0u1,1279,,PT0818-라운드밤부칫솔(성인용)_화이트,,협력사,,,Product Parts,
SSU001280,,,제품 철수(졸업),김민지,협력사 리뉴얼예정,,,2024.9.11 11:37오전,,2024.9.11,2026.9.3,,rec1eZtfC9vU2qwwP,https://airtable.com/shr5t1qyPKytJvVBY?prefill_fldziB6bVRltNvUis=,1280,김민지,,,,,,,
SSU001281,,,제품 철수(졸업),김민지,협력사 리뉴얼예정,,,2024.9.11 11:37오전,,2024.9.11,2026.9.3,,recZlDIeTO2xYk00Y,https://airtable.com/shr5t1qyPKytJvVBY?prefill_fldziB6bVRltNvUis=,1281,김민지,,,,,,,
SSU001282,,,제품 철수(졸업),김민지,협력사 리뉴얼예정,,,2024.9.11 11:37오전,,2024.9.11,2026.9.3,,reczy5reduibPaFul,https://airtable.com/shr5t1qyPKytJvVBY?prefill_fldziB6bVRltNvUis=,1282,김민지,,,,,,,
SSU001283,,PT3205-바이브캠핑쿨러,의도적 품절,김민지,시즌오프로 재고매입에 어려움이 있어 의도적 품절처리 하였습니다.,바이브 캠핑쿨러,VBCC,2024.9.11 11:39오전,2025.5.28 11:34오전,2024.9.11,2025.5.27,recQjoW8ycc70aNm3,,https://airtable.com/shr5t1qyPKytJvVBY?prefill_fldziB6bVRltNvUis=recQjoW8ycc70aNm3,1283,김민지,PT3205-바이브캠핑쿨러,,신시어리,,,Product Parts,
SSU001284,,PT4093-프라임폴더블멀티충전기_다크그레이,판매가능,김민정,차주 입고 예정으로 판매재개 합니다.,프라임 폴더블 멀티충전기,PRMF,2024.9.20 9:25오전,2025.2.4 4:21오후,2024.9.20,2025.2.3,rec1oBK4OgXwxoY4F,,https://airtable.com/shr5t1qyPKytJvVBY?prefill_fldziB6bVRltNvUis=rec1oBK4OgXwxoY4F,1284,김민정,PT4093-프라임폴더블멀티충전기_다크그레이,,신시어리,,,Product Parts,
SSU001285,,PT3331-테크미니파우치,판매가능,김민정,9/25 입고 예정으로 품절예정에서 판매가능으로 변경합니다 :),테크 미니 파우치,TCMP,2024.9.20 9:26오전,2025.8.27 10:55오전,2024.9.20,2025.8.26,recyKvheOWvhN7KBa,,https://airtable.com/shr5t1qyPKytJvVBY?prefill_fldziB6bVRltNvUis=recyKvheOWvhN7KBa,1285,김민정,PT3331-테크미니파우치,,신시어리,,,Product Parts,
SSU001286,checked,,판매가능,김민정,최초등록,,,2024.9.20 9:33오전,2024.9.20 9:34오전,2024.9.20,2024.9.19,,,https://airtable.com/shr5t1qyPKytJvVBY?prefill_fldziB6bVRltNvUis=,1286,김민정,,,,,,,
SSU001287,checked,,제품 철수(졸업),김민정,"공정상의 개선필요사항 발견
(현재 재개시점은 컨펌이 어렵습니다) 9/19",,,2024.9.20 9:34오전,,2024.9.20,2026.9.3,,recWveCV8FKaBT8YJ,https://airtable.com/shr5t1qyPKytJvVBY?prefill_fldziB6bVRltNvUis=,1287,김민정,,,,,,,
SSU001288,checked,PT3391-페이퍼G형박스(Small)_블랙,판매가능,김민정,최초등록,Motion 스탠다드 박스,MBST,2024.9.20 9:36오전,,2024.9.20,2026.9.3,recV7aH6yJKSQSdj2,recV7aH6yJKSQSdj2,https://airtable.com/shr5t1qyPKytJvVBY?prefill_fldziB6bVRltNvUis=recV7aH6yJKSQSdj2,1288,김민정,PT3391-페이퍼G형박스(Small)_블랙,,신시어리,,,Package Parts,
SSU001289,checked,PT3392-페이퍼G형박스(Tower)_블랙,판매가능,김민정,최초등록,Motion 스탠다드 박스,MBST,2024.9.20 9:36오전,,2024.9.20,2026.9.3,recnMkooYZlEnAblx,recnMkooYZlEnAblx,https://airtable.com/shr5t1qyPKytJvVBY?prefill_fldziB6bVRltNvUis=recnMkooYZlEnAblx,1289,김민정,PT3392-페이퍼G형박스(Tower)_블랙,,신시어리,,,Package Parts,
SSU001290,checked,PT3393-페이퍼G형박스(Wide)_블랙,판매가능,김민정,최초등록,Motion 스탠다드 박스,MBST,2024.9.20 9:37오전,,2024.9.20,2026.9.3,rec9tekAKWX7tkEFC,rec9tekAKWX7tkEFC,https://airtable.com/shr5t1qyPKytJvVBY?prefill_fldziB6bVRltNvUis=rec9tekAKWX7tkEFC,1290,김민정,PT3393-페이퍼G형박스(Wide)_블랙,,신시어리,,,Package Parts,
SSU001291,checked,PT3394-슬리브(전용)(Small)_투명+블랙인쇄,판매가능,김민정,최초등록,"Motion 스탠다드 박스, Motion 커스텀 박스","MBST, MBCT",2024.9.20 9:37오전,,2024.9.20,2026.9.3,recMrPzdlAaineIfV,recMrPzdlAaineIfV,https://airtable.com/shr5t1qyPKytJvVBY?prefill_fldziB6bVRltNvUis=recMrPzdlAaineIfV,1291,김민정,PT3394-슬리브(전용)(Small)_투명+블랙인쇄,,신시어리,,,Package Parts,
SSU001292,checked,PT3395-슬리브(전용)(Tower)_투명+블랙인쇄,판매가능,김민정,최초등록,"Motion 스탠다드 박스, Motion 커스텀 박스","MBST, MBCT",2024.9.20 9:37오전,,2024.9.20,2026.9.3,recRG6iHKVV5WhqSO,recRG6iHKVV5WhqSO,https://airtable.com/shr5t1qyPKytJvVBY?prefill_fldziB6bVRltNvUis=recRG6iHKVV5WhqSO,1292,김민정,PT3395-슬리브(전용)(Tower)_투명+블랙인쇄,,신시어리,,,Package Parts,
SSU001293,checked,PT3396-슬리브(전용)(Wide)_투명+블랙인쇄,판매가능,김민정,최초등록,"Motion 스탠다드 박스, Motion 커스텀 박스","MBST, MBCT",2024.9.20 9:37오전,,2024.9.20,2026.9.3,rec0Glml9iyqfdF5L,rec0Glml9iyqfdF5L,https://airtable.com/shr5t1qyPKytJvVBY?prefill_fldziB6bVRltNvUis=rec0Glml9iyqfdF5L,1293,김민정,PT3396-슬리브(전용)(Wide)_투명+블랙인쇄,,신시어리,,,Package Parts,
SSU001294,checked,PT3399-지지대(Tower)_블랙,판매가능,김민정,최초등록,Motion 스탠다드 박스,MBST,2024.9.20 9:38오전,,2024.9.20,2026.9.3,recHY1rIRj2yjPI9e,recHY1rIRj2yjPI9e,https://airtable.com/shr5t1qyPKytJvVBY?prefill_fldziB6bVRltNvUis=recHY1rIRj2yjPI9e,1294,김민정,PT3399-지지대(Tower)_블랙,,신시어리,,,Package Parts,
SSU001295,checked,PT4317-모션스탠다드박스_커버(Small)_화이트+디지털풀컬러,판매가능,김민정,최초등록,Motion 스탠다드 박스,MBST,2024.9.20 9:38오전,,2024.9.20,2026.9.3,recnKsGryKDzc8k7d,recnKsGryKDzc8k7d,https://airtable.com/shr5t1qyPKytJvVBY?prefill_fldziB6bVRltNvUis=recnKsGryKDzc8k7d,1295,김민정,PT4317-모션스탠다드박스_커버(Small)_화이트+디지털풀컬러,,협력사,,,Package Parts,
SSU001296,checked,PT4318-모션스탠다드박스_커버(Tower)_화이트+디지털풀컬러,판매가능,김민정,최초등록,Motion 스탠다드 박스,MBST,2024.9.20 9:38오전,,2024.9.20,2026.9.3,rechoxrngDd3ukaN3,rechoxrngDd3ukaN3,https://airtable.com/shr5t1qyPKytJvVBY?prefill_fldziB6bVRltNvUis=rechoxrngDd3ukaN3,1296,김민정,PT4318-모션스탠다드박스_커버(Tower)_화이트+디지털풀컬러,,협력사,,,Package Parts,
SSU001297,checked,PT4319-모션스탠다드박스_커버(Wide)_화이트+디지털풀컬러,판매가능,김민정,최초등록,Motion 스탠다드 박스,MBST,2024.9.20 9:38오전,,2024.9.20,2026.9.3,rectK9qmFbePR9yer,rectK9qmFbePR9yer,https://airtable.com/shr5t1qyPKytJvVBY?prefill_fldziB6bVRltNvUis=rectK9qmFbePR9yer,1297,김민정,PT4319-모션스탠다드박스_커버(Wide)_화이트+디지털풀컬러,,협력사,,,Package Parts,
SSU001298,checked,PT4330-히트업손난로보조배터리_화이트,판매가능,김민정,최초등록,히트업 손난로 보조배터리,HTUS,2024.9.20 9:40오전,2024.10.11 10:29오전,2024.9.20,2024.10.10,recnvehbqsffrVMPd,,https://airtable.com/shr5t1qyPKytJvVBY?prefill_fldziB6bVRltNvUis=recnvehbqsffrVMPd,1298,김민정,PT4330-히트업손난로보조배터리_화이트,,협력사,,,Product Parts,
SSU001299,checked,PT4331-히트업손난로보조배터리_그레이,판매가능,김민정,최초등록,히트업 손난로 보조배터리,HTUS,2024.9.20 9:40오전,2024.10.11 12:21오후,2024.9.20,2024.10.10,recxsYfYysS6YXUWX,,https://airtable.com/shr5t1qyPKytJvVBY?prefill_fldziB6bVRltNvUis=recxsYfYysS6YXUWX,1299,김민정,PT4331-히트업손난로보조배터리_그레이,,협력사,,,Product Parts,
SSU001300,checked,PT4332-히트업손난로보조배터리_핑크,판매가능,김민정,최초등록,히트업 손난로 보조배터리,HTUS,2024.9.20 9:40오전,2024.10.11 12:22오후,2024.9.20,2024.10.10,reca6IyslB6UtgeKO,,https://airtable.com/shr5t1qyPKytJvVBY?prefill_fldziB6bVRltNvUis=reca6IyslB6UtgeKO,1300,김민정,PT4332-히트업손난로보조배터리_핑크,,협력사,,,Product Parts,
SSU001301,checked,,판매가능,김민정,최초등록,,,2024.9.20 9:50오전,2024.10.11 1:38오후,2024.9.20,2024.10.10,,,https://airtable.com/shr5t1qyPKytJvVBY?prefill_fldziB6bVRltNvUis=,1301,김민정,,,,,,,
SSU001302,checked,,판매가능,김민정,최초등록,,,2024.9.20 9:53오전,2025.12.9 10:49오전,2024.9.20,2025.12.8,,,https://airtable.com/shr5t1qyPKytJvVBY?prefill_fldziB6bVRltNvUis=,1302,김민정,,,,,,,
SSU001303,checked,,판매가능,김민정,최초등록,,,2024.9.20 9:54오전,2024.9.20 9:55오전,2024.9.20,2024.9.19,,,https://airtable.com/shr5t1qyPKytJvVBY?prefill_fldziB6bVRltNvUis=,1303,김민정,,,,,,,
SSU001304,checked,,판매가능,김민정,최초등록,,,2024.9.20 9:54오전,,2024.9.20,2026.9.3,,recTEPyE5dOEtEZQQ,https://airtable.com/shr5t1qyPKytJvVBY?prefill_fldziB6bVRltNvUis=,1304,김민정,,,,,,,
SSU001305,checked,,일시품절,김민정,"UV 인쇄 제작 공정상 이슈가발생하여 개선시까지 일시적으로 UV인쇄 옵션 진행이 불가
9/11",,,2024.9.20 9:55오전,2025.2.4 4:26오후,2024.9.20,2025.2.3,,,https://airtable.com/shr5t1qyPKytJvVBY?prefill_fldziB6bVRltNvUis=,1305,김민정,,,,,,,
SSU001306,checked,,일시품절,김민정,"UV 인쇄 제작 공정상 이슈가발생하여 개선시까지 일시적으로 UV인쇄 옵션 진행이 불가
9/11",,,2024.9.20 9:55오전,2024.9.26 4:47오후,2024.9.20,2024.9.25,,,https://airtable.com/shr5t1qyPKytJvVBY?prefill_fldziB6bVRltNvUis=,1306,김민정,,,,,,,
SSU001307,checked,,판매가능,김민정,최초등록,,,2024.9.20 9:55오전,,2024.9.20,2026.9.3,,recn4cCNyjCoFgMQP,https://airtable.com/shr5t1qyPKytJvVBY?prefill_fldziB6bVRltNvUis=,1307,김민정,,,,,,,
SSU001308,checked,,일시품절,김민정,"UV 인쇄 제작 공정상 이슈가발생하여 개선시까지 일시적으로 UV인쇄 옵션 진행이 불가
9/11",,,2024.9.20 9:55오전,2024.9.20 9:55오전,2024.9.20,2024.9.19,,,https://airtable.com/shr5t1qyPKytJvVBY?prefill_fldziB6bVRltNvUis=,1308,김민정,,,,,,,
SSU001309,,PT2228-브랜디드노트북백_블랙,판매가능,김민정,재고 입고 예정으로 판매재개 합니다.,브랜디드 노트북백,BRDD,2024.9.23 9:19오전,2025.1.15 11:51오전,2024.9.23,2025.1.14,recHi0kLkGW3jImGB,,https://airtable.com/shr5t1qyPKytJvVBY?prefill_fldziB6bVRltNvUis=recHi0kLkGW3jImGB,1309,김민정,PT2228-브랜디드노트북백_블랙,,신시어리,,,Product Parts,
SSU001310,,PT0563-코튼스트링파우치(커스텀인쇄)(XL)_광목_200-2,판매가능,김민정,재고입고 예정으로 판매재개합니다.,Raw 코튼 파우치,RCPC,2024.9.23 9:22오전,,2024.9.23,2026.9.3,recPMfp30xe6UX34Q,recPMfp30xe6UX34Q,https://airtable.com/shr5t1qyPKytJvVBY?prefill_fldziB6bVRltNvUis=recPMfp30xe6UX34Q,1310,김민정,PT0563-코튼스트링파우치(커스텀인쇄)(XL)_광목_200-2,,신시어리,,,Package Parts,
SSU001311,,PT1202-스펙트럼컬러펜(컬러잉크)_다크그린,일시품절,김민지,"9/20 부터 11월 초까지 품절예정입니다. 고객 응대에 참고 부탁드립니다.
11월초에 1만개 입고 예정입니다. 10월 말에 정확한 입고 일정 공유드리겠습니다.",스펙트럼 컬러펜,SPCP,2024.9.24 9:48오전,2025.1.24 3:22오후,2024.9.24,2025.1.23,recICZfqZ5l4YVeQ5,,https://airtable.com/shr5t1qyPKytJvVBY?prefill_fldziB6bVRltNvUis=recICZfqZ5l4YVeQ5,1311,김민지,PT1202-스펙트럼컬러펜(컬러잉크)_다크그린,,협력사,,,Product Parts,
SSU001312,,PT0818-라운드밤부칫솔(성인용)_화이트,일시품절,,중국에서 금주중 출고예정이며 10/4 협력사 재입고예정으로 확인하였습니다.,라운드 밤부 칫솔,RBTB,2024.9.25 10:01오전,2024.10.2 9:32오전,2024.9.25,2024.10.1,recXf46cmRjx3R0u1,,https://airtable.com/shr5t1qyPKytJvVBY?prefill_fldziB6bVRltNvUis=recXf46cmRjx3R0u1,1312,,PT0818-라운드밤부칫솔(성인용)_화이트,,협력사,,,Product Parts,
SSU001313,,PT2970-메시지캐리어파우치_메탈그레이,판매가능,정승윤,금주중 재고입하되어 판매가능합니다.,메시지 캐리어 파우치,MSGC,2024.9.26 11:49오전,2025.5.16 11:41오전,2024.9.26,2025.5.15,recT95r7975gjV8H4,,https://airtable.com/shr5t1qyPKytJvVBY?prefill_fldziB6bVRltNvUis=recT95r7975gjV8H4,1313,정승윤,PT2970-메시지캐리어파우치_메탈그레이,,신시어리,,,Product Parts,
SSU001314,,PT2969-메시지캐리어파우치_실버,판매가능,정승윤,금주중 재고입하되어 판매가능합니다.,메시지 캐리어 파우치,MSGC,2024.9.26 11:49오전,2025.1.7 10:32오전,2024.9.26,2025.1.6,recWZPxXHsjnxuXpC,,https://airtable.com/shr5t1qyPKytJvVBY?prefill_fldziB6bVRltNvUis=recWZPxXHsjnxuXpC,1314,정승윤,PT2969-메시지캐리어파우치_실버,,신시어리,,,Product Parts,
SSU001315,,,품절예정,,협력사 재고 800개 신시어리 전량 매입이후 협력사재고품절예정,,,2024.9.26 3:14오후,2024.9.27 4:55오후,2024.9.26,2024.9.26,,,https://airtable.com/shr5t1qyPKytJvVBY?prefill_fldziB6bVRltNvUis=,1315,,,,,,,,
SSU001316,,,판매가능,정승윤,신시어리 진행 가능합니다,,,2024.9.26 4:47오후,,2024.9.26,2026.9.3,,recEN1o9kLkxHDz5e,https://airtable.com/shr5t1qyPKytJvVBY?prefill_fldziB6bVRltNvUis=,1316,정승윤,,,,,,,
SSU001317,,,일시품절,,협력사에 재고 50개밖에 안남아서 품절처리 진행합니다. 재입고일정 미정입니다.,,,2024.9.27 3:01오후,2025.1.24 3:09오후,2024.9.27,2025.1.23,,,https://airtable.com/shr5t1qyPKytJvVBY?prefill_fldziB6bVRltNvUis=,1317,,,,,,,,
SSU001318,,,일시품절,,우선 진행예정프로젝트로 확보재고 다 사용한것같아 일시품절처리합니다. 10월3주차 재입고예정,,,2024.9.27 4:55오후,2024.10.24 2:10오후,2024.9.27,2024.10.23,,,https://airtable.com/shr5t1qyPKytJvVBY?prefill_fldziB6bVRltNvUis=,1318,,,,,,,,
SSU001319,,,판매가능,김민정,재고입고되어 판매재개 합니다,,,2024.9.30 12:10오전,2024.11.12 10:38오전,2024.9.30,2024.11.11,,,https://airtable.com/shr5t1qyPKytJvVBY?prefill_fldziB6bVRltNvUis=,1319,김민정,,,,,,,
SSU001320,,PT0818-라운드밤부칫솔(성인용)_화이트,판매가능,,금주중 협력사재고입고 완료될예정으로 판매가능합니다.,라운드 밤부 칫솔,RBTB,2024.10.2 9:32오전,,2024.10.2,2026.9.3,recXf46cmRjx3R0u1,recXf46cmRjx3R0u1,https://airtable.com/shr5t1qyPKytJvVBY?prefill_fldziB6bVRltNvUis=recXf46cmRjx3R0u1,1320,,PT0818-라운드밤부칫솔(성인용)_화이트,,협력사,,,Product Parts,
SSU001321,,,판매가능,김민정,재고입고되어 판매재개 합니다.,,,2024.10.7 10:34오전,2024.12.4 11:25오전,2024.10.7,2024.12.3,,,https://airtable.com/shr5t1qyPKytJvVBY?prefill_fldziB6bVRltNvUis=,1321,김민정,,,,,,,
SSU001322,,PT4330-히트업손난로보조배터리_화이트,판매가능,정승윤,협력사 재고 약 100개 홀딩해두었습니다.,히트업 손난로 보조배터리,HTUS,2024.10.11 10:29오전,2024.10.25 2:41오후,2024.10.11,2024.10.24,recnvehbqsffrVMPd,,https://airtable.com/shr5t1qyPKytJvVBY?prefill_fldziB6bVRltNvUis=recnvehbqsffrVMPd,1322,정승윤,PT4330-히트업손난로보조배터리_화이트,,협력사,,,Product Parts,
SSU001323,,PT4331-히트업손난로보조배터리_그레이,판매가능,정승윤,그레이 잔여재고 140개로 품절처리 부탁드립니다,히트업 손난로 보조배터리,HTUS,2024.10.11 12:21오후,2024.10.25 2:41오후,2024.10.11,2024.10.24,recxsYfYysS6YXUWX,,https://airtable.com/shr5t1qyPKytJvVBY?prefill_fldziB6bVRltNvUis=recxsYfYysS6YXUWX,1323,정승윤,PT4331-히트업손난로보조배터리_그레이,,협력사,,,Product Parts,
SSU001324,,PT4332-히트업손난로보조배터리_핑크,일시품절,정승윤,잔여재고 50개로 품절처리 부탁드립니다,히트업 손난로 보조배터리,HTUS,2024.10.11 12:22오후,2024.11.28 5:55오후,2024.10.11,2024.11.27,reca6IyslB6UtgeKO,,https://airtable.com/shr5t1qyPKytJvVBY?prefill_fldziB6bVRltNvUis=reca6IyslB6UtgeKO,1324,정승윤,PT4332-히트업손난로보조배터리_핑크,,협력사,,,Product Parts,
SSU001325,,,일시품절,김민지,"판매저조로 협력사에서 진행 중지 요청주셨습니다.

- 현재 차주 대안 협력사 수배여부 결정 예정입니다.
- 현재 체크파이널이나 응대중인 건 중 빠르게 발주 가능한 건까지는 진행하기로 협력사와 협의해두었습니다.",,,2024.10.11 12:26오후,,2024.10.11,2026.9.3,,recjIAeeUcrdJHZIG,https://airtable.com/shr5t1qyPKytJvVBY?prefill_fldziB6bVRltNvUis=,1325,김민지,,,,,,,
SSU001326,,,일시품절,정승윤,협력사 재고 품절로 10/28 입고 예정입니다.,,,2024.10.11 1:38오후,2024.10.28 5:59오후,2024.10.11,2024.10.27,,,https://airtable.com/shr5t1qyPKytJvVBY?prefill_fldziB6bVRltNvUis=,1326,정승윤,,,,,,,
SSU001327,,,품절예정,김민정,"115개까지 판매 가능합니다. :)
데일리머그 블랙은 졸업 고려대상이라 재입고일은 미정입니다.",,,2024.10.16 9:31오전,2025.7.17 9:04오전,2024.10.16,2025.7.16,,,https://airtable.com/shr5t1qyPKytJvVBY?prefill_fldziB6bVRltNvUis=,1327,김민정,,,,,,,
SSU001328,,PT2777-리틀빅리유저블컵_카키,판매가능,안다정,"협력사 생산 완료되어 품절 해제 (현 재고 약 4,000개)",리틀빅 리유저블컵,LTBR,2024.10.21 4:59오후,,2024.10.21,2026.9.3,reche8DLawDa6AxHP,reche8DLawDa6AxHP,https://airtable.com/shr5t1qyPKytJvVBY?prefill_fldziB6bVRltNvUis=reche8DLawDa6AxHP,1328,안다정,PT2777-리틀빅리유저블컵_카키,,협력사,,,Product Parts,
SSU001329,,PT2243-레더라벨캠핑체어(세트_본품및파우치)_블랙,품절예정,김민정,50개 판매만 가능합니다,레더라벨 캠핑체어,LTLB,2024.10.22 2:48오후,2024.11.1 5:22오후,2024.10.22,2024.10.31,recN0rmhSkpMhaJNK,,https://airtable.com/shr5t1qyPKytJvVBY?prefill_fldziB6bVRltNvUis=recN0rmhSkpMhaJNK,1329,김민정,PT2243-레더라벨캠핑체어(세트_본품및파우치)_블랙,,신시어리,,,Product Parts,
SSU001330,,PT3353-메시지캐리어파우치_매트블랙,판매가능,정승윤,협력사 재고 확보로 판매 가능(현 재고 약 1200개),메시지 캐리어 파우치,MSGC,2024.10.22 2:57오후,2025.4.7 6:07오후,2024.10.22,2025.4.6,recaSvDfs8zsNZ3Fz,,https://airtable.com/shr5t1qyPKytJvVBY?prefill_fldziB6bVRltNvUis=recaSvDfs8zsNZ3Fz,1330,정승윤,PT3353-메시지캐리어파우치_매트블랙,,신시어리,,,Product Parts,
SSU001331,,,일시품절,김민지,협력사 재고소진으로 졸업예정,,,2024.10.22 3:03오후,,2024.10.22,2026.9.3,,rec98fHl3ZQig7OYF,https://airtable.com/shr5t1qyPKytJvVBY?prefill_fldziB6bVRltNvUis=,1331,김민지,,,,,,,
SSU001332,,,판매가능,안다정,협력사 재고 입고 완료,,,2024.10.24 2:10오후,2025.2.28 5:18오후,2024.10.24,2025.2.27,,,https://airtable.com/shr5t1qyPKytJvVBY?prefill_fldziB6bVRltNvUis=,1332,안다정,,,,,,,
SSU001333,,PT4330-히트업손난로보조배터리_화이트,판매가능,정승윤,"재고 중 200개 확보하여 품절해제해두었습니다.
수량이 적어 진행건은 송지영님 통해 관리 후 진행 부탁드립니다.

200개 확정 확보 / 그 외 주문 시점에 따라 협력사 재고가 가능할 수도 있음",히트업 손난로 보조배터리,HTUS,2024.10.25 2:41오후,2024.11.11 3:36오후,2024.10.25,2024.11.10,recnvehbqsffrVMPd,,https://airtable.com/shr5t1qyPKytJvVBY?prefill_fldziB6bVRltNvUis=recnvehbqsffrVMPd,1333,정승윤,PT4330-히트업손난로보조배터리_화이트,,협력사,,,Product Parts,
SSU001334,,PT4331-히트업손난로보조배터리_그레이,판매가능,정승윤,"재고 중 200개 확보하여 품절해제해두었습니다.
수량이 적어 진행건은 송지영님 통해 관리 후 진행 부탁드립니다.

200개 확정 확보 / 그 외 주문 시점에 따라 협력사 재고가 가능할 수도 있음",히트업 손난로 보조배터리,HTUS,2024.10.25 2:41오후,2024.11.11 3:36오후,2024.10.25,2024.11.10,recxsYfYysS6YXUWX,,https://airtable.com/shr5t1qyPKytJvVBY?prefill_fldziB6bVRltNvUis=recxsYfYysS6YXUWX,1334,정승윤,PT4331-히트업손난로보조배터리_그레이,,협력사,,,Product Parts,
SSU001335,,,판매가능,정승윤,협력사 재고 2천개가량 확보되어 진행 가능합니다.,,,2024.10.28 5:59오후,2025.9.22 10:18오전,2024.10.28,2025.9.21,,,https://airtable.com/shr5t1qyPKytJvVBY?prefill_fldziB6bVRltNvUis=,1335,정승윤,,,,,,,
SSU001336,,,일시품절,안다정,메세지스트랩 제작협력사 (아이작) 내부 사정으로 스트랩 제작자체가 중단되어 일시품절로 공지 드립니다. (제품 재개 가능 일정 미정),,,2024.10.30 2:07오후,,2024.10.30,2026.9.3,,recMqifEsukWgvYzH,https://airtable.com/shr5t1qyPKytJvVBY?prefill_fldziB6bVRltNvUis=,1336,안다정,,,,,,,
SSU001337,,PT1236-슬로건다이어리_그레이,일시품절,김민정,"한강 도서 제본으로 제본업체들 캐파가 부족하여 재입고일이 변경되었습니다. 
11월 20일로 예상되나, 제본일정에 따라 달라질 수 있습니다. 입고일 확정되면 다시 공유드리겠습니다.",슬로건 다이어리,SLGN,2024.11.1 12:04오후,2024.11.14 5:51오후,2024.11.1,2024.11.13,recuLKG9FYarPEjVt,,https://airtable.com/shr5t1qyPKytJvVBY?prefill_fldziB6bVRltNvUis=recuLKG9FYarPEjVt,1337,김민정,PT1236-슬로건다이어리_그레이,,신시어리,,,Product Parts,
SSU001338,,PT2268-레더라벨캠핑체어(세트_본품및파우치)_베이지,일시품절,김민정,재고 소진으로 일시품절입니다. 협력사 교체중에 있어 재입고일 확인되면 다시 공지드리겠습니다.,레더라벨 캠핑체어,LTLB,2024.11.1 5:21오후,2025.1.6 10:20오전,2024.11.1,2025.1.5,recXHHuIeuzQkJCtk,,https://airtable.com/shr5t1qyPKytJvVBY?prefill_fldziB6bVRltNvUis=recXHHuIeuzQkJCtk,1338,김민정,PT2268-레더라벨캠핑체어(세트_본품및파우치)_베이지,,신시어리,,,Product Parts,
SSU001339,checked,PT2243-레더라벨캠핑체어(세트_본품및파우치)_블랙,일시품절,김민정,재고소진으로 품절,레더라벨 캠핑체어,LTLB,2024.11.1 5:22오후,2025.1.6 10:20오전,2024.11.1,2025.1.5,recN0rmhSkpMhaJNK,,https://airtable.com/shr5t1qyPKytJvVBY?prefill_fldziB6bVRltNvUis=recN0rmhSkpMhaJNK,1339,김민정,PT2243-레더라벨캠핑체어(세트_본품및파우치)_블랙,,신시어리,,,Product Parts,
SSU001340,,PT1682-트래블링차량용소화기_레드,일시품절,정승윤,협력사 CAPA 부족으로 24년 내 납품이 불가합니다.,세이프라이프 차량용소화기,TCFE,2024.11.7 2:28오후,2025.1.24 2:42오후,2024.11.7,2025.1.23,rec2yPU6XZzsdEmAk,,https://airtable.com/shr5t1qyPKytJvVBY?prefill_fldziB6bVRltNvUis=rec2yPU6XZzsdEmAk,1340,정승윤,PT1682-트래블링차량용소화기_레드,,협력사,,,Product Parts,
SSU001341,,PT1685-트래블링차량용소화기_블랙,일시품절,정승윤,협력사 CAPA 부족으로 24년 내 납품이 불가합니다.,세이프라이프 차량용소화기,TCFE,2024.11.7 2:29오후,2025.1.24 2:42오후,2024.11.7,2025.1.23,rectpbAuPPfet38Oo,,https://airtable.com/shr5t1qyPKytJvVBY?prefill_fldziB6bVRltNvUis=rectpbAuPPfet38Oo,1341,정승윤,PT1685-트래블링차량용소화기_블랙,,협력사,,,Product Parts,
SSU001342,,PT1684-트래블링차량용소화기_화이트,일시품절,정승윤,협력사 CAPA 부족으로 24년 내 납품이 불가합니다.,세이프라이프 차량용소화기,TCFE,2024.11.7 2:29오후,2025.1.24 2:42오후,2024.11.7,2025.1.23,recyxlo5j0Qk6me4O,,https://airtable.com/shr5t1qyPKytJvVBY?prefill_fldziB6bVRltNvUis=recyxlo5j0Qk6me4O,1342,정승윤,PT1684-트래블링차량용소화기_화이트,,협력사,,,Product Parts,
SSU001343,,PT4330-히트업손난로보조배터리_화이트,일시품절,김민정,재고소진으로 일시품절합니다.,히트업 손난로 보조배터리,HTUS,2024.11.11 3:36오후,2024.11.28 5:53오후,2024.11.11,2024.11.27,recnvehbqsffrVMPd,,https://airtable.com/shr5t1qyPKytJvVBY?prefill_fldziB6bVRltNvUis=recnvehbqsffrVMPd,1343,김민정,PT4330-히트업손난로보조배터리_화이트,,협력사,,,Product Parts,
SSU001344,,PT4331-히트업손난로보조배터리_그레이,품절예정,김민정,그레이 200개 추가 확보했습니다.,히트업 손난로 보조배터리,HTUS,2024.11.11 3:36오후,2024.11.15 3:17오후,2024.11.11,2024.11.14,recxsYfYysS6YXUWX,,https://airtable.com/shr5t1qyPKytJvVBY?prefill_fldziB6bVRltNvUis=recxsYfYysS6YXUWX,1344,김민정,PT4331-히트업손난로보조배터리_그레이,,협력사,,,Product Parts,
SSU001345,,,일시품절,김민정,재고소진으로 일시품절합니다.,,,2024.11.12 10:38오전,2024.12.9 2:40오후,2024.11.12,2024.12.8,,,https://airtable.com/shr5t1qyPKytJvVBY?prefill_fldziB6bVRltNvUis=,1345,김민정,,,,,,,
SSU001346,,PT1236-슬로건다이어리_그레이,판매가능,김민정,판매재개합니다!,슬로건 다이어리,SLGN,2024.11.14 5:51오후,2024.12.26 2:21오후,2024.11.14,2024.12.25,recuLKG9FYarPEjVt,,https://airtable.com/shr5t1qyPKytJvVBY?prefill_fldziB6bVRltNvUis=recuLKG9FYarPEjVt,1346,김민정,PT1236-슬로건다이어리_그레이,,신시어리,,,Product Parts,
SSU001347,,PT4331-히트업손난로보조배터리_그레이,일시품절,김민정,"재고소진으로 품절입니다.

화이트 컬러 12월 초중순 입고 예정으로 입고일정 확인되면, 공유드리겠습니다.",히트업 손난로 보조배터리,HTUS,2024.11.15 3:17오후,2024.11.28 5:54오후,2024.11.15,2024.11.27,recxsYfYysS6YXUWX,,https://airtable.com/shr5t1qyPKytJvVBY?prefill_fldziB6bVRltNvUis=recxsYfYysS6YXUWX,1347,김민정,PT4331-히트업손난로보조배터리_그레이,,협력사,,,Product Parts,
SSU001348,,,일시품절,김민정,재고소진으로 일시품절입니다. 재입고일 확인후 재공지드리겠습니다.,,,2024.11.18 10:23오후,2024.11.20 12:05오후,2024.11.18,2024.11.19,,,https://airtable.com/shr5t1qyPKytJvVBY?prefill_fldziB6bVRltNvUis=,1348,김민정,,,,,,,
SSU001349,,,일시품절,김민정,재고소진으로 일시품절입니다. 현재 커스텀 대량건이 많아 재입고일 확인이 어렵습니다. 일정 확인후 재공지 드리겠습니다.,,,2024.11.20 12:05오후,2025.2.26 5:33오후,2024.11.20,2025.2.25,,,https://airtable.com/shr5t1qyPKytJvVBY?prefill_fldziB6bVRltNvUis=,1349,김민정,,,,,,,
SSU001350,checked,PT3856-미스트워터보틀_더스티핑크,제품 철수(졸업),정승윤,협력사 재고 소진 완료 / 재입고 예정 없음,미스트 워터보틀,MIST,2024.11.21 5:00오후,2025.3.11 11:21오전,2024.11.21,2025.3.10,reczhBTwD3QmLu6uO,,https://airtable.com/shr5t1qyPKytJvVBY?prefill_fldziB6bVRltNvUis=reczhBTwD3QmLu6uO,1350,정승윤,PT3856-미스트워터보틀_더스티핑크,,신시어리,,,Product Parts,
SSU001351,,,제품 철수(졸업),안다정,협력사 자체 단종되어 판매 불가 (내부적으로 판매가 저조하여 별도공지 없이 단종처리하심),,,2024.11.26 3:45오후,,2024.11.26,2026.9.3,,reckrKCc7XgLd1L1v,https://airtable.com/shr5t1qyPKytJvVBY?prefill_fldziB6bVRltNvUis=,1351,안다정,,,,,,,
SSU001352,checked,PT4263-플러스멀티충전스테이션_블랙,판매가능,김민정,최초등록,플러스 멀티충전 스테이션,PLSM,2024.11.27 3:05오후,2025.1.13 2:21오후,2024.11.27,2025.1.12,recyM5hYOiHhO77wO,,https://airtable.com/shr5t1qyPKytJvVBY?prefill_fldziB6bVRltNvUis=recyM5hYOiHhO77wO,1352,김민정,PT4263-플러스멀티충전스테이션_블랙,,협력사,,,Product Parts,
SSU001353,checked,PT4262-플러스멀티충전스테이션_크림,판매가능,김민정,최초등록,플러스 멀티충전 스테이션,PLSM,2024.11.27 3:05오후,2025.1.13 2:23오후,2024.11.27,2025.1.12,recRmBYnWRG3gEvd8,,https://airtable.com/shr5t1qyPKytJvVBY?prefill_fldziB6bVRltNvUis=recRmBYnWRG3gEvd8,1353,김민정,PT4262-플러스멀티충전스테이션_크림,,협력사,,,Product Parts,
SSU001354,checked,PT4478-스탠리슬림보틀_매트블랙,일시품절,김민정,협력사재고소진 / 1월~3월 사이 입고 예정,스탠리 슬림 보틀,STLS,2024.11.27 6:20오후,2024.12.5 4:25오후,2024.11.27,2024.12.4,recXEinwby7Rjczvw,,https://airtable.com/shr5t1qyPKytJvVBY?prefill_fldziB6bVRltNvUis=recXEinwby7Rjczvw,1354,김민정,PT4478-스탠리슬림보틀_매트블랙,,협력사,,,Product Parts,
SSU001355,checked,PT4476-스탠리슬림보틀_폴라화이트,일시품절,김민정,협력사재고소진 / 1월~3월 사이 입고 예정,스탠리 슬림 보틀,STLS,2024.11.27 6:20오후,2024.12.5 4:25오후,2024.11.27,2024.12.4,recuJdsdoDVRHBztP,,https://airtable.com/shr5t1qyPKytJvVBY?prefill_fldziB6bVRltNvUis=recuJdsdoDVRHBztP,1355,김민정,PT4476-스탠리슬림보틀_폴라화이트,,협력사,,,Product Parts,
SSU001356,checked,PT4477-스탠리슬림보틀_해머톤그린,일시품절,김민정,협력사재고소진 / 1월~3월 사이 입고 예정,스탠리 슬림 보틀,STLS,2024.11.27 6:20오후,2024.12.5 4:25오후,2024.11.27,2024.12.4,recsPKHhZzIPj9tx3,,https://airtable.com/shr5t1qyPKytJvVBY?prefill_fldziB6bVRltNvUis=recsPKHhZzIPj9tx3,1356,김민정,PT4477-스탠리슬림보틀_해머톤그린,,협력사,,,Product Parts,
SSU001357,checked,PT4391-스탠리데일리텀블러_매트블랙,판매가능,김민정,최초등록,스탠리 데일리 텀블러,STLD,2024.11.27 6:21오후,2024.11.27 6:27오후,2024.11.27,2024.11.26,rec36X3VknUXJImhJ,,https://airtable.com/shr5t1qyPKytJvVBY?prefill_fldziB6bVRltNvUis=rec36X3VknUXJImhJ,1357,김민정,PT4391-스탠리데일리텀블러_매트블랙,,협력사,,,Product Parts,
SSU001358,checked,PT3400-스탠리데일리텀블러_폴라화이트,판매가능,김민정,최초등록,스탠리 데일리 텀블러,STLD,2024.11.27 6:21오후,2024.11.27 6:26오후,2024.11.27,2024.11.26,recBzrI3FPjyHKgp4,,https://airtable.com/shr5t1qyPKytJvVBY?prefill_fldziB6bVRltNvUis=recBzrI3FPjyHKgp4,1358,김민정,PT3400-스탠리데일리텀블러_폴라화이트,,협력사,,,Product Parts,
SSU001359,checked,PT3401-스탠리데일리텀블러_해머톤그린,판매가능,김민정,최초등록,스탠리 데일리 텀블러,STLD,2024.11.27 6:21오후,2024.11.27 6:26오후,2024.11.27,2024.11.26,reccHYWlVSclIXjf7,,https://airtable.com/shr5t1qyPKytJvVBY?prefill_fldziB6bVRltNvUis=reccHYWlVSclIXjf7,1359,김민정,PT3401-스탠리데일리텀블러_해머톤그린,,협력사,,,Product Parts,
SSU001360,,PT3401-스탠리데일리텀블러_해머톤그린,품절예정,김민정,"체크파이널 인입건 제외하고 남은 수량은 아래와 같습니다.
현재 재입고 예정일이 내년으로 예상되어, 현재고 소진 후 일시 품절 예정입니다. 

스탠리 데일리텀블러
- 해머톤 그린 120개
- 매트블랙 : 130개
- 폴라화이트 : 250개",스탠리 데일리 텀블러,STLD,2024.11.27 6:26오후,2024.12.2 4:56오후,2024.11.27,2024.12.1,reccHYWlVSclIXjf7,,https://airtable.com/shr5t1qyPKytJvVBY?prefill_fldziB6bVRltNvUis=reccHYWlVSclIXjf7,1360,김민정,PT3401-스탠리데일리텀블러_해머톤그린,,협력사,,,Product Parts,
SSU001361,checked,PT3400-스탠리데일리텀블러_폴라화이트,품절예정,김민정,"체크파이널 인입건 제외하고 남은 수량은 아래와 같습니다.
현재 재입고 예정일이 내년으로 예상되어, 현재고 소진 후 일시 품절 예정입니다. 

스탠리 데일리텀블러
- 해머톤 그린 120개
- 매트블랙 : 130개
- 폴라화이트 : 250개",스탠리 데일리 텀블러,STLD,2024.11.27 6:26오후,2024.12.2 4:56오후,2024.11.27,2024.12.1,recBzrI3FPjyHKgp4,,https://airtable.com/shr5t1qyPKytJvVBY?prefill_fldziB6bVRltNvUis=recBzrI3FPjyHKgp4,1361,김민정,PT3400-스탠리데일리텀블러_폴라화이트,,협력사,,,Product Parts,
SSU001362,,PT4391-스탠리데일리텀블러_매트블랙,품절예정,김민정,"체크파이널 인입건 제외하고 남은 수량은 아래와 같습니다.
현재 재입고 예정일이 내년으로 예상되어, 현재고 소진 후 일시 품절 예정입니다. 

스탠리 데일리텀블러
- 해머톤 그린 120개
- 매트블랙 : 130개
- 폴라화이트 : 250개",스탠리 데일리 텀블러,STLD,2024.11.27 6:27오후,2025.4.3 11:34오전,2024.11.27,2025.4.2,rec36X3VknUXJImhJ,,https://airtable.com/shr5t1qyPKytJvVBY?prefill_fldziB6bVRltNvUis=rec36X3VknUXJImhJ,1362,김민정,PT4391-스탠리데일리텀블러_매트블랙,,협력사,,,Product Parts,
SSU001363,,PT4330-히트업손난로보조배터리_화이트,판매가능,정승윤,"국내 12/6 입하로 확정되었습니다. 일정 고려하여 발주 부탁드립니다.

내부확보재고 500개 +협력사 재고(정확한 수량미정) 입하됩니다.",히트업 손난로 보조배터리,HTUS,2024.11.28 5:53오후,2025.10.14 6:43오후,2024.11.28,2025.10.13,recnvehbqsffrVMPd,,https://airtable.com/shr5t1qyPKytJvVBY?prefill_fldziB6bVRltNvUis=recnvehbqsffrVMPd,1363,정승윤,PT4330-히트업손난로보조배터리_화이트,,협력사,,,Product Parts,
SSU001364,,PT4331-히트업손난로보조배터리_그레이,판매가능,정승윤,그레이 협력사 재고 500개 12/6 입하됩니다. 단 다른업체의 사전 발주가 들어갈 수 있으니 진행희망시 사전 문의부탁드립니다.,히트업 손난로 보조배터리,HTUS,2024.11.28 5:54오후,2025.10.14 6:43오후,2024.11.28,2025.10.13,recxsYfYysS6YXUWX,,https://airtable.com/shr5t1qyPKytJvVBY?prefill_fldziB6bVRltNvUis=recxsYfYysS6YXUWX,1364,정승윤,PT4331-히트업손난로보조배터리_그레이,,협력사,,,Product Parts,
SSU001365,,PT4332-히트업손난로보조배터리_핑크,판매가능,정승윤,핑크 협력사 재고 500개 12/6 입하됩니다. 단 다른업체의 사전 발주가 들어갈 수 있으니 진행희망시 사전 문의부탁드립니다.,히트업 손난로 보조배터리,HTUS,2024.11.28 5:55오후,2025.10.14 6:43오후,2024.11.28,2025.10.13,reca6IyslB6UtgeKO,,https://airtable.com/shr5t1qyPKytJvVBY?prefill_fldziB6bVRltNvUis=reca6IyslB6UtgeKO,1365,정승윤,PT4332-히트업손난로보조배터리_핑크,,협력사,,,Product Parts,
SSU001366,,,일시품절,김민정,재고소진으로 품절입니다. 추가생산여부는 미정입니다.,,,2024.11.29 11:48오전,2024.12.11 4:19오후,2024.11.29,2024.12.10,,,https://airtable.com/shr5t1qyPKytJvVBY?prefill_fldziB6bVRltNvUis=,1366,김민정,,,,,,,
SSU001367,,PT3400-스탠리데일리텀블러_폴라화이트,일시품절,김민정,재고 소진으로 일시품절입니다. (재입고 예상일은 내년입니다),스탠리 데일리 텀블러,STLD,2024.12.2 4:56오후,2025.5.8 4:28오후,2024.12.2,2025.5.7,recBzrI3FPjyHKgp4,,https://airtable.com/shr5t1qyPKytJvVBY?prefill_fldziB6bVRltNvUis=recBzrI3FPjyHKgp4,1367,김민정,PT3400-스탠리데일리텀블러_폴라화이트,,협력사,,,Product Parts,
SSU001368,,PT3401-스탠리데일리텀블러_해머톤그린,일시품절,김민정,재고소진으로 일시품절입니다. (재입고일은 내년으로 예정_,스탠리 데일리 텀블러,STLD,2024.12.2 4:56오후,2025.4.3 11:35오전,2024.12.2,2025.4.2,reccHYWlVSclIXjf7,,https://airtable.com/shr5t1qyPKytJvVBY?prefill_fldziB6bVRltNvUis=reccHYWlVSclIXjf7,1368,김민정,PT3401-스탠리데일리텀블러_해머톤그린,,협력사,,,Product Parts,
SSU001369,,,일시품절,김민정,보유재고에 이슈가 발생하여 일시품절 처리합니다.,,,2024.12.4 11:25오전,2025.1.20 3:28오후,2024.12.4,2025.1.19,,,https://airtable.com/shr5t1qyPKytJvVBY?prefill_fldziB6bVRltNvUis=,1369,김민정,,,,,,,
SSU001370,,PT4478-스탠리슬림보틀_매트블랙,판매가능,정승윤,"일부 재고 확보하였습니다.

300개 확보완료",스탠리 슬림 보틀,STLS,2024.12.5 4:25오후,2025.2.21 11:29오전,2024.12.5,2025.2.20,recXEinwby7Rjczvw,,https://airtable.com/shr5t1qyPKytJvVBY?prefill_fldziB6bVRltNvUis=recXEinwby7Rjczvw,1370,정승윤,PT4478-스탠리슬림보틀_매트블랙,,협력사,,,Product Parts,
SSU001371,,PT4476-스탠리슬림보틀_폴라화이트,판매가능,정승윤,"일부 재고 확보하였습니다.

화이트 195개 확보완료",스탠리 슬림 보틀,STLS,2024.12.5 4:25오후,2025.2.21 11:48오전,2024.12.5,2025.2.20,recuJdsdoDVRHBztP,,https://airtable.com/shr5t1qyPKytJvVBY?prefill_fldziB6bVRltNvUis=recuJdsdoDVRHBztP,1371,정승윤,PT4476-스탠리슬림보틀_폴라화이트,,협력사,,,Product Parts,
SSU001372,,PT4477-스탠리슬림보틀_해머톤그린,판매가능,정승윤,"일부 재고 확보하였습니다.

그린 600개 확보완료",스탠리 슬림 보틀,STLS,2024.12.5 4:25오후,2026.5.7 11:47오전,2024.12.5,2026.5.6,recsPKHhZzIPj9tx3,,https://airtable.com/shr5t1qyPKytJvVBY?prefill_fldziB6bVRltNvUis=recsPKHhZzIPj9tx3,1372,정승윤,PT4477-스탠리슬림보틀_해머톤그린,,협력사,,,Product Parts,
SSU001373,,PT2370-버티컬무선충전패드(15W)_블랙,일시품절,안다정,"12/6 기준 현재 협력사에 블랙 재고 1,200개 남아있으나 응대중인 건이 있어 일시 품절 공지 드립니다. 현재 아래 건들 진행예정에 있어 50개부족한 상황으로 CX파트 내부적으로 프로젝트 우선 순위 관련 의사결정 필요합니다. (재입고예정일: 1/9-1/15 2500개 입고 예정)

[발주예정 건]
PNA30331-팀스파르타 1,000개 (탁유림님_빅딜채널)
PNA30485-효성 150개 (현동원님_체크파이널)
PNA30504_원익그룹 건 100개 (채효경님_응대)",버티컬 무선충전패드,VWPD,2024.12.6 10:32오전,2025.1.3 11:21오전,2024.12.6,2025.1.2,rect9S1n0kLJJVTTv,,https://airtable.com/shr5t1qyPKytJvVBY?prefill_fldziB6bVRltNvUis=rect9S1n0kLJJVTTv,1373,안다정,PT2370-버티컬무선충전패드(15W)_블랙,,협력사,,,Product Parts,
SSU001374,,,판매가능,김민정,"재고입고 예정으로 판매재개 합니다. (1,000개)",,,2024.12.9 2:40오후,2026.1.8 12:00오후,2024.12.9,2026.1.7,,,https://airtable.com/shr5t1qyPKytJvVBY?prefill_fldziB6bVRltNvUis=,1374,김민정,,,,,,,
SSU001375,,PT1516-미니가든피규어세트(괴마옥),의도적 품절,안다정,식물 수급자체는 가능하나 겨울철 영하기온으로 인해 택배배송 과정에서 퀄리티이슈가 발생할 수 있어 12~2월 간 일시품절로 변경합니다. (고객사 배송방식이 퀵 또는 직접배송인 경우 건 별로 확인 후 진행 가능),미니가든 피규어 세트,ISGK,2024.12.9 6:26오후,2025.3.17 10:04오전,2024.12.9,2025.3.16,rec078denQY9WPeql,,https://airtable.com/shr5t1qyPKytJvVBY?prefill_fldziB6bVRltNvUis=rec078denQY9WPeql,1375,안다정,PT1516-미니가든피규어세트(괴마옥),,협력사,,,Product Parts,
SSU001376,,PT1513-미니가든피규어세트(용신목),의도적 품절,안다정,식물 수급자체는 가능하나 겨울철 영하기온으로 인해 택배배송 과정에서 퀄리티이슈가 발생할 수 있어 12~2월 간 일시품절로 변경합니다. (고객사 배송방식이 퀵 또는 직접배송인 경우 건 별로 확인 후 진행 가능),미니가든 피규어 세트,ISGK,2024.12.9 6:28오후,2025.3.17 10:04오전,2024.12.9,2025.3.16,recWj6OwQH1wZY40s,,https://airtable.com/shr5t1qyPKytJvVBY?prefill_fldziB6bVRltNvUis=recWj6OwQH1wZY40s,1376,안다정,PT1513-미니가든피규어세트(용신목),,협력사,,,Product Parts,
SSU001377,,,일시품절,안다정,"협력사 재고입고 추가 지연으로 인한 일시품절 (이번 중국 폭설로 일부 수량만 입고되어 잔여수량은 언제 입하될지 예측이 어려운 상황으로 품절처리 합니다.) (3,000개중 1,300개 입하되었으나 고객프로젝트 인입 건으로 모두 소진됨)",,,2024.12.10 10:18오전,2024.12.19 7:54오후,2024.12.10,2024.12.18,,,https://airtable.com/shr5t1qyPKytJvVBY?prefill_fldziB6bVRltNvUis=,1377,안다정,,,,,,,
SSU001378,,PT1239-슬로건다이어리_블랙,일시품절,김민정,재고 수량 및 재입고일 확인 후 다시 판매재개 하겠습니다.,슬로건 다이어리,SLGN,2024.12.11 9:36오전,2025.1.21 4:34오후,2024.12.11,2025.1.20,recwEwAaCd1CXCxD1,,https://airtable.com/shr5t1qyPKytJvVBY?prefill_fldziB6bVRltNvUis=recwEwAaCd1CXCxD1,1378,김민정,PT1239-슬로건다이어리_블랙,,신시어리,,,Product Parts,
SSU001379,,,판매가능,김민정,"협력사에서 화이트 여분으로 생산해두신 것이 있다고 하여, 판매재개 하려고 합니다.
신시어리 재고 아니고 협력사 재고이기 때문에 수량이 많은 경우는 체크 재고를 통해 문의 부탁드립니다.
현재 가능한 수량은 1,000개 정도입니다.",,,2024.12.11 4:19오후,2025.5.9 11:54오전,2024.12.11,2025.5.8,,,https://airtable.com/shr5t1qyPKytJvVBY?prefill_fldziB6bVRltNvUis=,1379,김민정,,,,,,,
SSU001380,,,판매가능,안다정,"재고생산 건 1,700개 마저 입하되어 품절 해제 합니다. 프로젝트 발주로 인입된 건들 제외하고 현재 1,437개 사용 가능합니다. 이번 입하수량에서 뚜껑이 뿌연 불량 이슈가 있었으나 다행히 협력사에 있는 여분내에서 교체하여 해결하였습니다. 

또한, 위 수량 소진 후 바디 리뉴얼 버전으로 진행되며, 별도 파츠로 진행됩니다. 1) 신규파츠 2) 신규 기물 사진 3) 리뉴얼 항목 관련해서는 쓰레드로 별도 공유 드리겠습니다.",,,2024.12.19 7:54오후,2025.2.7 12:16오후,2024.12.19,2025.2.6,,,https://airtable.com/shr5t1qyPKytJvVBY?prefill_fldziB6bVRltNvUis=,1380,안다정,,,,,,,
SSU001381,,PT0501-미르텀블러_화이트,일시품절,안다정,협력사 재고소진으로 인해 일시품절 처리 (재입고예정일: 1월 둘째주),MiiR 텀블러,MIRT,2024.12.23 2:52오후,2025.2.13 11:37오전,2024.12.23,2025.2.12,recFoI68WKxoEUJUj,,https://airtable.com/shr5t1qyPKytJvVBY?prefill_fldziB6bVRltNvUis=recFoI68WKxoEUJUj,1381,안다정,PT0501-미르텀블러_화이트,,신시어리,,,Product Parts,
SSU001382,,PT0503-미르텀블러_블랙,일시품절,안다정,"협력사 재고 소진으로 일시품절 처리 합니다. (재입고예정일: 1월 둘째주 2,000개 입고 예상)",MiiR 텀블러,MIRT,2024.12.23 3:13오후,2025.1.2 11:36오전,2024.12.23,2025.1.1,recP5WdvOqABOkdLT,,https://airtable.com/shr5t1qyPKytJvVBY?prefill_fldziB6bVRltNvUis=recP5WdvOqABOkdLT,1382,안다정,PT0503-미르텀블러_블랙,,협력사,,,Product Parts,
SSU001383,,,일시품절,안다정,브랜디파이핸드스트랩 인쇄 용 헤드 기계에 고장이나서 현재 A/S가 필요하여 제작이 중단된 상황이라고 합니다. 1월 중에는 재개 예상되나 아직 확답주시기엔 어려움이 있으시다고 하시어 기계 고장 해결되는 대로 품절 재개될 예정입니다. 참고 부탁 드립니다.,,,2024.12.23 5:04오후,,2024.12.23,2026.9.3,,recneVGb9wExiEz1W,https://airtable.com/shr5t1qyPKytJvVBY?prefill_fldziB6bVRltNvUis=,1383,안다정,,,,,,,
SSU001384,,PT1236-슬로건다이어리_그레이,품절예정,이난영,,슬로건 다이어리,SLGN,2024.12.26 2:21오후,2025.1.21 4:33오후,2024.12.26,2025.1.20,recuLKG9FYarPEjVt,,https://airtable.com/shr5t1qyPKytJvVBY?prefill_fldziB6bVRltNvUis=recuLKG9FYarPEjVt,1384,이난영,PT1236-슬로건다이어리_그레이,,신시어리,,,Product Parts,
SSU001385,,PT0503-미르텀블러_블랙,판매가능,안다정,"협력사 재고가 일정보다 빠르게 입고되어 판매재개 합니다. (현재 협력사 재고 1,200개)",MiiR 텀블러,MIRT,2025.1.2 11:36오전,,2025.1.2,2026.9.3,recP5WdvOqABOkdLT,recP5WdvOqABOkdLT,https://airtable.com/shr5t1qyPKytJvVBY?prefill_fldziB6bVRltNvUis=recP5WdvOqABOkdLT,1385,안다정,PT0503-미르텀블러_블랙,,협력사,,,Product Parts,
SSU001386,checked,,판매가능,김민정,최초등록,,,2025.1.2 6:04오후,2025.1.2 6:05오후,2025.1.2,2025.1.1,,,https://airtable.com/shr5t1qyPKytJvVBY?prefill_fldziB6bVRltNvUis=,1386,김민정,,,,,,,
SSU001387,checked,,일시품절,김민정,12/11 부터 협력사과부하로 진행 불가 (~1/13),,,2025.1.2 6:05오후,2025.1.7 2:40오후,2025.1.2,2025.1.6,,,https://airtable.com/shr5t1qyPKytJvVBY?prefill_fldziB6bVRltNvUis=,1387,김민정,,,,,,,
SSU001388,checked,,판매가능,김민정,최초등록,,,2025.1.2 6:05오후,2025.1.2 6:06오후,2025.1.2,2025.1.1,,,https://airtable.com/shr5t1qyPKytJvVBY?prefill_fldziB6bVRltNvUis=,1388,김민정,,,,,,,
SSU001389,checked,,일시품절,김민정,협력사 과부화로 12/11부터 진행불가 (~1/13),,,2025.1.2 6:06오후,2025.1.7 2:39오후,2025.1.2,2025.1.6,,,https://airtable.com/shr5t1qyPKytJvVBY?prefill_fldziB6bVRltNvUis=,1389,김민정,,,,,,,
SSU001390,checked,,제품 철수(졸업),김민정,"현재 업체에 발주 문의드렸으나 자재(병) 수급으로 바로 진행이 불가하고, 병 생산 국가와 협의하여 차주 경 입하 일정이 예상됩니다. 중국 춘절 전후 진행 여부에 따라 1월 말/ 3월초 재개를 예측하나, 정확한 일정은 미정입니다.",,,2025.1.2 6:08오후,,2025.1.2,2026.9.3,,recnQtFDqeO67Y0OK,https://airtable.com/shr5t1qyPKytJvVBY?prefill_fldziB6bVRltNvUis=,1390,김민정,,,,,,,
SSU001391,checked,,제품 철수(졸업),김민정,판매기간: 2024-10-24~2024-12-26,,,2025.1.2 6:12오후,,2025.1.2,2026.9.3,,rec8i4xXcw9JDTLCG,https://airtable.com/shr5t1qyPKytJvVBY?prefill_fldziB6bVRltNvUis=,1391,김민정,,,,,,,
SSU001392,checked,,제품 철수(졸업),김민정,판매기간: 2024-10-24~2024-12-26,,,2025.1.2 6:13오후,,2025.1.2,2026.9.3,,recsDEbzRngtp0B1L,https://airtable.com/shr5t1qyPKytJvVBY?prefill_fldziB6bVRltNvUis=,1392,김민정,,,,,,,
SSU001393,,PT2370-버티컬무선충전패드(15W)_블랙,판매가능,안다정,"협력사 재고 2,500개 1/7~1/8 사이에 재입고예정으로 판매재개합니다.",버티컬 무선충전패드,VWPD,2025.1.3 11:21오전,2026.8.13 10:29오전,2025.1.3,2026.8.12,rect9S1n0kLJJVTTv,,https://airtable.com/shr5t1qyPKytJvVBY?prefill_fldziB6bVRltNvUis=rect9S1n0kLJJVTTv,1393,안다정,PT2370-버티컬무선충전패드(15W)_블랙,,협력사,,,Product Parts,
SSU001394,,PT2268-레더라벨캠핑체어(세트_본품및파우치)_베이지,판매가능,김민정,재고 확보로 판매가능합니다.,레더라벨 캠핑체어,LTLB,2025.1.6 10:20오전,2025.10.10 12:46오후,2025.1.6,2025.10.9,recXHHuIeuzQkJCtk,,https://airtable.com/shr5t1qyPKytJvVBY?prefill_fldziB6bVRltNvUis=recXHHuIeuzQkJCtk,1394,김민정,PT2268-레더라벨캠핑체어(세트_본품및파우치)_베이지,,신시어리,,,Product Parts,
SSU001395,,PT2243-레더라벨캠핑체어(세트_본품및파우치)_블랙,판매가능,김민정,재고 확보로 판매가능합니다.,레더라벨 캠핑체어,LTLB,2025.1.6 10:20오전,,2025.1.6,2026.9.3,recN0rmhSkpMhaJNK,recN0rmhSkpMhaJNK,https://airtable.com/shr5t1qyPKytJvVBY?prefill_fldziB6bVRltNvUis=recN0rmhSkpMhaJNK,1395,김민정,PT2243-레더라벨캠핑체어(세트_본품및파우치)_블랙,,신시어리,,,Product Parts,
SSU001396,,PT2969-메시지캐리어파우치_실버,일시품절,정승윤,"기존 재고 품절입니다

현재 체크파이널 업로드 완료건
사전 홀딩된 [PNA31051-레이아웃] 과 현재 변경 예정인 네이버건
까지는 확보된 재고로 사용 가능합니다.

+ 현재 리뉴얼 중인 제품 약 1천개 곧 진행 준비가 완료됩니다.
현재 논의중인 건은 제게 공유주시면 안내드리겠습니다.",메시지 캐리어 파우치,MSGC,2025.1.7 10:32오전,2025.7.17 5:16오후,2025.1.7,2025.7.16,recWZPxXHsjnxuXpC,,https://airtable.com/shr5t1qyPKytJvVBY?prefill_fldziB6bVRltNvUis=recWZPxXHsjnxuXpC,1396,정승윤,PT2969-메시지캐리어파우치_실버,,신시어리,,,Product Parts,
SSU001397,,,판매가능,정승윤,협력사 과부하 해제로 품절해제하겠습니다.,,,2025.1.7 2:39오후,2025.11.3 11:33오전,2025.1.7,2025.11.2,,,https://airtable.com/shr5t1qyPKytJvVBY?prefill_fldziB6bVRltNvUis=,1397,정승윤,,,,,,,
SSU001398,,,판매가능,정승윤,협력사 과부하 해제로 품절해제하겠습니다.,,,2025.1.7 2:40오후,2026.1.7 1:51오후,2025.1.7,2026.1.6,,,https://airtable.com/shr5t1qyPKytJvVBY?prefill_fldziB6bVRltNvUis=,1398,정승윤,,,,,,,
SSU001399,checked,PT0833-레더스킨다이어리_블랙,일시품절,정승윤,재고소진 완료,레더스킨 다이어리,LSKD,2025.1.8 11:55오전,2025.2.17 9:36오전,2025.1.8,2025.2.16,recUFmvu3f10hWB6R,,https://airtable.com/shr5t1qyPKytJvVBY?prefill_fldziB6bVRltNvUis=recUFmvu3f10hWB6R,1399,정승윤,PT0833-레더스킨다이어리_블랙,,신시어리,,,Product Parts,
SSU001400,,PT2839-프라우드메모패드_커버_블랙,일시품절,김민정,"현재 체크파이널까지만 가능합니다. 
재입고 예정일은 2/7입니다. ",프라우드 메모패드,PMPB,2025.1.9 12:23오후,2025.1.9 2:21오후,2025.1.9,2025.1.8,reciLd1QOs3R44qmB,,https://airtable.com/shr5t1qyPKytJvVBY?prefill_fldziB6bVRltNvUis=reciLd1QOs3R44qmB,1400,김민정,PT2839-프라우드메모패드_커버_블랙,,신시어리,,,Product Parts,
SSU001401,,PT2839-프라우드메모패드_커버_블랙,일시품절,김민정,"현재 체크파이널까지만 가능하며, 재고생산 재입고 예정일은 2/7입니다.",프라우드 메모패드,PMPB,2025.1.9 2:21오후,2025.2.3 5:00오후,2025.1.9,2025.2.2,reciLd1QOs3R44qmB,,https://airtable.com/shr5t1qyPKytJvVBY?prefill_fldziB6bVRltNvUis=reciLd1QOs3R44qmB,1401,김민정,PT2839-프라우드메모패드_커버_블랙,,신시어리,,,Product Parts,
SSU001402,,PT4263-플러스멀티충전스테이션_블랙,일시품절,김민지,"협력사 재고 품절 및 춘절로 인해 3/15 부터 판매 가능합니다. 
고객 응대에 참고 부탁드립니다.

(최근 충전 안되는 제품이슈가 발생하여 전량 교체 하는 작업을 진행하여 보유하고 계셨던 재고를 모두 소진하셨다고 합니다. 중국 춘절 이후 생산가능하여 3/15에 협력사에 입고 예정으로 이후 부터 제작 가능합니다. )",플러스 멀티충전 스테이션,PLSM,2025.1.13 2:21오후,2025.3.7 11:22오전,2025.1.13,2025.3.6,recyM5hYOiHhO77wO,,https://airtable.com/shr5t1qyPKytJvVBY?prefill_fldziB6bVRltNvUis=recyM5hYOiHhO77wO,1402,김민지,PT4263-플러스멀티충전스테이션_블랙,,협력사,,,Product Parts,
SSU001403,,PT4262-플러스멀티충전스테이션_크림,품절예정,김민지,"현재 협력사에 재고 300개 남아있고 그중 50개는 PNA30976-티유브이라인란드코리아 건으로 홀딩중입니다. 
협력사 재고 품절 및 춘절로 인해 남은 250개 소진 후엔 3/15 부터 판매 가능합니다. 
고객 응대에 참고 부탁드립니다.

(최근 충전 안되는 제품이슈가 발생하여 전량 교체 하는 작업을 진행하여 보유하고 계셨던 재고를 모두 소진하셨다고 합니다. 중국 춘절 이후 생산가능하여 3/15에 협력사에 입고 예정으로 이후 부터 제작 가능합니다. )",플러스 멀티충전 스테이션,PLSM,2025.1.13 2:23오후,2025.3.7 11:24오전,2025.1.13,2025.3.6,recRmBYnWRG3gEvd8,,https://airtable.com/shr5t1qyPKytJvVBY?prefill_fldziB6bVRltNvUis=recRmBYnWRG3gEvd8,1403,김민지,PT4262-플러스멀티충전스테이션_크림,,협력사,,,Product Parts,
SSU001404,,PT2836-버튼링_반투명,일시품절,정승윤,현재 재고 입하건의 규격 이슈가 있어 인쇄가 불안정하여 임시품절입니다. 무지로는 진행이 가능합니다,퀵 버튼링 노트,QBRN,2025.1.13 5:03오후,2025.2.3 11:57오전,2025.1.13,2025.2.2,reclr8mOgGCtPx7PV,,https://airtable.com/shr5t1qyPKytJvVBY?prefill_fldziB6bVRltNvUis=reclr8mOgGCtPx7PV,1404,정승윤,PT2836-버튼링_반투명,,신시어리,,,Product Parts,
SSU001405,,PT2228-브랜디드노트북백_블랙,품절예정,김민정,현재고 81개로 품절예정입니다. 재입고예정일은 2월 27일입니다.,브랜디드 노트북백,BRDD,2025.1.15 11:51오전,2025.3.5 5:39오후,2025.1.15,2025.3.4,recHi0kLkGW3jImGB,,https://airtable.com/shr5t1qyPKytJvVBY?prefill_fldziB6bVRltNvUis=recHi0kLkGW3jImGB,1405,김민정,PT2228-브랜디드노트북백_블랙,,신시어리,,,Product Parts,
SSU001406,,,판매가능,안다정,"협력사 재고 입하되어 품절 해지합니다. (현재고 약 1,000개 이상 보유중)",,,2025.1.16 3:27오후,2026.1.7 12:10오후,2025.1.16,2026.1.6,,,https://airtable.com/shr5t1qyPKytJvVBY?prefill_fldziB6bVRltNvUis=,1406,안다정,,,,,,,
SSU001407,,PT0814-사파리볼펜_매트차콜블랙,일시품절,안다정,협력사 재고 소진 및 독일 제조사 측 생산공정 변경으로 인한 재입하 일정 미정,라미 사파리 펜,LAMY,2025.1.17 2:32오후,2025.3.25 3:50오후,2025.1.17,2025.3.24,recbXLuf0sCwBIVdg,,https://airtable.com/shr5t1qyPKytJvVBY?prefill_fldziB6bVRltNvUis=recbXLuf0sCwBIVdg,1407,안다정,PT0814-사파리볼펜_매트차콜블랙,,신시어리,,,Product Parts,
SSU001408,,PT0805-사파리볼펜_그린,일시품절,안다정,협력사 재고 소진 및 독일 제조사 측 생산공정 변경으로 인한 재입하 일정 미정,라미 사파리 펜,LAMY,2025.1.17 3:46오후,2025.3.25 3:47오후,2025.1.17,2025.3.24,recmXwx9eEXtfLYfa,,https://airtable.com/shr5t1qyPKytJvVBY?prefill_fldziB6bVRltNvUis=recmXwx9eEXtfLYfa,1408,안다정,PT0805-사파리볼펜_그린,,협력사,,,Product Parts,
SSU001409,,PT0808-사파리볼펜_레드,일시품절,안다정,협력사 재고 소진 및 독일 제조사 측 생산공정 변경으로 인한 재입하 일정 미정,라미 사파리 펜,LAMY,2025.1.17 3:46오후,2025.3.25 3:47오후,2025.1.17,2025.3.24,recfq2LaCKssAbwU7,,https://airtable.com/shr5t1qyPKytJvVBY?prefill_fldziB6bVRltNvUis=recfq2LaCKssAbwU7,1409,안다정,PT0808-사파리볼펜_레드,,협력사,,,Product Parts,
SSU001410,,PT0807-사파리볼펜_블루,일시품절,안다정,협력사 재고 소진 및 독일 제조사 측 생산공정 변경으로 인한 재입하 일정 미정,라미 사파리 펜,LAMY,2025.1.17 3:46오후,2025.3.25 3:47오후,2025.1.17,2025.3.24,recYhgLRWpPHeoAQi,,https://airtable.com/shr5t1qyPKytJvVBY?prefill_fldziB6bVRltNvUis=recYhgLRWpPHeoAQi,1410,안다정,PT0807-사파리볼펜_블루,,협력사,,,Product Parts,
SSU001411,,PT0806-사파리볼펜_샤이니블랙,일시품절,안다정,협력사 재고 소진 및 독일 제조사 측 생산공정 변경으로 인한 재입하 일정 미정,라미 사파리 펜,LAMY,2025.1.17 3:47오후,2025.3.25 3:48오후,2025.1.17,2025.3.24,recIgNYL4S403NEtz,,https://airtable.com/shr5t1qyPKytJvVBY?prefill_fldziB6bVRltNvUis=recIgNYL4S403NEtz,1411,안다정,PT0806-사파리볼펜_샤이니블랙,,협력사,,,Product Parts,
SSU001412,,PT0797-사파리볼펜_샤이니화이트,일시품절,안다정,협력사 재고 소진 및 독일 제조사 측 생산공정 변경으로 인한 재입하 일정 미정,라미 사파리 펜,LAMY,2025.1.17 3:47오후,2025.3.25 3:48오후,2025.1.17,2025.3.24,recEDv3OiS3PcW7Tm,,https://airtable.com/shr5t1qyPKytJvVBY?prefill_fldziB6bVRltNvUis=recEDv3OiS3PcW7Tm,1412,안다정,PT0797-사파리볼펜_샤이니화이트,,협력사,,,Product Parts,
SSU001413,,PT0804-사파리볼펜_옐로우,일시품절,안다정,협력사 재고 소진 및 독일 제조사 측 생산공정 변경으로 인한 재입하 일정 미정,라미 사파리 펜,LAMY,2025.1.17 3:47오후,2025.3.25 3:48오후,2025.1.17,2025.3.24,rec4qnCZTJ4907ohS,,https://airtable.com/shr5t1qyPKytJvVBY?prefill_fldziB6bVRltNvUis=rec4qnCZTJ4907ohS,1413,안다정,PT0804-사파리볼펜_옐로우,,협력사,,,Product Parts,
SSU001414,,PT0789-사파리볼펜_핑크,일시품절,안다정,협력사 재고 소진 및 독일 제조사 측 생산공정 변경으로 인한 재입하 일정 미정,라미 사파리 펜,LAMY,2025.1.17 3:48오후,2025.3.25 3:49오후,2025.1.17,2025.3.24,reciOpnSCXNAelapJ,,https://airtable.com/shr5t1qyPKytJvVBY?prefill_fldziB6bVRltNvUis=reciOpnSCXNAelapJ,1414,안다정,PT0789-사파리볼펜_핑크,,협력사,,,Product Parts,
SSU001415,,,판매가능,안다정,"협력사 현재 재고 1,000개로 확인되어 판매재개 합니다. 그린제품의 경우 협력사 재고 소진 속도가 빨라 건별 재고 확인하시는 것을 권장 드립니다.",,,2025.1.20 11:56오전,2025.1.20 4:53오후,2025.1.20,2025.1.19,,,https://airtable.com/shr5t1qyPKytJvVBY?prefill_fldziB6bVRltNvUis=,1415,안다정,,,,,,,
SSU001416,,,판매가능,이난영,상판불량 교체 완료. 판매 가능,,,2025.1.20 3:28오후,2025.4.12 4:36오후,2025.1.20,2025.4.11,,,https://airtable.com/shr5t1qyPKytJvVBY?prefill_fldziB6bVRltNvUis=,1416,이난영,,,,,,,
SSU001417,,,제품 철수(졸업),안다정,제품 리뉴얼되어 기존 버전 제품은 판매 불가합니다. PT4617-올데이텀블러_그린(ver2) 파츠로 판매 재개 업데이트 예정입니다.,,,2025.1.20 4:53오후,,2025.1.20,2026.9.3,,recQKZ4yJAsoIWa0l,https://airtable.com/shr5t1qyPKytJvVBY?prefill_fldziB6bVRltNvUis=,1417,안다정,,,,,,,
SSU001418,,PT4617-올데이텀블러_그린(ver2),판매가능,안다정,"올데이텀블러_그린 색상 리뉴얼버전으로 판매 재개 합니다. 기존버전은 소진되어 판매 불가하며, 그린 색상은 재고 소진이 빨라 건 별 재고 확인 권장 드립니다. (현재고 약 1,000개)

* 리뉴얼버전 파츠: PT4617-올데이텀블러_그린(ver2)",올데이 텀블러,ADYT,2025.1.20 4:56오후,2025.2.11 10:39오전,2025.1.20,2025.2.10,recN8ErSrAV7h2W7N,,https://airtable.com/shr5t1qyPKytJvVBY?prefill_fldziB6bVRltNvUis=recN8ErSrAV7h2W7N,1418,안다정,PT4617-올데이텀블러_그린(ver2),,협력사,,,Product Parts,
SSU001419,,PT4616-올데이텀블러_블랙(ver2),판매가능,안다정,"올데이텀블러_블랙 색상 리뉴얼버전으로 판매 재개 합니다. 기존버전은 소진되어 판매 불가하며, 블랙 색상은 재고 소진이 빨라 건 별 재고 확인 권장 드립니다. (현재고 약 300개)

* 리뉴얼버전 파츠: PT4616-올데이텀블러_블랙(ver2)",올데이 텀블러,ADYT,2025.1.20 4:57오후,2025.2.5 11:11오전,2025.1.20,2025.2.4,recAvzSlKUH1kStNq,,https://airtable.com/shr5t1qyPKytJvVBY?prefill_fldziB6bVRltNvUis=recAvzSlKUH1kStNq,1419,안다정,PT4616-올데이텀블러_블랙(ver2),,협력사,,,Product Parts,
SSU001420,,PT1236-슬로건다이어리_그레이,판매가능,김민정,재고입고되어 판매재개 합니다.,슬로건 다이어리,SLGN,2025.1.21 4:33오후,2026.1.19 4:58오후,2025.1.21,2026.1.18,recuLKG9FYarPEjVt,,https://airtable.com/shr5t1qyPKytJvVBY?prefill_fldziB6bVRltNvUis=recuLKG9FYarPEjVt,1420,김민정,PT1236-슬로건다이어리_그레이,,신시어리,,,Product Parts,
SSU001421,,PT1239-슬로건다이어리_블랙,판매가능,김민정,재고입고되어 판매재개 합니다.,슬로건 다이어리,SLGN,2025.1.21 4:34오후,2025.8.5 3:38오후,2025.1.21,2025.8.4,recwEwAaCd1CXCxD1,,https://airtable.com/shr5t1qyPKytJvVBY?prefill_fldziB6bVRltNvUis=recwEwAaCd1CXCxD1,1421,김민정,PT1239-슬로건다이어리_블랙,,신시어리,,,Product Parts,
SSU001422,,PT0832-레더스킨다이어리_그레이,일시품절,김민정,재고소진으로 일시품절입니다.,레더스킨 다이어리,LSKD,2025.1.21 4:38오후,2025.2.5 9:47오전,2025.1.21,2025.2.4,rec0qhXEO8UTVYp27,,https://airtable.com/shr5t1qyPKytJvVBY?prefill_fldziB6bVRltNvUis=rec0qhXEO8UTVYp27,1422,김민정,PT0832-레더스킨다이어리_그레이,,신시어리,,,Product Parts,
SSU001423,checked,,판매가능,정승윤,유리병 재입고로 판매 재개,,,2025.1.22 4:22오후,2025.10.23 5:05오후,2025.1.22,2025.10.22,,,https://airtable.com/shr5t1qyPKytJvVBY?prefill_fldziB6bVRltNvUis=,1423,정승윤,,,,,,,
SSU001424,checked,PT4501-미니스토어피규어세트_블랙,판매가능,김민정,최초등록,팝업스토어 피규어 세트,MSFG,2025.1.22 4:25오후,,2025.1.22,2026.9.3,recuS7fmLb9umbZ0M,recuS7fmLb9umbZ0M,https://airtable.com/shr5t1qyPKytJvVBY?prefill_fldziB6bVRltNvUis=recuS7fmLb9umbZ0M,1424,김민정,PT4501-미니스토어피규어세트_블랙,,협력사,,,Product Parts,
SSU001425,checked,PT4502-미니스토어피규어세트_화이트,판매가능,김민정,최초등록,팝업스토어 피규어 세트,MSFG,2025.1.22 4:25오후,,2025.1.22,2026.9.3,recgpmyc7dwnJ2B6b,recgpmyc7dwnJ2B6b,https://airtable.com/shr5t1qyPKytJvVBY?prefill_fldziB6bVRltNvUis=recgpmyc7dwnJ2B6b,1425,김민정,PT4502-미니스토어피규어세트_화이트,,협력사,,,Product Parts,
SSU001426,checked,PT4503-미니스토어피규어세트_레드,판매가능,김민정,최초등록,팝업스토어 피규어 세트,MSFG,2025.1.22 4:25오후,,2025.1.22,2026.9.3,recr80VB5TGe11SQO,recr80VB5TGe11SQO,https://airtable.com/shr5t1qyPKytJvVBY?prefill_fldziB6bVRltNvUis=recr80VB5TGe11SQO,1426,김민정,PT4503-미니스토어피규어세트_레드,,협력사,,,Product Parts,
SSU001427,checked,PT4504-미니스토어피규어세트_옐로우,판매가능,김민정,최초등록,팝업스토어 피규어 세트,MSFG,2025.1.22 4:25오후,,2025.1.22,2026.9.3,recq1D2gaDN3SH7MI,recq1D2gaDN3SH7MI,https://airtable.com/shr5t1qyPKytJvVBY?prefill_fldziB6bVRltNvUis=recq1D2gaDN3SH7MI,1427,김민정,PT4504-미니스토어피규어세트_옐로우,,협력사,,,Product Parts,
SSU001428,checked,PT4505-미니스토어피규어세트_그린,판매가능,김민정,최초등록,팝업스토어 피규어 세트,MSFG,2025.1.22 4:25오후,2025.1.22 4:25오후,2025.1.22,2025.1.21,reckvuXX7Si7wtPM2,,https://airtable.com/shr5t1qyPKytJvVBY?prefill_fldziB6bVRltNvUis=reckvuXX7Si7wtPM2,1428,김민정,PT4505-미니스토어피규어세트_그린,,협력사,,,Product Parts,
SSU001429,checked,PT4506-미니스토어피규어세트_블루,판매가능,김민정,최초등록,팝업스토어 피규어 세트,MSFG,2025.1.22 4:25오후,,2025.1.22,2026.9.3,recXVZOWYEEWkQ3dj,recXVZOWYEEWkQ3dj,https://airtable.com/shr5t1qyPKytJvVBY?prefill_fldziB6bVRltNvUis=recXVZOWYEEWkQ3dj,1429,김민정,PT4506-미니스토어피규어세트_블루,,협력사,,,Product Parts,
SSU001430,checked,PT4527-주차번호판피규어세트_블랙,판매가능,김민정,최초등록,주차번호판 피규어세트,FGPS,2025.1.22 4:25오후,2025.1.22 4:25오후,2025.1.22,2025.1.21,recZgdPVvUknEBPoo,,https://airtable.com/shr5t1qyPKytJvVBY?prefill_fldziB6bVRltNvUis=recZgdPVvUknEBPoo,1430,김민정,PT4527-주차번호판피규어세트_블랙,,협력사,,,Product Parts,
SSU001431,checked,PT4528-주차번호판피규어세트_화이트,판매가능,김민정,최초등록,주차번호판 피규어세트,FGPS,2025.1.22 4:25오후,,2025.1.22,2026.9.3,recgPdFN9CtsItEqP,recgPdFN9CtsItEqP,https://airtable.com/shr5t1qyPKytJvVBY?prefill_fldziB6bVRltNvUis=recgPdFN9CtsItEqP,1431,김민정,PT4528-주차번호판피규어세트_화이트,,협력사,,,Product Parts,
SSU001432,checked,PT4529-주차번호판피규어세트_레드,판매가능,김민정,최초등록,주차번호판 피규어세트,FGPS,2025.1.22 4:26오후,,2025.1.22,2026.9.3,recjFLrDqIPJOjVrs,recjFLrDqIPJOjVrs,https://airtable.com/shr5t1qyPKytJvVBY?prefill_fldziB6bVRltNvUis=recjFLrDqIPJOjVrs,1432,김민정,PT4529-주차번호판피규어세트_레드,,협력사,,,Product Parts,
SSU001433,checked,PT4530-주차번호판피규어세트_옐로우,판매가능,김민정,최초등록,주차번호판 피규어세트,FGPS,2025.1.22 4:26오후,2025.1.22 4:26오후,2025.1.22,2025.1.21,recpQRSHlA2vMn55d,,https://airtable.com/shr5t1qyPKytJvVBY?prefill_fldziB6bVRltNvUis=recpQRSHlA2vMn55d,1433,김민정,PT4530-주차번호판피규어세트_옐로우,,협력사,,,Product Parts,
SSU001434,checked,PT4531-주차번호판피규어세트_그린,판매가능,김민정,최초등록,주차번호판 피규어세트,FGPS,2025.1.22 4:26오후,2025.1.22 4:26오후,2025.1.22,2025.1.21,recWNhhYbfYZmvKfB,,https://airtable.com/shr5t1qyPKytJvVBY?prefill_fldziB6bVRltNvUis=recWNhhYbfYZmvKfB,1434,김민정,PT4531-주차번호판피규어세트_그린,,협력사,,,Product Parts,
SSU001435,checked,PT4532-주차번호판피규어세트_블루,판매가능,김민정,최초등록,주차번호판 피규어세트,FGPS,2025.1.22 4:26오후,,2025.1.22,2026.9.3,recmIzVeUrjd7QAPV,recmIzVeUrjd7QAPV,https://airtable.com/shr5t1qyPKytJvVBY?prefill_fldziB6bVRltNvUis=recmIzVeUrjd7QAPV,1435,김민정,PT4532-주차번호판피규어세트_블루,,협력사,,,Product Parts,
SSU001436,checked,PT4421-브랜디드피규어(기본피규어)_컬러,판매가능,김민정,최초등록,"브랜디드 피규어, 브랜디드 피규어 키링","BRPR, BRPK",2025.1.22 4:26오후,,2025.1.22,2026.9.3,recNfA6IBBY9LH9qk,recNfA6IBBY9LH9qk,https://airtable.com/shr5t1qyPKytJvVBY?prefill_fldziB6bVRltNvUis=recNfA6IBBY9LH9qk,1436,김민정,PT4421-브랜디드피규어(기본피규어)_컬러,,협력사,,,Product Parts,
SSU001437,checked,PT3373-시그니처다이어리_밴드_기본검정,판매가능,김민정,최초등록,시그니처 다이어리,SGND,2025.1.22 4:26오후,,2025.1.22,2026.9.3,recaauZJjZPr5I54g,recaauZJjZPr5I54g,https://airtable.com/shr5t1qyPKytJvVBY?prefill_fldziB6bVRltNvUis=recaauZJjZPr5I54g,1437,김민정,PT3373-시그니처다이어리_밴드_기본검정,,신시어리,,,Product Parts,
SSU001438,checked,,판매가능,김민정,최초등록,,,2025.1.22 4:26오후,2025.1.22 4:26오후,2025.1.22,2025.1.21,,,https://airtable.com/shr5t1qyPKytJvVBY?prefill_fldziB6bVRltNvUis=,1438,김민정,,,,,,,
SSU001439,checked,PT4220-시그니처다이어리_밴드_컬러,판매가능,김민정,최초등록,시그니처 다이어리,SGND,2025.1.22 4:26오후,,2025.1.22,2026.9.3,recvPQUJhWzkao5EK,recvPQUJhWzkao5EK,https://airtable.com/shr5t1qyPKytJvVBY?prefill_fldziB6bVRltNvUis=recvPQUJhWzkao5EK,1439,김민정,PT4220-시그니처다이어리_밴드_컬러,,생산,,,Product Parts,
SSU001440,checked,,판매가능,김민정,최초등록,,,2025.1.22 4:26오후,2025.9.22 10:23오전,2025.1.22,2025.9.21,,,https://airtable.com/shr5t1qyPKytJvVBY?prefill_fldziB6bVRltNvUis=,1440,김민정,,,,,,,
SSU001441,checked,,판매가능,김민정,최초등록,,,2025.1.22 4:26오후,2025.9.22 10:22오전,2025.1.22,2025.9.21,,,https://airtable.com/shr5t1qyPKytJvVBY?prefill_fldziB6bVRltNvUis=,1441,김민정,,,,,,,
SSU001442,checked,PT4400-라이트샤오미펜_화이트,판매가능,김민정,최초등록,라이트 샤오미펜,LXMP,2025.1.22 4:26오후,,2025.1.22,2026.9.3,rec81qXXlTk5SFJtJ,rec81qXXlTk5SFJtJ,https://airtable.com/shr5t1qyPKytJvVBY?prefill_fldziB6bVRltNvUis=rec81qXXlTk5SFJtJ,1442,김민정,PT4400-라이트샤오미펜_화이트,,신시어리,,,Product Parts,
SSU001443,checked,PT4494-헬로카드형USB(4GB)_화이트,판매가능,김민정,최초등록,헬로 카드형 USB,HUSB,2025.1.22 4:27오후,,2025.1.22,2026.9.3,rec3QpVrSCQGybnZi,rec3QpVrSCQGybnZi,https://airtable.com/shr5t1qyPKytJvVBY?prefill_fldziB6bVRltNvUis=rec3QpVrSCQGybnZi,1443,김민정,PT4494-헬로카드형USB(4GB)_화이트,,협력사,,,Product Parts,
SSU001444,checked,PT4535-헬로카드형USB(8GB)_화이트,판매가능,김민정,최초등록,헬로 카드형 USB,HUSB,2025.1.22 4:27오후,2025.1.22 4:27오후,2025.1.22,2025.1.21,rech0Ztjtb9EDLmpH,,https://airtable.com/shr5t1qyPKytJvVBY?prefill_fldziB6bVRltNvUis=rech0Ztjtb9EDLmpH,1444,김민정,PT4535-헬로카드형USB(8GB)_화이트,,협력사,,,Product Parts,
SSU001445,checked,PT4536-헬로카드형USB(16GB)_화이트,판매가능,김민정,최초등록,헬로 카드형 USB,HUSB,2025.1.22 4:27오후,,2025.1.22,2026.9.3,recaMPaYFEqS7Efbz,recaMPaYFEqS7Efbz,https://airtable.com/shr5t1qyPKytJvVBY?prefill_fldziB6bVRltNvUis=recaMPaYFEqS7Efbz,1445,김민정,PT4536-헬로카드형USB(16GB)_화이트,,협력사,,,Product Parts,
SSU001446,checked,PT4537-헬로카드형USB(32GB)_화이트,판매가능,김민정,최초등록,헬로 카드형 USB,HUSB,2025.1.22 4:27오후,,2025.1.22,2026.9.3,recuoSj3tgcNa5FIg,recuoSj3tgcNa5FIg,https://airtable.com/shr5t1qyPKytJvVBY?prefill_fldziB6bVRltNvUis=recuoSj3tgcNa5FIg,1446,김민정,PT4537-헬로카드형USB(32GB)_화이트,,협력사,,,Product Parts,
SSU001447,checked,PT4538-헬로카드형USB(64GB)_화이트,판매가능,김민정,최초등록,헬로 카드형 USB,HUSB,2025.1.22 4:27오후,,2025.1.22,2026.9.3,recDxhMQbKi5ftclA,recDxhMQbKi5ftclA,https://airtable.com/shr5t1qyPKytJvVBY?prefill_fldziB6bVRltNvUis=recDxhMQbKi5ftclA,1447,김민정,PT4538-헬로카드형USB(64GB)_화이트,,협력사,,,Product Parts,
SSU001448,checked,PT4539-헬로카드형USB(128GB)_화이트,판매가능,김민정,최초등록,헬로 카드형 USB,HUSB,2025.1.22 4:27오후,,2025.1.22,2026.9.3,recYYOvDtI9Vgb7a7,recYYOvDtI9Vgb7a7,https://airtable.com/shr5t1qyPKytJvVBY?prefill_fldziB6bVRltNvUis=recYYOvDtI9Vgb7a7,1448,김민정,PT4539-헬로카드형USB(128GB)_화이트,,협력사,,,Product Parts,
SSU001449,checked,PT4562-투명아크릴(레귤러),판매가능,김민정,최초등록,브랜드팝 클리어 키링,BCAK,2025.1.22 4:27오후,,2025.1.22,2026.9.3,recRlziKSW7pKlAbz,recRlziKSW7pKlAbz,https://airtable.com/shr5t1qyPKytJvVBY?prefill_fldziB6bVRltNvUis=recRlziKSW7pKlAbz,1449,김민정,PT4562-투명아크릴(레귤러),,생산,,,Product Parts,
SSU001450,checked,PT4563-투명아크릴(레귤러+레귤러),판매가능,김민정,최초등록,브랜드팝 클리어 키링,BCAK,2025.1.22 4:27오후,,2025.1.22,2026.9.3,reccbwvopJmiOSNKI,reccbwvopJmiOSNKI,https://airtable.com/shr5t1qyPKytJvVBY?prefill_fldziB6bVRltNvUis=reccbwvopJmiOSNKI,1450,김민정,PT4563-투명아크릴(레귤러+레귤러),,생산,,,Product Parts,
SSU001451,checked,PT4564-투명아크릴(라지),판매가능,김민정,최초등록,브랜드팝 클리어 키링,BCAK,2025.1.22 4:27오후,,2025.1.22,2026.9.3,rec1cwfZe21zq3u8E,rec1cwfZe21zq3u8E,https://airtable.com/shr5t1qyPKytJvVBY?prefill_fldziB6bVRltNvUis=rec1cwfZe21zq3u8E,1451,김민정,PT4564-투명아크릴(라지),,생산,,,Product Parts,
SSU001452,checked,PT4565-투명아크릴(라지+레귤러),판매가능,김민정,최초등록,브랜드팝 클리어 키링,BCAK,2025.1.22 4:27오후,,2025.1.22,2026.9.3,reckXwGtlmWMHIjhw,reckXwGtlmWMHIjhw,https://airtable.com/shr5t1qyPKytJvVBY?prefill_fldziB6bVRltNvUis=reckXwGtlmWMHIjhw,1452,김민정,PT4565-투명아크릴(라지+레귤러),,생산,,,Product Parts,
SSU001453,checked,PT4640-투명아크릴(라지+라지),판매가능,김민정,최초등록,브랜드팝 클리어 키링,BCAK,2025.1.22 4:27오후,2025.1.22 4:27오후,2025.1.22,2025.1.21,recpDiturvnzFeLt4,,https://airtable.com/shr5t1qyPKytJvVBY?prefill_fldziB6bVRltNvUis=recpDiturvnzFeLt4,1453,김민정,PT4640-투명아크릴(라지+라지),,생산,,,Product Parts,
SSU001454,checked,PT4641-은경아크릴(라지+라지),판매가능,김민정,최초등록,샤인 미러 키링,SMAK,2025.1.22 4:27오후,,2025.1.22,2026.9.3,recVGeKhFvXnSpZoD,recVGeKhFvXnSpZoD,https://airtable.com/shr5t1qyPKytJvVBY?prefill_fldziB6bVRltNvUis=recVGeKhFvXnSpZoD,1454,김민정,PT4641-은경아크릴(라지+라지),,생산,,,Product Parts,
SSU001455,checked,PT4385-글로시키링_아크릴(레귤러)_컬러,판매가능,김민정,최초등록,글로시 키링,GKEY,2025.1.22 4:27오후,,2025.1.22,2026.9.3,recBDL2hpx7oD0KcA,recBDL2hpx7oD0KcA,https://airtable.com/shr5t1qyPKytJvVBY?prefill_fldziB6bVRltNvUis=recBDL2hpx7oD0KcA,1455,김민정,PT4385-글로시키링_아크릴(레귤러)_컬러,,생산,,,Product Parts,
SSU001456,checked,PT4388-글로시키링_아크릴(라지)_컬러,판매가능,김민정,최초등록,글로시 키링,GKEY,2025.1.22 4:27오후,,2025.1.22,2026.9.3,recC6BwpDUwka0svy,recC6BwpDUwka0svy,https://airtable.com/shr5t1qyPKytJvVBY?prefill_fldziB6bVRltNvUis=recC6BwpDUwka0svy,1456,김민정,PT4388-글로시키링_아크릴(라지)_컬러,,생산,,,Product Parts,
SSU001457,checked,,판매가능,김민정,최초등록,,,2025.1.22 4:28오후,2025.4.7 5:27오후,2025.1.22,2025.4.6,,,https://airtable.com/shr5t1qyPKytJvVBY?prefill_fldziB6bVRltNvUis=,1457,김민정,,,,,,,
SSU001458,checked,PT4576-은경아크릴(레귤러),판매가능,김민정,최초등록,샤인 미러 키링,SMAK,2025.1.22 4:28오후,,2025.1.22,2026.9.3,rec8VPKCKmHpSWDWr,rec8VPKCKmHpSWDWr,https://airtable.com/shr5t1qyPKytJvVBY?prefill_fldziB6bVRltNvUis=rec8VPKCKmHpSWDWr,1458,김민정,PT4576-은경아크릴(레귤러),,생산,,,Product Parts,
SSU001459,checked,PT4577-은경아크릴(레귤러+레귤러),판매가능,김민정,최초등록,샤인 미러 키링,SMAK,2025.1.22 4:28오후,2025.1.22 4:28오후,2025.1.22,2025.1.21,reciwVhikplOQPp6h,,https://airtable.com/shr5t1qyPKytJvVBY?prefill_fldziB6bVRltNvUis=reciwVhikplOQPp6h,1459,김민정,PT4577-은경아크릴(레귤러+레귤러),,생산,,,Product Parts,
SSU001460,checked,PT4578-은경아크릴(라지),판매가능,김민정,최초등록,샤인 미러 키링,SMAK,2025.1.22 4:28오후,2025.1.22 4:28오후,2025.1.22,2025.1.21,recCRnhiDWEFd9kGi,,https://airtable.com/shr5t1qyPKytJvVBY?prefill_fldziB6bVRltNvUis=recCRnhiDWEFd9kGi,1460,김민정,PT4578-은경아크릴(라지),,생산,,,Product Parts,
SSU001461,checked,PT4579-은경아크릴(라지+레귤러),판매가능,김민정,최초등록,샤인 미러 키링,SMAK,2025.1.22 4:28오후,,2025.1.22,2026.9.3,recTtsohcHQYZc8SC,recTtsohcHQYZc8SC,https://airtable.com/shr5t1qyPKytJvVBY?prefill_fldziB6bVRltNvUis=recTtsohcHQYZc8SC,1461,김민정,PT4579-은경아크릴(라지+레귤러),,생산,,,Product Parts,
SSU001462,checked,,판매가능,김민정,최초등록,,,2025.1.22 4:28오후,,2025.1.22,2026.9.3,,recQbPgE2mkb3zibt,https://airtable.com/shr5t1qyPKytJvVBY?prefill_fldziB6bVRltNvUis=,1462,김민정,,,,,,,
SSU001463,checked,,판매가능,김민정,최초등록,,,2025.1.22 4:28오후,2025.1.22 4:28오후,2025.1.22,2025.1.21,,,https://airtable.com/shr5t1qyPKytJvVBY?prefill_fldziB6bVRltNvUis=,1463,김민정,,,,,,,
SSU001464,checked,,판매가능,김민정,최초등록,,,2025.1.22 4:28오후,2025.1.22 4:28오후,2025.1.22,2025.1.21,,,https://airtable.com/shr5t1qyPKytJvVBY?prefill_fldziB6bVRltNvUis=,1464,김민정,,,,,,,
SSU001465,checked,,판매가능,김민정,최초등록,,,2025.1.22 4:28오후,2025.6.16 3:34오후,2025.1.22,2025.6.15,,,https://airtable.com/shr5t1qyPKytJvVBY?prefill_fldziB6bVRltNvUis=,1465,김민정,,,,,,,
SSU001466,checked,PT4615-올데이텀블러_화이트(ver2),일시품절,김민정,최초등록,올데이 텀블러,ADYT,2025.1.22 4:28오후,2025.1.22 4:28오후,2025.1.22,2025.1.21,recy5U3ytIOoRtkXP,,https://airtable.com/shr5t1qyPKytJvVBY?prefill_fldziB6bVRltNvUis=recy5U3ytIOoRtkXP,1466,김민정,PT4615-올데이텀블러_화이트(ver2),,신시어리,,,Product Parts,
SSU001467,checked,PT4657-베이직무선충전마우스패드_블랙,판매가능,김민정,최초등록,베이직 무선충전 마우스패드,BMMP,2025.1.22 4:28오후,,2025.1.22,2026.9.3,reca7LaDo6FGCh2Jj,,https://airtable.com/shr5t1qyPKytJvVBY?prefill_fldziB6bVRltNvUis=reca7LaDo6FGCh2Jj,1467,김민정,PT4657-베이직무선충전마우스패드_블랙,,협력사,,,Product Parts,
SSU001468,checked,PT4658-베이직무선충전마우스패드_카멜,판매가능,김민정,최초등록,베이직 무선충전 마우스패드,BMMP,2025.1.22 4:28오후,,2025.1.22,2026.9.3,recofLGGYVh3o4rAm,,https://airtable.com/shr5t1qyPKytJvVBY?prefill_fldziB6bVRltNvUis=recofLGGYVh3o4rAm,1468,김민정,PT4658-베이직무선충전마우스패드_카멜,,협력사,,,Product Parts,
SSU001469,checked,PT4679-밸류무선충전마우스패드_그레이,판매가능,김민정,최초등록,밸류 무선충전 마우스패드,SMMP,2025.1.22 4:28오후,,2025.1.22,2026.9.3,recNfL6ayQuVwtlrY,,https://airtable.com/shr5t1qyPKytJvVBY?prefill_fldziB6bVRltNvUis=recNfL6ayQuVwtlrY,1469,김민정,PT4679-밸류무선충전마우스패드_그레이,,협력사,,,Product Parts,
SSU001470,checked,PT4680-밸류무선충전마우스패드_다크그레이,판매가능,김민정,최초등록,밸류 무선충전 마우스패드,SMMP,2025.1.22 4:28오후,,2025.1.22,2026.9.3,recB7xMFYkidckiGl,,https://airtable.com/shr5t1qyPKytJvVBY?prefill_fldziB6bVRltNvUis=recB7xMFYkidckiGl,1470,김민정,PT4680-밸류무선충전마우스패드_다크그레이,,협력사,,,Product Parts,
SSU001471,checked,PT4681-밸류무선충전마우스패드_딥그린,판매가능,김민정,최초등록,밸류 무선충전 마우스패드,SMMP,2025.1.22 4:28오후,,2025.1.22,2026.9.3,recljw1rDI5PzNDza,,https://airtable.com/shr5t1qyPKytJvVBY?prefill_fldziB6bVRltNvUis=recljw1rDI5PzNDza,1471,김민정,PT4681-밸류무선충전마우스패드_딥그린,,협력사,,,Product Parts,
SSU001472,checked,PT4682-밸류무선충전마우스패드_브라운,판매가능,김민정,최초등록,밸류 무선충전 마우스패드,SMMP,2025.1.22 4:28오후,,2025.1.22,2026.9.3,recfYdsKhgZOY9Xkl,,https://airtable.com/shr5t1qyPKytJvVBY?prefill_fldziB6bVRltNvUis=recfYdsKhgZOY9Xkl,1472,김민정,PT4682-밸류무선충전마우스패드_브라운,,협력사,,,Product Parts,
SSU001473,checked,,판매가능,김민정,최초등록,,,2025.1.22 4:28오후,,2025.1.22,2026.9.3,,,https://airtable.com/shr5t1qyPKytJvVBY?prefill_fldziB6bVRltNvUis=,1473,김민정,,,,,,,
SSU001474,,,판매가능,김민지,협력사 재고 입고 완료,,,2025.1.24 2:24오후,2025.2.11 2:01오후,2025.1.24,2025.2.10,,,https://airtable.com/shr5t1qyPKytJvVBY?prefill_fldziB6bVRltNvUis=,1474,김민지,,,,,,,
SSU001475,,PT1682-트래블링차량용소화기_레드,판매가능,김민지,협력사 케파 정상화,세이프라이프 차량용소화기,TCFE,2025.1.24 2:42오후,,2025.1.24,2026.9.3,rec2yPU6XZzsdEmAk,rec2yPU6XZzsdEmAk,https://airtable.com/shr5t1qyPKytJvVBY?prefill_fldziB6bVRltNvUis=rec2yPU6XZzsdEmAk,1475,김민지,PT1682-트래블링차량용소화기_레드,,협력사,,,Product Parts,
SSU001476,,PT1685-트래블링차량용소화기_블랙,판매가능,김민지,협력사 케파 정상화,세이프라이프 차량용소화기,TCFE,2025.1.24 2:42오후,,2025.1.24,2026.9.3,rectpbAuPPfet38Oo,rectpbAuPPfet38Oo,https://airtable.com/shr5t1qyPKytJvVBY?prefill_fldziB6bVRltNvUis=rectpbAuPPfet38Oo,1476,김민지,PT1685-트래블링차량용소화기_블랙,,협력사,,,Product Parts,
SSU001477,,PT1684-트래블링차량용소화기_화이트,판매가능,김민지,협력사 케파 정상화,세이프라이프 차량용소화기,TCFE,2025.1.24 2:42오후,,2025.1.24,2026.9.3,recyxlo5j0Qk6me4O,recyxlo5j0Qk6me4O,https://airtable.com/shr5t1qyPKytJvVBY?prefill_fldziB6bVRltNvUis=recyxlo5j0Qk6me4O,1477,김민지,PT1684-트래블링차량용소화기_화이트,,협력사,,,Product Parts,
SSU001478,,,제품 철수(졸업),안다정,협력사 (강천) 내부적으로 금형 이슈가 있어 장기간 신규 금형 제작 검토하였으나 판매율에 비해 금형제작 비용 부담이 있어 단종처리 하는 것으로 결정되었다고 합니다. 판매불가하여 내부 졸업 검토 부탁 드립니다.,,,2025.1.24 3:09오후,,2025.1.24,2026.9.3,,recqCJVzSsS6GMp9m,https://airtable.com/shr5t1qyPKytJvVBY?prefill_fldziB6bVRltNvUis=,1478,안다정,,,,,,,
SSU001479,,,제품 철수(졸업),안다정,협력사 (강천) 내부적으로 금형 이슈가 있어 장기간 신규 금형 제작 검토하였으나 판매율에 비해 금형제작 비용 부담이 있어 단종처리 하는 것으로 결정되었다고 합니다. 판매불가하여 내부 졸업 검토 부탁 드립니다.,,,2025.1.24 3:09오후,,2025.1.24,2026.9.3,,recGmbDP2pAlvnUUQ,https://airtable.com/shr5t1qyPKytJvVBY?prefill_fldziB6bVRltNvUis=,1479,안다정,,,,,,,
SSU001480,,,제품 철수(졸업),안다정,협력사 (강천) 내부적으로 금형 이슈가 있어 장기간 신규 금형 제작 검토하였으나 판매율에 비해 금형제작 비용 부담이 있어 단종처리 하는 것으로 결정되었다고 합니다. 판매불가하여 내부 졸업 검토 부탁 드립니다.,,,2025.1.24 3:10오후,,2025.1.24,2026.9.3,,recxLz0Bjbg2fYj4E,https://airtable.com/shr5t1qyPKytJvVBY?prefill_fldziB6bVRltNvUis=,1480,안다정,,,,,,,
SSU001481,,PT1202-스펙트럼컬러펜(컬러잉크)_다크그린,판매가능,김민지,협력사 재고 재입고 됨.,스펙트럼 컬러펜,SPCP,2025.1.24 3:22오후,2025.3.18 3:56오후,2025.1.24,2025.3.17,recICZfqZ5l4YVeQ5,,https://airtable.com/shr5t1qyPKytJvVBY?prefill_fldziB6bVRltNvUis=recICZfqZ5l4YVeQ5,1481,김민지,PT1202-스펙트럼컬러펜(컬러잉크)_다크그린,,협력사,,,Product Parts,
SSU001482,checked,,판매가능,김민정,최초등록,,,2025.2.3 9:25오전,2025.4.30 11:09오전,2025.2.3,2025.4.29,,,https://airtable.com/shr5t1qyPKytJvVBY?prefill_fldziB6bVRltNvUis=,1482,김민정,,,,,,,
SSU001483,checked,,판매가능,김민정,최초등록,,,2025.2.3 9:26오전,,2025.2.3,2026.9.3,,receYafU4tGwvJiOX,https://airtable.com/shr5t1qyPKytJvVBY?prefill_fldziB6bVRltNvUis=,1483,김민정,,,,,,,
SSU001484,,,일시품절,김민지,협력사 재고 일시품절 재입고 일정 확인중,,,2025.2.3 10:44오전,2025.2.11 2:05오후,2025.2.3,2025.2.10,,,https://airtable.com/shr5t1qyPKytJvVBY?prefill_fldziB6bVRltNvUis=,1484,김민지,,,,,,,
SSU001485,,PT2836-버튼링_반투명,판매가능,정승윤,"내부생산 진행 가능 검토완료되어 판매재개됩니다.
인쇄 업체가 변경되어 재발주시에는 색감 차이 약간 발생할 수 있어 사전 고객 안내 부탁드립니다.",퀵 버튼링 노트,QBRN,2025.2.3 11:57오전,,2025.2.3,2026.9.3,reclr8mOgGCtPx7PV,reclr8mOgGCtPx7PV,https://airtable.com/shr5t1qyPKytJvVBY?prefill_fldziB6bVRltNvUis=reclr8mOgGCtPx7PV,1485,정승윤,PT2836-버튼링_반투명,,신시어리,,,Product Parts,
SSU001486,,PT3854-미스트워터보틀_반투명화이트,일시품절,정승윤,현재 업체 보관수량 약 100~150개로 우선 품절처리 후 관리 부탁드립니다.,미스트 워터보틀,MIST,2025.2.3 3:47오후,2025.3.11 11:20오전,2025.2.3,2025.3.10,recjfsnYVez8C9Lsi,,https://airtable.com/shr5t1qyPKytJvVBY?prefill_fldziB6bVRltNvUis=recjfsnYVez8C9Lsi,1486,정승윤,PT3854-미스트워터보틀_반투명화이트,,신시어리,,,Product Parts,
SSU001487,,PT2839-프라우드메모패드_커버_블랙,판매가능,김민정,2/7 재고입고예정으로 판매재개합니다.,프라우드 메모패드,PMPB,2025.2.3 5:00오후,2025.12.15 3:49오후,2025.2.3,2025.12.14,reciLd1QOs3R44qmB,,https://airtable.com/shr5t1qyPKytJvVBY?prefill_fldziB6bVRltNvUis=reciLd1QOs3R44qmB,1487,김민정,PT2839-프라우드메모패드_커버_블랙,,신시어리,,,Product Parts,
SSU001488,,PT4093-프라임폴더블멀티충전기_다크그레이,일시품절,정승윤,업체 재고 품절 /3~4월 중 입하예정(중국생산 이후),프라임 폴더블 멀티충전기,PRMF,2025.2.4 4:21오후,2025.2.18 12:36오후,2025.2.4,2025.2.17,rec1oBK4OgXwxoY4F,,https://airtable.com/shr5t1qyPKytJvVBY?prefill_fldziB6bVRltNvUis=rec1oBK4OgXwxoY4F,1488,정승윤,PT4093-프라임폴더블멀티충전기_다크그레이,,신시어리,,,Product Parts,
SSU001489,,,판매가능,정승윤,"퀵차지 보조배터리 _후면인쇄 판매 재개 요청드립니다.
내부 테스트 완료하여 진행 가능합니다.",,,2025.2.4 4:26오후,,2025.2.4,2026.9.3,,recTEPyE5dOEtEZQQ,https://airtable.com/shr5t1qyPKytJvVBY?prefill_fldziB6bVRltNvUis=,1489,정승윤,,,,,,,
SSU001490,,PT0832-레더스킨다이어리_그레이,판매가능,김민정,"판매 재개 합니다 :)
블랙은 2/20 재입고 예정으로 차주 판매 재개 예정입니다!",레더스킨 다이어리,LSKD,2025.2.5 9:47오전,2025.12.10 3:28오후,2025.2.5,2025.12.9,rec0qhXEO8UTVYp27,,https://airtable.com/shr5t1qyPKytJvVBY?prefill_fldziB6bVRltNvUis=rec0qhXEO8UTVYp27,1490,김민정,PT0832-레더스킨다이어리_그레이,,신시어리,,,Product Parts,
SSU001491,,PT4616-올데이텀블러_블랙(ver2),제품 철수(졸업),김민지,협력사측 재고 소진으로 3월 중순이후에 재입고 예정입니다.,올데이 텀블러,ADYT,2025.2.5 11:11오전,2026.7.6 10:17오전,2025.2.5,2026.7.5,recAvzSlKUH1kStNq,,https://airtable.com/shr5t1qyPKytJvVBY?prefill_fldziB6bVRltNvUis=recAvzSlKUH1kStNq,1491,김민지,PT4616-올데이텀블러_블랙(ver2),,협력사,,,Product Parts,
SSU001492,,,품절예정,안다정,"올데이텀블러_화이트 (구버전) 현 재고 약 406개 정도 남아있어 소진 후 품절 예정입니다. 
현재 응대 건들은 고객 소통 시 참고 부탁 드리며 문의 인입 시 발주 전 건별 재고 확인 부탁 드립니다. (구버전 소진 후 신버전으로 진행되며, 신버전은 중국 춘절로 인해 3월 중 입하예상됩니다.)",,,2025.2.7 12:16오후,2025.2.13 2:45오후,2025.2.7,2025.2.12,,,https://airtable.com/shr5t1qyPKytJvVBY?prefill_fldziB6bVRltNvUis=,1492,안다정,,,,,,,
SSU001493,,PT4617-올데이텀블러_그린(ver2),제품 철수(졸업),안다정,협력사 재고 소진 (3월 중순 이후 재입고 예정),올데이 텀블러,ADYT,2025.2.11 10:39오전,2026.7.6 10:17오전,2025.2.11,2026.7.5,recN8ErSrAV7h2W7N,,https://airtable.com/shr5t1qyPKytJvVBY?prefill_fldziB6bVRltNvUis=recN8ErSrAV7h2W7N,1493,안다정,PT4617-올데이텀블러_그린(ver2),,협력사,,,Product Parts,
SSU001494,,,제품 철수(졸업),김민정,"베이직 / 밸류 무선충전 마우스패드가 출시가 완료되며
신시어리의 오랜친구 미니멀무선충전 마우스패드 졸업합니다.",,,2025.2.11 2:01오후,,2025.2.11,2026.9.3,,recQmcDy2qigBkCbe,https://airtable.com/shr5t1qyPKytJvVBY?prefill_fldziB6bVRltNvUis=,1494,김민정,,,,,,,
SSU001495,checked,,제품 철수(졸업),김민정,졸업합니다.,,,2025.2.11 2:05오후,,2025.2.11,2026.9.3,,rec8ZtdNrl8C1SjTZ,https://airtable.com/shr5t1qyPKytJvVBY?prefill_fldziB6bVRltNvUis=,1495,김민정,,,,,,,
SSU001496,checked,,제품 철수(졸업),김민정,졸업합니다.,,,2025.2.11 2:05오후,,2025.2.11,2026.9.3,,recLIHBHoHf4cBmvn,https://airtable.com/shr5t1qyPKytJvVBY?prefill_fldziB6bVRltNvUis=,1496,김민정,,,,,,,
SSU001497,checked,,제품 철수(졸업),김민정,졸업합니다.,,,2025.2.11 2:05오후,,2025.2.11,2026.9.3,,recmhqLfMERabgy0I,https://airtable.com/shr5t1qyPKytJvVBY?prefill_fldziB6bVRltNvUis=,1497,김민정,,,,,,,
SSU001498,checked,,제품 철수(졸업),김민정,졸업합니다.,,,2025.2.11 2:05오후,,2025.2.11,2026.9.3,,recei1Hl4lES8GJhI,https://airtable.com/shr5t1qyPKytJvVBY?prefill_fldziB6bVRltNvUis=,1498,김민정,,,,,,,
SSU001499,checked,,제품 철수(졸업),김민정,졸업합니다.,,,2025.2.11 2:05오후,,2025.2.11,2026.9.3,,recUFYaKlNfXpo62f,https://airtable.com/shr5t1qyPKytJvVBY?prefill_fldziB6bVRltNvUis=,1499,김민정,,,,,,,
SSU001500,checked,,제품 철수(졸업),김민정,졸업합니다.,,,2025.2.11 2:05오후,,2025.2.11,2026.9.3,,recXTnGbLa6WWubSV,https://airtable.com/shr5t1qyPKytJvVBY?prefill_fldziB6bVRltNvUis=,1500,김민정,,,,,,,
SSU001501,checked,,제품 철수(졸업),김민정,졸업합니다.,,,2025.2.11 2:05오후,,2025.2.11,2026.9.3,,recxbJRKlXYVgvFZR,https://airtable.com/shr5t1qyPKytJvVBY?prefill_fldziB6bVRltNvUis=,1501,김민정,,,,,,,
SSU001502,checked,,제품 철수(졸업),김민정,졸업합니다.,,,2025.2.11 2:05오후,,2025.2.11,2026.9.3,,recYBTfjuYY1eZJYt,https://airtable.com/shr5t1qyPKytJvVBY?prefill_fldziB6bVRltNvUis=,1502,김민정,,,,,,,
SSU001503,checked,,제품 철수(졸업),김민정,졸업합니다.,,,2025.2.11 2:07오후,,2025.2.11,2026.9.3,,recQPxq57fHeYU0UQ,https://airtable.com/shr5t1qyPKytJvVBY?prefill_fldziB6bVRltNvUis=,1503,김민정,,,,,,,
SSU001504,checked,,제품 철수(졸업),김민정,졸업합니다.,,,2025.2.11 2:07오후,,2025.2.11,2026.9.3,,recd26bkmuc4uuWEY,https://airtable.com/shr5t1qyPKytJvVBY?prefill_fldziB6bVRltNvUis=,1504,김민정,,,,,,,
SSU001505,checked,,제품 철수(졸업),김민정,졸업합니다.,,,2025.2.11 2:07오후,,2025.2.11,2026.9.3,,recc5pZf9fEWNXHHj,https://airtable.com/shr5t1qyPKytJvVBY?prefill_fldziB6bVRltNvUis=,1505,김민정,,,,,,,
SSU001509,checked,PT4619-카드트레이피규어세트_블랙,판매가능,김민정,최초등록,카드트레이 피규어 세트,CTPS,2025.2.12 9:08오전,,2025.2.12,2026.9.3,recB6TaYQiRkBDRnp,recB6TaYQiRkBDRnp,https://airtable.com/shr5t1qyPKytJvVBY?prefill_fldziB6bVRltNvUis=recB6TaYQiRkBDRnp,1509,김민정,PT4619-카드트레이피규어세트_블랙,,협력사,,,Product Parts,
SSU001510,checked,PT4620-카드트레이피규어세트_화이트,판매가능,김민정,최초등록,카드트레이 피규어 세트,CTPS,2025.2.12 9:08오전,,2025.2.12,2026.9.3,recqawh6MdEpxhtTW,recqawh6MdEpxhtTW,https://airtable.com/shr5t1qyPKytJvVBY?prefill_fldziB6bVRltNvUis=recqawh6MdEpxhtTW,1510,김민정,PT4620-카드트레이피규어세트_화이트,,협력사,,,Product Parts,
SSU001511,checked,PT4621-카드트레이피규어세트_레드,판매가능,김민정,최초등록,카드트레이 피규어 세트,CTPS,2025.2.12 9:08오전,2025.2.12 9:08오전,2025.2.12,2025.2.11,recqZZ632oXo3N6u2,,https://airtable.com/shr5t1qyPKytJvVBY?prefill_fldziB6bVRltNvUis=recqZZ632oXo3N6u2,1511,김민정,PT4621-카드트레이피규어세트_레드,,협력사,,,Product Parts,
SSU001512,checked,PT4622-카드트레이피규어세트_옐로우,판매가능,김민정,최초등록,카드트레이 피규어 세트,CTPS,2025.2.12 9:08오전,,2025.2.12,2026.9.3,recGV6sykapI61joT,recGV6sykapI61joT,https://airtable.com/shr5t1qyPKytJvVBY?prefill_fldziB6bVRltNvUis=recGV6sykapI61joT,1512,김민정,PT4622-카드트레이피규어세트_옐로우,,협력사,,,Product Parts,
SSU001513,checked,PT4471-핸드블록(A),판매가능,김민정,최초등록,"브랜디드 피규어, 브랜디드 피규어 키링","BRPR, BRPK",2025.2.12 9:08오전,,2025.2.12,2026.9.3,recI2Ihx1GlYl8xwz,recI2Ihx1GlYl8xwz,https://airtable.com/shr5t1qyPKytJvVBY?prefill_fldziB6bVRltNvUis=recI2Ihx1GlYl8xwz,1513,김민정,PT4471-핸드블록(A),,협력사,,,Product Parts,
SSU001514,checked,PT4472-핸드블록(B),판매가능,김민정,최초등록,"브랜디드 피규어, 브랜디드 피규어 키링","BRPR, BRPK",2025.2.12 9:08오전,,2025.2.12,2026.9.3,rec2Aa2tpyRQZmviH,rec2Aa2tpyRQZmviH,https://airtable.com/shr5t1qyPKytJvVBY?prefill_fldziB6bVRltNvUis=rec2Aa2tpyRQZmviH,1514,김민정,PT4472-핸드블록(B),,협력사,,,Product Parts,
SSU001515,checked,PT4473-핸드블록(C),판매가능,김민정,최초등록,"브랜디드 피규어, 브랜디드 피규어 키링","BRPR, BRPK",2025.2.12 9:08오전,,2025.2.12,2026.9.3,recQGQPzOq4eN2jih,recQGQPzOq4eN2jih,https://airtable.com/shr5t1qyPKytJvVBY?prefill_fldziB6bVRltNvUis=recQGQPzOq4eN2jih,1515,김민정,PT4473-핸드블록(C),,협력사,,,Product Parts,
SSU001516,checked,PT4483-피규어부품(산타커스텀(수염+모자)),판매가능,김민정,최초등록,"브랜디드 피규어, 브랜디드 피규어 키링, 챔피언 피규어 트로피","BRPR, BRPK, CFTP",2025.2.12 9:08오전,2025.2.12 9:08오전,2025.2.12,2025.2.11,recjSFSq0FELmq80O,,https://airtable.com/shr5t1qyPKytJvVBY?prefill_fldziB6bVRltNvUis=recjSFSq0FELmq80O,1516,김민정,PT4483-피규어부품(산타커스텀(수염+모자)),,협력사,,,Product Parts,
SSU001517,checked,PT4514-디스플레이피규어세트_블랙,판매가능,김민정,최초등록,디스플레이 피규어 세트,DPFG,2025.2.12 9:08오전,,2025.2.12,2026.9.3,recHmu3qiFOBExpdu,recHmu3qiFOBExpdu,https://airtable.com/shr5t1qyPKytJvVBY?prefill_fldziB6bVRltNvUis=recHmu3qiFOBExpdu,1517,김민정,PT4514-디스플레이피규어세트_블랙,,협력사,,,Product Parts,
SSU001518,checked,PT4515-디스플레이피규어세트_화이트,판매가능,김민정,최초등록,디스플레이 피규어 세트,DPFG,2025.2.12 9:08오전,2025.2.12 9:08오전,2025.2.12,2025.2.11,recfK9909AhvATuBw,,https://airtable.com/shr5t1qyPKytJvVBY?prefill_fldziB6bVRltNvUis=recfK9909AhvATuBw,1518,김민정,PT4515-디스플레이피규어세트_화이트,,협력사,,,Product Parts,
SSU001519,checked,PT4516-디스플레이피규어세트_레드,판매가능,김민정,최초등록,디스플레이 피규어 세트,DPFG,2025.2.12 9:08오전,,2025.2.12,2026.9.3,rec9dTQo8zMM9T8HH,rec9dTQo8zMM9T8HH,https://airtable.com/shr5t1qyPKytJvVBY?prefill_fldziB6bVRltNvUis=rec9dTQo8zMM9T8HH,1519,김민정,PT4516-디스플레이피규어세트_레드,,협력사,,,Product Parts,
SSU001520,checked,PT4517-디스플레이피규어세트_옐로우,판매가능,김민정,최초등록,디스플레이 피규어 세트,DPFG,2025.2.12 9:08오전,,2025.2.12,2026.9.3,recvsiM3rmGksafqI,recvsiM3rmGksafqI,https://airtable.com/shr5t1qyPKytJvVBY?prefill_fldziB6bVRltNvUis=recvsiM3rmGksafqI,1520,김민정,PT4517-디스플레이피규어세트_옐로우,,협력사,,,Product Parts,
SSU001521,checked,PT4518-디스플레이피규어세트_그린,판매가능,김민정,최초등록,디스플레이 피규어 세트,DPFG,2025.2.12 9:08오전,,2025.2.12,2026.9.3,recnkv2NOYiRohyjm,recnkv2NOYiRohyjm,https://airtable.com/shr5t1qyPKytJvVBY?prefill_fldziB6bVRltNvUis=recnkv2NOYiRohyjm,1521,김민정,PT4518-디스플레이피규어세트_그린,,협력사,,,Product Parts,
SSU001522,checked,PT4519-디스플레이피규어세트_블루,판매가능,김민정,최초등록,디스플레이 피규어 세트,DPFG,2025.2.12 9:08오전,2025.2.12 9:08오전,2025.2.12,2025.2.11,reclxkkhMPDZB26YU,,https://airtable.com/shr5t1qyPKytJvVBY?prefill_fldziB6bVRltNvUis=reclxkkhMPDZB26YU,1522,김민정,PT4519-디스플레이피규어세트_블루,,협력사,,,Product Parts,
SSU001523,checked,PT4623-카드트레이피규어세트_그린,판매가능,김민정,최초등록,카드트레이 피규어 세트,CTPS,2025.2.12 9:09오전,2025.2.12 9:09오전,2025.2.12,2025.2.11,rec1sKg7QuiwT404C,,https://airtable.com/shr5t1qyPKytJvVBY?prefill_fldziB6bVRltNvUis=rec1sKg7QuiwT404C,1523,김민정,PT4623-카드트레이피규어세트_그린,,협력사,,,Product Parts,
SSU001524,checked,PT4624-카드트레이피규어세트_블루,판매가능,김민정,최초등록,카드트레이 피규어 세트,CTPS,2025.2.12 9:09오전,2025.2.12 9:09오전,2025.2.12,2025.2.11,recfTvPgEU2YIFnau,,https://airtable.com/shr5t1qyPKytJvVBY?prefill_fldziB6bVRltNvUis=recfTvPgEU2YIFnau,1524,김민정,PT4624-카드트레이피규어세트_블루,,협력사,,,Product Parts,
SSU001525,checked,PT4679-밸류무선충전마우스패드_그레이,일시품절,정승윤,"3월초 입고 예정
",밸류 무선충전 마우스패드,SMMP,2025.2.12 9:09오전,2025.3.18 11:32오전,2025.2.12,2025.3.17,recNfL6ayQuVwtlrY,,https://airtable.com/shr5t1qyPKytJvVBY?prefill_fldziB6bVRltNvUis=recNfL6ayQuVwtlrY,1525,정승윤,PT4679-밸류무선충전마우스패드_그레이,,협력사,,,Product Parts,
SSU001526,checked,PT4680-밸류무선충전마우스패드_다크그레이,일시품절,정승윤,"3월초 입고 예정
",밸류 무선충전 마우스패드,SMMP,2025.2.12 9:09오전,2025.3.18 11:33오전,2025.2.12,2025.3.17,recB7xMFYkidckiGl,,https://airtable.com/shr5t1qyPKytJvVBY?prefill_fldziB6bVRltNvUis=recB7xMFYkidckiGl,1526,정승윤,PT4680-밸류무선충전마우스패드_다크그레이,,협력사,,,Product Parts,
SSU001527,checked,PT4681-밸류무선충전마우스패드_딥그린,일시품절,정승윤,"3월초 입고 예정
",밸류 무선충전 마우스패드,SMMP,2025.2.12 9:09오전,2025.3.18 11:33오전,2025.2.12,2025.3.17,recljw1rDI5PzNDza,,https://airtable.com/shr5t1qyPKytJvVBY?prefill_fldziB6bVRltNvUis=recljw1rDI5PzNDza,1527,정승윤,PT4681-밸류무선충전마우스패드_딥그린,,협력사,,,Product Parts,
SSU001528,,PT0501-미르텀블러_화이트,판매가능,안다정,"협력사 재고 1,500개 입하되어 품절 해제 합니다.",MiiR 텀블러,MIRT,2025.2.13 11:37오전,2026.1.28 11:37오전,2025.2.13,2026.1.27,recFoI68WKxoEUJUj,,https://airtable.com/shr5t1qyPKytJvVBY?prefill_fldziB6bVRltNvUis=recFoI68WKxoEUJUj,1528,안다정,PT0501-미르텀블러_화이트,,신시어리,,,Product Parts,
SSU001529,,,일시품절,안다정,"재고 소진으로 일시품절 합니다. (중국춘절로 인해 3월중 입하예정이며, 앞으로 전색상 ver2로만 진행될 예정입니다.)",,,2025.2.13 2:45오후,2025.3.28 3:28오후,2025.2.13,2025.3.27,,,https://airtable.com/shr5t1qyPKytJvVBY?prefill_fldziB6bVRltNvUis=,1529,안다정,,,,,,,
SSU001530,,PT0833-레더스킨다이어리_블랙,판매가능,이난영,재고생산완료,레더스킨 다이어리,LSKD,2025.2.17 9:36오전,2025.12.8 3:17오후,2025.2.17,2025.12.7,recUFmvu3f10hWB6R,,https://airtable.com/shr5t1qyPKytJvVBY?prefill_fldziB6bVRltNvUis=recUFmvu3f10hWB6R,1530,이난영,PT0833-레더스킨다이어리_블랙,,신시어리,,,Product Parts,
SSU001531,,PT2742-슈가케인스트로우_크림,일시품절,김민정,스트로우 재고소진으로 일시품절입니다. 4월 재입고 예정입니다.,슈가케인 텀블러,SGCN,2025.2.17 4:19오후,2025.6.16 3:36오후,2025.2.17,2025.6.15,recy1ODK8IjBvEGMQ,,https://airtable.com/shr5t1qyPKytJvVBY?prefill_fldziB6bVRltNvUis=recy1ODK8IjBvEGMQ,1531,김민정,PT2742-슈가케인스트로우_크림,,신시어리,,,Product Parts,
SSU001532,,PT1779-골프공(타이틀리스트프로V1),품절예정,김민정,"타이틀리스트프로v1이 2025년 버전이 3월 초 입고 예정으로, 
2월은 수급이 안정적이지 않습니다. 

프로젝트 진행 전 재고 문의 부탁드립니다. ","프레젠트 골프공 3구, 에디션 골프공 & 볼마커 6구 세트","PSGB, EDGB",2025.2.17 4:49오후,2025.3.7 10:50오전,2025.2.17,2025.3.6,recxX7s4YC82Xb4xc,,https://airtable.com/shr5t1qyPKytJvVBY?prefill_fldziB6bVRltNvUis=recxX7s4YC82Xb4xc,1532,김민정,PT1779-골프공(타이틀리스트프로V1),,신시어리,,,Product Parts,
SSU001533,,PT4093-프라임폴더블멀티충전기_다크그레이,판매가능,정승윤,2/28 국내 320개 재고 입고로 확보해두었습니다. 인쇄 포함 신시어리 입고는 3월 초부터 가능하여 고객 응대에 참고 부탁드립니다.,프라임 폴더블 멀티충전기,PRMF,2025.2.18 12:36오후,2025.12.9 5:18오후,2025.2.18,2025.12.8,rec1oBK4OgXwxoY4F,,https://airtable.com/shr5t1qyPKytJvVBY?prefill_fldziB6bVRltNvUis=rec1oBK4OgXwxoY4F,1533,정승윤,PT4093-프라임폴더블멀티충전기_다크그레이,,신시어리,,,Product Parts,
SSU001534,,PT4478-스탠리슬림보틀_매트블랙,일시품절,정승윤,품절입니다. 현재 입고일정은 미정이나 4월 경 예측하고 있습니다(해외수급에 외부요소가 있어 변동 가능성 적진 않습니다),스탠리 슬림 보틀,STLS,2025.2.21 11:29오전,2025.5.8 4:27오후,2025.2.21,2025.5.7,recXEinwby7Rjczvw,,https://airtable.com/shr5t1qyPKytJvVBY?prefill_fldziB6bVRltNvUis=recXEinwby7Rjczvw,1534,정승윤,PT4478-스탠리슬림보틀_매트블랙,,협력사,,,Product Parts,
SSU001535,,PT4476-스탠리슬림보틀_폴라화이트,일시품절,정승윤,품절입니다. 현재 입고일정은 미정이나 4월 경 예측하고 있습니다(해외수급에 외부요소가 있어 변동 가능성 적진 않습니다),스탠리 슬림 보틀,STLS,2025.2.21 11:48오전,2025.5.8 4:28오후,2025.2.21,2025.5.7,recuJdsdoDVRHBztP,,https://airtable.com/shr5t1qyPKytJvVBY?prefill_fldziB6bVRltNvUis=recuJdsdoDVRHBztP,1535,정승윤,PT4476-스탠리슬림보틀_폴라화이트,,협력사,,,Product Parts,
SSU001536,,PT2474-스펙트럼컬러펜(블랙잉크)_리인벤트에디션,일시품절,김민지,협력사 재고소진으로 3월 중순이후부터 판매재개 예정,스펙트럼 컬러펜,SPCP,2025.2.24 12:24오후,2025.3.18 3:54오후,2025.2.24,2025.3.17,recmfZV1wU0BPuItU,,https://airtable.com/shr5t1qyPKytJvVBY?prefill_fldziB6bVRltNvUis=recmfZV1wU0BPuItU,1536,김민지,PT2474-스펙트럼컬러펜(블랙잉크)_리인벤트에디션,,협력사,,,Product Parts,
SSU001537,,PT1200-스펙트럼컬러펜(컬러잉크)_다크네이비,일시품절,김민지,"협력사 재고소진으로 일시품절 , 3월 말 재입고 예정",스펙트럼 컬러펜,SPCP,2025.2.24 12:27오후,2025.3.25 10:59오전,2025.2.24,2025.3.24,reco3fXNhxhapSegS,,https://airtable.com/shr5t1qyPKytJvVBY?prefill_fldziB6bVRltNvUis=reco3fXNhxhapSegS,1537,김민지,PT1200-스펙트럼컬러펜(컬러잉크)_다크네이비,,협력사,,,Product Parts,
SSU001538,,PT2741-슈가케인텀블러(360ml)_크림,품절예정,김민정,체크파이널 제외하고 122개 남았습니다. 재입고일은 4월중으로 예상되어 품절예정으로 판매상태 전환합니다.,슈가케인 텀블러,SGCN,2025.2.26 5:26오후,2025.4.4 12:00오후,2025.2.26,2025.4.3,recPwl2PFVXoLcMF5,,https://airtable.com/shr5t1qyPKytJvVBY?prefill_fldziB6bVRltNvUis=recPwl2PFVXoLcMF5,1538,김민정,PT2741-슈가케인텀블러(360ml)_크림,,신시어리,,,Product Parts,
SSU001539,,,판매가능,김민정,326개 재고로 판매재개합니다.,,,2025.2.26 5:33오후,2025.6.18 6:13오후,2025.2.26,2025.6.17,,,https://airtable.com/shr5t1qyPKytJvVBY?prefill_fldziB6bVRltNvUis=,1539,김민정,,,,,,,
SSU001540,,,판매가능,김민정,검수완료하여 판매재개합니다.,,,2025.2.26 5:33오후,2025.6.4 2:36오후,2025.2.26,2025.6.3,,,https://airtable.com/shr5t1qyPKytJvVBY?prefill_fldziB6bVRltNvUis=,1540,김민정,,,,,,,
SSU001541,,,품절예정,안다정,"킵세이프마그넷배터리 협력사 (감성코퍼레이션) 내부 사정으로 현 재고 소진 후 단종 예정이라고 합니다. 단종 사유는 올해 4월 중에 대체 모델이 출시될 예정으로 단종 결정을 하셨다고 해요. 대체품은 기존 킵세이프마그넷배터리 보다 단가가 저렴한 제품으로 출시 예정이라고 합니다. 

또한, 킵세이프마그넷배터리는 현재 감성코퍼레이션 측에 2,000개 정도 재고가 남아있으며, 차주중 내부적으로 선매입 여부 결정 필요할 것 같습니다. (구매팀 검토 필요)",,,2025.2.28 5:18오후,2025.4.7 2:06오후,2025.2.28,2025.4.6,,,https://airtable.com/shr5t1qyPKytJvVBY?prefill_fldziB6bVRltNvUis=,1541,안다정,,,,,,,
SSU001542,,PT2228-브랜디드노트북백_블랙,판매가능,김민정,재고 입고로 품절예정에서 판매가능으로 변경합니다.,브랜디드 노트북백,BRDD,2025.3.5 5:39오후,2025.9.23 4:44오후,2025.3.5,2025.9.22,recHi0kLkGW3jImGB,,https://airtable.com/shr5t1qyPKytJvVBY?prefill_fldziB6bVRltNvUis=recHi0kLkGW3jImGB,1542,김민정,PT2228-브랜디드노트북백_블랙,,신시어리,,,Product Parts,
SSU001543,,PT1779-골프공(타이틀리스트프로V1),판매가능,김민정,골프공 수급이 원활하여 품절예정에서 판매가능으로 변경합니다,"프레젠트 골프공 3구, 에디션 골프공 & 볼마커 6구 세트","PSGB, EDGB",2025.3.7 10:50오전,2025.12.4 11:25오전,2025.3.7,2025.12.3,recxX7s4YC82Xb4xc,,https://airtable.com/shr5t1qyPKytJvVBY?prefill_fldziB6bVRltNvUis=recxX7s4YC82Xb4xc,1543,김민정,PT1779-골프공(타이틀리스트프로V1),,신시어리,,,Product Parts,
SSU001544,checked,PT4442-에센셜와인오프너세트_블랙,제품 철수(졸업),,최초등록,"에센셜 와인오프너 세트, 셀렉티브 전동오프너&와인잔 세트","ESWO, WWST",2025.3.7 11:01오전,,2025.3.7,2026.9.3,recqtNKf6g0Oeev5p,recqtNKf6g0Oeev5p,https://airtable.com/shr5t1qyPKytJvVBY?prefill_fldziB6bVRltNvUis=recqtNKf6g0Oeev5p,1544,,PT4442-에센셜와인오프너세트_블랙,,협력사,,,Product Parts,
SSU001545,checked,PT4745-임팩트슬로건타월_화이트,,,최초등록,임팩트 슬로건타월,IPST,2025.3.7 11:01오전,2026.6.17 2:20오후,2025.3.7,2026.6.16,recvzDdo7NQXMXUSQ,,https://airtable.com/shr5t1qyPKytJvVBY?prefill_fldziB6bVRltNvUis=recvzDdo7NQXMXUSQ,1545,,PT4745-임팩트슬로건타월_화이트,,생산,,,Product Parts,
SSU001546,checked,PT4774-런치백,,,최초등록,해피웨이 런치백,HWDG,2025.3.7 11:01오전,,2025.3.7,2026.9.3,recsCl4hOmISXxKc0,recsCl4hOmISXxKc0,https://airtable.com/shr5t1qyPKytJvVBY?prefill_fldziB6bVRltNvUis=recsCl4hOmISXxKc0,1546,,PT4774-런치백,,생산,,,Product Parts,
SSU001547,checked,,,,최초등록,,,2025.3.7 11:01오전,,2025.3.7,2026.9.3,,rec411bn1th80vSIy,https://airtable.com/shr5t1qyPKytJvVBY?prefill_fldziB6bVRltNvUis=,1547,,,,,,,,
SSU001548,checked,,,,,,,2025.3.7 11:02오전,,2025.3.7,2026.9.3,,recMPJ6B1GNw0ylXU,https://airtable.com/shr5t1qyPKytJvVBY?prefill_fldziB6bVRltNvUis=,1548,,,,,,,,
SSU001549,,PT4263-플러스멀티충전스테이션_블랙,판매가능,김민지,협력사 재고생산 완료,플러스 멀티충전 스테이션,PLSM,2025.3.7 11:22오전,2025.9.19 4:32오후,2025.3.7,2025.9.18,recyM5hYOiHhO77wO,,https://airtable.com/shr5t1qyPKytJvVBY?prefill_fldziB6bVRltNvUis=recyM5hYOiHhO77wO,1549,김민지,PT4263-플러스멀티충전스테이션_블랙,,협력사,,,Product Parts,
SSU001550,,PT4262-플러스멀티충전스테이션_크림,판매가능,김민지,협력사 재고 재입고완료,플러스 멀티충전 스테이션,PLSM,2025.3.7 11:24오전,2025.9.19 4:33오후,2025.3.7,2025.9.18,recRmBYnWRG3gEvd8,,https://airtable.com/shr5t1qyPKytJvVBY?prefill_fldziB6bVRltNvUis=recRmBYnWRG3gEvd8,1550,김민지,PT4262-플러스멀티충전스테이션_크림,,협력사,,,Product Parts,
SSU001551,,PT3446-위시오브제캔들_컬러,일시품절,김민정,"복초 몰드 신규제작이 필요하여 당장 판매가 어려워, 일시 품절 처리합니다.
(제품철수 고려 대상)",위시 오브제 캔들,OJCD,2025.3.10 11:13오전,2025.3.20 10:29오전,2025.3.10,2025.3.19,recUzmY9WjiwdMuus,,https://airtable.com/shr5t1qyPKytJvVBY?prefill_fldziB6bVRltNvUis=recUzmY9WjiwdMuus,1551,김민정,PT3446-위시오브제캔들_컬러,,생산,,,Product Parts,
SSU001552,,PT3854-미스트워터보틀_반투명화이트,판매가능,김영준,재고 생산 완료되었습니다!,미스트 워터보틀,MIST,2025.3.11 11:20오전,2025.5.15 3:51오후,2025.3.11,2025.5.14,recjfsnYVez8C9Lsi,,https://airtable.com/shr5t1qyPKytJvVBY?prefill_fldziB6bVRltNvUis=recjfsnYVez8C9Lsi,1552,김영준,PT3854-미스트워터보틀_반투명화이트,,신시어리,,,Product Parts,
SSU001553,,PT3856-미스트워터보틀_더스티핑크,판매가능,김민정,"더스티핑크 400개 재고생산 완료되어, 판매재개합니다.",미스트 워터보틀,MIST,2025.3.11 11:21오전,2025.6.9 3:14오후,2025.3.11,2025.6.8,reczhBTwD3QmLu6uO,,https://airtable.com/shr5t1qyPKytJvVBY?prefill_fldziB6bVRltNvUis=reczhBTwD3QmLu6uO,1553,김민정,PT3856-미스트워터보틀_더스티핑크,,신시어리,,,Product Parts,
SSU001554,,PT3855-미스트워터보틀_다크그레이,판매가능,김민정,500개 확보하여 미스트워터보틀 전색상 판매재개합니다.,미스트 워터보틀,MIST,2025.3.11 11:21오전,2025.4.23 2:20오후,2025.3.11,2025.4.22,rectwHwXV2IUhBBSy,,https://airtable.com/shr5t1qyPKytJvVBY?prefill_fldziB6bVRltNvUis=rectwHwXV2IUhBBSy,1554,김민정,PT3855-미스트워터보틀_다크그레이,,신시어리,,,Product Parts,
SSU001555,,,제품 철수(졸업),김민정,"재고 모두 소진하여, 졸업 검토 중이며, 현재 판매 불가입니다.",,,2025.3.12 9:47오전,2025.5.21 8:45오전,2025.3.12,2025.5.20,,,https://airtable.com/shr5t1qyPKytJvVBY?prefill_fldziB6bVRltNvUis=,1555,김민정,,,,,,,
SSU001556,checked,PT4736-월드와이드멀티어댑터_블랙,판매가능,김민정,최초등록,월드와이드 멀티어댑터,WWMA,2025.3.14 5:13오후,2026.2.25 4:01오후,2025.3.14,2026.2.24,rec5uSRIBFZ9hx77L,,https://airtable.com/shr5t1qyPKytJvVBY?prefill_fldziB6bVRltNvUis=rec5uSRIBFZ9hx77L,1556,김민정,PT4736-월드와이드멀티어댑터_블랙,,협력사,,,Product Parts,
SSU001557,checked,PT4737-월드와이드멀티어댑터_화이트,판매가능,김민정,최초등록,월드와이드 멀티어댑터,WWMA,2025.3.14 5:13오후,2025.7.9 11:19오전,2025.3.14,2025.7.8,recdRhHFhSaVuYwOy,,https://airtable.com/shr5t1qyPKytJvVBY?prefill_fldziB6bVRltNvUis=recdRhHFhSaVuYwOy,1557,김민정,PT4737-월드와이드멀티어댑터_화이트,,신시어리,,,Product Parts,
SSU001558,checked,PT4402-단품박스(스탠다드)_화이트_09WH,판매가능,김민정,최초등록,"월드와이드 멀티어댑터, 휴대용캐리어저울","WWMA, FFTS",2025.3.14 5:13오후,,2025.3.14,2026.9.3,recWsmGNAevcsr1lx,recWsmGNAevcsr1lx,https://airtable.com/shr5t1qyPKytJvVBY?prefill_fldziB6bVRltNvUis=recWsmGNAevcsr1lx,1558,김민정,PT4402-단품박스(스탠다드)_화이트_09WH,,신시어리,,,Package Parts,
SSU001559,checked,,판매가능,김민정,최초등록,,,2025.3.14 5:14오후,,2025.3.14,2026.9.3,,recltjr8ZAG23IenP,https://airtable.com/shr5t1qyPKytJvVBY?prefill_fldziB6bVRltNvUis=,1559,김민정,,,,,,,
SSU001560,checked,,판매가능,김민정,최초등록,,,2025.3.14 5:14오후,,2025.3.14,2026.9.3,,recatLTdkkvU8BRNf,https://airtable.com/shr5t1qyPKytJvVBY?prefill_fldziB6bVRltNvUis=,1560,김민정,,,,,,,
SSU001561,,PT1516-미니가든피규어세트(괴마옥),판매가능,안다정,기온변화로 판매가 가능하게 되어 판매 재개 합니다.,미니가든 피규어 세트,ISGK,2025.3.17 10:04오전,2025.12.8 11:53오전,2025.3.17,2025.12.7,rec078denQY9WPeql,,https://airtable.com/shr5t1qyPKytJvVBY?prefill_fldziB6bVRltNvUis=rec078denQY9WPeql,1561,안다정,PT1516-미니가든피규어세트(괴마옥),,협력사,,,Product Parts,
SSU001562,,PT1513-미니가든피규어세트(용신목),판매가능,안다정,기온변화로 판매가 가능하게 되어 판매 재개 합니다.,미니가든 피규어 세트,ISGK,2025.3.17 10:04오전,2025.12.8 11:53오전,2025.3.17,2025.12.7,recWj6OwQH1wZY40s,,https://airtable.com/shr5t1qyPKytJvVBY?prefill_fldziB6bVRltNvUis=recWj6OwQH1wZY40s,1562,안다정,PT1513-미니가든피규어세트(용신목),,협력사,,,Product Parts,
SSU001563,,PT4679-밸류무선충전마우스패드_그레이,판매가능,김민정,"협력사 재고 입고되어, 판매재개합니다.",밸류 무선충전 마우스패드,SMMP,2025.3.18 11:32오전,,2025.3.18,2026.9.3,recNfL6ayQuVwtlrY,recNfL6ayQuVwtlrY,https://airtable.com/shr5t1qyPKytJvVBY?prefill_fldziB6bVRltNvUis=recNfL6ayQuVwtlrY,1563,김민정,PT4679-밸류무선충전마우스패드_그레이,,협력사,,,Product Parts,
SSU001564,,PT4680-밸류무선충전마우스패드_다크그레이,판매가능,김민정,"협력사 재고 입고되어, 판매재개합니다.",밸류 무선충전 마우스패드,SMMP,2025.3.18 11:33오전,,2025.3.18,2026.9.3,recB7xMFYkidckiGl,recB7xMFYkidckiGl,https://airtable.com/shr5t1qyPKytJvVBY?prefill_fldziB6bVRltNvUis=recB7xMFYkidckiGl,1564,김민정,PT4680-밸류무선충전마우스패드_다크그레이,,협력사,,,Product Parts,
SSU001565,,PT4681-밸류무선충전마우스패드_딥그린,판매가능,김민정,"협력사 재고 입고되어, 판매재개합니다.",밸류 무선충전 마우스패드,SMMP,2025.3.18 11:33오전,,2025.3.18,2026.9.3,recljw1rDI5PzNDza,recljw1rDI5PzNDza,https://airtable.com/shr5t1qyPKytJvVBY?prefill_fldziB6bVRltNvUis=recljw1rDI5PzNDza,1565,김민정,PT4681-밸류무선충전마우스패드_딥그린,,협력사,,,Product Parts,
SSU001566,,PT2474-스펙트럼컬러펜(블랙잉크)_리인벤트에디션,판매가능,김민지,재입고,스펙트럼 컬러펜,SPCP,2025.3.18 3:54오후,2025.5.28 2:57오후,2025.3.18,2025.5.27,recmfZV1wU0BPuItU,,https://airtable.com/shr5t1qyPKytJvVBY?prefill_fldziB6bVRltNvUis=recmfZV1wU0BPuItU,1566,김민지,PT2474-스펙트럼컬러펜(블랙잉크)_리인벤트에디션,,협력사,,,Product Parts,
SSU001567,,PT1211-스펙트럼컬러펜(블랙잉크)_다크블루,일시품절,김민지,4월 초 재입고 예정,스펙트럼 컬러펜,SPCP,2025.3.18 3:55오후,2025.7.23 11:56오전,2025.3.18,2025.7.22,recTrEKWZfZC4FpLv,,https://airtable.com/shr5t1qyPKytJvVBY?prefill_fldziB6bVRltNvUis=recTrEKWZfZC4FpLv,1567,김민지,PT1211-스펙트럼컬러펜(블랙잉크)_다크블루,,협력사,,,Product Parts,
SSU001568,,PT1202-스펙트럼컬러펜(컬러잉크)_다크그린,일시품절,김민지,3월 말 재입고 예정,스펙트럼 컬러펜,SPCP,2025.3.18 3:56오후,2025.3.25 10:59오전,2025.3.18,2025.3.24,recICZfqZ5l4YVeQ5,,https://airtable.com/shr5t1qyPKytJvVBY?prefill_fldziB6bVRltNvUis=recICZfqZ5l4YVeQ5,1568,김민지,PT1202-스펙트럼컬러펜(컬러잉크)_다크그린,,협력사,,,Product Parts,
SSU001569,,PT1664-클립아트펜(네온)_시트러스,일시품절,안다정,협력사 재고 소진,클립 아트펜,CLIP,2025.3.18 5:57오후,2025.12.23 4:50오후,2025.3.18,2025.12.22,recj6GOxCSOJeAzUD,,https://airtable.com/shr5t1qyPKytJvVBY?prefill_fldziB6bVRltNvUis=recj6GOxCSOJeAzUD,1569,안다정,PT1664-클립아트펜(네온)_시트러스,,협력사,,,Product Parts,
SSU001570,,PT1650-클립아트펜(네온)_바질,일시품절,안다정,협력사 재고 소진,클립 아트펜,CLIP,2025.3.19 10:13오전,2025.12.23 4:50오후,2025.3.19,2025.12.22,recuUbXwPawSf7fMj,,https://airtable.com/shr5t1qyPKytJvVBY?prefill_fldziB6bVRltNvUis=recuUbXwPawSf7fMj,1570,안다정,PT1650-클립아트펜(네온)_바질,,협력사,,,Product Parts,
SSU001571,,PT3446-위시오브제캔들_컬러,판매가능,김민지,복초 몰드 25개 신규제작 확정되어 판매가능합니다.,위시 오브제 캔들,OJCD,2025.3.20 10:29오전,,2025.3.20,2026.9.3,recUzmY9WjiwdMuus,recUzmY9WjiwdMuus,https://airtable.com/shr5t1qyPKytJvVBY?prefill_fldziB6bVRltNvUis=recUzmY9WjiwdMuus,1571,김민지,PT3446-위시오브제캔들_컬러,,생산,,,Product Parts,
SSU001572,,PT1200-스펙트럼컬러펜(컬러잉크)_다크네이비,판매가능,김민지,협력사 재고 재입고 완료,스펙트럼 컬러펜,SPCP,2025.3.25 10:59오전,2025.5.28 2:56오후,2025.3.25,2025.5.27,reco3fXNhxhapSegS,,https://airtable.com/shr5t1qyPKytJvVBY?prefill_fldziB6bVRltNvUis=reco3fXNhxhapSegS,1572,김민지,PT1200-스펙트럼컬러펜(컬러잉크)_다크네이비,,협력사,,,Product Parts,
SSU001573,,PT1202-스펙트럼컬러펜(컬러잉크)_다크그린,판매가능,김민지,협력사 재고 재입고 완료,스펙트럼 컬러펜,SPCP,2025.3.25 10:59오전,2025.7.23 11:44오전,2025.3.25,2025.7.22,recICZfqZ5l4YVeQ5,,https://airtable.com/shr5t1qyPKytJvVBY?prefill_fldziB6bVRltNvUis=recICZfqZ5l4YVeQ5,1573,김민지,PT1202-스펙트럼컬러펜(컬러잉크)_다크그린,,협력사,,,Product Parts,
SSU001574,,PT0805-사파리볼펜_그린,판매가능,안다정,"판매재개 합니다. 단, 통상 재고 소량 보유중으로, 건별 재고 문의 후 진행 부탁 드립니다 :)",라미 사파리 펜,LAMY,2025.3.25 3:47오후,,2025.3.25,2026.9.3,recmXwx9eEXtfLYfa,recmXwx9eEXtfLYfa,https://airtable.com/shr5t1qyPKytJvVBY?prefill_fldziB6bVRltNvUis=recmXwx9eEXtfLYfa,1574,안다정,PT0805-사파리볼펜_그린,,협력사,,,Product Parts,
SSU001575,,PT0808-사파리볼펜_레드,판매가능,안다정,"판매재개 합니다. 단, 통상 재고 소량 보유중으로, 건별 재고 문의 후 진행 부탁 드립니다 :)",라미 사파리 펜,LAMY,2025.3.25 3:47오후,,2025.3.25,2026.9.3,recfq2LaCKssAbwU7,recfq2LaCKssAbwU7,https://airtable.com/shr5t1qyPKytJvVBY?prefill_fldziB6bVRltNvUis=recfq2LaCKssAbwU7,1575,안다정,PT0808-사파리볼펜_레드,,협력사,,,Product Parts,
SSU001576,,PT0807-사파리볼펜_블루,판매가능,안다정,"판매재개 합니다. 단, 통상 재고 소량 보유중으로, 건별 재고 문의 후 진행 부탁 드립니다 :)",라미 사파리 펜,LAMY,2025.3.25 3:47오후,,2025.3.25,2026.9.3,recYhgLRWpPHeoAQi,recYhgLRWpPHeoAQi,https://airtable.com/shr5t1qyPKytJvVBY?prefill_fldziB6bVRltNvUis=recYhgLRWpPHeoAQi,1576,안다정,PT0807-사파리볼펜_블루,,협력사,,,Product Parts,
SSU001577,,PT0806-사파리볼펜_샤이니블랙,판매가능,안다정,"판매재개 합니다. 단, 통상 재고 소량 보유중으로, 건별 재고 문의 후 진행 부탁 드립니다 :)",라미 사파리 펜,LAMY,2025.3.25 3:48오후,,2025.3.25,2026.9.3,recIgNYL4S403NEtz,recIgNYL4S403NEtz,https://airtable.com/shr5t1qyPKytJvVBY?prefill_fldziB6bVRltNvUis=recIgNYL4S403NEtz,1577,안다정,PT0806-사파리볼펜_샤이니블랙,,협력사,,,Product Parts,
SSU001578,,PT0797-사파리볼펜_샤이니화이트,판매가능,안다정,"판매재개 합니다. 단, 통상 재고 소량 보유중으로, 건별 재고 문의 후 진행 부탁 드립니다 :)",라미 사파리 펜,LAMY,2025.3.25 3:48오후,,2025.3.25,2026.9.3,recEDv3OiS3PcW7Tm,recEDv3OiS3PcW7Tm,https://airtable.com/shr5t1qyPKytJvVBY?prefill_fldziB6bVRltNvUis=recEDv3OiS3PcW7Tm,1578,안다정,PT0797-사파리볼펜_샤이니화이트,,협력사,,,Product Parts,
SSU001579,,PT0804-사파리볼펜_옐로우,판매가능,안다정,"판매재개 합니다. 단, 통상 재고 소량 보유중으로, 건별 재고 문의 후 진행 부탁 드립니다 :)",라미 사파리 펜,LAMY,2025.3.25 3:48오후,,2025.3.25,2026.9.3,rec4qnCZTJ4907ohS,rec4qnCZTJ4907ohS,https://airtable.com/shr5t1qyPKytJvVBY?prefill_fldziB6bVRltNvUis=rec4qnCZTJ4907ohS,1579,안다정,PT0804-사파리볼펜_옐로우,,협력사,,,Product Parts,
SSU001580,,PT0789-사파리볼펜_핑크,판매가능,안다정,"판매재개 합니다. 단, 통상 재고 소량 보유중으로, 건별 재고 문의 후 진행 부탁 드립니다 :)",라미 사파리 펜,LAMY,2025.3.25 3:49오후,,2025.3.25,2026.9.3,reciOpnSCXNAelapJ,reciOpnSCXNAelapJ,https://airtable.com/shr5t1qyPKytJvVBY?prefill_fldziB6bVRltNvUis=reciOpnSCXNAelapJ,1580,안다정,PT0789-사파리볼펜_핑크,,협력사,,,Product Parts,
SSU001581,,PT0814-사파리볼펜_매트차콜블랙,판매가능,안다정,"판매재개 합니다. 단, 통상 재고 소량 보유중으로, 건별 재고 문의 후 진행 부탁 드립니다 :)
사파리볼펜 전 색상 중 매트차콜블랙 색상만 신시어리 재고로 500개 선매입하였으므로 참고 부탁 드립니다. (3/25 기준)",라미 사파리 펜,LAMY,2025.3.25 3:50오후,,2025.3.25,2026.9.3,recbXLuf0sCwBIVdg,recbXLuf0sCwBIVdg,https://airtable.com/shr5t1qyPKytJvVBY?prefill_fldziB6bVRltNvUis=recbXLuf0sCwBIVdg,1581,안다정,PT0814-사파리볼펜_매트차콜블랙,,신시어리,,,Product Parts,
SSU001582,checked,PT4796-밀크에코컵(레귤러)_화이트,판매가능,김민정,최초등록,밀크 에코컵,MKEC,2025.3.26 10:24오전,2025.6.2 5:17오후,2025.3.26,2025.6.1,recux2CCJl0co5f7d,,https://airtable.com/shr5t1qyPKytJvVBY?prefill_fldziB6bVRltNvUis=recux2CCJl0co5f7d,1582,김민정,PT4796-밀크에코컵(레귤러)_화이트,,협력사,,,Product Parts,
SSU001583,,,일시품절,김영준,입고예정인 재고의 통관이슈로 입고일정이 지연되었습니다. 정확한 일정은 현재 파악이 어려우나 최소 2-3주 이상 소요될 것으로 예상됩니다.,,,2025.3.26 10:47오전,2025.4.2 6:26오후,2025.3.26,2025.4.1,,,https://airtable.com/shr5t1qyPKytJvVBY?prefill_fldziB6bVRltNvUis=,1583,김영준,,,,,,,
SSU001584,,PT3325-리마커블UV칫솔살균기(C타입),품절예정,김민지,"신시어리 재고 200개 남아있습니다.
5월 초 2000개 재입고 예정입니다.",리마커블 칫솔살균기,RMKB,2025.3.28 11:34오전,2025.4.29 8:44오전,2025.3.28,2025.4.28,recn9UvtcMZVjwSdb,,https://airtable.com/shr5t1qyPKytJvVBY?prefill_fldziB6bVRltNvUis=recn9UvtcMZVjwSdb,1584,김민지,PT3325-리마커블UV칫솔살균기(C타입),,신시어리,,,Product Parts,
SSU001585,,,제품 철수(졸업),안다정,"현재 올데이텀블러_화이트 리뉴얼 기물로 진행 중으로, 기존 파츠는 [판매불가]로 상태 변경 하였습니다.

변경전: PT3362-올데이텀블러_화이트
변경후: PT4615-올데이텀블러_화이트(ver2)",,,2025.3.28 3:28오후,,2025.3.28,2026.9.3,,recn2Z4waZ9e0qowT,https://airtable.com/shr5t1qyPKytJvVBY?prefill_fldziB6bVRltNvUis=,1585,안다정,,,,,,,
SSU001586,,,제품 철수(졸업),안다정,"현재 올데이텀블러_블랙 리뉴얼 기물로 진행 중으로, 기존 파츠는 [판매불가]로 상태 변경 하였습니다.

변경전: PT4075-올데이텀블러_블랙
변경후: PT4616-올데이텀블러_블랙(ver2)",,,2025.3.28 3:30오후,,2025.3.28,2026.9.3,,reccYxe73TNb05A8a,https://airtable.com/shr5t1qyPKytJvVBY?prefill_fldziB6bVRltNvUis=,1586,안다정,,,,,,,
SSU001587,,PT3339-핸디링미니선풍기_화이트,판매가능,김민정,15~16일 입고 예정으로 판매 재개 부탁드립니다.,핸디링 미니 선풍기,HDRM,2025.4.2 1:58오후,,2025.4.2,2026.9.3,recqFktAwgv3tu96u,recqFktAwgv3tu96u,https://airtable.com/shr5t1qyPKytJvVBY?prefill_fldziB6bVRltNvUis=recqFktAwgv3tu96u,1587,김민정,PT3339-핸디링미니선풍기_화이트,,신시어리,,,Product Parts,
SSU001588,,,판매가능,김민정,15~16일 입고 예정으로 판매 재개 부탁드립니다.,,,2025.4.2 1:58오후,2026.7.31 2:04오후,2025.4.2,2026.7.30,,,https://airtable.com/shr5t1qyPKytJvVBY?prefill_fldziB6bVRltNvUis=,1588,김민정,,,,,,,
SSU001589,,,판매가능,김영준,재고 통관 이슈 해결되어 내일(4/3) 협력사로 입하 될 예정입니다! :),,,2025.4.2 6:26오후,2025.9.2 12:31오후,2025.4.2,2025.9.1,,,https://airtable.com/shr5t1qyPKytJvVBY?prefill_fldziB6bVRltNvUis=,1589,김영준,,,,,,,
SSU001590,,PT4391-스탠리데일리텀블러_매트블랙,판매가능,김민정,재고 800개 확보했습니다. :),스탠리 데일리 텀블러,STLD,2025.4.3 11:34오전,2026.7.21 10:55오전,2025.4.3,2026.7.20,rec36X3VknUXJImhJ,,https://airtable.com/shr5t1qyPKytJvVBY?prefill_fldziB6bVRltNvUis=rec36X3VknUXJImhJ,1590,김민정,PT4391-스탠리데일리텀블러_매트블랙,,협력사,,,Product Parts,
SSU001591,,PT3401-스탠리데일리텀블러_해머톤그린,판매가능,김민정,재고 400개 확보했습니다.,스탠리 데일리 텀블러,STLD,2025.4.3 11:35오전,,2025.4.3,2026.9.3,reccHYWlVSclIXjf7,reccHYWlVSclIXjf7,https://airtable.com/shr5t1qyPKytJvVBY?prefill_fldziB6bVRltNvUis=reccHYWlVSclIXjf7,1591,김민정,PT3401-스탠리데일리텀블러_해머톤그린,,협력사,,,Product Parts,
SSU001592,,PT2741-슈가케인텀블러(360ml)_크림,일시품절,김민정,"슈가케인텀블러 재고 소진으로 일시품절입니다.
선박이슈로 5월~6월 입고 예정이며, 입고일이 정확해지면 다시 공유드리겠습니다. ",슈가케인 텀블러,SGCN,2025.4.4 12:00오후,2025.6.16 3:35오후,2025.4.4,2025.6.15,recPwl2PFVXoLcMF5,,https://airtable.com/shr5t1qyPKytJvVBY?prefill_fldziB6bVRltNvUis=recPwl2PFVXoLcMF5,1592,김민정,PT2741-슈가케인텀블러(360ml)_크림,,신시어리,,,Product Parts,
SSU001593,checked,,일시품절,김민정,패드 인쇄 업체와 거래종료되어 일시품절 (2024년 9월 30일~),,,2025.4.4 3:05오후,,2025.4.4,2026.9.3,,recMRK3ugOUzKh4LQ,https://airtable.com/shr5t1qyPKytJvVBY?prefill_fldziB6bVRltNvUis=,1593,김민정,,,,,,,
SSU001594,checked,,일시품절,김민정,패드 인쇄 업체와 거래종료되어 일시품절 (2024년 9월 30일~),,,2025.4.4 3:05오후,,2025.4.4,2026.9.3,,recvB7OwQlJRjaHJl,https://airtable.com/shr5t1qyPKytJvVBY?prefill_fldziB6bVRltNvUis=,1594,김민정,,,,,,,
SSU001595,,,일시품절,김민정,"재고소진으로 일시품절 처리합니다.
(단종으로 신시어리에서 재고로 생산 or 비슷한 기물로 판매 를 고려하고 있습니다.)",,,2025.4.7 2:06오후,2025.6.17 11:52오전,2025.4.7,2025.6.16,,,https://airtable.com/shr5t1qyPKytJvVBY?prefill_fldziB6bVRltNvUis=,1595,김민정,,,,,,,
SSU001596,,,판매가능,김민정,메시지캐리어파우치 리뉴얼 버전으로 판매재개 합니다.,,,2025.4.7 5:27오후,2025.5.22 12:17오후,2025.4.7,2025.5.21,,,https://airtable.com/shr5t1qyPKytJvVBY?prefill_fldziB6bVRltNvUis=,1596,김민정,,,,,,,
SSU001597,,,판매가능,김민정,리뉴얼버전으로 판매재개합니다.,,,2025.4.7 5:27오후,2025.4.7 5:34오후,2025.4.7,2025.4.6,,,https://airtable.com/shr5t1qyPKytJvVBY?prefill_fldziB6bVRltNvUis=,1597,김민정,,,,,,,
SSU001598,,,판매가능,김민정,리뉴얼버전으로 판매재개합니다.,,,2025.4.7 5:34오후,2025.4.25 5:15오후,2025.4.7,2025.4.24,,,https://airtable.com/shr5t1qyPKytJvVBY?prefill_fldziB6bVRltNvUis=,1598,김민정,,,,,,,
SSU001599,checked,PT3353-메시지캐리어파우치_매트블랙,제품 철수(졸업),김민정,PT4398-메시지캐리어파우치(2024ver)_매트블랙 로 기물 리뉴얼,메시지 캐리어 파우치,MSGC,2025.4.7 6:07오후,2025.7.17 5:17오후,2025.4.7,2025.7.16,recaSvDfs8zsNZ3Fz,,https://airtable.com/shr5t1qyPKytJvVBY?prefill_fldziB6bVRltNvUis=recaSvDfs8zsNZ3Fz,1599,김민정,PT3353-메시지캐리어파우치_매트블랙,,신시어리,,,Product Parts,
SSU001600,,,일시품절,김민정,재고소진으로 일시품절입니다. 다음 재입고일은 5월중입니다.,,,2025.4.12 4:36오후,2025.5.9 2:44오후,2025.4.12,2025.5.8,,,https://airtable.com/shr5t1qyPKytJvVBY?prefill_fldziB6bVRltNvUis=,1600,김민정,,,,,,,
SSU001601,,PT4657-베이직무선충전마우스패드_블랙,일시품절,김영준,협력사 보유 재고 품절입니다. 4월 말일 입고 예정입니다.,베이직 무선충전 마우스패드,BMMP,2025.4.14 2:30오후,2025.4.28 1:41오후,2025.4.14,2025.4.27,reca7LaDo6FGCh2Jj,,https://airtable.com/shr5t1qyPKytJvVBY?prefill_fldziB6bVRltNvUis=reca7LaDo6FGCh2Jj,1601,김영준,PT4657-베이직무선충전마우스패드_블랙,,협력사,,,Product Parts,
SSU001602,checked,,판매가능,김민정,최초등록,,,2025.4.21 2:15오후,,2025.4.21,2026.9.3,,recVgDlA63sJYX5hM,https://airtable.com/shr5t1qyPKytJvVBY?prefill_fldziB6bVRltNvUis=,1602,김민정,,,,,,,
SSU001603,,PT1162-스트레치사원증홀더_블랙,일시품절,김하은,협력사 재고소진으로 5월초 이후 판매 가능,스트레치 사원증 홀더,STHD,2025.4.22 4:20오후,2025.5.23 4:05오후,2025.4.22,2025.5.22,recXLE59nNLbF7w5D,,https://airtable.com/shr5t1qyPKytJvVBY?prefill_fldziB6bVRltNvUis=recXLE59nNLbF7w5D,1603,김하은,PT1162-스트레치사원증홀더_블랙,,생산,,,Product Parts,
SSU001604,,PT1164-스트레치사원증홀더_그레이,일시품절,김하은,협력사 재고소진으로 5월초 이후 판매 가능,스트레치 사원증 홀더,STHD,2025.4.22 4:24오후,2025.5.23 4:04오후,2025.4.22,2025.5.22,recdpgtUseaYc9CCH,,https://airtable.com/shr5t1qyPKytJvVBY?prefill_fldziB6bVRltNvUis=recdpgtUseaYc9CCH,1604,김하은,PT1164-스트레치사원증홀더_그레이,,생산,,,Product Parts,
SSU001605,,PT1163-스트레치사원증홀더_화이트,일시품절,김하은,협력사 재고소진으로 5월초 이후 판매 가능,스트레치 사원증 홀더,STHD,2025.4.22 4:24오후,2025.5.23 4:04오후,2025.4.22,2025.5.22,recQgZC3mBEPuo45z,,https://airtable.com/shr5t1qyPKytJvVBY?prefill_fldziB6bVRltNvUis=recQgZC3mBEPuo45z,1605,김하은,PT1163-스트레치사원증홀더_화이트,,생산,,,Product Parts,
SSU001606,,PT3855-미스트워터보틀_다크그레이,일시품절,김민정,재고소진으로 일시품절입니다,미스트 워터보틀,MIST,2025.4.23 2:20오후,2025.7.1 12:37오후,2025.4.23,2025.6.30,rectwHwXV2IUhBBSy,,https://airtable.com/shr5t1qyPKytJvVBY?prefill_fldziB6bVRltNvUis=rectwHwXV2IUhBBSy,1606,김민정,PT3855-미스트워터보틀_다크그레이,,신시어리,,,Product Parts,
SSU001607,,,일시품절,김하은,"재고소진, 입고일 미정(추후 공지예정)",,,2025.4.25 5:15오후,2025.9.22 3:52오후,2025.4.25,2025.9.21,,,https://airtable.com/shr5t1qyPKytJvVBY?prefill_fldziB6bVRltNvUis=,1607,김하은,,,,,,,
SSU001608,,PT4657-베이직무선충전마우스패드_블랙,판매가능,김영준,협력사 재고 입고되어 판매 가능,베이직 무선충전 마우스패드,BMMP,2025.4.28 1:41오후,2026.1.12 6:19오후,2025.4.28,2026.1.11,reca7LaDo6FGCh2Jj,,https://airtable.com/shr5t1qyPKytJvVBY?prefill_fldziB6bVRltNvUis=reca7LaDo6FGCh2Jj,1608,김영준,PT4657-베이직무선충전마우스패드_블랙,,협력사,,,Product Parts,
SSU001609,,PT3325-리마커블UV칫솔살균기(C타입),판매가능,김민정,"이번주 중 재고 입고 예정으로 
품절예정에서 판매가능으로 변경합니다. : )",리마커블 칫솔살균기,RMKB,2025.4.29 8:44오전,2026.3.23 1:50오후,2025.4.29,2026.3.22,recn9UvtcMZVjwSdb,,https://airtable.com/shr5t1qyPKytJvVBY?prefill_fldziB6bVRltNvUis=recn9UvtcMZVjwSdb,1609,김민정,PT3325-리마커블UV칫솔살균기(C타입),,신시어리,,,Product Parts,
SSU001610,,,판매가능,김민정,"협력사 재고 소량 보유하고 있어 판매 재개 합니다 :)
당분간은 300개 정도 가능하며, 
협력사 재입고일은 내일 다시 공유드리겠습니다! ",,,2025.4.29 3:34오후,2025.7.28 3:34오후,2025.4.29,2025.7.27,,,https://airtable.com/shr5t1qyPKytJvVBY?prefill_fldziB6bVRltNvUis=,1610,김민정,,,,,,,
SSU001611,,,의도적 품절,김영준,"협력사와 매입방식, 가격에 대한 협의과정에 있어 일시적으로 품절 처리합니다.",,,2025.4.30 11:09오전,2025.5.14 9:10오전,2025.4.30,2025.5.13,,,https://airtable.com/shr5t1qyPKytJvVBY?prefill_fldziB6bVRltNvUis=,1611,김영준,,,,,,,
SSU001612,,PT4615-올데이텀블러_화이트(ver2),판매가능,김영준,재고 입고 완료 되었습니다!,올데이 텀블러,ADYT,2025.5.7 11:07오전,2025.11.28 1:53오후,2025.5.7,2025.11.27,recy5U3ytIOoRtkXP,,https://airtable.com/shr5t1qyPKytJvVBY?prefill_fldziB6bVRltNvUis=recy5U3ytIOoRtkXP,1612,김영준,PT4615-올데이텀블러_화이트(ver2),,신시어리,,,Product Parts,
SSU001613,,,일시품절,김민정,"재고소진으로 품절이며, 재입고일은 미정입니다.",,,2025.5.8 11:31오전,2025.5.13 3:17오후,2025.5.8,2025.5.12,,,https://airtable.com/shr5t1qyPKytJvVBY?prefill_fldziB6bVRltNvUis=,1613,김민정,,,,,,,
SSU001614,,PT0733-노트북스탠드패드_패드_다크그레이,판매가능,김민정,차주 재고 입고 예정으로 판매상태 변경합니다. (품절 예정 → 판매 가능),노트북 스탠드패드,NSTP,2025.5.8 11:32오전,2026.3.17 9:47오전,2025.5.8,2026.3.16,recZIByBQzefhMHlb,,https://airtable.com/shr5t1qyPKytJvVBY?prefill_fldziB6bVRltNvUis=recZIByBQzefhMHlb,1614,김민정,PT0733-노트북스탠드패드_패드_다크그레이,,신시어리,,,Product Parts,
SSU001615,,PT4478-스탠리슬림보틀_매트블랙,판매가능,김민정,스탠리 보틀 협력사 재고 입고되어 판매재개 합니다 :),스탠리 슬림 보틀,STLS,2025.5.8 4:27오후,2026.4.10 10:18오전,2025.5.8,2026.4.9,recXEinwby7Rjczvw,,https://airtable.com/shr5t1qyPKytJvVBY?prefill_fldziB6bVRltNvUis=recXEinwby7Rjczvw,1615,김민정,PT4478-스탠리슬림보틀_매트블랙,,협력사,,,Product Parts,
SSU001616,,PT4476-스탠리슬림보틀_폴라화이트,판매가능,김민정,스탠리 보틀 협력사 재고 입고되어 판매재개 합니다 :),스탠리 슬림 보틀,STLS,2025.5.8 4:28오후,2026.4.27 9:33오전,2025.5.8,2026.4.26,recuJdsdoDVRHBztP,,https://airtable.com/shr5t1qyPKytJvVBY?prefill_fldziB6bVRltNvUis=recuJdsdoDVRHBztP,1616,김민정,PT4476-스탠리슬림보틀_폴라화이트,,협력사,,,Product Parts,
SSU001617,,PT3400-스탠리데일리텀블러_폴라화이트,판매가능,김민정,스탠리 텀블러 협력사 재고 입고되어 판매재개 합니다 :),스탠리 데일리 텀블러,STLD,2025.5.8 4:28오후,,2025.5.8,2026.9.3,recBzrI3FPjyHKgp4,recBzrI3FPjyHKgp4,https://airtable.com/shr5t1qyPKytJvVBY?prefill_fldziB6bVRltNvUis=recBzrI3FPjyHKgp4,1617,김민정,PT3400-스탠리데일리텀블러_폴라화이트,,협력사,,,Product Parts,
SSU001618,,,일시품절,김민정,재고소진으로 품절입니다. 추가생산여부는 미정입니다.,,,2025.5.9 11:54오전,2025.7.25 10:03오전,2025.5.9,2025.7.24,,,https://airtable.com/shr5t1qyPKytJvVBY?prefill_fldziB6bVRltNvUis=,1618,김민정,,,,,,,
SSU001619,,,판매가능,김민정,재고입고로 판매재개 합니다,,,2025.5.9 2:44오후,2026.3.27 5:04오후,2025.5.9,2026.3.26,,,https://airtable.com/shr5t1qyPKytJvVBY?prefill_fldziB6bVRltNvUis=,1619,김민정,,,,,,,
SSU001620,,,제품 철수(졸업),김민정,"제품 철수 공지입니다.(졸업)

목적 : 매출 및 수익성이 낮거나 브랜드 및 트렌드와 맞지 않는 제품을 정리하여 제품 포트폴리오를 최적화하고, 운영 효율성을 개선함",,,2025.5.13 3:17오후,,2025.5.13,2026.9.3,,recLDs00waBoz1hgc,https://airtable.com/shr5t1qyPKytJvVBY?prefill_fldziB6bVRltNvUis=,1620,김민정,,,,,,,
SSU001621,,,제품 철수(졸업),김민정,젠틀차량용청소기 단가 인상 및 공급 리스크가 지속적으로 발생하여 단종(졸업)처리합니다.,,,2025.5.14 9:10오전,,2025.5.14,2026.9.3,,rec6oYccf9TKm1Q8l,https://airtable.com/shr5t1qyPKytJvVBY?prefill_fldziB6bVRltNvUis=,1621,김민정,,,,,,,
SSU001622,,PT1199-스펙트럼컬러펜(컬러잉크)_레드,일시품절,김하은,"협력사 재고 일시 품절로 7월 중 재입고 예정
",스펙트럼 컬러펜,SPCP,2025.5.14 2:19오후,2025.8.20 1:44오후,2025.5.14,2025.8.19,recj2NSG843k3wkwe,,https://airtable.com/shr5t1qyPKytJvVBY?prefill_fldziB6bVRltNvUis=recj2NSG843k3wkwe,1622,김하은,PT1199-스펙트럼컬러펜(컬러잉크)_레드,,협력사,,,Product Parts,
SSU001623,,PT3854-미스트워터보틀_반투명화이트,품절예정,김하은,현재 150개 가량 재고 남아있습니다. 재입고 예정일은 5/24일입니다,미스트 워터보틀,MIST,2025.5.15 3:51오후,2025.5.21 12:03오후,2025.5.15,2025.5.20,recjfsnYVez8C9Lsi,,https://airtable.com/shr5t1qyPKytJvVBY?prefill_fldziB6bVRltNvUis=recjfsnYVez8C9Lsi,1623,김하은,PT3854-미스트워터보틀_반투명화이트,,신시어리,,,Product Parts,
SSU001624,,PT2970-메시지캐리어파우치_메탈그레이,일시품절,김하은,"재고 소진으로 일시 품절, 6월 2주차 재입고 예정",메시지 캐리어 파우치,MSGC,2025.5.16 11:41오전,2025.8.25 10:41오전,2025.5.16,2025.8.24,recT95r7975gjV8H4,,https://airtable.com/shr5t1qyPKytJvVBY?prefill_fldziB6bVRltNvUis=recT95r7975gjV8H4,1624,김하은,PT2970-메시지캐리어파우치_메탈그레이,,신시어리,,,Product Parts,
SSU001625,,,제품 철수(졸업),김민정,"제품 철수 공지입니다.(졸업)
목적 : 매출 및 수익성이 낮거나 브랜드 및 트렌드와 맞지 않는 제품을 정리하여 제품 포트폴리오를 최적화하고, 운영 효율성을 개선함",,,2025.5.19 9:58오후,,2025.5.19,2026.9.3,,recXhO67HBIaAKzhV,https://airtable.com/shr5t1qyPKytJvVBY?prefill_fldziB6bVRltNvUis=,1625,김민정,,,,,,,
SSU001626,checked,,제품 철수(졸업),김민정,"제품 철수 공지입니다.(졸업)
목적 : 매출 및 수익성이 낮거나 브랜드 및 트렌드와 맞지 않는 제품을 정리하여 제품 포트폴리오를 최적화하고, 운영 효율성을 개선함",,,2025.5.19 9:58오후,,2025.5.19,2026.9.3,,recHMjuNcoR5RyLCO,https://airtable.com/shr5t1qyPKytJvVBY?prefill_fldziB6bVRltNvUis=,1626,김민정,,,,,,,
SSU001627,,,제품 철수(졸업),김민정,"품절 공지가 마지막이어서, 제품 철수(졸업) 공지 드립니다.",,,2025.5.21 8:45오전,,2025.5.21,2026.9.3,,recW7PCJVjdlxch6E,https://airtable.com/shr5t1qyPKytJvVBY?prefill_fldziB6bVRltNvUis=,1627,김민정,,,,,,,
SSU001628,,PT3854-미스트워터보틀_반투명화이트,품절예정,김하은,기존 입고 예정일 5/24에서 딜레이되어 6/5-6/9사이 재입고 예정입니다.,미스트 워터보틀,MIST,2025.5.21 12:03오후,2025.6.9 3:09오후,2025.5.21,2025.6.8,recjfsnYVez8C9Lsi,,https://airtable.com/shr5t1qyPKytJvVBY?prefill_fldziB6bVRltNvUis=recjfsnYVez8C9Lsi,1628,김하은,PT3854-미스트워터보틀_반투명화이트,,신시어리,,,Product Parts,
SSU001629,,,일시품절,김민정,메시지캐리어파우치 인쇄 퀄리티 이슈로 일시품절합니다.,,,2025.5.22 12:17오후,2025.6.17 6:06오후,2025.5.22,2025.6.16,,,https://airtable.com/shr5t1qyPKytJvVBY?prefill_fldziB6bVRltNvUis=,1629,김민정,,,,,,,
SSU001630,,,일시품절,김민정,6월 1주 재입고 예정입니다 :),,,2025.5.22 12:42오후,2025.7.1 12:33오후,2025.5.22,2025.6.30,,,https://airtable.com/shr5t1qyPKytJvVBY?prefill_fldziB6bVRltNvUis=,1630,김민정,,,,,,,
SSU001631,,PT1163-스트레치사원증홀더_화이트,판매가능,김하은,협력사 재입고 완료,스트레치 사원증 홀더,STHD,2025.5.23 4:04오후,,2025.5.23,2026.9.3,recQgZC3mBEPuo45z,recQgZC3mBEPuo45z,https://airtable.com/shr5t1qyPKytJvVBY?prefill_fldziB6bVRltNvUis=recQgZC3mBEPuo45z,1631,김하은,PT1163-스트레치사원증홀더_화이트,,생산,,,Product Parts,
SSU001632,,PT1164-스트레치사원증홀더_그레이,판매가능,김하은,협력사 재입고 완료,스트레치 사원증 홀더,STHD,2025.5.23 4:04오후,2025.10.2 11:18오전,2025.5.23,2025.10.1,recdpgtUseaYc9CCH,,https://airtable.com/shr5t1qyPKytJvVBY?prefill_fldziB6bVRltNvUis=recdpgtUseaYc9CCH,1632,김하은,PT1164-스트레치사원증홀더_그레이,,생산,,,Product Parts,
SSU001633,,PT1162-스트레치사원증홀더_블랙,판매가능,김하은,협력사 재입고 완료,스트레치 사원증 홀더,STHD,2025.5.23 4:05오후,,2025.5.23,2026.9.3,recXLE59nNLbF7w5D,recXLE59nNLbF7w5D,https://airtable.com/shr5t1qyPKytJvVBY?prefill_fldziB6bVRltNvUis=recXLE59nNLbF7w5D,1633,김하은,PT1162-스트레치사원증홀더_블랙,,생산,,,Product Parts,
SSU001634,,PT3205-바이브캠핑쿨러,판매가능,김민정,"바이브캠핑쿨러 판매재개 합니다!

변경사항 : 협력사 재고 → 신시어리 재고
재고생산 수량 : 1,000개",바이브 캠핑쿨러,VBCC,2025.5.28 11:34오전,,2025.5.28,2026.9.3,recQjoW8ycc70aNm3,recQjoW8ycc70aNm3,https://airtable.com/shr5t1qyPKytJvVBY?prefill_fldziB6bVRltNvUis=recQjoW8ycc70aNm3,1634,김민정,PT3205-바이브캠핑쿨러,,신시어리,,,Product Parts,
SSU001635,,PT1212-스펙트럼컬러펜(컬러잉크)_블루,일시품절,김하은,"협력사 재고 소진, 7월 중 재입고 예정",스펙트럼 컬러펜,SPCP,2025.5.28 2:55오후,2026.3.23 3:11오후,2025.5.28,2026.3.22,recIzkrHPOiEg1JSp,,https://airtable.com/shr5t1qyPKytJvVBY?prefill_fldziB6bVRltNvUis=recIzkrHPOiEg1JSp,1635,김하은,PT1212-스펙트럼컬러펜(컬러잉크)_블루,,협력사,,,Product Parts,
SSU001636,,PT1200-스펙트럼컬러펜(컬러잉크)_다크네이비,일시품절,김하은,"협력사 재고 소진, 7월 중 재입고 예정",스펙트럼 컬러펜,SPCP,2025.5.28 2:56오후,2025.8.20 1:43오후,2025.5.28,2025.8.19,reco3fXNhxhapSegS,,https://airtable.com/shr5t1qyPKytJvVBY?prefill_fldziB6bVRltNvUis=reco3fXNhxhapSegS,1636,김하은,PT1200-스펙트럼컬러펜(컬러잉크)_다크네이비,,협력사,,,Product Parts,
SSU001637,,PT2474-스펙트럼컬러펜(블랙잉크)_리인벤트에디션,일시품절,김하은,"협력사 재고 소진, 6월 중 재입고 예정",스펙트럼 컬러펜,SPCP,2025.5.28 2:57오후,2025.9.17 5:05오후,2025.5.28,2025.9.16,recmfZV1wU0BPuItU,,https://airtable.com/shr5t1qyPKytJvVBY?prefill_fldziB6bVRltNvUis=recmfZV1wU0BPuItU,1637,김하은,PT2474-스펙트럼컬러펜(블랙잉크)_리인벤트에디션,,협력사,,,Product Parts,
SSU001638,,PT4796-밀크에코컵(레귤러)_화이트,일시품절,김영준,"협력사 대량 주문으로 보유재고가 하루만에 모두 소진되어 품절 처리합니다. 
판매재개는 6월말-7월초 예상됩니다 ",밀크 에코컵,MKEC,2025.6.2 5:17오후,2025.7.28 3:24오후,2025.6.2,2025.7.27,recux2CCJl0co5f7d,,https://airtable.com/shr5t1qyPKytJvVBY?prefill_fldziB6bVRltNvUis=recux2CCJl0co5f7d,1638,김영준,PT4796-밀크에코컵(레귤러)_화이트,,협력사,,,Product Parts,
SSU001639,,,품절예정,김민정,"기존재고 55개정도 남아, 50개로 1건 판매가 가능합니다.",,,2025.6.4 2:36오후,2025.6.18 6:12오후,2025.6.4,2025.6.17,,,https://airtable.com/shr5t1qyPKytJvVBY?prefill_fldziB6bVRltNvUis=,1639,김민정,,,,,,,
SSU001640,,PT1024-브랜드스트랩단우산_블랙,일시품절,김하은,"협력사 보유 재고 일시 품절 (6/17 협력사 재입고 예정으로, 다음 주 목요일 부터 판매 재개하겠습니다)",브랜드 스트랩 단우산,BRSU,2025.6.4 2:37오후,2025.6.12 5:34오후,2025.6.4,2025.6.11,rec27kBqZEhzgxgwz,,https://airtable.com/shr5t1qyPKytJvVBY?prefill_fldziB6bVRltNvUis=rec27kBqZEhzgxgwz,1640,김하은,PT1024-브랜드스트랩단우산_블랙,,협력사,,,Product Parts,
SSU001641,checked,PT4762-골지G형박스(L)_그레이,판매가능,김민정,리뉴얼 (PT0606 -> PT4762),"Solid 스탠다드 G형 박스, 브랜디드 타월, 아트워크 타월","DRCG, BDTW, AWTW",2025.6.9 9:27오전,,2025.6.9,2026.9.3,reczNlfRbBILXEShc,reczNlfRbBILXEShc,https://airtable.com/shr5t1qyPKytJvVBY?prefill_fldziB6bVRltNvUis=reczNlfRbBILXEShc,1641,김민정,PT4762-골지G형박스(L)_그레이,,신시어리,,,Package Parts,
SSU001642,checked,,제품 철수(졸업),김민정,리뉴얼 (PT0606 -> PT4762-골지G형박스(L)_그레이),,,2025.6.9 9:28오전,,2025.6.9,2026.9.3,,recpF4gespbQxO309,https://airtable.com/shr5t1qyPKytJvVBY?prefill_fldziB6bVRltNvUis=,1642,김민정,,,,,,,
SSU001643,,PT3854-미스트워터보틀_반투명화이트,일시품절,김하은,재입고 딜레이되어 (협력사측 통관 이슈) 7월 재입고 예정,미스트 워터보틀,MIST,2025.6.9 3:09오후,2025.7.1 12:36오후,2025.6.9,2025.6.30,recjfsnYVez8C9Lsi,,https://airtable.com/shr5t1qyPKytJvVBY?prefill_fldziB6bVRltNvUis=recjfsnYVez8C9Lsi,1643,김하은,PT3854-미스트워터보틀_반투명화이트,,신시어리,,,Product Parts,
SSU001644,,PT3856-미스트워터보틀_더스티핑크,품절예정,김하은,"현재 재고 300개 남아있으며, 재입고 7월 예정입니다.",미스트 워터보틀,MIST,2025.6.9 3:14오후,2025.7.1 11:16오전,2025.6.9,2025.6.30,reczhBTwD3QmLu6uO,,https://airtable.com/shr5t1qyPKytJvVBY?prefill_fldziB6bVRltNvUis=reczhBTwD3QmLu6uO,1644,김하은,PT3856-미스트워터보틀_더스티핑크,,신시어리,,,Product Parts,
SSU001645,checked,PT4756-마그넷케이블홀더_화이트,판매가능,김민정,최초등록,아이콘 케이블홀더 세트,MGNC,2025.6.10 7:06오후,,2025.6.10,2026.9.3,rec8X82a3jxMO1491,rec8X82a3jxMO1491,https://airtable.com/shr5t1qyPKytJvVBY?prefill_fldziB6bVRltNvUis=rec8X82a3jxMO1491,1645,김민정,PT4756-마그넷케이블홀더_화이트,,신시어리,,,Product Parts,
SSU001646,,PT4756-마그넷케이블홀더_화이트,일시품절,김민정,재고소진으로 블랙만 가능합니다.,아이콘 케이블홀더 세트,MGNC,2025.6.10 7:06오후,2025.6.13 2:09오후,2025.6.10,2025.6.12,rec8X82a3jxMO1491,,https://airtable.com/shr5t1qyPKytJvVBY?prefill_fldziB6bVRltNvUis=rec8X82a3jxMO1491,1646,김민정,PT4756-마그넷케이블홀더_화이트,,신시어리,,,Product Parts,
SSU001647,checked,PT4757-마그넷케이블홀더_블랙,판매가능,김민정,최초등록,아이콘 케이블홀더 세트,MGNC,2025.6.10 7:06오후,2025.6.27 10:38오전,2025.6.10,2025.6.26,recQiCcOH05b9yEAq,,https://airtable.com/shr5t1qyPKytJvVBY?prefill_fldziB6bVRltNvUis=recQiCcOH05b9yEAq,1647,김민정,PT4757-마그넷케이블홀더_블랙,,신시어리,,,Product Parts,
SSU001648,,PT1024-브랜드스트랩단우산_블랙,판매가능,김하은,6/17(화) 협력사 재고 재입고 예정이어서 판매 재개합니다!,브랜드 스트랩 단우산,BRSU,2025.6.12 5:34오후,,2025.6.12,2026.9.3,rec27kBqZEhzgxgwz,rec27kBqZEhzgxgwz,https://airtable.com/shr5t1qyPKytJvVBY?prefill_fldziB6bVRltNvUis=rec27kBqZEhzgxgwz,1648,김하은,PT1024-브랜드스트랩단우산_블랙,,협력사,,,Product Parts,
SSU001649,,PT4756-마그넷케이블홀더_화이트,일시품절,김하은,1건으로 재고 950개 모두 소진 (재입고 일정은 추후 공지 예정),아이콘 케이블홀더 세트,MGNC,2025.6.13 2:09오후,2025.8.5 4:06오후,2025.6.13,2025.8.4,rec8X82a3jxMO1491,,https://airtable.com/shr5t1qyPKytJvVBY?prefill_fldziB6bVRltNvUis=rec8X82a3jxMO1491,1649,김하은,PT4756-마그넷케이블홀더_화이트,,신시어리,,,Product Parts,
SSU001650,,PT0712-내추럴노트_커버_그레이,일시품절,김영준,협력사 거래 종료로 인한 품절로 변경협력사 확정 후 재개 예정입니다.,내추럴 노트,NTRN,2025.6.16 10:17오전,2025.7.11 10:19오전,2025.6.16,2025.7.10,rec5pn661J4iRslXl,,https://airtable.com/shr5t1qyPKytJvVBY?prefill_fldziB6bVRltNvUis=rec5pn661J4iRslXl,1650,김영준,PT0712-내추럴노트_커버_그레이,,신시어리,,,Product Parts,
SSU001651,checked,PT0721-내추럴노트_내지(만년)_화이트+블랙인쇄,일시품절,김영준,협력사 거래 종료로 인한 품절로 변경협력사 확정 후 재개 예정입니다.,내추럴 노트,NTRN,2025.6.16 10:18오전,2025.7.14 11:03오전,2025.6.16,2025.7.13,recSLt7Rs5FX59ukr,,https://airtable.com/shr5t1qyPKytJvVBY?prefill_fldziB6bVRltNvUis=recSLt7Rs5FX59ukr,1651,김영준,PT0721-내추럴노트_내지(만년)_화이트+블랙인쇄,,신시어리,,,Product Parts,
SSU001652,checked,PT0715-내추럴노트_내지(무지.줄)_화이트,일시품절,김영준,협력사 거래 종료로 인한 품절로 변경협력사 확정 후 재개 예정입니다.,내추럴 노트,NTRN,2025.6.16 10:18오전,2025.7.14 11:03오전,2025.6.16,2025.7.13,recJAG2xYOBgagHqq,,https://airtable.com/shr5t1qyPKytJvVBY?prefill_fldziB6bVRltNvUis=recJAG2xYOBgagHqq,1652,김영준,PT0715-내추럴노트_내지(무지.줄)_화이트,,신시어리,,,Product Parts,
SSU001653,checked,PT3007-내추럴노트_내지(커스텀인쇄1-16p옵셋풀컬러.나머지블랙인쇄),일시품절,김영준,협력사 거래 종료로 인한 품절로 변경협력사 확정 후 재개 예정입니다.,내추럴 노트,NTRN,2025.6.16 10:18오전,2025.7.14 11:04오전,2025.6.16,2025.7.13,recSLGjG7mojTltbP,,https://airtable.com/shr5t1qyPKytJvVBY?prefill_fldziB6bVRltNvUis=recSLGjG7mojTltbP,1653,김영준,PT3007-내추럴노트_내지(커스텀인쇄1-16p옵셋풀컬러.나머지블랙인쇄),,생산,,,Product Parts,
SSU001654,checked,PT0713-내추럴노트_내지(커스텀인쇄1-32p옵셋풀컬러.나머지블랙)_화이트+옵셋풀컬러,일시품절,김영준,협력사 거래 종료로 인한 품절로 변경협력사 확정 후 재개 예정입니다.,내추럴 노트,NTRN,2025.6.16 10:19오전,2025.7.14 11:04오전,2025.6.16,2025.7.13,recBTrjXXuFcIlhtP,,https://airtable.com/shr5t1qyPKytJvVBY?prefill_fldziB6bVRltNvUis=recBTrjXXuFcIlhtP,1654,김영준,PT0713-내추럴노트_내지(커스텀인쇄1-32p옵셋풀컬러.나머지블랙)_화이트+옵셋풀컬러,,생산,,,Product Parts,
SSU001655,checked,PT0714-내추럴노트_내지(커스텀인쇄전체)_화이트+블랙인쇄,일시품절,김영준,협력사 거래 종료로 인한 품절로 변경협력사 확정 후 재개 예정입니다.,내추럴 노트,NTRN,2025.6.16 10:19오전,2025.7.14 11:04오전,2025.6.16,2025.7.13,recsnobI99oVRyz34,,https://airtable.com/shr5t1qyPKytJvVBY?prefill_fldziB6bVRltNvUis=recsnobI99oVRyz34,1655,김영준,PT0714-내추럴노트_내지(커스텀인쇄전체)_화이트+블랙인쇄,,생산,,,Product Parts,
SSU001656,checked,PT3442-내추럴노트_가름끈_컬러,일시품절,김영준,협력사 거래 종료로 인한 품절로 변경협력사 확정 후 재개 예정입니다.,내추럴 노트,NTRN,2025.6.16 10:19오전,2025.7.14 11:03오전,2025.6.16,2025.7.13,recYxsd3geblNY4Bz,,https://airtable.com/shr5t1qyPKytJvVBY?prefill_fldziB6bVRltNvUis=recYxsd3geblNY4Bz,1656,김영준,PT3442-내추럴노트_가름끈_컬러,,협력사,,,Product Parts,
SSU001657,,,일시품절,김민정,스테이쿨넥 네온 컬러 협력사 재고 품절입니다.,,,2025.6.16 3:34오후,2025.7.28 3:36오후,2025.6.16,2025.7.27,,,https://airtable.com/shr5t1qyPKytJvVBY?prefill_fldziB6bVRltNvUis=,1657,김민정,,,,,,,
SSU001658,,,판매가능,김민정,스테이쿨넥 네온 컬러 협력사 재고 품절입니다.,,,2025.6.16 3:34오후,,2025.6.16,2026.9.3,,recvPr22haKiGcH0z,https://airtable.com/shr5t1qyPKytJvVBY?prefill_fldziB6bVRltNvUis=,1658,김민정,,,,,,,
SSU001659,checked,,일시품절,김민정,스테이쿨넥 네온 컬러 협력사 재고 품절입니다.,,,2025.6.16 3:34오후,2025.6.16 4:06오후,2025.6.16,2025.6.15,,,https://airtable.com/shr5t1qyPKytJvVBY?prefill_fldziB6bVRltNvUis=,1659,김민정,,,,,,,
SSU001660,,,일시품절,김민정,스테이쿨넥 네온 컬러 협력사 재고 품절입니다.,,,2025.6.16 3:34오후,2025.7.28 3:37오후,2025.6.16,2025.7.27,,,https://airtable.com/shr5t1qyPKytJvVBY?prefill_fldziB6bVRltNvUis=,1660,김민정,,,,,,,
SSU001661,,PT2741-슈가케인텀블러(360ml)_크림,판매가능,김민정,다음주 재고 입고 예정으로 판매재개 합니다.,슈가케인 텀블러,SGCN,2025.6.16 3:35오후,2025.10.23 10:46오전,2025.6.16,2025.10.22,recPwl2PFVXoLcMF5,,https://airtable.com/shr5t1qyPKytJvVBY?prefill_fldziB6bVRltNvUis=recPwl2PFVXoLcMF5,1661,김민정,PT2741-슈가케인텀블러(360ml)_크림,,신시어리,,,Product Parts,
SSU001662,,PT2742-슈가케인스트로우_크림,판매가능,김민정,다음주 재고 입고 예정으로 판매재개 합니다.,슈가케인 텀블러,SGCN,2025.6.16 3:36오후,2026.2.3 12:13오후,2025.6.16,2026.2.2,recy1ODK8IjBvEGMQ,,https://airtable.com/shr5t1qyPKytJvVBY?prefill_fldziB6bVRltNvUis=recy1ODK8IjBvEGMQ,1662,김민정,PT2742-슈가케인스트로우_크림,,신시어리,,,Product Parts,
SSU001663,checked,PT4696-킵세이프마그넷배터리2.0,판매가능,김민정,최초등록,킵세이프 마그넷 배터리 Slim,KSMB,2025.6.16 3:40오후,2025.7.25 6:33오후,2025.6.16,2025.7.24,recPmfR02B6XZ57rJ,,https://airtable.com/shr5t1qyPKytJvVBY?prefill_fldziB6bVRltNvUis=recPmfR02B6XZ57rJ,1663,김민정,PT4696-킵세이프마그넷배터리2.0,,신시어리,,,Product Parts,
SSU001664,checked,PT4766-브랜디드타월_화이트,판매가능,김민정,최초등록,브랜디드 타월,BDTW,2025.6.16 3:45오후,,2025.6.16,2026.9.3,recig7zcTZAwcwFUY,recig7zcTZAwcwFUY,https://airtable.com/shr5t1qyPKytJvVBY?prefill_fldziB6bVRltNvUis=recig7zcTZAwcwFUY,1664,김민정,PT4766-브랜디드타월_화이트,,신시어리,,,Product Parts,
SSU001665,checked,PT4767-브랜디드타월_그레이,판매가능,김민정,최초등록,브랜디드 타월,BDTW,2025.6.16 3:45오후,,2025.6.16,2026.9.3,recIH4CUasyKawfPs,recIH4CUasyKawfPs,https://airtable.com/shr5t1qyPKytJvVBY?prefill_fldziB6bVRltNvUis=recIH4CUasyKawfPs,1665,김민정,PT4767-브랜디드타월_그레이,,신시어리,,,Product Parts,
SSU001666,checked,PT4768-EVA파우치(전용)_반투명,판매가능,김하은,최초 등록,"브랜디드 타월, 아트워크 타월","BDTW, AWTW",2025.6.16 3:58오후,2025.9.11 9:47오전,2025.6.16,2025.9.10,rect0niXMMcIpvLJB,,https://airtable.com/shr5t1qyPKytJvVBY?prefill_fldziB6bVRltNvUis=rect0niXMMcIpvLJB,1666,김하은,PT4768-EVA파우치(전용)_반투명,,신시어리,,,Package Parts,
SSU001667,checked,,일시품절,김민정,협력사 품절,,,2025.6.16 4:06오후,2025.7.28 3:37오후,2025.6.16,2025.7.27,,,https://airtable.com/shr5t1qyPKytJvVBY?prefill_fldziB6bVRltNvUis=,1667,김민정,,,,,,,
SSU001668,,,제품 철수(졸업),김민정,킵세이프마그넷 배터리 ver1  재고 소진되었습니다!!!,,,2025.6.17 11:52오전,,2025.6.17,2026.9.3,,recbSWoagluCKYHWi,https://airtable.com/shr5t1qyPKytJvVBY?prefill_fldziB6bVRltNvUis=,1668,김민정,,,,,,,
SSU001669,,,판매가능,김영준,인쇄 퀄리티 이슈가 상당부분 해결이 되어 판매 재개 합니다.,,,2025.6.17 6:06오후,2025.7.14 5:06오후,2025.6.17,2025.7.13,,,https://airtable.com/shr5t1qyPKytJvVBY?prefill_fldziB6bVRltNvUis=,1669,김영준,,,,,,,
SSU001670,,,일시품절,김민정,"시그니처다이어리 블랙 기존 재고 소진하여 일시품절합니다. 
제작 협력사 변경도 검토하고 있어, 재입고일은 미정입니다. 

+라이트 그레이는 150개까지 판매 가능합니다. ",,,2025.6.18 6:12오후,,2025.6.18,2026.9.3,,recTszQioE9kBrzau,https://airtable.com/shr5t1qyPKytJvVBY?prefill_fldziB6bVRltNvUis=,1670,김민정,,,,,,,
SSU001671,,,품절예정,김민정,"시그니처 다이어리 라이트그레이 150개까지 판매 가능하여, 품절 예정으로 처리합니다.
",,,2025.6.18 6:13오후,,2025.6.18,2026.9.3,,rec6ZBA0KAsn1hK4U,https://airtable.com/shr5t1qyPKytJvVBY?prefill_fldziB6bVRltNvUis=,1671,김민정,,,,,,,
SSU001672,,PT4757-마그넷케이블홀더_블랙,일시품절,김하은,"재고 소진으로 일시 품절, 재입고 7월 말 예정",아이콘 케이블홀더 세트,MGNC,2025.6.27 10:38오전,2025.8.5 4:06오후,2025.6.27,2025.8.4,recQiCcOH05b9yEAq,,https://airtable.com/shr5t1qyPKytJvVBY?prefill_fldziB6bVRltNvUis=recQiCcOH05b9yEAq,1672,김하은,PT4757-마그넷케이블홀더_블랙,,신시어리,,,Product Parts,
SSU001673,,PT3856-미스트워터보틀_더스티핑크,일시품절,김하은,"협력사 이슈로 판매 잠시 중단, 대체 협력사 찾는 중이며 협력사 및 입고 일정 확정되는 시점에 공유드리겠습니다. (미스트 워터보틀 3컬러 모두 해당)",미스트 워터보틀,MIST,2025.7.1 11:16오전,2025.8.11 10:30오전,2025.7.1,2025.8.10,reczhBTwD3QmLu6uO,,https://airtable.com/shr5t1qyPKytJvVBY?prefill_fldziB6bVRltNvUis=reczhBTwD3QmLu6uO,1673,김하은,PT3856-미스트워터보틀_더스티핑크,,신시어리,,,Product Parts,
SSU001674,,,판매가능,김하은,재고 입고되어 판매 재개합니다 :),,,2025.7.1 12:33오후,2026.3.12 10:14오전,2025.7.1,2026.3.11,,,https://airtable.com/shr5t1qyPKytJvVBY?prefill_fldziB6bVRltNvUis=,1674,김하은,,,,,,,
SSU001675,checked,PT3854-미스트워터보틀_반투명화이트,일시품절,김하은,"협력사 이슈로 판매 잠시 중단, 대체 협력사 찾는 중이며 협력사 및 입고 일정 확정되는 시점에 공유드리겠습니다. (미스트 워터보틀 3컬러 모두 해당)",미스트 워터보틀,MIST,2025.7.1 12:36오후,2025.7.30 6:17오후,2025.7.1,2025.7.29,recjfsnYVez8C9Lsi,,https://airtable.com/shr5t1qyPKytJvVBY?prefill_fldziB6bVRltNvUis=recjfsnYVez8C9Lsi,1675,김하은,PT3854-미스트워터보틀_반투명화이트,,신시어리,,,Product Parts,
SSU001676,checked,PT3855-미스트워터보틀_다크그레이,일시품절,김하은,"협력사 이슈로 판매 잠시 중단, 대체 협력사 찾는 중이며 협력사 및 입고 일정 확정되는 시점에 공유드리겠습니다. (미스트 워터보틀 3컬러 모두 해당)",미스트 워터보틀,MIST,2025.7.1 12:37오후,2026.6.25 2:29오후,2025.7.1,2026.6.24,rectwHwXV2IUhBBSy,,https://airtable.com/shr5t1qyPKytJvVBY?prefill_fldziB6bVRltNvUis=rectwHwXV2IUhBBSy,1676,김하은,PT3855-미스트워터보틀_다크그레이,발주 필요,신시어리,비의도적품절,비의도적_납기지연,Product Parts,
SSU001677,checked,PT4900-아크릴트로피(라미_싱글레이어),판매가능,김하은,최초 등록,심볼 아크릴 트로피,ACTP,2025.7.1 2:06오후,2025.9.10 3:36오후,2025.7.1,2025.9.9,recRdwAzUGWqxX4em,,https://airtable.com/shr5t1qyPKytJvVBY?prefill_fldziB6bVRltNvUis=recRdwAzUGWqxX4em,1677,김하은,PT4900-아크릴트로피(라미_싱글레이어),,생산,,,Product Parts,
SSU001678,checked,PT4901-아크릴트로피(아크로바_더블레이어),판매가능,김하은,최초 등록,심볼 아크릴 트로피,ACTP,2025.7.1 2:06오후,2025.9.10 3:36오후,2025.7.1,2025.9.9,recO2NyyaT6ezC06S,,https://airtable.com/shr5t1qyPKytJvVBY?prefill_fldziB6bVRltNvUis=recO2NyyaT6ezC06S,1678,김하은,PT4901-아크릴트로피(아크로바_더블레이어),,생산,,,Product Parts,
SSU001679,checked,PT4902-트레이박스_블랙,판매가능,김하은,최초 등록,심볼 아크릴 트로피,ACTP,2025.7.1 2:08오후,,2025.7.1,2026.9.3,recRiHWH0XRl5Bgeo,recRiHWH0XRl5Bgeo,https://airtable.com/shr5t1qyPKytJvVBY?prefill_fldziB6bVRltNvUis=recRiHWH0XRl5Bgeo,1679,김하은,PT4902-트레이박스_블랙,,신시어리,,,Package Parts,
SSU001680,checked,PT4903-슬리브(스탠다드)_투명,판매가능,김하은,최초 등록,심볼 아크릴 트로피,ACTP,2025.7.1 2:08오후,,2025.7.1,2026.9.3,recC8poCoYXWZqmwv,recC8poCoYXWZqmwv,https://airtable.com/shr5t1qyPKytJvVBY?prefill_fldziB6bVRltNvUis=recC8poCoYXWZqmwv,1680,김하은,PT4903-슬리브(스탠다드)_투명,,신시어리,,,Package Parts,
SSU001681,checked,PT4904-지지대(전용)_블랙+실버인쇄,판매가능,김하은,최초 등록,심볼 아크릴 트로피,ACTP,2025.7.1 2:09오후,,2025.7.1,2026.9.3,reczAzqR00y5Dptix,reczAzqR00y5Dptix,https://airtable.com/shr5t1qyPKytJvVBY?prefill_fldziB6bVRltNvUis=reczAzqR00y5Dptix,1681,김하은,PT4904-지지대(전용)_블랙+실버인쇄,,신시어리,,,Package Parts,
SSU001682,checked,PT4911-배경지(커스텀인쇄)_화이트+디지털풀컬러,판매가능,김하은,최초 등록,심볼 아크릴 트로피,ACTP,2025.7.1 2:09오후,,2025.7.1,2026.9.3,recGdK8KoIKQtw15S,recGdK8KoIKQtw15S,https://airtable.com/shr5t1qyPKytJvVBY?prefill_fldziB6bVRltNvUis=recGdK8KoIKQtw15S,1682,김하은,PT4911-배경지(커스텀인쇄)_화이트+디지털풀컬러,,생산,,,Package Parts,
SSU001683,checked,PT4885-챔피언피규어(기본피규어)_컬러,판매가능,김하은,최초 등록,챔피언 피규어 트로피,CFTP,2025.7.1 2:35오후,,2025.7.1,2026.9.3,recYgLMXxMp511zwX,recYgLMXxMp511zwX,https://airtable.com/shr5t1qyPKytJvVBY?prefill_fldziB6bVRltNvUis=recYgLMXxMp511zwX,1683,김하은,PT4885-챔피언피규어(기본피규어)_컬러,,생산,,,Product Parts,
SSU001684,checked,PT4886-챔피언피규어시상대세트(시상대),판매가능,김하은,최초 등록,챔피언 피규어 트로피,CFTP,2025.7.1 2:35오후,,2025.7.1,2026.9.3,rec8f7FLNht2BFsJz,rec8f7FLNht2BFsJz,https://airtable.com/shr5t1qyPKytJvVBY?prefill_fldziB6bVRltNvUis=rec8f7FLNht2BFsJz,1684,김하은,PT4886-챔피언피규어시상대세트(시상대),,신시어리,,,Product Parts,
SSU001685,checked,PT4954-챔피언피규어시상대세트(판넬),판매가능,김하은,최초 등록,챔피언 피규어 트로피,CFTP,2025.7.1 2:35오후,,2025.7.1,2026.9.3,receaTxngWLHEUmsp,receaTxngWLHEUmsp,https://airtable.com/shr5t1qyPKytJvVBY?prefill_fldziB6bVRltNvUis=receaTxngWLHEUmsp,1685,김하은,PT4954-챔피언피규어시상대세트(판넬),,신시어리,,,Product Parts,
SSU001686,checked,PT4887-배경지(커스텀인쇄)_화이트+디지털풀컬러,판매가능,김하은,최초 등록,챔피언 피규어 트로피,CFTP,2025.7.1 2:36오후,,2025.7.1,2026.9.3,recAF2MmT6lsQ3ieK,recAF2MmT6lsQ3ieK,https://airtable.com/shr5t1qyPKytJvVBY?prefill_fldziB6bVRltNvUis=recAF2MmT6lsQ3ieK,1686,김하은,PT4887-배경지(커스텀인쇄)_화이트+디지털풀컬러,,생산,,,Package Parts,
SSU001687,checked,PT4888-트레이박스(전용)_화이트+옵셋지정색,판매가능,김하은,최초 등록,챔피언 피규어 트로피,CFTP,2025.7.1 2:36오후,,2025.7.1,2026.9.3,recyEDU2VJOFkDiKS,recyEDU2VJOFkDiKS,https://airtable.com/shr5t1qyPKytJvVBY?prefill_fldziB6bVRltNvUis=recyEDU2VJOFkDiKS,1687,김하은,PT4888-트레이박스(전용)_화이트+옵셋지정색,,신시어리,,,Package Parts,
SSU001688,checked,PT4890-슬리브(전용)_투명,판매가능,김하은,최초 등록,챔피언 피규어 트로피,CFTP,2025.7.1 2:36오후,,2025.7.1,2026.9.3,rec3OELGwUXLyafyO,rec3OELGwUXLyafyO,https://airtable.com/shr5t1qyPKytJvVBY?prefill_fldziB6bVRltNvUis=rec3OELGwUXLyafyO,1688,김하은,PT4890-슬리브(전용)_투명,,신시어리,,,Package Parts,
SSU001689,checked,PT4897-트레이박스(커스텀인쇄)_화이트+옵셋풀컬러,판매가능,김하은,최초 등록,챔피언 피규어 트로피,CFTP,2025.7.1 2:37오후,,2025.7.1,2026.9.3,recVzU6mX3Kyf5QmR,recVzU6mX3Kyf5QmR,https://airtable.com/shr5t1qyPKytJvVBY?prefill_fldziB6bVRltNvUis=recVzU6mX3Kyf5QmR,1689,김하은,PT4897-트레이박스(커스텀인쇄)_화이트+옵셋풀컬러,,생산,,,Package Parts,
SSU001690,checked,PT4955-지지대(커스텀인쇄)_화이트+옵셋풀컬러,판매가능,김하은,최초 등록,챔피언 피규어 트로피,CFTP,2025.7.1 2:37오후,,2025.7.1,2026.9.3,rec3AkHtIQraTwf86,rec3AkHtIQraTwf86,https://airtable.com/shr5t1qyPKytJvVBY?prefill_fldziB6bVRltNvUis=rec3AkHtIQraTwf86,1690,김하은,PT4955-지지대(커스텀인쇄)_화이트+옵셋풀컬러,,생산,,,Package Parts,
SSU001691,checked,PT4956-배경지(커스텀인쇄)_화이트+옵셋풀컬러,판매가능,김하은,최초 등록,챔피언 피규어 트로피,CFTP,2025.7.1 2:38오후,,2025.7.1,2026.9.3,recHEKQOCuNwZVUZq,recHEKQOCuNwZVUZq,https://airtable.com/shr5t1qyPKytJvVBY?prefill_fldziB6bVRltNvUis=recHEKQOCuNwZVUZq,1691,김하은,PT4956-배경지(커스텀인쇄)_화이트+옵셋풀컬러,,생산,,,Package Parts,
SSU001692,checked,PT4957-지지대(전용)_화이트,판매가능,김하은,최초 등록,챔피언 피규어 트로피,CFTP,2025.7.1 2:38오후,,2025.7.1,2026.9.3,recwLvsxEf0E7ayaa,recwLvsxEf0E7ayaa,https://airtable.com/shr5t1qyPKytJvVBY?prefill_fldziB6bVRltNvUis=recwLvsxEf0E7ayaa,1692,김하은,PT4957-지지대(전용)_화이트,,신시어리,,,Package Parts,
SSU001693,checked,PT4763-파워업PD충전기_화이트,판매가능,김하은,최초 등록,파워업 PD 충전기 65W,PUPD,2025.7.1 2:54오후,2025.9.24 9:01오전,2025.7.1,2025.9.23,recKpHD9Lj9DtGNyT,,https://airtable.com/shr5t1qyPKytJvVBY?prefill_fldziB6bVRltNvUis=recKpHD9Lj9DtGNyT,1693,김하은,PT4763-파워업PD충전기_화이트,,신시어리,,,Product Parts,
SSU001694,checked,PT4764-단품박스(전용)_화이트,판매가능,김하은,최초 등록,파워업 PD 충전기 65W,PUPD,2025.7.1 2:54오후,,2025.7.1,2026.9.3,recfC5Fyg6iNUmBQL,recfC5Fyg6iNUmBQL,https://airtable.com/shr5t1qyPKytJvVBY?prefill_fldziB6bVRltNvUis=recfC5Fyg6iNUmBQL,1694,김하은,PT4764-단품박스(전용)_화이트,,신시어리,,,Package Parts,
SSU001695,checked,PT4913-사각스티커(커스텀인쇄)_화이트+디지털풀컬러,판매가능,김하은,최초 등록,파워업 PD 충전기 65W,PUPD,2025.7.1 2:54오후,,2025.7.1,2026.9.3,recJ0Rlsxaq4FQHRt,recJ0Rlsxaq4FQHRt,https://airtable.com/shr5t1qyPKytJvVBY?prefill_fldziB6bVRltNvUis=recJ0Rlsxaq4FQHRt,1695,김하은,PT4913-사각스티커(커스텀인쇄)_화이트+디지털풀컬러,,생산,,,Package Parts,
SSU001696,,PT3900-리멤버탁상시계,일시품절,김민정,재고 이슈 확인 중으로 잠시 일시품절합니다,리멤버 탁상시계,RMBT,2025.7.1 5:14오후,2025.7.9 6:13오후,2025.7.1,2025.7.8,rec7Dsl5NIQED2qGR,,https://airtable.com/shr5t1qyPKytJvVBY?prefill_fldziB6bVRltNvUis=rec7Dsl5NIQED2qGR,1696,김민정,PT3900-리멤버탁상시계,,신시어리,,,Product Parts,
SSU001697,checked,,판매가능,김민정,최초등록,,,2025.7.8 2:36오후,2025.7.8 2:37오후,2025.7.8,2025.7.7,,,https://airtable.com/shr5t1qyPKytJvVBY?prefill_fldziB6bVRltNvUis=,1697,김민정,,,,,,,
SSU001698,,,판매가능,김민정,최초등록,,,2025.7.8 2:36오후,2025.7.8 2:37오후,2025.7.8,2025.7.7,,,https://airtable.com/shr5t1qyPKytJvVBY?prefill_fldziB6bVRltNvUis=,1698,김민정,,,,,,,
SSU001699,,,품절예정,김민정,"넥쿨러 전사 기기 고장으로, 1도 실크 인쇄만 가능합니다. 
흰색 1도만 진행 부탁드립니다.",,,2025.7.8 2:37오후,,2025.7.8,2026.9.3,,recZSK65BM8BVOhpe,https://airtable.com/shr5t1qyPKytJvVBY?prefill_fldziB6bVRltNvUis=,1699,김민정,,,,,,,
SSU001700,checked,,품절예정,김민정,"넥쿨러 전사 기기 고장으로, 1도 실크 인쇄만 가능합니다. 
흰색 1도만 진행 부탁드립니다.",,,2025.7.8 2:37오후,,2025.7.8,2026.9.3,,recqKUbjvXVOKQJiT,https://airtable.com/shr5t1qyPKytJvVBY?prefill_fldziB6bVRltNvUis=,1700,김민정,,,,,,,
SSU001701,,PT4737-월드와이드멀티어댑터_화이트,일시품절,김민정,배송지연으로 일시품절처리합니다. 입고 예상일은 7월 말입니다.,월드와이드 멀티어댑터,WWMA,2025.7.9 11:19오전,2025.8.6 12:09오후,2025.7.9,2025.8.5,recdRhHFhSaVuYwOy,,https://airtable.com/shr5t1qyPKytJvVBY?prefill_fldziB6bVRltNvUis=recdRhHFhSaVuYwOy,1701,김민정,PT4737-월드와이드멀티어댑터_화이트,,신시어리,,,Product Parts,
SSU001702,checked,,제품 철수(졸업),김민정,졸업,,,2025.7.9 3:37오후,,2025.7.9,2026.9.3,,recOhH5h6TSFUqGj5,https://airtable.com/shr5t1qyPKytJvVBY?prefill_fldziB6bVRltNvUis=,1702,김민정,,,,,,,
SSU001703,checked,,제품 철수(졸업),김민정,졸업,,,2025.7.9 3:37오후,,2025.7.9,2026.9.3,,recJDq312Szm5DOUz,https://airtable.com/shr5t1qyPKytJvVBY?prefill_fldziB6bVRltNvUis=,1703,김민정,,,,,,,
SSU001704,checked,,제품 철수(졸업),김민정,졸업,,,2025.7.9 3:37오후,,2025.7.9,2026.9.3,,recbcFYhhkMfoCyHg,https://airtable.com/shr5t1qyPKytJvVBY?prefill_fldziB6bVRltNvUis=,1704,김민정,,,,,,,
SSU001705,checked,,제품 철수(졸업),김민정,졸업,,,2025.7.9 3:38오후,,2025.7.9,2026.9.3,,recUN5QklLTsDzfF2,https://airtable.com/shr5t1qyPKytJvVBY?prefill_fldziB6bVRltNvUis=,1705,김민정,,,,,,,
SSU001706,checked,,제품 철수(졸업),김민정,졸업,,,2025.7.9 3:38오후,,2025.7.9,2026.9.3,,recVw2MeA9mHOeQp3,https://airtable.com/shr5t1qyPKytJvVBY?prefill_fldziB6bVRltNvUis=,1706,김민정,,,,,,,
SSU001707,checked,,제품 철수(졸업),김민정,졸업,,,2025.7.9 3:38오후,,2025.7.9,2026.9.3,,rec5OuvNVZhU6ZpHQ,https://airtable.com/shr5t1qyPKytJvVBY?prefill_fldziB6bVRltNvUis=,1707,김민정,,,,,,,
SSU001708,checked,,제품 철수(졸업),김민정,졸업,,,2025.7.9 3:38오후,,2025.7.9,2026.9.3,,rec8yrjpq42vhVCII,https://airtable.com/shr5t1qyPKytJvVBY?prefill_fldziB6bVRltNvUis=,1708,김민정,,,,,,,
SSU001709,checked,,제품 철수(졸업),김민정,졸업,,,2025.7.9 3:39오후,,2025.7.9,2026.9.3,,recUKbFtSEx0nVr2G,https://airtable.com/shr5t1qyPKytJvVBY?prefill_fldziB6bVRltNvUis=,1709,김민정,,,,,,,
SSU001711,,PT3900-리멤버탁상시계,판매가능,김민정,판매재개 합니다,리멤버 탁상시계,RMBT,2025.7.9 6:13오후,,2025.7.9,2026.9.3,rec7Dsl5NIQED2qGR,rec7Dsl5NIQED2qGR,https://airtable.com/shr5t1qyPKytJvVBY?prefill_fldziB6bVRltNvUis=rec7Dsl5NIQED2qGR,1711,김민정,PT3900-리멤버탁상시계,,신시어리,,,Product Parts,
SSU001712,,PT0712-내추럴노트_커버_그레이,판매가능,이난영,내추럴 노트 판매재개합니다.,내추럴 노트,NTRN,2025.7.11 10:19오전,2025.12.19 12:08오후,2025.7.11,2025.12.18,rec5pn661J4iRslXl,,https://airtable.com/shr5t1qyPKytJvVBY?prefill_fldziB6bVRltNvUis=rec5pn661J4iRslXl,1712,이난영,PT0712-내추럴노트_커버_그레이,,신시어리,,,Product Parts,
SSU001713,checked,PT3442-내추럴노트_가름끈_컬러,판매가능,이난영,,내추럴 노트,NTRN,2025.7.14 11:03오전,,2025.7.14,2026.9.3,recYxsd3geblNY4Bz,recYxsd3geblNY4Bz,https://airtable.com/shr5t1qyPKytJvVBY?prefill_fldziB6bVRltNvUis=recYxsd3geblNY4Bz,1713,이난영,PT3442-내추럴노트_가름끈_컬러,,협력사,,,Product Parts,
SSU001714,checked,PT0721-내추럴노트_내지(만년)_화이트+블랙인쇄,판매가능,이난영,,내추럴 노트,NTRN,2025.7.14 11:03오전,2026.2.11 10:59오전,2025.7.14,2026.2.10,recSLt7Rs5FX59ukr,,https://airtable.com/shr5t1qyPKytJvVBY?prefill_fldziB6bVRltNvUis=recSLt7Rs5FX59ukr,1714,이난영,PT0721-내추럴노트_내지(만년)_화이트+블랙인쇄,,신시어리,,,Product Parts,
SSU001715,checked,PT0715-내추럴노트_내지(무지.줄)_화이트,판매가능,이난영,,내추럴 노트,NTRN,2025.7.14 11:03오전,,2025.7.14,2026.9.3,recJAG2xYOBgagHqq,recJAG2xYOBgagHqq,https://airtable.com/shr5t1qyPKytJvVBY?prefill_fldziB6bVRltNvUis=recJAG2xYOBgagHqq,1715,이난영,PT0715-내추럴노트_내지(무지.줄)_화이트,,신시어리,,,Product Parts,
SSU001716,checked,PT3007-내추럴노트_내지(커스텀인쇄1-16p옵셋풀컬러.나머지블랙인쇄),판매가능,이난영,,내추럴 노트,NTRN,2025.7.14 11:04오전,,2025.7.14,2026.9.3,recSLGjG7mojTltbP,recSLGjG7mojTltbP,https://airtable.com/shr5t1qyPKytJvVBY?prefill_fldziB6bVRltNvUis=recSLGjG7mojTltbP,1716,이난영,PT3007-내추럴노트_내지(커스텀인쇄1-16p옵셋풀컬러.나머지블랙인쇄),,생산,,,Product Parts,
SSU001717,checked,PT0713-내추럴노트_내지(커스텀인쇄1-32p옵셋풀컬러.나머지블랙)_화이트+옵셋풀컬러,판매가능,이난영,,내추럴 노트,NTRN,2025.7.14 11:04오전,,2025.7.14,2026.9.3,recBTrjXXuFcIlhtP,recBTrjXXuFcIlhtP,https://airtable.com/shr5t1qyPKytJvVBY?prefill_fldziB6bVRltNvUis=recBTrjXXuFcIlhtP,1717,이난영,PT0713-내추럴노트_내지(커스텀인쇄1-32p옵셋풀컬러.나머지블랙)_화이트+옵셋풀컬러,,생산,,,Product Parts,
SSU001718,checked,PT0714-내추럴노트_내지(커스텀인쇄전체)_화이트+블랙인쇄,판매가능,이난영,,내추럴 노트,NTRN,2025.7.14 11:04오전,,2025.7.14,2026.9.3,recsnobI99oVRyz34,recsnobI99oVRyz34,https://airtable.com/shr5t1qyPKytJvVBY?prefill_fldziB6bVRltNvUis=recsnobI99oVRyz34,1718,이난영,PT0714-내추럴노트_내지(커스텀인쇄전체)_화이트+블랙인쇄,,생산,,,Product Parts,
SSU001719,,,제품 철수(졸업),김민정,"2024ver (홈있는 버전)은 판매 종료합니다.

메시지캐리어파우치 전 컬러 리뉴얼전 (홈있는) 버전으로 변경 예정입니다. ",,,2025.7.14 5:06오후,,2025.7.14,2026.9.3,,recVLTE9oJRuboncW,https://airtable.com/shr5t1qyPKytJvVBY?prefill_fldziB6bVRltNvUis=,1719,김민정,,,,,,,
SSU001720,,,일시품절,김민정,재고소진으로 일시품절입니다. md에 졸업검토 요청할 예정인 점 참고 부탁드립니다.,,,2025.7.17 9:04오전,2025.7.25 10:03오전,2025.7.17,2025.7.24,,,https://airtable.com/shr5t1qyPKytJvVBY?prefill_fldziB6bVRltNvUis=,1720,김민정,,,,,,,
SSU001721,checked,PT2969-메시지캐리어파우치_실버,판매가능,김민정,협력사 변경(와이이케이 -> 이삭) 판매재개,메시지 캐리어 파우치,MSGC,2025.7.17 5:16오후,,2025.7.17,2026.9.3,recWZPxXHsjnxuXpC,recWZPxXHsjnxuXpC,https://airtable.com/shr5t1qyPKytJvVBY?prefill_fldziB6bVRltNvUis=recWZPxXHsjnxuXpC,1721,김민정,PT2969-메시지캐리어파우치_실버,,신시어리,,,Product Parts,
SSU001722,checked,PT3353-메시지캐리어파우치_매트블랙,판매가능,김민정,협력사 변경(와이이케이 -> 이삭) 판매재개,메시지 캐리어 파우치,MSGC,2025.7.17 5:17오후,2025.12.2 6:09오후,2025.7.17,2025.12.1,recaSvDfs8zsNZ3Fz,,https://airtable.com/shr5t1qyPKytJvVBY?prefill_fldziB6bVRltNvUis=recaSvDfs8zsNZ3Fz,1722,김민정,PT3353-메시지캐리어파우치_매트블랙,,신시어리,,,Product Parts,
SSU001723,,,제품 철수(졸업),김하은,협력사 단종 컬러로 재판매 예정 없음,,,2025.7.21 4:33오후,,2025.7.21,2026.9.3,,reci43MYz28cqZ701,https://airtable.com/shr5t1qyPKytJvVBY?prefill_fldziB6bVRltNvUis=,1723,김하은,,,,,,,
SSU001724,,PT1213-스펙트럼컬러펜(컬러잉크)_옐로우,일시품절,김하은,협력사 재고 품절 (재입고 일정 미정),스펙트럼 컬러펜,SPCP,2025.7.23 11:43오전,2026.3.23 3:10오후,2025.7.23,2026.3.22,recuyN2m5vTKf3voV,,https://airtable.com/shr5t1qyPKytJvVBY?prefill_fldziB6bVRltNvUis=recuyN2m5vTKf3voV,1724,김하은,PT1213-스펙트럼컬러펜(컬러잉크)_옐로우,,협력사,,,Product Parts,
SSU001725,,PT1221-스펙트럼컬러펜(컬러잉크)_화이트,일시품절,김하은,협력사 재고 품절 (재입고 일정 미정),스펙트럼 컬러펜,SPCP,2025.7.23 11:43오전,2026.3.23 3:11오후,2025.7.23,2026.3.22,recpYVYDdQFYI7rJN,,https://airtable.com/shr5t1qyPKytJvVBY?prefill_fldziB6bVRltNvUis=recpYVYDdQFYI7rJN,1725,김하은,PT1221-스펙트럼컬러펜(컬러잉크)_화이트,,협력사,,,Product Parts,
SSU001726,,PT1202-스펙트럼컬러펜(컬러잉크)_다크그린,일시품절,김하은,협력사 재고 품절 (8월 말 재입고 예정),스펙트럼 컬러펜,SPCP,2025.7.23 11:44오전,2025.8.20 1:43오후,2025.7.23,2025.8.19,recICZfqZ5l4YVeQ5,,https://airtable.com/shr5t1qyPKytJvVBY?prefill_fldziB6bVRltNvUis=recICZfqZ5l4YVeQ5,1726,김하은,PT1202-스펙트럼컬러펜(컬러잉크)_다크그린,,협력사,,,Product Parts,
SSU001727,,PT1211-스펙트럼컬러펜(블랙잉크)_다크블루,판매가능,김하은,협력사 재고 재입고 완료,스펙트럼 컬러펜,SPCP,2025.7.23 11:56오전,,2025.7.23,2026.9.3,recTrEKWZfZC4FpLv,recTrEKWZfZC4FpLv,https://airtable.com/shr5t1qyPKytJvVBY?prefill_fldziB6bVRltNvUis=recTrEKWZfZC4FpLv,1727,김하은,PT1211-스펙트럼컬러펜(블랙잉크)_다크블루,,협력사,,,Product Parts,
SSU001728,checked,PT4754-단품박스(스탠다드)_화이트,판매가능,김하은,최초 등록,"칠링패드 냉각선풍기, 슬림 터보 선풍기","CPNF, FANC",2025.7.23 6:04오후,,2025.7.23,2026.9.3,recZF2e2afpPnoQzr,recZF2e2afpPnoQzr,https://airtable.com/shr5t1qyPKytJvVBY?prefill_fldziB6bVRltNvUis=recZF2e2afpPnoQzr,1728,김하은,PT4754-단품박스(스탠다드)_화이트,,신시어리,,,Package Parts,
SSU001729,checked,PT4755-칠링패드냉각선풍기_화이트,판매가능,김하은,최초등록,칠링패드 냉각선풍기,CPNF,2025.7.23 6:33오후,2025.7.23 6:36오후,2025.7.23,2025.7.22,recSYKAuinfKwd148,,https://airtable.com/shr5t1qyPKytJvVBY?prefill_fldziB6bVRltNvUis=recSYKAuinfKwd148,1729,김하은,PT4755-칠링패드냉각선풍기_화이트,,신시어리,,,Product Parts,
SSU001730,,PT4755-칠링패드냉각선풍기_화이트,품절예정,김하은,"선풍기 시즌 막바지로 현재고 (450개)가 마지막 재고 입니다. 
*참고 : 올리브컬러는 협력사 재고 3,500개 이상 보유 중",칠링패드 냉각선풍기,CPNF,2025.7.23 6:36오후,2025.9.22 5:01오후,2025.7.23,2025.9.21,recSYKAuinfKwd148,,https://airtable.com/shr5t1qyPKytJvVBY?prefill_fldziB6bVRltNvUis=recSYKAuinfKwd148,1730,김하은,PT4755-칠링패드냉각선풍기_화이트,,신시어리,,,Product Parts,
SSU001731,checked,PT4820-칠링패드냉각선풍기_올리브,판매가능,김하은,최초 등록,칠링패드 냉각선풍기,CPNF,2025.7.24 1:41오후,2025.7.31 3:41오후,2025.7.24,2025.7.30,receAUBJXmsDTXMyn,,https://airtable.com/shr5t1qyPKytJvVBY?prefill_fldziB6bVRltNvUis=receAUBJXmsDTXMyn,1731,김하은,PT4820-칠링패드냉각선풍기_올리브,,협력사,,,Product Parts,
SSU001732,,,제품 철수(졸업),김하은,"데일리머그 재고 소진 및 판매량 저하로 제품 철수합니다. 
화이트/블랙 모두",,,2025.7.25 10:03오전,,2025.7.25,2026.9.3,,recpkdagpYbDJdqQJ,https://airtable.com/shr5t1qyPKytJvVBY?prefill_fldziB6bVRltNvUis=,1732,김하은,,,,,,,
SSU001733,checked,,제품 철수(졸업),김하은,"데일리머그 재고 소진 및 판매량 저하로 제품 철수합니다. 
화이트/블랙 모두",,,2025.7.25 10:03오전,,2025.7.25,2026.9.3,,recWF24Q29pB1bMZG,https://airtable.com/shr5t1qyPKytJvVBY?prefill_fldziB6bVRltNvUis=,1733,김하은,,,,,,,
SSU001734,checked,,판매가능,김하은,최초 등록,,,2025.7.25 5:31오후,2026.1.14 2:16오후,2025.7.25,2026.1.13,,,https://airtable.com/shr5t1qyPKytJvVBY?prefill_fldziB6bVRltNvUis=,1734,김하은,,,,,,,
SSU001735,checked,,판매가능,김하은,최초 등록,,,2025.7.25 5:32오후,,2025.7.25,2026.9.3,,recUlPnff6dLfi6n2,https://airtable.com/shr5t1qyPKytJvVBY?prefill_fldziB6bVRltNvUis=,1735,김하은,,,,,,,
SSU001736,checked,,판매가능,김하은,최초 등록,,,2025.7.25 5:32오후,,2025.7.25,2026.9.3,,recbH8hJDZFXoSXj4,https://airtable.com/shr5t1qyPKytJvVBY?prefill_fldziB6bVRltNvUis=,1736,김하은,,,,,,,
SSU001737,,PT4696-킵세이프마그넷배터리2.0,일시품절,김민정,재고이슈로 원인 파악될때까지 일시품절 처리합니다.,킵세이프 마그넷 배터리 Slim,KSMB,2025.7.25 6:33오후,2025.8.19 9:37오전,2025.7.25,2025.8.18,recPmfR02B6XZ57rJ,,https://airtable.com/shr5t1qyPKytJvVBY?prefill_fldziB6bVRltNvUis=recPmfR02B6XZ57rJ,1737,김민정,PT4696-킵세이프마그넷배터리2.0,,신시어리,,,Product Parts,
SSU001738,,PT4796-밀크에코컵(레귤러)_화이트,판매가능,김민정,7/30  재고 입고 예정으로 판매 재개 합니다!,밀크 에코컵,MKEC,2025.7.28 3:24오후,2025.12.8 4:37오후,2025.7.28,2025.12.7,recux2CCJl0co5f7d,,https://airtable.com/shr5t1qyPKytJvVBY?prefill_fldziB6bVRltNvUis=recux2CCJl0co5f7d,1738,김민정,PT4796-밀크에코컵(레귤러)_화이트,,협력사,,,Product Parts,
SSU001739,,,제품 철수(졸업),김하은,"매출 및 수익성이 낮거나 브랜드 및 트렌드와 맞지 않는 제품을 정리하여 제품 포트폴리오를 최적화하고, 운영 효율성을 개선함 (도브화이트 / 스모키블랙 / 더스티로즈 세 컬러 모두 해당)",,,2025.7.28 3:34오후,,2025.7.28,2026.9.3,,rec7uE5PygZhXbj2Q,https://airtable.com/shr5t1qyPKytJvVBY?prefill_fldziB6bVRltNvUis=,1739,김하은,,,,,,,
SSU001740,,,제품 철수(졸업),김하은,"매출 및 수익성이 낮거나 브랜드 및 트렌드와 맞지 않는 제품을 정리하여 제품 포트폴리오를 최적화하고, 운영 효율성을 개선함 (네온 / 핑크/ 블루 컬러 모두 해당)",,,2025.7.28 3:34오후,,2025.7.28,2026.9.3,,rech2o5r5lyA2wAb9,https://airtable.com/shr5t1qyPKytJvVBY?prefill_fldziB6bVRltNvUis=,1740,김하은,,,,,,,
SSU001741,checked,,제품 철수(졸업),김하은,"매출 및 수익성이 낮거나 브랜드 및 트렌드와 맞지 않는 제품을 정리하여 제품 포트폴리오를 최적화하고, 운영 효율성을 개선함 (도브화이트 / 스모키블랙 / 더스티로즈 세 컬러 모두 해당)
",,,2025.7.28 3:35오후,,2025.7.28,2026.9.3,,recQ5px1YtMpGYYci,https://airtable.com/shr5t1qyPKytJvVBY?prefill_fldziB6bVRltNvUis=,1741,김하은,,,,,,,
SSU001742,checked,,제품 철수(졸업),김하은,"매출 및 수익성이 낮거나 브랜드 및 트렌드와 맞지 않는 제품을 정리하여 제품 포트폴리오를 최적화하고, 운영 효율성을 개선함 (도브화이트 / 스모키블랙 / 더스티로즈 세 컬러 모두 해당)
",,,2025.7.28 3:36오후,,2025.7.28,2026.9.3,,recxcZRpxFGBlneW5,https://airtable.com/shr5t1qyPKytJvVBY?prefill_fldziB6bVRltNvUis=,1742,김하은,,,,,,,
SSU001743,checked,,제품 철수(졸업),김하은,"매출 및 수익성이 낮거나 브랜드 및 트렌드와 맞지 않는 제품을 정리하여 제품 포트폴리오를 최적화하고, 운영 효율성을 개선함 (네온 / 핑크/ 블루 컬러 모두 해당)
",,,2025.7.28 3:36오후,,2025.7.28,2026.9.3,,recjtEeEgxZJ0ULuS,https://airtable.com/shr5t1qyPKytJvVBY?prefill_fldziB6bVRltNvUis=,1743,김하은,,,,,,,
SSU001744,checked,,제품 철수(졸업),김하은,"매출 및 수익성이 낮거나 브랜드 및 트렌드와 맞지 않는 제품을 정리하여 제품 포트폴리오를 최적화하고, 운영 효율성을 개선함 (네온 / 핑크/ 블루 컬러 모두 해당)
",,,2025.7.28 3:36오후,,2025.7.28,2026.9.3,,recolSAjylJdRM1yy,https://airtable.com/shr5t1qyPKytJvVBY?prefill_fldziB6bVRltNvUis=,1744,김하은,,,,,,,
SSU001745,checked,,제품 철수(졸업),김하은,"매출 및 수익성이 낮거나 브랜드 및 트렌드와 맞지 않는 제품을 정리하여 제품 포트폴리오를 최적화하고, 운영 효율성을 개선함 (네온 / 핑크/ 블루 컬러 모두 해당)
",,,2025.7.28 3:37오후,,2025.7.28,2026.9.3,,recvPr22haKiGcH0z,https://airtable.com/shr5t1qyPKytJvVBY?prefill_fldziB6bVRltNvUis=,1745,김하은,,,,,,,
SSU001746,checked,,제품 철수(졸업),김하은,"매출 및 수익성이 낮거나 브랜드 및 트렌드와 맞지 않는 제품을 정리하여 제품 포트폴리오를 최적화하고, 운영 효율성을 개선함 (네온 / 핑크/ 블루 컬러 모두 해당)
",,,2025.7.28 3:37오후,,2025.7.28,2026.9.3,,recgEBQ1RCbXYWYl8,https://airtable.com/shr5t1qyPKytJvVBY?prefill_fldziB6bVRltNvUis=,1746,김하은,,,,,,,
SSU001747,,PT3854-미스트워터보틀_반투명화이트,판매가능,김하은,금주 중 재고 발주 예정으로 정상 판매 재개합니다!,미스트 워터보틀,MIST,2025.7.30 6:17오후,2026.3.31 11:11오전,2025.7.30,2026.3.30,recjfsnYVez8C9Lsi,,https://airtable.com/shr5t1qyPKytJvVBY?prefill_fldziB6bVRltNvUis=recjfsnYVez8C9Lsi,1747,김하은,PT3854-미스트워터보틀_반투명화이트,,신시어리,,,Product Parts,
SSU001748,,PT4820-칠링패드냉각선풍기_올리브,품절예정,김하은,"칠링패드 선풍기 올리브색상 협력사 잔여 재고 500개 정도 남아있으며 소진 속도 빨라서 품절 예정 공지드립니다. 
(*참고 : 화이트색상은 현재 재고 약 370개가 마지막 재고입니다)",칠링패드 냉각선풍기,CPNF,2025.7.31 3:41오후,2025.8.19 9:44오전,2025.7.31,2025.8.18,receAUBJXmsDTXMyn,,https://airtable.com/shr5t1qyPKytJvVBY?prefill_fldziB6bVRltNvUis=receAUBJXmsDTXMyn,1748,김하은,PT4820-칠링패드냉각선풍기_올리브,,협력사,,,Product Parts,
SSU001749,,PT1239-슬로건다이어리_블랙,품절예정,김민정,"슬로건다이어리 블랙 원단 입고가 지연되어, 재고 입고 일정이 미뤄졌습니다.
9월 초 입고 예정이며, 현재 판매가능한 수량은 200개 정도입니다. ",슬로건 다이어리,SLGN,2025.8.5 3:38오후,2025.8.12 2:52오후,2025.8.5,2025.8.11,recwEwAaCd1CXCxD1,,https://airtable.com/shr5t1qyPKytJvVBY?prefill_fldziB6bVRltNvUis=recwEwAaCd1CXCxD1,1749,김민정,PT1239-슬로건다이어리_블랙,,신시어리,,,Product Parts,
SSU001750,,PT4757-마그넷케이블홀더_블랙,판매가능,김민정,재고 입고 예정으로 판매 재개합니다!!!,아이콘 케이블홀더 세트,MGNC,2025.8.5 4:06오후,2025.12.30 1:44오후,2025.8.5,2025.12.29,recQiCcOH05b9yEAq,,https://airtable.com/shr5t1qyPKytJvVBY?prefill_fldziB6bVRltNvUis=recQiCcOH05b9yEAq,1750,김민정,PT4757-마그넷케이블홀더_블랙,,신시어리,,,Product Parts,
SSU001751,,PT4756-마그넷케이블홀더_화이트,판매가능,김민정,재고 입고 예정으로 판매 재개합니다!!!,아이콘 케이블홀더 세트,MGNC,2025.8.5 4:06오후,2025.12.29 12:22오후,2025.8.5,2025.12.28,rec8X82a3jxMO1491,,https://airtable.com/shr5t1qyPKytJvVBY?prefill_fldziB6bVRltNvUis=rec8X82a3jxMO1491,1751,김민정,PT4756-마그넷케이블홀더_화이트,,신시어리,,,Product Parts,
SSU001752,,PT4737-월드와이드멀티어댑터_화이트,판매가능,김민정,8/14 한국 입고 예정으로 판매재개 합니다.,월드와이드 멀티어댑터,WWMA,2025.8.6 12:09오후,,2025.8.6,2026.9.3,recdRhHFhSaVuYwOy,recdRhHFhSaVuYwOy,https://airtable.com/shr5t1qyPKytJvVBY?prefill_fldziB6bVRltNvUis=recdRhHFhSaVuYwOy,1752,김민정,PT4737-월드와이드멀티어댑터_화이트,,신시어리,,,Product Parts,
SSU001753,,PT3856-미스트워터보틀_더스티핑크,판매가능,김하은,협력사 이슈 해소되어 판매 재개합니다 :),미스트 워터보틀,MIST,2025.8.11 10:30오전,2026.3.31 11:14오전,2025.8.11,2026.3.30,reczhBTwD3QmLu6uO,,https://airtable.com/shr5t1qyPKytJvVBY?prefill_fldziB6bVRltNvUis=reczhBTwD3QmLu6uO,1753,김하은,PT3856-미스트워터보틀_더스티핑크,,신시어리,,,Product Parts,
SSU001754,,,일시품절,김민지,제품 인쇄 협력사에서 거래종료를 희망하셔 제품 졸업 검토중입니다.,,,2025.8.12 1:21오후,,2025.8.12,2026.9.3,,rec2uJQ4AxTNetwYw,https://airtable.com/shr5t1qyPKytJvVBY?prefill_fldziB6bVRltNvUis=,1754,김민지,,,,,,,
SSU001755,,PT1239-슬로건다이어리_블랙,일시품절,김하은,9월 초 재입고 예정입니다.,슬로건 다이어리,SLGN,2025.8.12 2:52오후,2025.8.29 4:31오후,2025.8.12,2025.8.28,recwEwAaCd1CXCxD1,,https://airtable.com/shr5t1qyPKytJvVBY?prefill_fldziB6bVRltNvUis=recwEwAaCd1CXCxD1,1755,김하은,PT1239-슬로건다이어리_블랙,,신시어리,,,Product Parts,
SSU001756,checked,PT4710-브릭스탠드멀티충전스테이션_화이트,판매가능,김하은,최초 등록,브릭스탠드 멀티충전기,BSMC,2025.8.13 12:19오후,2025.12.22 2:41오후,2025.8.13,2025.12.21,recOEBHkwU1GJWNch,,https://airtable.com/shr5t1qyPKytJvVBY?prefill_fldziB6bVRltNvUis=recOEBHkwU1GJWNch,1756,김하은,PT4710-브릭스탠드멀티충전스테이션_화이트,,신시어리,,,Product Parts,
SSU001757,checked,PT4711-브릭스탠드멀티충전스테이션(인쇄패드)_화이트,판매가능,김하은,최초 등록,브릭스탠드 멀티충전기,BSMC,2025.8.13 12:20오후,,2025.8.13,2026.9.3,recBV6NoYVcH9k1mT,recBV6NoYVcH9k1mT,https://airtable.com/shr5t1qyPKytJvVBY?prefill_fldziB6bVRltNvUis=recBV6NoYVcH9k1mT,1757,김하은,PT4711-브릭스탠드멀티충전스테이션(인쇄패드)_화이트,,신시어리,,,Product Parts,
SSU001758,checked,PT4712-단품박스(전용)_화이트,판매가능,김하은,최초 등록,브릭스탠드 멀티충전기,BSMC,2025.8.13 12:20오후,,2025.8.13,2026.9.3,rectfS1GwYy6R0woe,rectfS1GwYy6R0woe,https://airtable.com/shr5t1qyPKytJvVBY?prefill_fldziB6bVRltNvUis=rectfS1GwYy6R0woe,1758,김하은,PT4712-단품박스(전용)_화이트,,신시어리,,,Package Parts,
SSU001759,checked,PT4708-3단자동우산_블랙,판매가능,김하은,최초 등록,어드벤스 3단 자동우산,,2025.8.13 12:22오후,2026.2.6 3:05오후,2025.8.13,2026.2.5,recBBgq1MuSmMgbN3,,https://airtable.com/shr5t1qyPKytJvVBY?prefill_fldziB6bVRltNvUis=recBBgq1MuSmMgbN3,1759,김하은,PT4708-3단자동우산_블랙,,신시어리,,,Product Parts,
SSU001760,checked,PT4709-단품박스(전용),판매가능,김하은,최초 등록,어드벤스 3단 자동우산,,2025.8.13 12:22오후,,2025.8.13,2026.9.3,recIR9M1iCdAm0g6n,recIR9M1iCdAm0g6n,https://airtable.com/shr5t1qyPKytJvVBY?prefill_fldziB6bVRltNvUis=recIR9M1iCdAm0g6n,1760,김하은,PT4709-단품박스(전용),,신시어리,,,Package Parts,
SSU001761,checked,PT4986-페이퍼G형박스(전용)(몰스킨)_블랙,판매가능,김하은,최초 등록,"몰스킨 다이어리, 몰스킨 데일리 노트","MOLD, MOLN",2025.8.13 12:23오후,,2025.8.13,2026.9.3,rect9BQ0R26VNYRBN,rect9BQ0R26VNYRBN,https://airtable.com/shr5t1qyPKytJvVBY?prefill_fldziB6bVRltNvUis=rect9BQ0R26VNYRBN,1761,김하은,PT4986-페이퍼G형박스(전용)(몰스킨)_블랙,,신시어리,,,Package Parts,
SSU001762,checked,,판매가능,김민정,최초등록,,,2025.8.13 3:47오후,2025.8.13 3:55오후,2025.8.13,2025.8.12,,,https://airtable.com/shr5t1qyPKytJvVBY?prefill_fldziB6bVRltNvUis=,1762,김민정,,,,,,,
SSU001763,checked,,일시품절,김민지,"베이직보조배터리 제작시 난연소재를 사용하는데 최근 비행기 폭파사고 등 이슈가 있어 난연소재 사용 비율을 높여 레이저가 고르지 않게 인쇄되는 이슈가 발생하였습니다.
협력사에서 현재 새 기물에 맞는 레이저인쇄 방식을 연구하고 있으며, 완료 시점에 재개하도록 하겠습니다.
*레이저인쇄 당분간 제한하고 uv인쇄만 진행가능",,,2025.8.13 3:55오후,2025.12.9 10:48오전,2025.8.13,2025.12.8,,,https://airtable.com/shr5t1qyPKytJvVBY?prefill_fldziB6bVRltNvUis=,1763,김민지,,,,,,,
SSU001764,,PT4696-킵세이프마그넷배터리2.0,판매가능,김민정,"재고 전량 검수하여, 판매 재개 합니다!",킵세이프 마그넷 배터리 Slim,KSMB,2025.8.19 9:37오전,2025.9.19 4:20오후,2025.8.19,2025.9.18,recPmfR02B6XZ57rJ,,https://airtable.com/shr5t1qyPKytJvVBY?prefill_fldziB6bVRltNvUis=recPmfR02B6XZ57rJ,1764,김민정,PT4696-킵세이프마그넷배터리2.0,,신시어리,,,Product Parts,
SSU001765,,PT4820-칠링패드냉각선풍기_올리브,의도적 품절,김민정,"칠링패드 냉각선풍기 화이트와 핸디링미니선풍기가 아직 재고가 남아있어,
재고 소진을 위해 
칠링패드 냉각선풍기 올리브는 의도적 품절 처리합니다. :)",칠링패드 냉각선풍기,CPNF,2025.8.19 9:44오전,2026.4.16 3:31오후,2025.8.19,2026.4.15,receAUBJXmsDTXMyn,,https://airtable.com/shr5t1qyPKytJvVBY?prefill_fldziB6bVRltNvUis=receAUBJXmsDTXMyn,1765,김민정,PT4820-칠링패드냉각선풍기_올리브,시즌가전 재입고 시점 및 사양 변경 여부 확인 필요,협력사,,,Product Parts,
SSU001766,,PT1202-스펙트럼컬러펜(컬러잉크)_다크그린,판매가능,김하은,협력사 재고 입고되어 판매 재개합니다!,스펙트럼 컬러펜,SPCP,2025.8.20 1:43오후,2025.10.1 3:41오후,2025.8.20,2025.9.30,recICZfqZ5l4YVeQ5,,https://airtable.com/shr5t1qyPKytJvVBY?prefill_fldziB6bVRltNvUis=recICZfqZ5l4YVeQ5,1766,김하은,PT1202-스펙트럼컬러펜(컬러잉크)_다크그린,,협력사,,,Product Parts,
SSU001767,,PT1200-스펙트럼컬러펜(컬러잉크)_다크네이비,판매가능,김하은,협력사 재고 입고되어 판매 재개합니다!,스펙트럼 컬러펜,SPCP,2025.8.20 1:43오후,2026.2.10 10:48오전,2025.8.20,2026.2.9,reco3fXNhxhapSegS,,https://airtable.com/shr5t1qyPKytJvVBY?prefill_fldziB6bVRltNvUis=reco3fXNhxhapSegS,1767,김하은,PT1200-스펙트럼컬러펜(컬러잉크)_다크네이비,,협력사,,,Product Parts,
SSU001768,,PT1199-스펙트럼컬러펜(컬러잉크)_레드,판매가능,김하은,협력사 재고 입고되어 판매 재개합니다!,스펙트럼 컬러펜,SPCP,2025.8.20 1:44오후,2026.2.10 10:49오전,2025.8.20,2026.2.9,recj2NSG843k3wkwe,,https://airtable.com/shr5t1qyPKytJvVBY?prefill_fldziB6bVRltNvUis=recj2NSG843k3wkwe,1768,김하은,PT1199-스펙트럼컬러펜(컬러잉크)_레드,,협력사,,,Product Parts,
SSU001769,checked,PT2970-메시지캐리어파우치_메탈그레이,판매가능,육승미,재고생산 완료,메시지 캐리어 파우치,MSGC,2025.8.25 10:41오전,2026.6.11 9:41오전,2025.8.25,2026.6.10,recT95r7975gjV8H4,,https://airtable.com/shr5t1qyPKytJvVBY?prefill_fldziB6bVRltNvUis=recT95r7975gjV8H4,1769,육승미,PT2970-메시지캐리어파우치_메탈그레이,,신시어리,,,Product Parts,
SSU001770,,PT2841-리갈패드_옐로우,품절예정,김하은,협력사 재고 품절 / 재입고 일정 9월 말로 현 재고 340개 남아있습니다.,프라우드 메모패드,PMPB,2025.8.26 4:31오후,2025.8.27 4:53오후,2025.8.26,2025.8.26,recpmptkYzakGMm7d,,https://airtable.com/shr5t1qyPKytJvVBY?prefill_fldziB6bVRltNvUis=recpmptkYzakGMm7d,1770,김하은,PT2841-리갈패드_옐로우,,신시어리,,,Product Parts,
SSU001771,,PT3331-테크미니파우치,품절예정,김하은,"9/10 재입고 예정. 재입고 일정 고려하여 응대 부탁드립니다! (현재 가용 재고는 약 200여 개이나, 진행 중인 대량 주문(1,300개 / 1,000개)에 따른 여유 수량을 고려할 때 품절 가능성이 있어 사전 공유드립니다)",테크 미니 파우치,TCMP,2025.8.27 10:55오전,2025.10.9 10:03오후,2025.8.27,2025.10.8,recyKvheOWvhN7KBa,,https://airtable.com/shr5t1qyPKytJvVBY?prefill_fldziB6bVRltNvUis=recyKvheOWvhN7KBa,1771,김하은,PT3331-테크미니파우치,,신시어리,,,Product Parts,
SSU001772,checked,PT2841-리갈패드_옐로우,판매가능,김하은,"재고 1,000개 구매함",프라우드 메모패드,PMPB,2025.8.27 4:53오후,,2025.8.27,2026.9.3,recpmptkYzakGMm7d,recpmptkYzakGMm7d,https://airtable.com/shr5t1qyPKytJvVBY?prefill_fldziB6bVRltNvUis=recpmptkYzakGMm7d,1772,김하은,PT2841-리갈패드_옐로우,,신시어리,,,Product Parts,
SSU001773,,PT4307-그래픽배너대용량보조배터리_블랙,품절예정,김민정,"협력사 재고 150개로, 재고 확인 후 고객 응대 진행 부탁드립니다. 
판매가 거의 없는 제품이라 협력사 재입고일 미정이라고 합니다..

*화이트는 현재 1,000개 이상 보유하고 있으며, 9월에도 3,000개 입고 예정.",그래픽배너 대용량 보조배터리,GBBT,2025.8.28 9:25오전,2025.9.22 11:45오전,2025.8.28,2025.9.21,recD81hCtRgPAMrFB,,https://airtable.com/shr5t1qyPKytJvVBY?prefill_fldziB6bVRltNvUis=recD81hCtRgPAMrFB,1773,김민정,PT4307-그래픽배너대용량보조배터리_블랙,,협력사,,,Product Parts,
SSU001774,checked,PT1239-슬로건다이어리_블랙,일시품절,이난영,"9/8일 1000~1300개 입하예정 (표지 가공중이라 정확한 수량 파악 어려움)
9/26일 나머지 수량 입하 됩니다. ",슬로건 다이어리,SLGN,2025.8.29 4:31오후,2025.9.16 11:58오전,2025.8.29,2025.9.15,recwEwAaCd1CXCxD1,,https://airtable.com/shr5t1qyPKytJvVBY?prefill_fldziB6bVRltNvUis=recwEwAaCd1CXCxD1,1774,이난영,PT1239-슬로건다이어리_블랙,,신시어리,,,Product Parts,
SSU001775,,PT0562-코튼스트링파우치(커스텀인쇄)(L)_광목_200-1,품절예정,김하은,"현 재고 (110개) 소진 후 졸업 예정입니다. 

(사유 : L사이즈 단가가 높고, 재고 회전율이 낮아 고객 선호도가 더 높은 XL사이즈 하나로만 운영)",Raw 코튼 파우치,RCPC,2025.9.1 10:47오전,,2025.9.1,2026.9.3,rec6XHoU0FsKISmQ3,rec6XHoU0FsKISmQ3,https://airtable.com/shr5t1qyPKytJvVBY?prefill_fldziB6bVRltNvUis=rec6XHoU0FsKISmQ3,1775,김하은,PT0562-코튼스트링파우치(커스텀인쇄)(L)_광목_200-1,졸업확정,신시어리,의도적품절,의도적_졸업예정,Package Parts,
SSU001776,checked,PT4883-시그니처다이어리(2합)_라이트그레이,판매가능,김하은,2합으로 리뉴얼하여 판매 재개,시그니처 다이어리,SGND,2025.9.1 11:36오전,,2025.9.1,2026.9.3,rec6vN1GyHDs4vvsP,rec6vN1GyHDs4vvsP,https://airtable.com/shr5t1qyPKytJvVBY?prefill_fldziB6bVRltNvUis=rec6vN1GyHDs4vvsP,1776,김하은,PT4883-시그니처다이어리(2합)_라이트그레이,,신시어리,,,Product Parts,
SSU001777,checked,PT4882-시그니처다이어리(2합)_블랙,판매가능,김하은,2합으로 리뉴얼하여 판매 재개,시그니처 다이어리,SGND,2025.9.1 11:36오전,2025.12.8 3:07오후,2025.9.1,2025.12.7,recSmAuq9mBaXOOU9,,https://airtable.com/shr5t1qyPKytJvVBY?prefill_fldziB6bVRltNvUis=recSmAuq9mBaXOOU9,1777,김하은,PT4882-시그니처다이어리(2합)_블랙,,신시어리,,,Product Parts,
SSU001778,,,판매가능,김하은,현재고 약 240개 남아있으며 재입고 예정일 9/30일로 일시 품절 가능성이 있어 공유드립니다. 진행 시 재고 확인 부탁드립니다.,,,2025.9.2 12:31오후,2025.9.19 2:53오후,2025.9.2,2025.9.18,,,https://airtable.com/shr5t1qyPKytJvVBY?prefill_fldziB6bVRltNvUis=,1778,김하은,,,,,,,
SSU001779,,PT1220-스펙트럼컬러펜(컬러잉크)_다크블루,일시품절,김하은,협력사 재고 품절 (재입고 일정 미정으로 추후 공지 예정),스펙트럼 컬러펜,SPCP,2025.9.4 1:57오후,2025.11.17 3:02오후,2025.9.4,2025.11.16,recCBU3KAUtcZ9P6T,,https://airtable.com/shr5t1qyPKytJvVBY?prefill_fldziB6bVRltNvUis=recCBU3KAUtcZ9P6T,1779,김하은,PT1220-스펙트럼컬러펜(컬러잉크)_다크블루,,협력사,,,Product Parts,
SSU001780,,PT1205-스펙트럼컬러펜(컬러잉크)_퍼플,일시품절,김하은,협력사 재고 품절 (재입고 일정 미정으로 추후 공지 예정),스펙트럼 컬러펜,SPCP,2025.9.4 1:59오후,2025.11.17 3:01오후,2025.9.4,2025.11.16,recjDHESSrqXz0YWb,,https://airtable.com/shr5t1qyPKytJvVBY?prefill_fldziB6bVRltNvUis=recjDHESSrqXz0YWb,1780,김하은,PT1205-스펙트럼컬러펜(컬러잉크)_퍼플,,협력사,,,Product Parts,
SSU001781,,,제품 철수(졸업),김민지,4분기 운영 효율화를 위해 협력사를 변경하면서 주문 건 수가 적은 투명 인쇄 옵션을 단순화 하고자 품절 처리 합니다.,,,2025.9.8 2:07오후,,2025.9.8,2026.9.3,,reckwFXIbO0DLQKLg,https://airtable.com/shr5t1qyPKytJvVBY?prefill_fldziB6bVRltNvUis=,1781,김민지,,진행 가능 여부 확인 필요(4분기 의도적 품절?),,,,,
SSU001782,,PT4900-아크릴트로피(라미_싱글레이어),일시품절,육승미,제품 결합 이슈로 인한 일시품절,심볼 아크릴 트로피,ACTP,2025.9.10 3:36오후,2025.10.1 1:56오후,2025.9.10,2025.9.30,recRdwAzUGWqxX4em,,https://airtable.com/shr5t1qyPKytJvVBY?prefill_fldziB6bVRltNvUis=recRdwAzUGWqxX4em,1782,육승미,PT4900-아크릴트로피(라미_싱글레이어),,생산,,,Product Parts,
SSU001783,,PT4901-아크릴트로피(아크로바_더블레이어),일시품절,육승미,제품 결합 이슈로 인한 일시품절,심볼 아크릴 트로피,ACTP,2025.9.10 3:36오후,2025.10.1 1:59오후,2025.9.10,2025.9.30,recO2NyyaT6ezC06S,,https://airtable.com/shr5t1qyPKytJvVBY?prefill_fldziB6bVRltNvUis=recO2NyyaT6ezC06S,1783,육승미,PT4901-아크릴트로피(아크로바_더블레이어),,생산,,,Product Parts,
SSU001784,,PT4768-EVA파우치(전용)_반투명,품절예정,김민정,현재고 360개로 300~350개 정도까지만 추가로 사용할 수 있을 것 같습니다.,"브랜디드 타월, 아트워크 타월","BDTW, AWTW",2025.9.11 9:47오전,2025.12.23 5:45오후,2025.9.11,2025.12.22,rect0niXMMcIpvLJB,,https://airtable.com/shr5t1qyPKytJvVBY?prefill_fldziB6bVRltNvUis=rect0niXMMcIpvLJB,1784,김민정,PT4768-EVA파우치(전용)_반투명,,신시어리,,,Package Parts,
SSU001785,,PT3267-모먼트일회용카메라_본품,일시품절,육승미,재고 수급 이슈로 인한 품절 처리,모먼트 일회용 카메라,FCAM,2025.9.11 8:59오후,2025.9.22 5:42오후,2025.9.11,2025.9.21,recVvQIFXPRcwYsoz,,https://airtable.com/shr5t1qyPKytJvVBY?prefill_fldziB6bVRltNvUis=recVvQIFXPRcwYsoz,1785,육승미,PT3267-모먼트일회용카메라_본품,,협력사,,,Product Parts,
SSU001786,,PT3268-모먼트일회용카메라_커버,일시품절,육승미,재고 수급 이슈로 인한 품절처리,모먼트 일회용 카메라,FCAM,2025.9.11 9:00오후,2025.9.22 5:43오후,2025.9.11,2025.9.21,recy9UYrZdSeBih2y,,https://airtable.com/shr5t1qyPKytJvVBY?prefill_fldziB6bVRltNvUis=recy9UYrZdSeBih2y,1786,육승미,PT3268-모먼트일회용카메라_커버,,생산,,,Product Parts,
SSU001787,,PT1239-슬로건다이어리_블랙,판매가능,김하은,재입고 완료되어 판매 재개합니다!,슬로건 다이어리,SLGN,2025.9.16 11:58오전,2025.11.26 10:36오전,2025.9.16,2025.11.25,recwEwAaCd1CXCxD1,,https://airtable.com/shr5t1qyPKytJvVBY?prefill_fldziB6bVRltNvUis=recwEwAaCd1CXCxD1,1787,김하은,PT1239-슬로건다이어리_블랙,,신시어리,,,Product Parts,
SSU001788,,PT2474-스펙트럼컬러펜(블랙잉크)_리인벤트에디션,판매가능,김하은,협력사 재고 입고되어 판매 재개합니다!,스펙트럼 컬러펜,SPCP,2025.9.17 5:05오후,,2025.9.17,2026.9.3,recmfZV1wU0BPuItU,recmfZV1wU0BPuItU,https://airtable.com/shr5t1qyPKytJvVBY?prefill_fldziB6bVRltNvUis=recmfZV1wU0BPuItU,1788,김하은,PT2474-스펙트럼컬러펜(블랙잉크)_리인벤트에디션,,협력사,,,Product Parts,
SSU001789,,,판매가능,육승미,"재고 3,000개 입고되어 판매 가능합니다",,,2025.9.19 2:53오후,2025.11.6 4:57오후,2025.9.19,2025.11.5,,,https://airtable.com/shr5t1qyPKytJvVBY?prefill_fldziB6bVRltNvUis=,1789,육승미,,,,,,,
SSU001790,,PT4696-킵세이프마그넷배터리2.0,품절예정,김민정,"재고 250개 남았습니다. 추석이후 추가 입고 예정이며, 일정 및 수량 재공유 드리겠습니다.",킵세이프 마그넷 배터리 Slim,KSMB,2025.9.19 4:20오후,2025.9.25 2:49오후,2025.9.19,2025.9.24,recPmfR02B6XZ57rJ,,https://airtable.com/shr5t1qyPKytJvVBY?prefill_fldziB6bVRltNvUis=recPmfR02B6XZ57rJ,1790,김민정,PT4696-킵세이프마그넷배터리2.0,,신시어리,,,Product Parts,
SSU001791,,PT4263-플러스멀티충전스테이션_블랙,일시품절,김민지,협력사 재고 수급이슈로 품절,플러스 멀티충전 스테이션,PLSM,2025.9.19 4:32오후,2025.10.29 10:09오전,2025.9.19,2025.10.28,recyM5hYOiHhO77wO,,https://airtable.com/shr5t1qyPKytJvVBY?prefill_fldziB6bVRltNvUis=recyM5hYOiHhO77wO,1791,김민지,PT4263-플러스멀티충전스테이션_블랙,,협력사,,,Product Parts,
SSU001792,,PT4262-플러스멀티충전스테이션_크림,일시품절,김민지,협력사 재고 수급이슈로 품절,플러스 멀티충전 스테이션,PLSM,2025.9.19 4:33오후,2025.10.29 10:10오전,2025.9.19,2025.10.28,recRmBYnWRG3gEvd8,,https://airtable.com/shr5t1qyPKytJvVBY?prefill_fldziB6bVRltNvUis=recRmBYnWRG3gEvd8,1792,김민지,PT4262-플러스멀티충전스테이션_크림,,협력사,,,Product Parts,
SSU001793,,,품절예정,김민지,협력사 제품 리뉴얼로 신시어리 재고 약450개 소진 후 '일시품절' 예정입니다.,,,2025.9.22 10:18오전,2025.9.22 11:42오전,2025.9.22,2025.9.21,,,https://airtable.com/shr5t1qyPKytJvVBY?prefill_fldziB6bVRltNvUis=,1793,김민지,,,,,,,
SSU001794,,,일시품절,김민지,협력사 제품 리뉴얼로 일시품절입니다.,,,2025.9.22 10:22오전,2025.10.1 3:45오후,2025.9.22,2025.9.30,,,https://airtable.com/shr5t1qyPKytJvVBY?prefill_fldziB6bVRltNvUis=,1794,김민지,,,,,,,
SSU001795,,,일시품절,김민지,협력사 제품 리뉴얼로 일시품절입니다.,,,2025.9.22 10:23오전,2025.9.25 9:56오전,2025.9.22,2025.9.24,,,https://airtable.com/shr5t1qyPKytJvVBY?prefill_fldziB6bVRltNvUis=,1795,김민지,,,,,,,
SSU001796,,,일시품절,김민지,"Cto8 -> CtoC로 리뉴얼되어 홈페이지 및 전산 리뉴얼전까지 품절예정입니다. (남은 수량 450개도 CtoC로 교환예정)
CtoC 재고는 9/24 에이원 입고 예정입니다.",,,2025.9.22 11:42오전,2025.9.25 9:55오전,2025.9.22,2025.9.24,,,https://airtable.com/shr5t1qyPKytJvVBY?prefill_fldziB6bVRltNvUis=,1796,김민지,,,,,,,
SSU001797,,PT4307-그래픽배너대용량보조배터리_블랙,판매가능,김하은,9/25 협력사 재고 재입고 예정으로 판매 재개합니다!,그래픽배너 대용량 보조배터리,GBBT,2025.9.22 11:45오전,2026.8.25 4:30오후,2025.9.22,2026.8.24,recD81hCtRgPAMrFB,,https://airtable.com/shr5t1qyPKytJvVBY?prefill_fldziB6bVRltNvUis=recD81hCtRgPAMrFB,1797,김하은,PT4307-그래픽배너대용량보조배터리_블랙,,협력사,,,Product Parts,
SSU001798,,,품절예정,김민정,"현재고로 최대 80개까지만 판매가능합니다.
재고 소진 후 졸업 또는 리뉴얼 검토 예정인 제품으로, 올해는 추가 생산 계획 없습니다. ",,,2025.9.22 3:41오후,2025.10.31 4:31오후,2025.9.22,2025.10.30,,,https://airtable.com/shr5t1qyPKytJvVBY?prefill_fldziB6bVRltNvUis=,1798,김민정,,,,,,,
SSU001799,checked,,제품 철수(졸업),김민정,"2024ver (홈있는 버전)은 판매 종료합니다.

메시지캐리어파우치 전 컬러 리뉴얼전 (홈있는) 버전으로 변경 예정입니다. ",,,2025.9.22 3:52오후,,2025.9.22,2026.9.3,,rect8gQggktiwPhcp,https://airtable.com/shr5t1qyPKytJvVBY?prefill_fldziB6bVRltNvUis=,1799,김민정,,,,,,,
SSU001800,checked,,제품 철수(졸업),김민정,제품 리뉴얼로 졸업 처리,,,2025.9.22 4:06오후,,2025.9.22,2026.9.3,,rec3hMSi0RlZEkxuq,https://airtable.com/shr5t1qyPKytJvVBY?prefill_fldziB6bVRltNvUis=,1800,김민정,,,,,,,
SSU001801,checked,,제품 철수(졸업),김민정,제품 리뉴얼로 졸업 처리,,,2025.9.22 4:06오후,,2025.9.22,2026.9.3,,recczqU6l85WLmvUu,https://airtable.com/shr5t1qyPKytJvVBY?prefill_fldziB6bVRltNvUis=,1801,김민정,,,,,,,
SSU001802,checked,,제품 철수(졸업),김민정,제품 리뉴얼로 졸업 처리,,,2025.9.22 4:07오후,,2025.9.22,2026.9.3,,reczsaH8IZsDn7o97,https://airtable.com/shr5t1qyPKytJvVBY?prefill_fldziB6bVRltNvUis=,1802,김민정,,,,,,,
SSU001803,checked,,제품 철수(졸업),김민정,제품 리뉴얼로 졸업 처리,,,2025.9.22 4:07오후,,2025.9.22,2026.9.3,,recM0Iltta0yhHCmd,https://airtable.com/shr5t1qyPKytJvVBY?prefill_fldziB6bVRltNvUis=,1803,김민정,,,,,,,
SSU001804,checked,,제품 철수(졸업),김민정,제품 리뉴얼로 졸업 처리,,,2025.9.22 4:07오후,,2025.9.22,2026.9.3,,recY7hYgCnJ6VAB48,https://airtable.com/shr5t1qyPKytJvVBY?prefill_fldziB6bVRltNvUis=,1804,김민정,,,,,,,
SSU001805,checked,,제품 철수(졸업),김민정,제품 리뉴얼로 졸업 처리,,,2025.9.22 4:07오후,,2025.9.22,2026.9.3,,recQX9wOhtawQUQqt,https://airtable.com/shr5t1qyPKytJvVBY?prefill_fldziB6bVRltNvUis=,1805,김민정,,,,,,,
SSU001806,checked,PT4716-밸류메모큐브(ver2)(점착.S),판매가능,김하은,최초 등록,밸류 메모큐브,VMCB,2025.9.22 4:12오후,2025.12.5 2:53오후,2025.9.22,2025.12.4,recdZ41CF2cfqOr2n,,https://airtable.com/shr5t1qyPKytJvVBY?prefill_fldziB6bVRltNvUis=recdZ41CF2cfqOr2n,1806,김하은,PT4716-밸류메모큐브(ver2)(점착.S),,신시어리,,,Product Parts,
SSU001807,checked,PT4717-밸류메모큐브(ver2)(점착.M),판매가능,김하은,최초 등록,밸류 메모큐브,VMCB,2025.9.22 4:12오후,,2025.9.22,2026.9.3,rec9fVGUFP1PTrlE0,rec9fVGUFP1PTrlE0,https://airtable.com/shr5t1qyPKytJvVBY?prefill_fldziB6bVRltNvUis=rec9fVGUFP1PTrlE0,1807,김하은,PT4717-밸류메모큐브(ver2)(점착.M),,신시어리,,,Product Parts,
SSU001808,checked,PT4718-밸류메모큐브(ver2)(비점착.S),판매가능,김하은,최초 등록,밸류 메모큐브,VMCB,2025.9.22 4:13오후,,2025.9.22,2026.9.3,recc48CXPxvgoJ4l1,recc48CXPxvgoJ4l1,https://airtable.com/shr5t1qyPKytJvVBY?prefill_fldziB6bVRltNvUis=recc48CXPxvgoJ4l1,1808,김하은,PT4718-밸류메모큐브(ver2)(비점착.S),,신시어리,,,Product Parts,
SSU001809,checked,PT4719-밸류메모큐브(ver2)(비점착.M),판매가능,김하은,최초 등록,밸류 메모큐브,VMCB,2025.9.22 4:13오후,,2025.9.22,2026.9.3,rec639lSbGo7dnXbL,rec639lSbGo7dnXbL,https://airtable.com/shr5t1qyPKytJvVBY?prefill_fldziB6bVRltNvUis=rec639lSbGo7dnXbL,1809,김하은,PT4719-밸류메모큐브(ver2)(비점착.M),,신시어리,,,Product Parts,
SSU001810,checked,PT5072-밸류메모큐브(ver2)(점착.S.낱장인쇄)_화이트+블랙인쇄,판매가능,김하은,최초 등록,밸류 메모큐브,VMCB,2025.9.22 4:16오후,,2025.9.22,2026.9.3,recKxJhrXolnWTXsa,recKxJhrXolnWTXsa,https://airtable.com/shr5t1qyPKytJvVBY?prefill_fldziB6bVRltNvUis=recKxJhrXolnWTXsa,1810,김하은,PT5072-밸류메모큐브(ver2)(점착.S.낱장인쇄)_화이트+블랙인쇄,,생산,,,Product Parts,
SSU001811,checked,PT5073-밸류메모큐브(ver2)(점착.M.낱장인쇄)_화이트+블랙인쇄,판매가능,김하은,최초 등록,밸류 메모큐브,VMCB,2025.9.22 4:17오후,,2025.9.22,2026.9.3,recB5t3L3YfTD1tlw,recB5t3L3YfTD1tlw,https://airtable.com/shr5t1qyPKytJvVBY?prefill_fldziB6bVRltNvUis=recB5t3L3YfTD1tlw,1811,김하은,PT5073-밸류메모큐브(ver2)(점착.M.낱장인쇄)_화이트+블랙인쇄,,생산,,,Product Parts,
SSU001812,checked,PT5074-밸류메모큐브(ver2)(비점착.S.낱장인쇄)_화이트+블랙인쇄,판매가능,김하은,최초 등록,밸류 메모큐브,VMCB,2025.9.22 4:17오후,,2025.9.22,2026.9.3,recAyliG0TqK6OYwV,recAyliG0TqK6OYwV,https://airtable.com/shr5t1qyPKytJvVBY?prefill_fldziB6bVRltNvUis=recAyliG0TqK6OYwV,1812,김하은,PT5074-밸류메모큐브(ver2)(비점착.S.낱장인쇄)_화이트+블랙인쇄,,생산,,,Product Parts,
SSU001813,checked,PT5075-밸류메모큐브(ver2)(비점착.M.낱장인쇄)_화이트+블랙인쇄,판매가능,김하은,최초 등록,밸류 메모큐브,VMCB,2025.9.22 4:17오후,,2025.9.22,2026.9.3,recACHH0TnkXvMMRk,recACHH0TnkXvMMRk,https://airtable.com/shr5t1qyPKytJvVBY?prefill_fldziB6bVRltNvUis=recACHH0TnkXvMMRk,1813,김하은,PT5075-밸류메모큐브(ver2)(비점착.M.낱장인쇄)_화이트+블랙인쇄,,생산,,,Product Parts,
SSU001814,,PT4755-칠링패드냉각선풍기_화이트,의도적 품절,김민정,선매입 재고 모두 소진되어 시즌 종료합니다!,칠링패드 냉각선풍기,CPNF,2025.9.22 5:01오후,2026.4.16 3:30오후,2025.9.22,2026.4.15,recSYKAuinfKwd148,,https://airtable.com/shr5t1qyPKytJvVBY?prefill_fldziB6bVRltNvUis=recSYKAuinfKwd148,1814,김민정,PT4755-칠링패드냉각선풍기_화이트,시즌가전 재입고 시점 및 사양 변경 여부 확인 필요,신시어리,,,Product Parts,
SSU001815,checked,PT3267-모먼트일회용카메라_본품,의도적 품절,김민정,공급망 이슈로 의도적 품절입니다.,모먼트 일회용 카메라,FCAM,2025.9.22 5:42오후,2026.2.9 4:07오후,2025.9.22,2026.2.8,recVvQIFXPRcwYsoz,,https://airtable.com/shr5t1qyPKytJvVBY?prefill_fldziB6bVRltNvUis=recVvQIFXPRcwYsoz,1815,김민정,PT3267-모먼트일회용카메라_본품,,협력사,,,Product Parts,
SSU001816,checked,PT3268-모먼트일회용카메라_커버,의도적 품절,김민정,공급망 이슈로 의도적 품절입니다.,모먼트 일회용 카메라,FCAM,2025.9.22 5:43오후,2026.2.9 4:15오후,2025.9.22,2026.2.8,recy9UYrZdSeBih2y,,https://airtable.com/shr5t1qyPKytJvVBY?prefill_fldziB6bVRltNvUis=recy9UYrZdSeBih2y,1816,김민정,PT3268-모먼트일회용카메라_커버,,생산,,,Product Parts,
SSU001817,,PT2228-브랜디드노트북백_블랙,품절예정,김하은,중국 국경절로 재고 생산 지연되어 11월 중순 재입고 예정입니다. 품절 가능성 있어 재고 확인 후 진행 부탁드립니다. (현 재고 약 300개),브랜디드 노트북백,BRDD,2025.9.23 4:44오후,2025.11.3 10:35오전,2025.9.23,2025.11.2,recHi0kLkGW3jImGB,,https://airtable.com/shr5t1qyPKytJvVBY?prefill_fldziB6bVRltNvUis=recHi0kLkGW3jImGB,1817,김하은,PT2228-브랜디드노트북백_블랙,,신시어리,,,Product Parts,
SSU001818,,PT4763-파워업PD충전기_화이트,품절예정,김민정,"470개 정도 재고 남아있어 품절 예정으로 공지합니다.
재입고 예정일은 10월 말이며, 2,800개 입고 예정입니다",파워업 PD 충전기 65W,PUPD,2025.9.24 9:01오전,2025.9.29 9:12오전,2025.9.24,2025.9.28,recKpHD9Lj9DtGNyT,,https://airtable.com/shr5t1qyPKytJvVBY?prefill_fldziB6bVRltNvUis=recKpHD9Lj9DtGNyT,1818,김민정,PT4763-파워업PD충전기_화이트,,신시어리,,,Product Parts,
SSU001819,,,판매가능,김민지,"기존 Cto8 케이블 제품이 CtoC로 리뉴얼 되어 판매 가능합니다.
홈페이지, 견적서 등 아직 차주 중으로 리뉴얼 될 예정으로 그전까지는 고객 응대시 건별로 CtoC 가능한점 안내 부탁드립니다. ",,,2025.9.25 9:55오전,2025.10.1 3:45오후,2025.9.25,2025.9.30,,,https://airtable.com/shr5t1qyPKytJvVBY?prefill_fldziB6bVRltNvUis=,1819,김민지,,,,,,,
SSU001820,,,판매가능,김민지,"기존 Cto8 케이블 제품이 CtoC로 리뉴얼 되어 판매 가능합니다.
홈페이지, 견적서 등 아직 반영되어있지 않고 차주 중으로 리뉴얼 될 예정으로 
그전까지는 고객 응대시 건별로 CtoC 가능한점 안내 부탁드립니다. ",,,2025.9.25 9:56오전,2025.10.1 3:45오후,2025.9.25,2025.9.30,,,https://airtable.com/shr5t1qyPKytJvVBY?prefill_fldziB6bVRltNvUis=,1820,김민지,,,,,,,
SSU001821,,PT4696-킵세이프마그넷배터리2.0,일시품절,김하은,재고 소진으로 일시 품절. 10/20 재입고 예정입니다.,킵세이프 마그넷 배터리 Slim,KSMB,2025.9.25 2:49오후,2025.10.14 3:01오후,2025.9.25,2025.10.13,recPmfR02B6XZ57rJ,,https://airtable.com/shr5t1qyPKytJvVBY?prefill_fldziB6bVRltNvUis=recPmfR02B6XZ57rJ,1821,김하은,PT4696-킵세이프마그넷배터리2.0,,신시어리,,,Product Parts,
SSU001822,,PT4763-파워업PD충전기_화이트,품절예정,김민정," PNA36402-네이버클라우드 건으로 300개 사용 예정으로 
현시점(2025.09.29) 사용가능 재고량은 약 150개입니다.
재입고 예정일은 10월 말입니다.",파워업 PD 충전기 65W,PUPD,2025.9.29 9:12오전,2025.10.16 1:43오후,2025.9.29,2025.10.15,recKpHD9Lj9DtGNyT,,https://airtable.com/shr5t1qyPKytJvVBY?prefill_fldziB6bVRltNvUis=recKpHD9Lj9DtGNyT,1822,김민정,PT4763-파워업PD충전기_화이트,,신시어리,,,Product Parts,
SSU001823,,PT4900-아크릴트로피(라미_싱글레이어),판매가능,육승미,이슈 개선 완료되어 판매 재개합니다.,심볼 아크릴 트로피,ACTP,2025.10.1 1:56오후,,2025.10.1,2026.9.3,recRdwAzUGWqxX4em,recRdwAzUGWqxX4em,https://airtable.com/shr5t1qyPKytJvVBY?prefill_fldziB6bVRltNvUis=recRdwAzUGWqxX4em,1823,육승미,PT4900-아크릴트로피(라미_싱글레이어),,생산,,,Product Parts,
SSU001824,,PT4901-아크릴트로피(아크로바_더블레이어),판매가능,육승미,이슈 개선 완료되어 판매 재개합니다.,심볼 아크릴 트로피,ACTP,2025.10.1 1:59오후,,2025.10.1,2026.9.3,recO2NyyaT6ezC06S,recO2NyyaT6ezC06S,https://airtable.com/shr5t1qyPKytJvVBY?prefill_fldziB6bVRltNvUis=recO2NyyaT6ezC06S,1824,육승미,PT4901-아크릴트로피(아크로바_더블레이어),,생산,,,Product Parts,
SSU001825,,PT1202-스펙트럼컬러펜(컬러잉크)_다크그린,일시품절,김하은,"협력사 재고 품절 (11월 말 재입고예정)
",스펙트럼 컬러펜,SPCP,2025.10.1 3:41오후,2025.12.3 4:30오후,2025.10.1,2025.12.2,recICZfqZ5l4YVeQ5,,https://airtable.com/shr5t1qyPKytJvVBY?prefill_fldziB6bVRltNvUis=recICZfqZ5l4YVeQ5,1825,김하은,PT1202-스펙트럼컬러펜(컬러잉크)_다크그린,,협력사,,,Product Parts,
SSU001826,,PT1204-스펙트럼컬러펜(컬러잉크)_그린,일시품절,김하은,협력사 재고 품절 (재입고 일정 미정),스펙트럼 컬러펜,SPCP,2025.10.1 3:42오후,2026.3.23 3:12오후,2025.10.1,2026.3.22,recwu5az8GcpCDFvU,,https://airtable.com/shr5t1qyPKytJvVBY?prefill_fldziB6bVRltNvUis=recwu5az8GcpCDFvU,1826,김하은,PT1204-스펙트럼컬러펜(컬러잉크)_그린,,협력사,,,Product Parts,
SSU001827,checked,,제품 철수(졸업),김민정,협력사 단종으로 신시어리 단종처리,,,2025.10.1 3:45오후,,2025.10.1,2026.9.3,,rec7MiV7DCiSwcdwd,https://airtable.com/shr5t1qyPKytJvVBY?prefill_fldziB6bVRltNvUis=,1827,김민정,,,,,,,
SSU001828,checked,,제품 철수(졸업),김민정,협력사 단종으로 신시어리 단종처리,,,2025.10.1 3:45오후,,2025.10.1,2026.9.3,,rec1gFGp9sb3Rue9w,https://airtable.com/shr5t1qyPKytJvVBY?prefill_fldziB6bVRltNvUis=,1828,김민정,,,,,,,
SSU001829,checked,,제품 철수(졸업),김민정,협력사 단종으로 신시어리 단종처리,,,2025.10.1 3:45오후,,2025.10.1,2026.9.3,,rec5SexLrjoQ4iKAg,https://airtable.com/shr5t1qyPKytJvVBY?prefill_fldziB6bVRltNvUis=,1829,김민정,,,,,,,
SSU001830,checked,PT5147-베이직도킹형보조배터리(type-C/C)_화이트,판매가능,김민정,c/c 타입으로 리뉴얼,베이직 도킹형 보조배터리,BASD,2025.10.1 3:50오후,2026.6.24 1:52오후,2025.10.1,2026.6.23,recCsLtnW8loKi26c,,https://airtable.com/shr5t1qyPKytJvVBY?prefill_fldziB6bVRltNvUis=recCsLtnW8loKi26c,1830,김민정,PT5147-베이직도킹형보조배터리(type-C/C)_화이트,,협력사,,,Product Parts,
SSU001831,checked,PT5148-퀵차지도킹형보조배터리(type-C/C)_화이트,판매가능,김민정,c/c 타입으로 리뉴얼,퀵차지 도킹형 보조배터리,QUIC,2025.10.1 3:50오후,,2025.10.1,2026.9.3,recJXaIpGOZzTQiJH,recJXaIpGOZzTQiJH,https://airtable.com/shr5t1qyPKytJvVBY?prefill_fldziB6bVRltNvUis=recJXaIpGOZzTQiJH,1831,김민정,PT5148-퀵차지도킹형보조배터리(type-C/C)_화이트,,신시어리,,,Product Parts,
SSU001832,,PT1164-스트레치사원증홀더_그레이,판매가능,김민지,그레이 컬러는 협력사에서 건별로 대응하시는 상황으로 주문시 재고생산 3주 소요되는점 참고 부탁드립니다.,스트레치 사원증 홀더,STHD,2025.10.2 11:18오전,,2025.10.2,2026.9.3,recdpgtUseaYc9CCH,recdpgtUseaYc9CCH,https://airtable.com/shr5t1qyPKytJvVBY?prefill_fldziB6bVRltNvUis=recdpgtUseaYc9CCH,1832,김민지,PT1164-스트레치사원증홀더_그레이,협력사재고 확인 필요,생산,,,Product Parts,
SSU001833,,PT3331-테크미니파우치,판매가능,김민정,"재고입고되어 판매재개 합니다! (현재 가능재고 : 2,200개)",테크 미니 파우치,TCMP,2025.10.9 10:03오후,,2025.10.9,2026.9.3,recyKvheOWvhN7KBa,recyKvheOWvhN7KBa,https://airtable.com/shr5t1qyPKytJvVBY?prefill_fldziB6bVRltNvUis=recyKvheOWvhN7KBa,1833,김민정,PT3331-테크미니파우치,,신시어리,,,Product Parts,
SSU001834,,PT2268-레더라벨캠핑체어(세트_본품및파우치)_베이지,품절예정,김민정,"현재고 235개이며, 10월 30일경 1,000개 재입고 예정입니다.",레더라벨 캠핑체어,LTLB,2025.10.10 12:46오후,2025.11.3 10:18오전,2025.10.10,2025.11.2,recXHHuIeuzQkJCtk,,https://airtable.com/shr5t1qyPKytJvVBY?prefill_fldziB6bVRltNvUis=recXHHuIeuzQkJCtk,1834,김민정,PT2268-레더라벨캠핑체어(세트_본품및파우치)_베이지,,신시어리,,,Product Parts,
SSU001835,,PT4696-킵세이프마그넷배터리2.0,판매가능,육승미,10/20 협력사 재고 5000개 입고 확정되어 판매 재개합니다.,킵세이프 마그넷 배터리 Slim,KSMB,2025.10.14 3:01오후,2026.1.6 11:46오전,2025.10.14,2026.1.5,recPmfR02B6XZ57rJ,,https://airtable.com/shr5t1qyPKytJvVBY?prefill_fldziB6bVRltNvUis=recPmfR02B6XZ57rJ,1835,육승미,PT4696-킵세이프마그넷배터리2.0,,신시어리,,,Product Parts,
SSU001836,,,의도적 품절,김하은,품질 이슈가 지속적으로 발생하여 보유 재고가 소진됨에 따라 의도적 품절 처리합니다.,,,2025.10.14 5:47오후,2026.2.9 4:08오후,2025.10.14,2026.2.8,,,https://airtable.com/shr5t1qyPKytJvVBY?prefill_fldziB6bVRltNvUis=,1836,김하은,,,,,,,
SSU001837,,PT4331-히트업손난로보조배터리_그레이,일시품절,김민정,입고일정이 지연되어 10월말~11월초 재입고 예정으로 일시 품절처리합니다.,히트업 손난로 보조배터리,HTUS,2025.10.14 6:43오후,2025.10.29 2:35오후,2025.10.14,2025.10.28,recxsYfYysS6YXUWX,,https://airtable.com/shr5t1qyPKytJvVBY?prefill_fldziB6bVRltNvUis=recxsYfYysS6YXUWX,1837,김민정,PT4331-히트업손난로보조배터리_그레이,,협력사,,,Product Parts,
SSU001838,,PT4332-히트업손난로보조배터리_핑크,일시품절,김민정,입고일정이 지연되어 10월말~11월초 재입고 예정으로 일시 품절처리합니다.,히트업 손난로 보조배터리,HTUS,2025.10.14 6:43오후,2025.10.29 2:36오후,2025.10.14,2025.10.28,reca6IyslB6UtgeKO,,https://airtable.com/shr5t1qyPKytJvVBY?prefill_fldziB6bVRltNvUis=reca6IyslB6UtgeKO,1838,김민정,PT4332-히트업손난로보조배터리_핑크,,협력사,,,Product Parts,
SSU001839,,PT4330-히트업손난로보조배터리_화이트,일시품절,김민정,입고일정이 지연되어 10월말~11월초 재입고 예정으로 일시 품절처리합니다.,히트업 손난로 보조배터리,HTUS,2025.10.14 6:43오후,2025.10.20 3:19오후,2025.10.14,2025.10.19,recnvehbqsffrVMPd,,https://airtable.com/shr5t1qyPKytJvVBY?prefill_fldziB6bVRltNvUis=recnvehbqsffrVMPd,1839,김민정,PT4330-히트업손난로보조배터리_화이트,,협력사,,,Product Parts,
SSU001840,checked,,의도적 품절,김하은,품질 이슈가 지속적으로 발생하여 본품의 보유 재고가 소진됨에 따라 뚜껑부도 의도적 품절 처리합니다.,,,2025.10.14 6:45오후,2026.2.9 4:08오후,2025.10.14,2026.2.8,,,https://airtable.com/shr5t1qyPKytJvVBY?prefill_fldziB6bVRltNvUis=,1840,김하은,,,,,,,
SSU001841,,PT3200-캐리미와인잔(컵부분),의도적 품절,김민지,"지속적인 인쇄 퀄리티 이슈로 4분기 운영효율화를 위하여 의도적 품절합니다.

가능옵션
- Carry me 와인잔 무지
- 셀렉티브 전동오프너&와인잔 세트 와인잔 무지","Carry me 와인잔, 셀렉티브 전동오프너&와인잔 세트","CMWG, WWST",2025.10.16 11:15오전,2026.2.9 4:09오후,2025.10.16,2026.2.8,recypLtI59ROrBLwz,,https://airtable.com/shr5t1qyPKytJvVBY?prefill_fldziB6bVRltNvUis=recypLtI59ROrBLwz,1841,김민지,PT3200-캐리미와인잔(컵부분),,신시어리,,,Product Parts,
SSU001842,,PT4763-파워업PD충전기_화이트,일시품절,김하은,"재고 소진으로 일시 품절, 재입고 일정은 10월 말입니다. (정확한 일정 확인되면 공유 예정)",파워업 PD 충전기 65W,PUPD,2025.10.16 1:43오후,2025.11.4 11:28오전,2025.10.16,2025.11.3,recKpHD9Lj9DtGNyT,,https://airtable.com/shr5t1qyPKytJvVBY?prefill_fldziB6bVRltNvUis=recKpHD9Lj9DtGNyT,1842,김하은,PT4763-파워업PD충전기_화이트,,신시어리,,,Product Parts,
SSU001843,,,품절예정,김민지,"협력사 측 재고 소진 후 졸업되어 제품철수 합니다.
(블랙, 네이비는 판매중)",,,2025.10.16 4:46오후,2025.11.6 4:38오후,2025.10.16,2025.11.5,,,https://airtable.com/shr5t1qyPKytJvVBY?prefill_fldziB6bVRltNvUis=,1843,김민지,,,,,,,
SSU001844,,,품절예정,김민지,"협력사 측 재고 소진 후 졸업 예정입니다. 일주일 1회~2회 사이즈 별 재고수량 공유예정이니 확인 후 고객응대 부탁드립니다.

-그레이 : 졸업
-블랙, 네이비 : 판매중",,,2025.10.16 4:48오후,,2025.10.16,2026.9.3,,rec7fhe3I96JxDgta,https://airtable.com/shr5t1qyPKytJvVBY?prefill_fldziB6bVRltNvUis=,1844,김민지,,,,,,,
SSU001845,,,품절예정,김민지,"협력사 측 재고 소진 후 졸업 예정입니다. 
일주일 1회~2회 사이즈 별 재고수량 공유예정이니 확인 후 고객응대 부탁드립니다.

-그레이 : 졸업
-블랙, 네이비 : 판매중
",,,2025.10.16 5:06오후,2025.11.6 4:36오후,2025.10.16,2025.11.5,,,https://airtable.com/shr5t1qyPKytJvVBY?prefill_fldziB6bVRltNvUis=,1845,김민지,,,,,,,
SSU001846,,PT3408-웜업스트링후드집업(3L초과사이즈),품절예정,김민지,"협력사 측 재고 소진 후 졸업 예정입니다. 
일주일 1회~2회 사이즈 별 재고수량 공유예정이니 확인 후 고객응대 부탁드립니다.

-그레이 : 졸업
-블랙, 네이비 : 판매중


10/16 오후 12시 기준 재고수량 
그레이
S : 440
M : 0
L : 0
2L : 400
3L : 1000
4L : 230


네이비
S : 450
M : 930
L : 960
2L : 460
3L : 570
4L : 290

블랙
S : 730개
M : 790
L : 1500
2L : 3000
3L : 500
4L : 300 ",웜업 스트링 후드집업,WZIP,2025.10.16 5:06오후,2026.2.24 11:38오전,2025.10.16,2026.2.23,recNKcAK0VXrz1l1g,,https://airtable.com/shr5t1qyPKytJvVBY?prefill_fldziB6bVRltNvUis=recNKcAK0VXrz1l1g,1846,김민지,PT3408-웜업스트링후드집업(3L초과사이즈),협력사재고 확인 필요,협력사,,,Product Parts,
SSU001847,,,의도적 품절,김하은,고체치약 스탠다드 단품박스 옵션 의도적 품절 (재고 거의 소진되었으나 회전율이 낮고 본품 재고 수량과 차이가 커 추가 생산은 진행하지 않을 예정으로 의도적 품절 처리합니다.),,,2025.10.17 5:53오후,,2025.10.17,2026.9.3,,recUXjvHtm3W8PCgN,https://airtable.com/shr5t1qyPKytJvVBY?prefill_fldziB6bVRltNvUis=,1847,김하은,,,,,,,
SSU001848,,PT4330-히트업손난로보조배터리_화이트,일시품절,김민정,"[재입고일 업데이트] 
11월 말 입고 예정입니다.

협력사 1차 물량은 신시어리에서 모두 소진함.

--
그레이와 핑크는 10월 말 협력사 재입고 예정으로, 구매팀에 문의주세요!",히트업 손난로 보조배터리,HTUS,2025.10.20 3:19오후,2025.11.28 2:00오후,2025.10.20,2025.11.27,recnvehbqsffrVMPd,,https://airtable.com/shr5t1qyPKytJvVBY?prefill_fldziB6bVRltNvUis=recnvehbqsffrVMPd,1848,김민정,PT4330-히트업손난로보조배터리_화이트,,협력사,,,Product Parts,
SSU001849,checked,PT5104-킵세이프마그넷배터리MAX(5000mAh),판매가능,김하은,최초등록,킵세이프 마그넷 배터리 Lite,KSEP,2025.10.22 3:17오후,2026.7.31 11:26오전,2025.10.22,2026.7.30,rech8LSAi80fnfBPd,,https://airtable.com/shr5t1qyPKytJvVBY?prefill_fldziB6bVRltNvUis=rech8LSAi80fnfBPd,1849,김하은,PT5104-킵세이프마그넷배터리MAX(5000mAh),,협력사,,,Product Parts,
SSU001850,checked,PT5103-킵세이프마그넷배터리MAX(10000mAh),판매가능,김하은,최초등록,킵세이프 마그넷 배터리 Max,KSBM,2025.10.22 3:17오후,2025.11.5 10:03오전,2025.10.22,2025.11.4,rec0RNlypyOiGBqen,,https://airtable.com/shr5t1qyPKytJvVBY?prefill_fldziB6bVRltNvUis=rec0RNlypyOiGBqen,1850,김하은,PT5103-킵세이프마그넷배터리MAX(10000mAh),,협력사,,,Product Parts,
SSU001851,,PT2741-슈가케인텀블러(360ml)_크림,품절예정,김하은,바이오 원재료 수급 이슈로 인한 생산 지연으로 재입고 일정이 연기되었습니다 (12월 말 재입고 예정) 현재 재고 약 170개입니다.,슈가케인 텀블러,SGCN,2025.10.23 10:46오전,2025.11.28 2:03오후,2025.10.23,2025.11.27,recPwl2PFVXoLcMF5,,https://airtable.com/shr5t1qyPKytJvVBY?prefill_fldziB6bVRltNvUis=recPwl2PFVXoLcMF5,1851,김하은,PT2741-슈가케인텀블러(360ml)_크림,,신시어리,,,Product Parts,
SSU001852,,,품절예정,김하은,졸업 검토 대상으로 재입고 일정이 아직 미정이라 품절 가능성이 있어 품절 예정 처리합니다. (현재고 약 200개),,,2025.10.23 5:05오후,2025.11.21 9:53오전,2025.10.23,2025.11.20,,,https://airtable.com/shr5t1qyPKytJvVBY?prefill_fldziB6bVRltNvUis=,1852,김하은,,,,,,,
SSU001853,,PT4263-플러스멀티충전스테이션_블랙,판매가능,김민지,협력사 재고 11/3 재입고 일정 확정되었습니다. 재입고 일정 참고 하셔서 고객응대 부탁드립니다!,플러스 멀티충전 스테이션,PLSM,2025.10.29 10:09오전,,2025.10.29,2026.9.3,recyM5hYOiHhO77wO,recyM5hYOiHhO77wO,https://airtable.com/shr5t1qyPKytJvVBY?prefill_fldziB6bVRltNvUis=recyM5hYOiHhO77wO,1853,김민지,PT4263-플러스멀티충전스테이션_블랙,,협력사,,,Product Parts,
SSU001854,,PT4262-플러스멀티충전스테이션_크림,판매가능,김민지,협력사 재입고 일정이 11/3로 확정되어 재입고 일정 참고하여 고객 응대 부탁드립니다.,플러스 멀티충전 스테이션,PLSM,2025.10.29 10:10오전,,2025.10.29,2026.9.3,recRmBYnWRG3gEvd8,recRmBYnWRG3gEvd8,https://airtable.com/shr5t1qyPKytJvVBY?prefill_fldziB6bVRltNvUis=recRmBYnWRG3gEvd8,1854,김민지,PT4262-플러스멀티충전스테이션_크림,,협력사,,,Product Parts,
SSU001855,,PT4331-히트업손난로보조배터리_그레이,판매가능,김민정,협력사 재고 입고되어 (800개) 판매재개 합니다.,히트업 손난로 보조배터리,HTUS,2025.10.29 2:35오후,2025.11.12 5:41오후,2025.10.29,2025.11.11,recxsYfYysS6YXUWX,,https://airtable.com/shr5t1qyPKytJvVBY?prefill_fldziB6bVRltNvUis=recxsYfYysS6YXUWX,1855,김민정,PT4331-히트업손난로보조배터리_그레이,,협력사,,,Product Parts,
SSU001856,,PT4332-히트업손난로보조배터리_핑크,판매가능,김민정,"협력사 재고 입고되어 판매재개 합니다. (1,000개)",히트업 손난로 보조배터리,HTUS,2025.10.29 2:36오후,2026.6.9 2:47오후,2025.10.29,2026.6.8,reca6IyslB6UtgeKO,,https://airtable.com/shr5t1qyPKytJvVBY?prefill_fldziB6bVRltNvUis=reca6IyslB6UtgeKO,1856,김민정,PT4332-히트업손난로보조배터리_핑크,,협력사,,,Product Parts,
SSU001857,,,제품 철수(졸업),김민정,재고소진으로 품절처리합니다. 졸업 검토 예정으로 4분기 추가 매입 계획 없습니다.,,,2025.10.31 4:31오후,,2025.10.31,2026.9.3,,recKk3zjiTreRMlaJ,https://airtable.com/shr5t1qyPKytJvVBY?prefill_fldziB6bVRltNvUis=,1857,김민정,,,,,,,
SSU001858,,PT2268-레더라벨캠핑체어(세트_본품및파우치)_베이지,판매가능,김민정,이번주 재고 입고 예정으로 판매재개 합니다.,레더라벨 캠핑체어,LTLB,2025.11.3 10:18오전,,2025.11.3,2026.9.3,recXHHuIeuzQkJCtk,recXHHuIeuzQkJCtk,https://airtable.com/shr5t1qyPKytJvVBY?prefill_fldziB6bVRltNvUis=recXHHuIeuzQkJCtk,1858,김민정,PT2268-레더라벨캠핑체어(세트_본품및파우치)_베이지,,신시어리,,,Product Parts,
SSU001859,,PT2228-브랜디드노트북백_블랙,판매가능,김하은,"이번주 목요일 재입고 예정입니다. (재입고수량 1,000개)",브랜디드 노트북백,BRDD,2025.11.3 10:35오전,2026.1.29 5:26오후,2025.11.3,2026.1.28,recHi0kLkGW3jImGB,,https://airtable.com/shr5t1qyPKytJvVBY?prefill_fldziB6bVRltNvUis=recHi0kLkGW3jImGB,1859,김하은,PT2228-브랜디드노트북백_블랙,,신시어리,,,Product Parts,
SSU001860,,,제품 철수(졸업),육승미,"[올데이텀블러] UV 인쇄 협력사 운영이슈로 인한 품절 처리, 실크 인쇄만 운영합니다",,,2025.11.3 11:33오전,,2025.11.3,2026.9.3,,recgawD7qM7DFHQBw,https://airtable.com/shr5t1qyPKytJvVBY?prefill_fldziB6bVRltNvUis=,1860,육승미,,협력사 변경 예정,,,,,
SSU001861,,PT4763-파워업PD충전기_화이트,판매가능,김민정,이번주 입고 예정으로 판매재개합니다!!,파워업 PD 충전기 65W,PUPD,2025.11.4 11:28오전,2026.1.8 4:02오후,2025.11.4,2026.1.7,recKpHD9Lj9DtGNyT,,https://airtable.com/shr5t1qyPKytJvVBY?prefill_fldziB6bVRltNvUis=recKpHD9Lj9DtGNyT,1861,김민정,PT4763-파워업PD충전기_화이트,,신시어리,,,Product Parts,
SSU001862,,PT5103-킵세이프마그넷배터리MAX(10000mAh),일시품절,김민정,협력사 재고 품절이며 12월 입고 예정입니다.,킵세이프 마그넷 배터리 Max,KSBM,2025.11.5 10:03오전,2025.12.8 10:35오전,2025.11.5,2025.12.7,rec0RNlypyOiGBqen,,https://airtable.com/shr5t1qyPKytJvVBY?prefill_fldziB6bVRltNvUis=rec0RNlypyOiGBqen,1862,김민정,PT5103-킵세이프마그넷배터리MAX(10000mAh),,협력사,,,Product Parts,
SSU001863,,PT3149-미니멀스텐머그,일시품절,육승미,"협력사 재고 소진으로 인한 품절입니다
재입고 10,000개 예정, 30~50일 소요
빅딜 크로센트디자인 건 1,100개만 확보되었습니다.",미니멀 스텐머그,MSTM,2025.11.5 11:50오전,2025.12.11 6:03오후,2025.11.5,2025.12.10,recuJFvJpuolxcxCG,,https://airtable.com/shr5t1qyPKytJvVBY?prefill_fldziB6bVRltNvUis=recuJFvJpuolxcxCG,1863,육승미,PT3149-미니멀스텐머그,,협력사,,,Product Parts,
SSU001864,checked,PT4729-커넥트6in1케이블키트_본품,판매가능,김하은,최초 등록,커넥트 6in1 케이블키트,CCKT,2025.11.5 4:28오후,2026.1.8 11:05오전,2025.11.5,2026.1.7,recRURO1zNSUQS3P6,,https://airtable.com/shr5t1qyPKytJvVBY?prefill_fldziB6bVRltNvUis=recRURO1zNSUQS3P6,1864,김하은,PT4729-커넥트6in1케이블키트_본품,,신시어리,,,Product Parts,
SSU001865,checked,PT4730-단품박스(전용)_화이트,판매가능,김하은,최초 등록,커넥트 6in1 케이블키트,CCKT,2025.11.5 4:29오후,,2025.11.5,2026.9.3,recqQkgUXMhWoJZ9X,recqQkgUXMhWoJZ9X,https://airtable.com/shr5t1qyPKytJvVBY?prefill_fldziB6bVRltNvUis=recqQkgUXMhWoJZ9X,1865,김하은,PT4730-단품박스(전용)_화이트,,신시어리,,,Package Parts,
SSU001866,checked,PT4731-사용설명서(전용)_화이트,판매가능,김하은,최초 등록,커넥트 6in1 케이블키트,CCKT,2025.11.5 4:29오후,,2025.11.5,2026.9.3,rec3GwOObJgR6KfDz,rec3GwOObJgR6KfDz,https://airtable.com/shr5t1qyPKytJvVBY?prefill_fldziB6bVRltNvUis=rec3GwOObJgR6KfDz,1866,김하은,PT4731-사용설명서(전용)_화이트,,신시어리,,,Package Parts,
SSU001867,checked,PT4732-클로저휴대폰스트랩_블랙,판매가능,김하은,최초 등록,클로저 휴대폰 스트랩,CHST,2025.11.5 6:00오후,,2025.11.5,2026.9.3,recOm2YFkcWxxDIcV,recOm2YFkcWxxDIcV,https://airtable.com/shr5t1qyPKytJvVBY?prefill_fldziB6bVRltNvUis=recOm2YFkcWxxDIcV,1867,김하은,PT4732-클로저휴대폰스트랩_블랙,,신시어리,,,Product Parts,
SSU001868,checked,PT4750-핸드폰보호필름,판매가능,김하은,최초 등록,클로저 휴대폰 스트랩,CHST,2025.11.5 6:00오후,,2025.11.5,2026.9.3,recZE2ntOMyA8bqdJ,recZE2ntOMyA8bqdJ,https://airtable.com/shr5t1qyPKytJvVBY?prefill_fldziB6bVRltNvUis=recZE2ntOMyA8bqdJ,1868,김하은,PT4750-핸드폰보호필름,,신시어리,,,Product Parts,
SSU001869,checked,PT4791-블리스터(전용),판매가능,김하은,최초 등록,"클로저 휴대폰 스트랩, 비주얼핏 키캡키링","CHST, KYCP",2025.11.5 6:01오후,,2025.11.5,2026.9.3,reczD9eWWpBi81kiS,reczD9eWWpBi81kiS,https://airtable.com/shr5t1qyPKytJvVBY?prefill_fldziB6bVRltNvUis=reczD9eWWpBi81kiS,1869,김하은,PT4791-블리스터(전용),,신시어리,,,Package Parts,
SSU001870,,,품절예정,김민지,"블랙
3L : 0(졸업)
4L : 0(졸업)",,,2025.11.6 4:36오후,,2025.11.6,2026.9.3,,rec0txvgTA3ezQAVH,https://airtable.com/shr5t1qyPKytJvVBY?prefill_fldziB6bVRltNvUis=,1870,김민지,,,,,,,
SSU001871,,,품절예정,김민지,"협력사 제품철수로 그레이 M , L 사이즈 졸업합니다.
현재 남아있는 재고 소진시 다른 사이즈도 졸업 예정입니다. 참고 부탁드립니다.",,,2025.11.6 4:38오후,,2025.11.6,2026.9.3,,recm2cT8RS1zl1fQk,https://airtable.com/shr5t1qyPKytJvVBY?prefill_fldziB6bVRltNvUis=,1871,김민지,,,,,,,
SSU001872,,,일시품절,육승미,어텐션스포츠보틀 360도 UV인쇄 협력사 내부 생산 케파 부족으로 인해 11월 내 리드타임 관리가 어려워 일시 품절 적용합니다. 필요 시 건별 별도 문의 부탁드립니다!,,,2025.11.6 4:57오후,2025.11.7 5:38오후,2025.11.6,2025.11.6,,,https://airtable.com/shr5t1qyPKytJvVBY?prefill_fldziB6bVRltNvUis=,1872,육승미,,,,,,,
SSU001873,,,일시품절,육승미,"4분기 어텐션스포츠보틀 360도 UV 인쇄 품절처리합니다. 
이전 공지로 건 별 문의 요청드렸으나, 예외 없이 불가한 것으로 재공지드립니다. 

단, 실크 1색 (320도까지 가능) 인쇄 가능하오니 필요 시 문의 부탁드립니다. ",,,2025.11.7 5:38오후,2026.1.7 1:48오후,2025.11.7,2026.1.6,,,https://airtable.com/shr5t1qyPKytJvVBY?prefill_fldziB6bVRltNvUis=,1873,육승미,,,,,,,
SSU001874,,PT4331-히트업손난로보조배터리_그레이,일시품절,김하은,"현재 히트업 손난로 보조배터리 ‘핑크’ 색상만 가능합니다.
그레이와 화이트 색상은 다음주~다다음주 중 재입고 예정이며, 정확한 입고 일정이 확인되는대로 판매 재개 예정입니다. 
",히트업 손난로 보조배터리,HTUS,2025.11.12 5:41오후,2025.11.20 9:50오전,2025.11.12,2025.11.19,recxsYfYysS6YXUWX,,https://airtable.com/shr5t1qyPKytJvVBY?prefill_fldziB6bVRltNvUis=recxsYfYysS6YXUWX,1874,김하은,PT4331-히트업손난로보조배터리_그레이,,협력사,,,Product Parts,
SSU001875,,PT1205-스펙트럼컬러펜(컬러잉크)_퍼플,판매가능,김하은,협력사 재고 재입고되어 판매 재개합니다.,스펙트럼 컬러펜,SPCP,2025.11.17 3:01오후,2026.3.23 3:11오후,2025.11.17,2026.3.22,recjDHESSrqXz0YWb,,https://airtable.com/shr5t1qyPKytJvVBY?prefill_fldziB6bVRltNvUis=recjDHESSrqXz0YWb,1875,김하은,PT1205-스펙트럼컬러펜(컬러잉크)_퍼플,,협력사,,,Product Parts,
SSU001876,,PT1220-스펙트럼컬러펜(컬러잉크)_다크블루,판매가능,김하은,협력사 재고 재입고되어 판매 재개합니다.,스펙트럼 컬러펜,SPCP,2025.11.17 3:02오후,2026.3.23 3:11오후,2025.11.17,2026.3.22,recCBU3KAUtcZ9P6T,,https://airtable.com/shr5t1qyPKytJvVBY?prefill_fldziB6bVRltNvUis=recCBU3KAUtcZ9P6T,1876,김하은,PT1220-스펙트럼컬러펜(컬러잉크)_다크블루,,협력사,,,Product Parts,
SSU001877,,PT1203-스펙트럼컬러펜(컬러잉크)_오렌지,일시품절,김하은,협력사 재고 품절 (재입고 일정 미정으로 추후 공지 예정),스펙트럼 컬러펜,SPCP,2025.11.17 3:08오후,2025.12.3 4:31오후,2025.11.17,2025.12.2,rec1ZQ7lwvGYQTnCg,,https://airtable.com/shr5t1qyPKytJvVBY?prefill_fldziB6bVRltNvUis=rec1ZQ7lwvGYQTnCg,1877,김하은,PT1203-스펙트럼컬러펜(컬러잉크)_오렌지,,협력사,,,Product Parts,
SSU001878,,PT4331-히트업손난로보조배터리_그레이,품절예정,김민정,"협력사 재고 2000개 입고되어 판매 재개 합니다.
다만 협력사 재고 소진 속도가 빠르고
신시어리 선매입 재고는 200개 정도 밖에 없어서 품절예정으로 공지합니다.",히트업 손난로 보조배터리,HTUS,2025.11.20 9:50오전,2025.12.5 4:53오후,2025.11.20,2025.12.4,recxsYfYysS6YXUWX,,https://airtable.com/shr5t1qyPKytJvVBY?prefill_fldziB6bVRltNvUis=recxsYfYysS6YXUWX,1878,김민정,PT4331-히트업손난로보조배터리_그레이,,협력사,,,Product Parts,
SSU001879,,PT2803-페이퍼링캘린더_삼각대_블랙,일시품절,이난영,페이퍼링캘린더 삼각대 블랙 색상 협력사 재고 소진 되었습니다.,페이퍼링 캘린더,PIPR,2025.11.20 3:32오후,2025.12.3 11:22오전,2025.11.20,2025.12.2,rectxYluXEzBTyvJj,,https://airtable.com/shr5t1qyPKytJvVBY?prefill_fldziB6bVRltNvUis=rectxYluXEzBTyvJj,1879,이난영,PT2803-페이퍼링캘린더_삼각대_블랙,,생산,,,Product Parts,
SSU001880,,,일시품절,김하은,"재고 소진되었으며, 졸업 검토 대상으로 추가 생산 계획이 없어 일시품절처리합니다.",,,2025.11.21 9:53오전,,2025.11.21,2026.9.3,,recwFWziPpjpb1q2Z,https://airtable.com/shr5t1qyPKytJvVBY?prefill_fldziB6bVRltNvUis=,1880,김하은,,,,,,,
SSU001881,checked,PT5190-웜업스트링후드집업(v2)_네이비,판매가능,김하은,최초등록,웜업 스트링 후드집업,WZIP,2025.11.24 10:35오전,,2025.11.24,2026.9.3,recA2QQMQhiIGRFB6,recA2QQMQhiIGRFB6,https://airtable.com/shr5t1qyPKytJvVBY?prefill_fldziB6bVRltNvUis=recA2QQMQhiIGRFB6,1881,김하은,PT5190-웜업스트링후드집업(v2)_네이비,,협력사,,,Product Parts,
SSU001882,checked,PT5192-웜업스트링후드집업(v2)_멜란지그레이,판매가능,김하은,최초등록,웜업 스트링 후드집업,WZIP,2025.11.24 10:36오전,2025.11.26 11:10오전,2025.11.24,2025.11.25,recLaR7TCwDfcG7FR,,https://airtable.com/shr5t1qyPKytJvVBY?prefill_fldziB6bVRltNvUis=recLaR7TCwDfcG7FR,1882,김하은,PT5192-웜업스트링후드집업(v2)_멜란지그레이,,협력사,,,Product Parts,
SSU001883,checked,PT5191-웜업스트링후드집업(v2)_블랙,판매가능,김하은,최초등록,웜업 스트링 후드집업,WZIP,2025.11.24 10:36오전,,2025.11.24,2026.9.3,recORyDtTEYkfKXSc,recORyDtTEYkfKXSc,https://airtable.com/shr5t1qyPKytJvVBY?prefill_fldziB6bVRltNvUis=recORyDtTEYkfKXSc,1883,김하은,PT5191-웜업스트링후드집업(v2)_블랙,,협력사,,,Product Parts,
SSU001884,,PT1239-슬로건다이어리_블랙,품절예정,김하은,"현재고 약 300개 정도 남아있으며, 재입고 일정은 확인되는대로 재공유드리겠습니다.",슬로건 다이어리,SLGN,2025.11.26 10:36오전,2025.11.27 2:24오후,2025.11.26,2025.11.26,recwEwAaCd1CXCxD1,,https://airtable.com/shr5t1qyPKytJvVBY?prefill_fldziB6bVRltNvUis=recwEwAaCd1CXCxD1,1884,김하은,PT1239-슬로건다이어리_블랙,,신시어리,,,Product Parts,
SSU001885,,PT5192-웜업스트링후드집업(v2)_멜란지그레이,품절예정,김민지,"그레이, 블랙 컬러 협력사 재고가 거의 소진되어 일시품절 예정으로 네이비 컬러 위주로 응대 부탁드립니다.
(그레이 M, L, XL 현재 일시품절입니다. 전 컬러, 전사이즈 내년 1월 중순 재입고 예정입니다.)",웜업 스트링 후드집업,WZIP,2025.11.26 11:10오전,2026.2.24 11:37오전,2025.11.26,2026.2.23,recLaR7TCwDfcG7FR,,https://airtable.com/shr5t1qyPKytJvVBY?prefill_fldziB6bVRltNvUis=recLaR7TCwDfcG7FR,1885,김민지,PT5192-웜업스트링후드집업(v2)_멜란지그레이,협력사재고 확인 필요,협력사,,,Product Parts,
SSU001886,,PT1239-슬로건다이어리_블랙,일시품절,김하은,재고 소진으로 일시품절입니다. 재입고일 및 수량은 추후 확인해서 공유드릴게요.,슬로건 다이어리,SLGN,2025.11.27 2:24오후,2025.12.15 12:19오후,2025.11.27,2025.12.14,recwEwAaCd1CXCxD1,,https://airtable.com/shr5t1qyPKytJvVBY?prefill_fldziB6bVRltNvUis=recwEwAaCd1CXCxD1,1886,김하은,PT1239-슬로건다이어리_블랙,,신시어리,,,Product Parts,
SSU001887,,PT4615-올데이텀블러_화이트(ver2),일시품절,이난영,무빙스톤즈 AS 제작 수량 확보를 위해 품절처리 합니다. 실재고수량 400여개 판매 가능합니다.,올데이 텀블러,ADYT,2025.11.28 1:53오후,2025.12.1 5:53오후,2025.11.28,2025.11.30,recy5U3ytIOoRtkXP,,https://airtable.com/shr5t1qyPKytJvVBY?prefill_fldziB6bVRltNvUis=recy5U3ytIOoRtkXP,1887,이난영,PT4615-올데이텀블러_화이트(ver2),,신시어리,,,Product Parts,
SSU001888,,PT4330-히트업손난로보조배터리_화이트,판매가능,김민정,신시어리 재고 360개 정도로 판매재개 합니다.,히트업 손난로 보조배터리,HTUS,2025.11.28 2:00오후,2025.12.5 11:22오전,2025.11.28,2025.12.4,recnvehbqsffrVMPd,,https://airtable.com/shr5t1qyPKytJvVBY?prefill_fldziB6bVRltNvUis=recnvehbqsffrVMPd,1888,김민정,PT4330-히트업손난로보조배터리_화이트,,협력사,,,Product Parts,
SSU001889,,PT2741-슈가케인텀블러(360ml)_크림,일시품절,김하은,"재입고 일정이 지연되어 2월 중순 입고 예정이며, 현재 판매 MOQ 미만으로 재고 남아 있어 일시 품절 조치합니다. (잔여 재고 67개 있으나 상품 간 색상 차이가 커 동일 프로젝트로 납품이 어렵습니다)",슈가케인 텀블러,SGCN,2025.11.28 2:03오후,2026.2.3 12:08오후,2025.11.28,2026.2.2,recPwl2PFVXoLcMF5,,https://airtable.com/shr5t1qyPKytJvVBY?prefill_fldziB6bVRltNvUis=recPwl2PFVXoLcMF5,1889,김하은,PT2741-슈가케인텀블러(360ml)_크림,,신시어리,,,Product Parts,
SSU001890,,PT4615-올데이텀블러_화이트(ver2),일시품절,김민정,로트 색생 차이가 매우 커서 확인 후 판매재개 여부를 결정하고자 합니다.,올데이 텀블러,ADYT,2025.12.1 5:53오후,2026.5.27 5:39오후,2025.12.1,2026.5.26,recy5U3ytIOoRtkXP,,https://airtable.com/shr5t1qyPKytJvVBY?prefill_fldziB6bVRltNvUis=recy5U3ytIOoRtkXP,1890,김민정,PT4615-올데이텀블러_화이트(ver2),,신시어리,비의도적품절,비의도적_공급부족,Product Parts,
SSU001891,,PT3353-메시지캐리어파우치_매트블랙,품절예정,김하은,"메시지캐리어파우치 실버, 메탈그레이 재고 소진에 집중하기 위해, 매트블랙 색상은 12월 중 재고생산을 진행하지 않기로 결정하여 품절 예정으로 공지합니다. (매트블랙 현 재고 약 250개)",메시지 캐리어 파우치,MSGC,2025.12.2 6:09오후,2025.12.9 5:22오후,2025.12.2,2025.12.8,recaSvDfs8zsNZ3Fz,,https://airtable.com/shr5t1qyPKytJvVBY?prefill_fldziB6bVRltNvUis=recaSvDfs8zsNZ3Fz,1891,김하은,PT3353-메시지캐리어파우치_매트블랙,,신시어리,,,Product Parts,
SSU001892,,PT2803-페이퍼링캘린더_삼각대_블랙,판매가능,이난영,블랙 삼각대 협력사 자재 준비 완료되었습니다.,페이퍼링 캘린더,PIPR,2025.12.3 11:22오전,,2025.12.3,2026.9.3,rectxYluXEzBTyvJj,rectxYluXEzBTyvJj,https://airtable.com/shr5t1qyPKytJvVBY?prefill_fldziB6bVRltNvUis=rectxYluXEzBTyvJj,1892,이난영,PT2803-페이퍼링캘린더_삼각대_블랙,,생산,,,Product Parts,
SSU001893,,PT1202-스펙트럼컬러펜(컬러잉크)_다크그린,판매가능,김하은,협력사 재고 재입고 완료,스펙트럼 컬러펜,SPCP,2025.12.3 4:30오후,2026.3.23 3:10오후,2025.12.3,2026.3.22,recICZfqZ5l4YVeQ5,,https://airtable.com/shr5t1qyPKytJvVBY?prefill_fldziB6bVRltNvUis=recICZfqZ5l4YVeQ5,1893,김하은,PT1202-스펙트럼컬러펜(컬러잉크)_다크그린,,협력사,,,Product Parts,
SSU001894,,PT1203-스펙트럼컬러펜(컬러잉크)_오렌지,판매가능,김하은,협력사 재고 재입고 완료 (600개만 재입고되어 대량건은 재고확인 후 진행 부탁드립니다),스펙트럼 컬러펜,SPCP,2025.12.3 4:31오후,2026.1.8 2:05오후,2025.12.3,2026.1.7,rec1ZQ7lwvGYQTnCg,,https://airtable.com/shr5t1qyPKytJvVBY?prefill_fldziB6bVRltNvUis=rec1ZQ7lwvGYQTnCg,1894,김하은,PT1203-스펙트럼컬러펜(컬러잉크)_오렌지,,협력사,,,Product Parts,
SSU001895,,PT2802-아이콘펜(바디)_화이트,품절예정,김하은,"현재 판매 가능 재고 약 200여개이며, 재입고 12월 말 예정입니다.",아이콘 펜,IIKP,2025.12.3 6:21오후,2025.12.3 6:26오후,2025.12.3,2025.12.2,recyqvsXJHTr6MF7A,,https://airtable.com/shr5t1qyPKytJvVBY?prefill_fldziB6bVRltNvUis=recyqvsXJHTr6MF7A,1895,김하은,PT2802-아이콘펜(바디)_화이트,,신시어리,,,Product Parts,
SSU001896,,PT2802-아이콘펜(바디)_화이트,일시품절,김하은,디퀘 진행중인 건으로 잔여재고 200개 모두 사용 예정인 것으로 확인되어 일시품절 처리합니다.,아이콘 펜,IIKP,2025.12.3 6:26오후,2025.12.8 10:34오전,2025.12.3,2025.12.7,recyqvsXJHTr6MF7A,,https://airtable.com/shr5t1qyPKytJvVBY?prefill_fldziB6bVRltNvUis=recyqvsXJHTr6MF7A,1896,김하은,PT2802-아이콘펜(바디)_화이트,,신시어리,,,Product Parts,
SSU001897,,PT1779-골프공(타이틀리스트프로V1),일시품절,김하은,"협력사 재고 품절이며, 내년 1월 중 재입고 예정입니다.","프레젠트 골프공 3구, 에디션 골프공 & 볼마커 6구 세트","PSGB, EDGB",2025.12.4 11:25오전,2026.1.5 3:44오후,2025.12.4,2026.1.4,recxX7s4YC82Xb4xc,,https://airtable.com/shr5t1qyPKytJvVBY?prefill_fldziB6bVRltNvUis=recxX7s4YC82Xb4xc,1897,김하은,PT1779-골프공(타이틀리스트프로V1),,신시어리,,,Product Parts,
SSU001898,,PT4330-히트업손난로보조배터리_화이트,일시품절,김하은,"협력사 시즌 종료 및 재고소진으로 품절처리합니다. (그레이, 핑크는 가능하며, 재고 확인 후 진행 부탁드립니다)",히트업 손난로 보조배터리,HTUS,2025.12.5 11:22오전,2025.12.16 1:59오후,2025.12.5,2025.12.15,recnvehbqsffrVMPd,,https://airtable.com/shr5t1qyPKytJvVBY?prefill_fldziB6bVRltNvUis=recnvehbqsffrVMPd,1898,김하은,PT4330-히트업손난로보조배터리_화이트,,협력사,,,Product Parts,
SSU001899,,PT4716-밸류메모큐브(ver2)(점착.S),일시품절,김하은,재고로 운영중인 다른 3가지 옵션의 재고가 많이 남아 12월 내 추가 생산 계획이 없어 일시 품절 처리합니다.,밸류 메모큐브,VMCB,2025.12.5 2:53오후,2026.1.28 10:52오전,2025.12.5,2026.1.27,recdZ41CF2cfqOr2n,,https://airtable.com/shr5t1qyPKytJvVBY?prefill_fldziB6bVRltNvUis=recdZ41CF2cfqOr2n,1899,김하은,PT4716-밸류메모큐브(ver2)(점착.S),,신시어리,,,Product Parts,
SSU001900,,PT4331-히트업손난로보조배터리_그레이,의도적 품절,김하은,잔여 재고 체크파이널 인입건으로 소진되어 일시 품절 처리합니다.,히트업 손난로 보조배터리,HTUS,2025.12.5 4:53오후,2026.8.21 12:10오후,2025.12.5,2026.8.20,recxsYfYysS6YXUWX,,https://airtable.com/shr5t1qyPKytJvVBY?prefill_fldziB6bVRltNvUis=recxsYfYysS6YXUWX,1900,김하은,PT4331-히트업손난로보조배터리_그레이,시즌 종료 - 의도적 품절,협력사,의도적품절,의도적_시즌종료,Product Parts,
SSU001901,,PT2802-아이콘펜(바디)_화이트,판매가능,김하은,재입고 일정이 앞당겨져 이번 주 수–목 중 입고 예정으로 판매 재개합니다.,아이콘 펜,IIKP,2025.12.8 10:34오전,,2025.12.8,2026.9.3,recyqvsXJHTr6MF7A,recyqvsXJHTr6MF7A,https://airtable.com/shr5t1qyPKytJvVBY?prefill_fldziB6bVRltNvUis=recyqvsXJHTr6MF7A,1901,김하은,PT2802-아이콘펜(바디)_화이트,,신시어리,,,Product Parts,
SSU001902,,PT5103-킵세이프마그넷배터리MAX(10000mAh),판매가능,김민정,이번주 중 입고예정으로 판매재개합니다.,킵세이프 마그넷 배터리 Max,KSBM,2025.12.8 10:35오전,2025.12.23 12:14오후,2025.12.8,2025.12.22,rec0RNlypyOiGBqen,,https://airtable.com/shr5t1qyPKytJvVBY?prefill_fldziB6bVRltNvUis=rec0RNlypyOiGBqen,1902,김민정,PT5103-킵세이프마그넷배터리MAX(10000mAh),,협력사,,,Product Parts,
SSU001903,,PT1516-미니가든피규어세트(괴마옥),의도적 품절,김하은,겨울철 식물 공급 중단으로 의도적 품절처리합니다.,미니가든 피규어 세트,ISGK,2025.12.8 11:53오전,2026.2.9 2:18오후,2025.12.8,2026.2.8,rec078denQY9WPeql,,https://airtable.com/shr5t1qyPKytJvVBY?prefill_fldziB6bVRltNvUis=rec078denQY9WPeql,1903,김하은,PT1516-미니가든피규어세트(괴마옥),,협력사,,,Product Parts,
SSU001904,checked,PT1513-미니가든피규어세트(용신목),의도적 품절,김하은,겨울철 식물 공급 중단으로 의도적 품절 처리합니다.,미니가든 피규어 세트,ISGK,2025.12.8 11:53오전,2026.2.9 2:18오후,2025.12.8,2026.2.8,recWj6OwQH1wZY40s,,https://airtable.com/shr5t1qyPKytJvVBY?prefill_fldziB6bVRltNvUis=recWj6OwQH1wZY40s,1904,김하은,PT1513-미니가든피규어세트(용신목),,협력사,,,Product Parts,
SSU001905,,PT4882-시그니처다이어리(2합)_블랙,품절예정,김하은,현재 체크파이널 인입건 제외하면 잔여재고 약 900개 남아있으며 금년 내 추가 생산 계획이 없어 품절예정 공지합니다.,시그니처 다이어리,SGND,2025.12.8 3:07오후,2025.12.10 11:03오전,2025.12.8,2025.12.9,recSmAuq9mBaXOOU9,,https://airtable.com/shr5t1qyPKytJvVBY?prefill_fldziB6bVRltNvUis=recSmAuq9mBaXOOU9,1905,김하은,PT4882-시그니처다이어리(2합)_블랙,,신시어리,,,Product Parts,
SSU001906,,PT0833-레더스킨다이어리_블랙,품절예정,김하은,현재 체크파이널 인입건 제외하면 잔여재고 약 900개 남아있으며 금년 내 추가 생산 계획이 없어 품절예정 공지합니다.,레더스킨 다이어리,LSKD,2025.12.8 3:17오후,2025.12.10 4:27오후,2025.12.8,2025.12.9,recUFmvu3f10hWB6R,,https://airtable.com/shr5t1qyPKytJvVBY?prefill_fldziB6bVRltNvUis=recUFmvu3f10hWB6R,1906,김하은,PT0833-레더스킨다이어리_블랙,,신시어리,,,Product Parts,
SSU001907,,PT4796-밀크에코컵(레귤러)_화이트,일시품절,김민정,"협력사재고 소진으로 일시품절 처리합니다.
재입고 예정일은 12월 말 ~ 1월 초 입니다.",밀크 에코컵,MKEC,2025.12.8 4:37오후,2025.12.29 5:28오후,2025.12.8,2025.12.28,recux2CCJl0co5f7d,,https://airtable.com/shr5t1qyPKytJvVBY?prefill_fldziB6bVRltNvUis=recux2CCJl0co5f7d,1907,김민정,PT4796-밀크에코컵(레귤러)_화이트,,협력사,,,Product Parts,
SSU001908,,PT3086-휴대용치약(언파차차20g)_화이트,품절예정,김하은,협력사 재고 400개 남아있으며 26년 1월 중순에 재입고 예정입니다. 재입고 전 품절될 경우 차콜 치약으로 발주 가능합니다.,"스탠드-업 칫솔, 라운드 밤부 칫솔","STTB, RBTB",2025.12.8 5:29오후,2025.12.15 2:41오후,2025.12.8,2025.12.14,recBgB2Y0AhgyNZLJ,,https://airtable.com/shr5t1qyPKytJvVBY?prefill_fldziB6bVRltNvUis=recBgB2Y0AhgyNZLJ,1908,김하은,PT3086-휴대용치약(언파차차20g)_화이트,,협력사,,,Product Parts,
SSU001909,,,판매가능,김민지,레이저인쇄 품질 개선되어 레이저 옵션 재개합니다.,,,2025.12.9 10:48오전,2026.3.26 12:41오후,2025.12.9,2026.3.25,,,https://airtable.com/shr5t1qyPKytJvVBY?prefill_fldziB6bVRltNvUis=,1909,김민지,,,,,,,
SSU001910,,,판매가능,김민지,레이저인쇄 품질 개선되어 레이저 옵션 재개합니다.,,,2025.12.9 10:49오전,2026.3.26 12:42오후,2025.12.9,2026.3.25,,,https://airtable.com/shr5t1qyPKytJvVBY?prefill_fldziB6bVRltNvUis=,1910,김민지,,,,,,,
SSU001911,,,품절예정,육승미,"제품 리뉴얼 예정으로 현재고 소진 후 품절예정입니다. 
- 12/9 기준 재고 : 화이트 700개
- 체크파이널 PNA37994-INVENI 건 200개 재고 확보 완료

- 리뉴얼 사항 : 살균램프 -> LED 램프로 변경, 패키지 변경, 기물 외관은 변경되지 않음
- 리뉴얼되는 패키지, 단가는 12월 말 확인 가능",,,2025.12.9 3:03오후,2025.12.24 2:42오후,2025.12.9,2025.12.23,,,https://airtable.com/shr5t1qyPKytJvVBY?prefill_fldziB6bVRltNvUis=,1911,육승미,,,,,,,
SSU001912,,,품절예정,육승미,"제품 리뉴얼 예정으로 현재고 소진 후 품절예정입니다. 
리뉴얼 시 화이트, 블루만 운영되어 품절 후 핑크는 졸업예정입니다.

- 12/9 기준 재고 : 핑크 600개 소진 후 졸업",,,2025.12.9 3:06오후,2026.1.19 11:03오전,2025.12.9,2026.1.18,,,https://airtable.com/shr5t1qyPKytJvVBY?prefill_fldziB6bVRltNvUis=,1912,육승미,,,,,,,
SSU001913,,,품절예정,육승미,"제품 리뉴얼 예정으로 현재고 소진 후 품절예정입니다. 
- 12/9 기준 재고 : 블루 700개

- 리뉴얼 사항 : 살균램프 -> LED 램프로 변경, 패키지 변경, 기물 외관은 변경되지 않음
- 리뉴얼되는 패키지, 단가는 12월 말 확인 가능",,,2025.12.9 3:07오후,2026.1.19 11:00오전,2025.12.9,2026.1.18,,,https://airtable.com/shr5t1qyPKytJvVBY?prefill_fldziB6bVRltNvUis=,1913,육승미,,,,,,,
SSU001914,,PT4093-프라임폴더블멀티충전기_다크그레이,일시품절,김하은,협력사 재고 품절로 1월 말 재입고 예정입니다.,프라임 폴더블 멀티충전기,PRMF,2025.12.9 5:18오후,2026.1.14 3:08오후,2025.12.9,2026.1.13,rec1oBK4OgXwxoY4F,,https://airtable.com/shr5t1qyPKytJvVBY?prefill_fldziB6bVRltNvUis=rec1oBK4OgXwxoY4F,1914,김하은,PT4093-프라임폴더블멀티충전기_다크그레이,,신시어리,,,Product Parts,
SSU001915,,PT3353-메시지캐리어파우치_매트블랙,일시품절,김하은,매트블랙 재고 소진 (실버/메탈그레이 위주로 응대 부탁드립니다),메시지 캐리어 파우치,MSGC,2025.12.9 5:22오후,2026.1.8 3:38오후,2025.12.9,2026.1.7,recaSvDfs8zsNZ3Fz,,https://airtable.com/shr5t1qyPKytJvVBY?prefill_fldziB6bVRltNvUis=recaSvDfs8zsNZ3Fz,1915,김하은,PT3353-메시지캐리어파우치_매트블랙,,신시어리,,,Product Parts,
SSU001916,,PT4882-시그니처다이어리(2합)_블랙,일시품절,김하은,재고 소진으로 일시 품절 처리합니다.,시그니처 다이어리,SGND,2025.12.10 11:03오전,2026.1.6 4:37오후,2025.12.10,2026.1.5,recSmAuq9mBaXOOU9,,https://airtable.com/shr5t1qyPKytJvVBY?prefill_fldziB6bVRltNvUis=recSmAuq9mBaXOOU9,1916,김하은,PT4882-시그니처다이어리(2합)_블랙,,신시어리,,,Product Parts,
SSU001917,,PT0832-레더스킨다이어리_그레이,품절예정,김하은,"레더스킨(그레이) 잔여 재고가 약 300개 남아 있어 소진 시 품절 예정이며, 재입고 일정 미정입니다. (재고 생산 우선순위가 낮은 제품이라 빠른 시일 내 재입고는 어려울 것 같습니다!)",레더스킨 다이어리,LSKD,2025.12.10 3:28오후,2025.12.11 11:12오전,2025.12.10,2025.12.10,rec0qhXEO8UTVYp27,,https://airtable.com/shr5t1qyPKytJvVBY?prefill_fldziB6bVRltNvUis=rec0qhXEO8UTVYp27,1917,김하은,PT0832-레더스킨다이어리_그레이,,신시어리,,,Product Parts,
SSU001919,,PT0833-레더스킨다이어리_블랙,일시품절,김하은,재고 소진 완료,레더스킨 다이어리,LSKD,2025.12.10 4:27오후,2026.1.6 4:36오후,2025.12.10,2026.1.5,recUFmvu3f10hWB6R,,https://airtable.com/shr5t1qyPKytJvVBY?prefill_fldziB6bVRltNvUis=recUFmvu3f10hWB6R,1919,김하은,PT0833-레더스킨다이어리_블랙,,신시어리,,,Product Parts,
SSU001920,,PT0832-레더스킨다이어리_그레이,일시품절,김하은,재고 소진 완료,레더스킨 다이어리,LSKD,2025.12.11 11:12오전,2026.1.6 4:30오후,2025.12.11,2026.1.5,rec0qhXEO8UTVYp27,,https://airtable.com/shr5t1qyPKytJvVBY?prefill_fldziB6bVRltNvUis=rec0qhXEO8UTVYp27,1920,김하은,PT0832-레더스킨다이어리_그레이,,신시어리,,,Product Parts,
SSU001921,,PT1800-샤쉐향(화이트타임/구화이트티앤타임),일시품절,김하은,재고 소진 (재입고 12월 말~1월 초 예정),"페이퍼 샤쉐, 프리미엄 린넨샤쉐","PSCH, LSCH",2025.12.11 3:50오후,2026.1.2 9:54오전,2025.12.11,2026.1.1,reclcMHTVrO7WI07M,,https://airtable.com/shr5t1qyPKytJvVBY?prefill_fldziB6bVRltNvUis=reclcMHTVrO7WI07M,1921,김하은,PT1800-샤쉐향(화이트타임/구화이트티앤타임),,신시어리,,,Product Parts,
SSU001922,,PT3149-미니멀스텐머그,판매가능,육승미,"12/18 협력사 재고 10,000개 입고 예정으로 판매 재개합니다",미니멀 스텐머그,MSTM,2025.12.11 6:03오후,,2025.12.11,2026.9.3,recuJFvJpuolxcxCG,recuJFvJpuolxcxCG,https://airtable.com/shr5t1qyPKytJvVBY?prefill_fldziB6bVRltNvUis=recuJFvJpuolxcxCG,1922,육승미,PT3149-미니멀스텐머그,,협력사,,,Product Parts,
SSU001923,,PT1618-클래시차량용방향제_로즈골드,일시품절,육승미,협력사 재고 수급 이슈로 인한 일시 품절입니다.,클래시 차량용 방향제,CCAF,2025.12.12 4:28오후,2026.1.13 11:18오전,2025.12.12,2026.1.12,rec6WphOla5yTr00W,,https://airtable.com/shr5t1qyPKytJvVBY?prefill_fldziB6bVRltNvUis=rec6WphOla5yTr00W,1923,육승미,PT1618-클래시차량용방향제_로즈골드,,협력사,,,Product Parts,
SSU001924,,PT1617-클래시차량용방향제_블랙,일시품절,육승미,협력사 재고 수급 이슈로 인한 일시품절입니다.,클래시 차량용 방향제,CCAF,2025.12.12 4:29오후,2026.1.13 11:08오전,2025.12.12,2026.1.12,recZWKAHnfXpflW7B,,https://airtable.com/shr5t1qyPKytJvVBY?prefill_fldziB6bVRltNvUis=recZWKAHnfXpflW7B,1924,육승미,PT1617-클래시차량용방향제_블랙,,신시어리,,,Product Parts,
SSU001925,,PT1239-슬로건다이어리_블랙,판매가능,이난영,슬로건 다이어리 블랙 색상 12월 19일 물류 입하 예정으로 판매 재개합니다.,슬로건 다이어리,SLGN,2025.12.15 12:19오후,2026.1.13 5:08오후,2025.12.15,2026.1.12,recwEwAaCd1CXCxD1,,https://airtable.com/shr5t1qyPKytJvVBY?prefill_fldziB6bVRltNvUis=recwEwAaCd1CXCxD1,1925,이난영,PT1239-슬로건다이어리_블랙,,신시어리,,,Product Parts,
SSU001926,checked,PT3086-휴대용치약(언파차차20g)_화이트,일시품절,김하은,협력사 재고 소진 (1월 중순 재입고 예정이며 그 전까지 차콜치약으로 대체),"스탠드-업 칫솔, 라운드 밤부 칫솔","STTB, RBTB",2025.12.15 2:41오후,2026.5.8 5:44오후,2025.12.15,2026.5.7,recBgB2Y0AhgyNZLJ,,https://airtable.com/shr5t1qyPKytJvVBY?prefill_fldziB6bVRltNvUis=recBgB2Y0AhgyNZLJ,1926,김하은,PT3086-휴대용치약(언파차차20g)_화이트,,협력사,비의도적품절,비의도적_공급부족,Product Parts,
SSU001927,,PT1753-프라우드투톤명함지갑_블랙,일시품절,김하은,1/2 재입고 예정입니다.,프라우드 투톤 명함지갑,TWTO,2025.12.15 3:49오후,2025.12.23 5:05오후,2025.12.15,2025.12.22,rec0X6iDXVBr6htf7,,https://airtable.com/shr5t1qyPKytJvVBY?prefill_fldziB6bVRltNvUis=rec0X6iDXVBr6htf7,1927,김하은,PT1753-프라우드투톤명함지갑_블랙,,신시어리,,,Product Parts,
SSU001928,,PT2839-프라우드메모패드_커버_블랙,일시품절,김하은,1/2 재입고 예정입니다,프라우드 메모패드,PMPB,2025.12.15 3:49오후,2025.12.23 5:05오후,2025.12.15,2025.12.22,reciLd1QOs3R44qmB,,https://airtable.com/shr5t1qyPKytJvVBY?prefill_fldziB6bVRltNvUis=reciLd1QOs3R44qmB,1928,김하은,PT2839-프라우드메모패드_커버_블랙,,신시어리,,,Product Parts,
SSU001929,,PT4330-히트업손난로보조배터리_화이트,판매가능,김민정,"판매재개 합니다.
시즌 막바지로 신시어리 재고로는 매입하지 않을 계획입니다.
건별로 협력사 재고 문의 부탁드립니다.",히트업 손난로 보조배터리,HTUS,2025.12.16 1:59오후,2026.6.9 2:46오후,2025.12.16,2026.6.8,recnvehbqsffrVMPd,,https://airtable.com/shr5t1qyPKytJvVBY?prefill_fldziB6bVRltNvUis=recnvehbqsffrVMPd,1929,김민정,PT4330-히트업손난로보조배터리_화이트,,협력사,,,Product Parts,
SSU001930,checked,,판매가능,김하은,최초등록,,,2025.12.17 5:33오후,2025.12.17 5:37오후,2025.12.17,2025.12.16,,,https://airtable.com/shr5t1qyPKytJvVBY?prefill_fldziB6bVRltNvUis=,1930,김하은,,,,,,,
SSU001931,,,의도적 품절,김민정,협력사 재고 품절 (2026다이어리 시즌 종료로 재입고 예정 없음),,,2025.12.17 5:37오후,,2025.12.17,2026.9.3,,rec108iB66eeyVqiG,https://airtable.com/shr5t1qyPKytJvVBY?prefill_fldziB6bVRltNvUis=,1931,김민정,,"몰스킨 2026 다이어리 전반적인 재고 확인 필요 (블랙, 그린 판매 가능 여부)",,의도적품절,의도적_시즌종료,,
SSU001932,checked,,판매가능,김하은,최초등록,,,2025.12.17 5:38오후,,2025.12.17,2026.9.3,,recAxEp53CoYH4EY9,https://airtable.com/shr5t1qyPKytJvVBY?prefill_fldziB6bVRltNvUis=,1932,김하은,,,,,,,
SSU001933,,,의도적 품절,김민정,협력사 재고 품절 (2026다이어리 시즌 종료로 재입고 예정 없음),,,2025.12.17 5:38오후,,2025.12.17,2026.9.3,,recAxEp53CoYH4EY9,https://airtable.com/shr5t1qyPKytJvVBY?prefill_fldziB6bVRltNvUis=,1933,김민정,,"몰스킨 2026 다이어리 전반적인 재고 확인 필요 (블랙, 그린 판매 가능 여부)",,의도적품절,의도적_시즌종료,,
SSU001934,,PT0712-내추럴노트_커버_그레이,품절예정,김민지,"보관재고 불량 발생하여 품절예정입니다.

현재 응대중이신 프로젝트가 있다면 공유부탁드립니다.",내추럴 노트,NTRN,2025.12.19 12:08오후,2025.12.23 5:04오후,2025.12.19,2025.12.22,rec5pn661J4iRslXl,,https://airtable.com/shr5t1qyPKytJvVBY?prefill_fldziB6bVRltNvUis=rec5pn661J4iRslXl,1934,김민지,PT0712-내추럴노트_커버_그레이,,신시어리,,,Product Parts,
SSU001935,,PT4710-브릭스탠드멀티충전스테이션_화이트,품절예정,김하은,현재고 약 300개로 2월 중순 중 재입고 예정이라 품절 예정으로 공지합니다.,브릭스탠드 멀티충전기,BSMC,2025.12.22 2:41오후,2025.12.26 5:11오후,2025.12.22,2025.12.25,recOEBHkwU1GJWNch,,https://airtable.com/shr5t1qyPKytJvVBY?prefill_fldziB6bVRltNvUis=recOEBHkwU1GJWNch,1935,김하은,PT4710-브릭스탠드멀티충전스테이션_화이트,,신시어리,,,Product Parts,
SSU001936,,PT5103-킵세이프마그넷배터리MAX(10000mAh),품절예정,김민정,"1월 말 재입고 예정이며, 
현재 100개만 가능합니다. ",킵세이프 마그넷 배터리 Max,KSBM,2025.12.23 12:14오후,2025.12.26 2:29오후,2025.12.23,2025.12.25,rec0RNlypyOiGBqen,,https://airtable.com/shr5t1qyPKytJvVBY?prefill_fldziB6bVRltNvUis=rec0RNlypyOiGBqen,1936,김민정,PT5103-킵세이프마그넷배터리MAX(10000mAh),,협력사,,,Product Parts,
SSU001937,,PT1650-클립아트펜(네온)_바질,판매가능,김하은,협력사 리뉴얼 완료되어 판매 재개합니다. (유광 표면 > 매트 표면으로 리뉴얼되었습니다),클립 아트펜,CLIP,2025.12.23 4:50오후,,2025.12.23,2026.9.3,recuUbXwPawSf7fMj,recuUbXwPawSf7fMj,https://airtable.com/shr5t1qyPKytJvVBY?prefill_fldziB6bVRltNvUis=recuUbXwPawSf7fMj,1937,김하은,PT1650-클립아트펜(네온)_바질,,협력사,,,Product Parts,
SSU001938,,PT1664-클립아트펜(네온)_시트러스,판매가능,김하은,협력사 리뉴얼 완료되어 판매 재개합니다. (유광 표면 > 매트 표면으로 리뉴얼되었습니다),클립 아트펜,CLIP,2025.12.23 4:50오후,,2025.12.23,2026.9.3,recj6GOxCSOJeAzUD,recj6GOxCSOJeAzUD,https://airtable.com/shr5t1qyPKytJvVBY?prefill_fldziB6bVRltNvUis=recj6GOxCSOJeAzUD,1938,김하은,PT1664-클립아트펜(네온)_시트러스,,협력사,,,Product Parts,
SSU001939,,PT0712-내추럴노트_커버_그레이,일시품절,김민지,재고부족으로 일시품절입니다.,내추럴 노트,NTRN,2025.12.23 5:04오후,2026.1.6 4:37오후,2025.12.23,2026.1.5,rec5pn661J4iRslXl,,https://airtable.com/shr5t1qyPKytJvVBY?prefill_fldziB6bVRltNvUis=rec5pn661J4iRslXl,1939,김민지,PT0712-내추럴노트_커버_그레이,,신시어리,,,Product Parts,
SSU001940,,PT2839-프라우드메모패드_커버_블랙,판매가능,김민지,26년 1월 2일 500개 입고 예정으로 품절해지 합니다.,프라우드 메모패드,PMPB,2025.12.23 5:05오후,,2025.12.23,2026.9.3,reciLd1QOs3R44qmB,reciLd1QOs3R44qmB,https://airtable.com/shr5t1qyPKytJvVBY?prefill_fldziB6bVRltNvUis=reciLd1QOs3R44qmB,1940,김민지,PT2839-프라우드메모패드_커버_블랙,,신시어리,,,Product Parts,
SSU001941,,PT1753-프라우드투톤명함지갑_블랙,판매가능,김민지,26년 1월 2일 500개 입고 예정으로 품절해지 합니다.,프라우드 투톤 명함지갑,TWTO,2025.12.23 5:05오후,2026.8.6 4:27오후,2025.12.23,2026.8.5,rec0X6iDXVBr6htf7,,https://airtable.com/shr5t1qyPKytJvVBY?prefill_fldziB6bVRltNvUis=rec0X6iDXVBr6htf7,1941,김민지,PT1753-프라우드투톤명함지갑_블랙,,신시어리,,,Product Parts,
SSU001942,checked,PT4768-EVA파우치(전용)_반투명,판매가능,김하은,재입고 완료,"브랜디드 타월, 아트워크 타월","BDTW, AWTW",2025.12.23 5:45오후,2026.4.16 10:55오전,2025.12.23,2026.4.15,rect0niXMMcIpvLJB,,https://airtable.com/shr5t1qyPKytJvVBY?prefill_fldziB6bVRltNvUis=rect0niXMMcIpvLJB,1942,김하은,PT4768-EVA파우치(전용)_반투명,,신시어리,,,Package Parts,
SSU001943,,,일시품절,육승미,"제품 리뉴얼 예정, 화이트 기존 재고 소진으로 품절처리합니다.
- 리뉴얼 사항 : 살균램프 -> LED 램프로 변경, 패키지 변경, 단가 변경 (기물 외관은 변경되지 않음)
- 12월말~1월 초 세부사항 확인 가능, 1월 중순 이후 리뉴얼 제품 운영 시작",,,2025.12.24 2:42오후,2026.3.10 11:02오전,2025.12.24,2026.3.9,,,https://airtable.com/shr5t1qyPKytJvVBY?prefill_fldziB6bVRltNvUis=,1943,육승미,,졸업공지,,,,,
SSU001944,,PT5103-킵세이프마그넷배터리MAX(10000mAh),일시품절,김민정,재고 소진으로 일시품절 처리합니다. 입고 예정일은 1월말입니다.,킵세이프 마그넷 배터리 Max,KSBM,2025.12.26 2:29오후,2026.1.14 3:24오후,2025.12.26,2026.1.13,rec0RNlypyOiGBqen,,https://airtable.com/shr5t1qyPKytJvVBY?prefill_fldziB6bVRltNvUis=rec0RNlypyOiGBqen,1944,김민정,PT5103-킵세이프마그넷배터리MAX(10000mAh),,협력사,,,Product Parts,
SSU001945,,PT4710-브릭스탠드멀티충전스테이션_화이트,일시품절,김민정,"재고소진으로 일시품절 처리합니다.
1월 발주 예정이며, 3월 말 재입고 예정입니다.",브릭스탠드 멀티충전기,BSMC,2025.12.26 5:11오후,2026.2.9 10:27오전,2025.12.26,2026.2.8,recOEBHkwU1GJWNch,,https://airtable.com/shr5t1qyPKytJvVBY?prefill_fldziB6bVRltNvUis=recOEBHkwU1GJWNch,1945,김민정,PT4710-브릭스탠드멀티충전스테이션_화이트,,신시어리,,,Product Parts,
SSU001946,,PT1400-에디트캘린더_삼각대_블랙,품절예정,육승미,"에디트 캘린더 삼각대 블랙 색상은 600여개 재고 소진 후 품절됩니다. 회색 삼각대 6,600개분량 남아있으므로 회색 삼각대 소진 쪽으로 안내 부탁드립니다.",에디트 캘린더,EDCD,2025.12.29 10:07오전,,2025.12.29,2026.9.3,rec2WdHCbTSw83d6a,rec2WdHCbTSw83d6a,https://airtable.com/shr5t1qyPKytJvVBY?prefill_fldziB6bVRltNvUis=rec2WdHCbTSw83d6a,1946,육승미,PT1400-에디트캘린더_삼각대_블랙,협력사재고 확인 필요,생산,의도적품절,의도적_시즌종료,Product Parts,
SSU001947,,PT4756-마그넷케이블홀더_화이트,품절예정,김하은,현재고 약 200개 남아있습니다. 1월 말 재입고 예정으로 품절 예정 공지합니다.,아이콘 케이블홀더 세트,MGNC,2025.12.29 12:22오후,2025.12.30 1:44오후,2025.12.29,2025.12.29,rec8X82a3jxMO1491,,https://airtable.com/shr5t1qyPKytJvVBY?prefill_fldziB6bVRltNvUis=rec8X82a3jxMO1491,1947,김하은,PT4756-마그넷케이블홀더_화이트,,신시어리,,,Product Parts,
SSU001948,,PT4796-밀크에코컵(레귤러)_화이트,판매가능,김하은,1/3 협력사 재고 재입고 예정으로 판매 재개합니다!,밀크 에코컵,MKEC,2025.12.29 5:28오후,2026.4.6 3:56오후,2025.12.29,2026.4.5,recux2CCJl0co5f7d,,https://airtable.com/shr5t1qyPKytJvVBY?prefill_fldziB6bVRltNvUis=recux2CCJl0co5f7d,1948,김하은,PT4796-밀크에코컵(레귤러)_화이트,,협력사,,,Product Parts,
SSU001949,,PT4756-마그넷케이블홀더_화이트,일시품절,김하은,체크파이널 예정인 건으로 재고 소진 (1월 말 재입고 예정),아이콘 케이블홀더 세트,MGNC,2025.12.30 1:44오후,2026.1.26 10:36오전,2025.12.30,2026.1.25,rec8X82a3jxMO1491,,https://airtable.com/shr5t1qyPKytJvVBY?prefill_fldziB6bVRltNvUis=rec8X82a3jxMO1491,1949,김하은,PT4756-마그넷케이블홀더_화이트,,신시어리,,,Product Parts,
SSU001950,,PT4757-마그넷케이블홀더_블랙,일시품절,김하은,체크파이널 예정인 건으로 재고 소진 (1월 말 재입고 예정),아이콘 케이블홀더 세트,MGNC,2025.12.30 1:44오후,2026.1.26 10:37오전,2025.12.30,2026.1.25,recQiCcOH05b9yEAq,,https://airtable.com/shr5t1qyPKytJvVBY?prefill_fldziB6bVRltNvUis=recQiCcOH05b9yEAq,1950,김하은,PT4757-마그넷케이블홀더_블랙,,신시어리,,,Product Parts,
SSU001951,,PT1197-스펙트럼컬러펜(블랙잉크)_화이트,품절예정,김하은,현재 판매 가능 재고 약 400개 이며 협력사 재고 품절로 재입고 일정 1월 말로 예상됩니다!,스펙트럼 컬러펜,SPCP,2025.12.30 3:15오후,2026.2.9 4:49오후,2025.12.30,2026.2.8,recTiKzzGrAWA7L9o,,https://airtable.com/shr5t1qyPKytJvVBY?prefill_fldziB6bVRltNvUis=recTiKzzGrAWA7L9o,1951,김하은,PT1197-스펙트럼컬러펜(블랙잉크)_화이트,,신시어리,,,Product Parts,
SSU001952,,PT1800-샤쉐향(화이트타임/구화이트티앤타임),판매가능,김하은,차주 초 재입고 예정으로 판매 재개합니다 :),"페이퍼 샤쉐, 프리미엄 린넨샤쉐","PSCH, LSCH",2026.1.2 9:54오전,,2026.1.2,2026.9.3,reclcMHTVrO7WI07M,reclcMHTVrO7WI07M,https://airtable.com/shr5t1qyPKytJvVBY?prefill_fldziB6bVRltNvUis=reclcMHTVrO7WI07M,1952,김하은,PT1800-샤쉐향(화이트타임/구화이트티앤타임),,신시어리,,,Product Parts,
SSU001953,checked,PT1779-골프공(타이틀리스트프로V1),일시품절,김하은,1월 총판 재입고 물량이 빠르게 소진되어 2월 재입고 예정입니다.,"프레젠트 골프공 3구, 에디션 골프공 & 볼마커 6구 세트","PSGB, EDGB",2026.1.5 3:44오후,2026.2.2 3:02오후,2026.1.5,2026.2.1,recxX7s4YC82Xb4xc,,https://airtable.com/shr5t1qyPKytJvVBY?prefill_fldziB6bVRltNvUis=recxX7s4YC82Xb4xc,1953,김하은,PT1779-골프공(타이틀리스트프로V1),,신시어리,,,Product Parts,
SSU001954,,PT4696-킵세이프마그넷배터리2.0,품절예정,김하은,"협력사 재고 2~3월 중 입고 예정이며, 현재 판매 가능 재고 약 290개 입니다.",킵세이프 마그넷 배터리 Slim,KSMB,2026.1.6 11:46오전,2026.1.29 11:05오전,2026.1.6,2026.1.28,recPmfR02B6XZ57rJ,,https://airtable.com/shr5t1qyPKytJvVBY?prefill_fldziB6bVRltNvUis=recPmfR02B6XZ57rJ,1954,김하은,PT4696-킵세이프마그넷배터리2.0,,신시어리,,,Product Parts,
SSU001955,,PT0832-레더스킨다이어리_그레이,판매가능,김민지,실재고 확인 완료되어 판매 가능합니다.,레더스킨 다이어리,LSKD,2026.1.6 4:30오후,2026.1.7 9:26오전,2026.1.6,2026.1.6,rec0qhXEO8UTVYp27,,https://airtable.com/shr5t1qyPKytJvVBY?prefill_fldziB6bVRltNvUis=rec0qhXEO8UTVYp27,1955,김민지,PT0832-레더스킨다이어리_그레이,,신시어리,,,Product Parts,
SSU001956,,PT0833-레더스킨다이어리_블랙,판매가능,김민지,재고 생산 완료되어 판매 가능합니다.,레더스킨 다이어리,LSKD,2026.1.6 4:36오후,2026.2.12 4:26오후,2026.1.6,2026.2.11,recUFmvu3f10hWB6R,,https://airtable.com/shr5t1qyPKytJvVBY?prefill_fldziB6bVRltNvUis=recUFmvu3f10hWB6R,1956,김민지,PT0833-레더스킨다이어리_블랙,,신시어리,,,Product Parts,
SSU001957,,PT0712-내추럴노트_커버_그레이,판매가능,김민지,재고생산완료되어 판매가능합니다.,내추럴 노트,NTRN,2026.1.6 4:37오후,,2026.1.6,2026.9.3,rec5pn661J4iRslXl,rec5pn661J4iRslXl,https://airtable.com/shr5t1qyPKytJvVBY?prefill_fldziB6bVRltNvUis=rec5pn661J4iRslXl,1957,김민지,PT0712-내추럴노트_커버_그레이,,신시어리,,,Product Parts,
SSU001958,,PT4882-시그니처다이어리(2합)_블랙,판매가능,김민지,재고생산완료되어 판매가능합니다.,시그니처 다이어리,SGND,2026.1.6 4:37오후,2026.1.30 9:55오전,2026.1.6,2026.1.29,recSmAuq9mBaXOOU9,,https://airtable.com/shr5t1qyPKytJvVBY?prefill_fldziB6bVRltNvUis=recSmAuq9mBaXOOU9,1958,김민지,PT4882-시그니처다이어리(2합)_블랙,,신시어리,,,Product Parts,
SSU001959,checked,PT0832-레더스킨다이어리_그레이,품절예정,김민지,PNA38081-서울시교육청 300개 건 확정되어 품절 예정입니다.,레더스킨 다이어리,LSKD,2026.1.7 9:26오전,2026.1.7 1:15오후,2026.1.7,2026.1.6,rec0qhXEO8UTVYp27,,https://airtable.com/shr5t1qyPKytJvVBY?prefill_fldziB6bVRltNvUis=rec0qhXEO8UTVYp27,1959,김민지,PT0832-레더스킨다이어리_그레이,,신시어리,,,Product Parts,
SSU001960,,,일시품절,육승미,협력사 재고 일시 품절 (재입고 3~4월 예정),,,2026.1.7 12:10오후,2026.2.6 1:50오후,2026.1.7,2026.2.5,,,https://airtable.com/shr5t1qyPKytJvVBY?prefill_fldziB6bVRltNvUis=,1960,육승미,,,,,,,
SSU001961,,,제품 철수(졸업),육승미,협력사 재고 일시 품절 (재입고 3~4월 예정),,,2026.1.7 12:10오후,2026.4.24 4:57오후,2026.1.7,2026.4.23,,,https://airtable.com/shr5t1qyPKytJvVBY?prefill_fldziB6bVRltNvUis=,1961,육승미,,,,,,,
SSU001962,,,일시품절,육승미,협력사 재고 일시 품절 (재입고 3~4월 예정),,,2026.1.7 12:11오후,2026.2.6 1:51오후,2026.1.7,2026.2.5,,,https://airtable.com/shr5t1qyPKytJvVBY?prefill_fldziB6bVRltNvUis=,1962,육승미,,,,,,,
SSU001963,,PT0832-레더스킨다이어리_그레이,의도적 품절,김민지,"재고 효율성을 고려하여 그레이 다이어리는 슬로건/시그니처 2종으로만 운영하며, 추가 생산 계획 미정",레더스킨 다이어리,LSKD,2026.1.7 1:15오후,,2026.1.7,2026.9.3,rec0qhXEO8UTVYp27,rec0qhXEO8UTVYp27,https://airtable.com/shr5t1qyPKytJvVBY?prefill_fldziB6bVRltNvUis=rec0qhXEO8UTVYp27,1963,김민지,PT0832-레더스킨다이어리_그레이,,신시어리,의도적품절,의도적_재고효율화,Product Parts,
SSU001964,checked,,판매가능,김하은,실크인쇄로 판매재개,,,2026.1.7 1:48오후,2026.2.26 2:49오후,2026.1.7,2026.2.25,,,https://airtable.com/shr5t1qyPKytJvVBY?prefill_fldziB6bVRltNvUis=,1964,김하은,,,,,,,
SSU001965,checked,,일시품절,김하은,대체 협력사 확정 전까지 360도 UV인쇄 제작 불가,,,2026.1.7 1:51오후,2026.3.3 3:36오후,2026.1.7,2026.3.2,,,https://airtable.com/shr5t1qyPKytJvVBY?prefill_fldziB6bVRltNvUis=,1965,김하은,,협력사 변경 예정,,,,,
SSU001966,,PT2773-리틀빅리유저블컵_아이보리,일시품절,김민지,협력사의 원료사에서 요구하는 매입 조건 협의가 안되고 있어 현재 제작이 딜레이 되고 있습니다. 추가적으로 일정 확인 되면 바로 공유 드리겠습니다.,리틀빅 리유저블컵,LTBR,2026.1.8 10:43오전,2026.3.3 5:13오후,2026.1.8,2026.3.2,rec1pNuRl6yxvk8TT,,https://airtable.com/shr5t1qyPKytJvVBY?prefill_fldziB6bVRltNvUis=rec1pNuRl6yxvk8TT,1966,김민지,PT2773-리틀빅리유저블컵_아이보리,협력사재고 확인 필요,협력사,,,Product Parts,
SSU001967,,PT4729-커넥트6in1케이블키트_본품,일시품절,김하은,체크파이널 인입건으로 재고 소진,커넥트 6in1 케이블키트,CCKT,2026.1.8 11:05오전,2026.1.21 4:23오후,2026.1.8,2026.1.20,recRURO1zNSUQS3P6,,https://airtable.com/shr5t1qyPKytJvVBY?prefill_fldziB6bVRltNvUis=recRURO1zNSUQS3P6,1967,김하은,PT4729-커넥트6in1케이블키트_본품,,신시어리,,,Product Parts,
SSU001968,,,품절예정,김하은,"재고 약 200개 남아있으며, 리뉴얼 예정으로 기존 재고는 재입고 예정 없음.",,,2026.1.8 12:00오후,2026.1.29 4:34오후,2026.1.8,2026.1.28,,,https://airtable.com/shr5t1qyPKytJvVBY?prefill_fldziB6bVRltNvUis=,1968,김하은,,,,,,,
SSU001969,,PT1201-스펙트럼컬러펜(블랙잉크)_블랙,품절예정,김하은,현재고 약 550개 남아있으며 협력사 재입고 일정 1월말~2월 초 입니다.,스펙트럼 컬러펜,SPCP,2026.1.8 1:57오후,2026.1.9 6:14오후,2026.1.8,2026.1.8,recgA7U5C3Y1CO0ks,,https://airtable.com/shr5t1qyPKytJvVBY?prefill_fldziB6bVRltNvUis=recgA7U5C3Y1CO0ks,1969,김하은,PT1201-스펙트럼컬러펜(블랙잉크)_블랙,,신시어리,,,Product Parts,
SSU001970,,PT1223-스펙트럼컬러펜(블랙잉크)_오렌지,일시품절,김하은,협력사 재고 품절 (1월 말 ~ 2월 초 입고 예정),스펙트럼 컬러펜,SPCP,2026.1.8 2:05오후,2026.2.10 10:47오전,2026.1.8,2026.2.9,recVV2xB5vl3efEgB,,https://airtable.com/shr5t1qyPKytJvVBY?prefill_fldziB6bVRltNvUis=recVV2xB5vl3efEgB,1970,김하은,PT1223-스펙트럼컬러펜(블랙잉크)_오렌지,,협력사,,,Product Parts,
SSU001971,,PT1203-스펙트럼컬러펜(컬러잉크)_오렌지,일시품절,김하은,협력사 재고 품절 (재입고 예정 미정),스펙트럼 컬러펜,SPCP,2026.1.8 2:05오후,2026.3.23 3:11오후,2026.1.8,2026.3.22,rec1ZQ7lwvGYQTnCg,,https://airtable.com/shr5t1qyPKytJvVBY?prefill_fldziB6bVRltNvUis=rec1ZQ7lwvGYQTnCg,1971,김하은,PT1203-스펙트럼컬러펜(컬러잉크)_오렌지,,협력사,,,Product Parts,
SSU001972,,PT1214-스펙트럼컬러펜(컬러잉크)_파스텔퍼플,일시품절,김하은,협력사 재고 품절 (재입고 일정 미정),스펙트럼 컬러펜,SPCP,2026.1.8 2:07오후,2026.3.23 3:10오후,2026.1.8,2026.3.22,recIx9x0ydqTdnIeA,,https://airtable.com/shr5t1qyPKytJvVBY?prefill_fldziB6bVRltNvUis=recIx9x0ydqTdnIeA,1972,김하은,PT1214-스펙트럼컬러펜(컬러잉크)_파스텔퍼플,,협력사,,,Product Parts,
SSU001973,,PT3353-메시지캐리어파우치_매트블랙,판매가능,김하은,"매트블랙 옵션도 판매재개합니다 (재고 500개 가능), 다만 실버 재고 소진이 우선이어서 품절 예정으로 공지합니다!",메시지 캐리어 파우치,MSGC,2026.1.8 3:38오후,2026.4.20 2:34오후,2026.1.8,2026.4.19,recaSvDfs8zsNZ3Fz,,https://airtable.com/shr5t1qyPKytJvVBY?prefill_fldziB6bVRltNvUis=recaSvDfs8zsNZ3Fz,1973,김하은,PT3353-메시지캐리어파우치_매트블랙,의도적,신시어리,,,Product Parts,
SSU001974,,PT4763-파워업PD충전기_화이트,품절예정,김하은,재고 약 450개 남아있습니다 (3월 재입고 예정),파워업 PD 충전기 65W,PUPD,2026.1.8 4:02오후,2026.1.21 4:46오후,2026.1.8,2026.1.20,recKpHD9Lj9DtGNyT,,https://airtable.com/shr5t1qyPKytJvVBY?prefill_fldziB6bVRltNvUis=recKpHD9Lj9DtGNyT,1974,김하은,PT4763-파워업PD충전기_화이트,,신시어리,,,Product Parts,
SSU001975,,PT1201-스펙트럼컬러펜(블랙잉크)_블랙,일시품절,김하은,재고 소진 (1월 말~2월 초 재입고 예정),스펙트럼 컬러펜,SPCP,2026.1.9 6:14오후,2026.2.3 11:16오전,2026.1.9,2026.2.2,recgA7U5C3Y1CO0ks,,https://airtable.com/shr5t1qyPKytJvVBY?prefill_fldziB6bVRltNvUis=recgA7U5C3Y1CO0ks,1975,김하은,PT1201-스펙트럼컬러펜(블랙잉크)_블랙,,신시어리,,,Product Parts,
SSU001976,,PT4657-베이직무선충전마우스패드_블랙,일시품절,김하은,협력사 재고 품절 (1월 말~2월 초 재입고 예정),베이직 무선충전 마우스패드,BMMP,2026.1.12 6:19오후,2026.1.26 1:23오후,2026.1.12,2026.1.25,reca7LaDo6FGCh2Jj,,https://airtable.com/shr5t1qyPKytJvVBY?prefill_fldziB6bVRltNvUis=reca7LaDo6FGCh2Jj,1976,김하은,PT4657-베이직무선충전마우스패드_블랙,,협력사,,,Product Parts,
SSU001977,,PT1617-클래시차량용방향제_블랙,판매가능,육승미,"협력사 재고 입고되었습니다. 
아래 수량만큼 확보해두었으며 잔여 수량 MRP 업데이트해두겠습니다.

신시어리 재고 확보 수량
1차 : 1,000개, 1/21 입고
2차 : 1,000개, 2월 말 입고",클래시 차량용 방향제,CCAF,2026.1.13 11:08오전,,2026.1.13,2026.9.3,recZWKAHnfXpflW7B,recZWKAHnfXpflW7B,https://airtable.com/shr5t1qyPKytJvVBY?prefill_fldziB6bVRltNvUis=recZWKAHnfXpflW7B,1977,육승미,PT1617-클래시차량용방향제_블랙,,신시어리,,,Product Parts,
SSU001978,,PT1618-클래시차량용방향제_로즈골드,판매가능,육승미,"협력사 재고 1,000개 입고되었습니다.",클래시 차량용 방향제,CCAF,2026.1.13 11:18오전,,2026.1.13,2026.9.3,rec6WphOla5yTr00W,rec6WphOla5yTr00W,https://airtable.com/shr5t1qyPKytJvVBY?prefill_fldziB6bVRltNvUis=rec6WphOla5yTr00W,1978,육승미,PT1618-클래시차량용방향제_로즈골드,,협력사,,,Product Parts,
SSU001979,,PT1239-슬로건다이어리_블랙,품절예정,김하은,"현재 가능 재고 약 350개, 재입고 일정은 추후 공지 예정입니다!",슬로건 다이어리,SLGN,2026.1.13 5:08오후,2026.1.14 5:30오후,2026.1.13,2026.1.13,recwEwAaCd1CXCxD1,,https://airtable.com/shr5t1qyPKytJvVBY?prefill_fldziB6bVRltNvUis=recwEwAaCd1CXCxD1,1979,김하은,PT1239-슬로건다이어리_블랙,,신시어리,,,Product Parts,
SSU001980,,,품절예정,김하은,"현재 재고 약 250개 사용 가능하며, 리뉴얼 예정인 제품으로 기존 재고는 재입고 예정이 없습니다. 
",,,2026.1.14 2:16오후,2026.2.4 3:15오후,2026.1.14,2026.2.3,,,https://airtable.com/shr5t1qyPKytJvVBY?prefill_fldziB6bVRltNvUis=,1980,김하은,,,,,,,
SSU001981,,PT4093-프라임폴더블멀티충전기_다크그레이,판매가능,김민지,"재고생산 완료일정이 확정되어 품절해지 합니다.
1/16 180개 입고예정
1/28 120개 입고예정	",프라임 폴더블 멀티충전기,PRMF,2026.1.14 3:08오후,2026.1.29 3:01오후,2026.1.14,2026.1.28,rec1oBK4OgXwxoY4F,,https://airtable.com/shr5t1qyPKytJvVBY?prefill_fldziB6bVRltNvUis=rec1oBK4OgXwxoY4F,1981,김민지,PT4093-프라임폴더블멀티충전기_다크그레이,,신시어리,,,Product Parts,
SSU001982,,PT5103-킵세이프마그넷배터리MAX(10000mAh),판매가능,김민정,협력사 재고입고되어 판매재개 합니다.,킵세이프 마그넷 배터리 Max,KSBM,2026.1.14 3:24오후,2026.7.31 11:25오전,2026.1.14,2026.7.30,rec0RNlypyOiGBqen,,https://airtable.com/shr5t1qyPKytJvVBY?prefill_fldziB6bVRltNvUis=rec0RNlypyOiGBqen,1982,김민정,PT5103-킵세이프마그넷배터리MAX(10000mAh),,협력사,,,Product Parts,
SSU001983,,PT1239-슬로건다이어리_블랙,일시품절,김하은,현재 가용재고 100개 이하로 일시품절 처리합니다. (2월 중순 재입고 예정),슬로건 다이어리,SLGN,2026.1.14 5:30오후,2026.2.5 3:11오후,2026.1.14,2026.2.4,recwEwAaCd1CXCxD1,,https://airtable.com/shr5t1qyPKytJvVBY?prefill_fldziB6bVRltNvUis=recwEwAaCd1CXCxD1,1983,김하은,PT1239-슬로건다이어리_블랙,,신시어리,,,Product Parts,
SSU001984,,,일시품절,육승미,"제품 리뉴얼 예정, 블루 재고 소진으로 품절 처리합니다.",,,2026.1.19 11:00오전,2026.3.10 11:02오전,2026.1.19,2026.3.9,,,https://airtable.com/shr5t1qyPKytJvVBY?prefill_fldziB6bVRltNvUis=,1984,육승미,,졸업공지,,,,,
SSU001985,,,제품 철수(졸업),육승미,"사양 리뉴얼되며 핑크 색상 단종으로 제품철수 합니다.
화이트, 블루만 리뉴얼 후 운영 예정입니다. ",,,2026.1.19 11:03오전,,2026.1.19,2026.9.3,,rec8LPufH5qiv4x8s,https://airtable.com/shr5t1qyPKytJvVBY?prefill_fldziB6bVRltNvUis=,1985,육승미,,,,,,,
SSU001986,,PT1236-슬로건다이어리_그레이,품절예정,김하은,잔여재고 약 250개이며 재입고 일정 미정으로 품절예정 공지합니다.,슬로건 다이어리,SLGN,2026.1.19 4:58오후,2026.1.20 4:49오후,2026.1.19,2026.1.19,recuLKG9FYarPEjVt,,https://airtable.com/shr5t1qyPKytJvVBY?prefill_fldziB6bVRltNvUis=recuLKG9FYarPEjVt,1986,김하은,PT1236-슬로건다이어리_그레이,,신시어리,,,Product Parts,
SSU001987,,PT1236-슬로건다이어리_그레이,일시품절,김하은,"디퀘 예정인 건으로 재고 소진, 재입고 일정 확인 후 공유 예정입니다.",슬로건 다이어리,SLGN,2026.1.20 4:49오후,2026.2.20 3:50오후,2026.1.20,2026.2.19,recuLKG9FYarPEjVt,,https://airtable.com/shr5t1qyPKytJvVBY?prefill_fldziB6bVRltNvUis=recuLKG9FYarPEjVt,1987,김하은,PT1236-슬로건다이어리_그레이,재입고일 확인 후 판매재개,신시어리,,,Product Parts,
SSU001988,,PT3318-휴대용치약(언파차차30g)_블랙,판매가능,김하은,"차차치약 화이트 재입고 일정이 1월 말 → 3월로 연기됨에 따라, 대체 운영 중이던 차콜 치약을 정식 판매 재개합니다. (화이트치약 재입고 후에도 상시 판매 가능!)","스탠드-업 칫솔, 라운드 밤부 칫솔","STTB, RBTB",2026.1.21 10:57오전,2026.5.28 11:47오전,2026.1.21,2026.5.27,recTcV76vucflNOeC,,https://airtable.com/shr5t1qyPKytJvVBY?prefill_fldziB6bVRltNvUis=recTcV76vucflNOeC,1988,김하은,PT3318-휴대용치약(언파차차30g)_블랙,,협력사,,,Product Parts,
SSU001989,,PT4729-커넥트6in1케이블키트_본품,판매가능,김하은,차주 월요일 중 재입고 예상되어 판매 재개 먼저 진행합니다 :),커넥트 6in1 케이블키트,CCKT,2026.1.21 4:23오후,2026.2.12 2:56오후,2026.1.21,2026.2.11,recRURO1zNSUQS3P6,,https://airtable.com/shr5t1qyPKytJvVBY?prefill_fldziB6bVRltNvUis=recRURO1zNSUQS3P6,1989,김하은,PT4729-커넥트6in1케이블키트_본품,,신시어리,,,Product Parts,
SSU001990,,PT4763-파워업PD충전기_화이트,일시품절,김하은,디퀘 예정인 건으로 재고 소진 (3월 중 재입고 예정),파워업 PD 충전기 65W,PUPD,2026.1.21 4:46오후,2026.3.31 6:00오후,2026.1.21,2026.3.30,recKpHD9Lj9DtGNyT,,https://airtable.com/shr5t1qyPKytJvVBY?prefill_fldziB6bVRltNvUis=recKpHD9Lj9DtGNyT,1990,김하은,PT4763-파워업PD충전기_화이트,,신시어리,,,Product Parts,
SSU001991,,PT0878-매트블랙텀블러_블랙,품절예정,김하은,"판매 가능 재고 300개 남아있습니다. (2월 중 재입고 일정이며, 구체적인 일정 확인 중입니다!)",매트블랙 텀블러,MTTB,2026.1.22 4:55오후,2026.2.3 2:21오후,2026.1.22,2026.2.2,recRyhJ0229U5Dn9C,,https://airtable.com/shr5t1qyPKytJvVBY?prefill_fldziB6bVRltNvUis=recRyhJ0229U5Dn9C,1991,김하은,PT0878-매트블랙텀블러_블랙,,신시어리,,,Product Parts,
SSU001992,,PT4756-마그넷케이블홀더_화이트,판매가능,김하은,금일 중 재입고 예정으로 판매 재개합니다!,아이콘 케이블홀더 세트,MGNC,2026.1.26 10:36오전,2026.8.13 3:49오후,2026.1.26,2026.8.12,rec8X82a3jxMO1491,,https://airtable.com/shr5t1qyPKytJvVBY?prefill_fldziB6bVRltNvUis=rec8X82a3jxMO1491,1992,김하은,PT4756-마그넷케이블홀더_화이트,,신시어리,,,Product Parts,
SSU001993,,PT4757-마그넷케이블홀더_블랙,판매가능,김하은,금일 중 재입고 예정으로 판매 재개합니다!,아이콘 케이블홀더 세트,MGNC,2026.1.26 10:37오전,,2026.1.26,2026.9.3,recQiCcOH05b9yEAq,recQiCcOH05b9yEAq,https://airtable.com/shr5t1qyPKytJvVBY?prefill_fldziB6bVRltNvUis=recQiCcOH05b9yEAq,1993,김하은,PT4757-마그넷케이블홀더_블랙,,신시어리,,,Product Parts,
SSU001994,,PT4657-베이직무선충전마우스패드_블랙,판매가능,김하은,차주 월요일 중 재입고 예정으로 판매 재개 먼저 진행합니다 :),베이직 무선충전 마우스패드,BMMP,2026.1.26 1:23오후,2026.8.25 4:15오후,2026.1.26,2026.8.24,reca7LaDo6FGCh2Jj,,https://airtable.com/shr5t1qyPKytJvVBY?prefill_fldziB6bVRltNvUis=reca7LaDo6FGCh2Jj,1994,김하은,PT4657-베이직무선충전마우스패드_블랙,,협력사,,,Product Parts,
SSU001995,,PT4716-밸류메모큐브(ver2)(점착.S),판매가능,김하은,금일 중 재입고 예정으로 판매 재개합니다!,밸류 메모큐브,VMCB,2026.1.28 10:52오전,,2026.1.28,2026.9.3,recdZ41CF2cfqOr2n,recdZ41CF2cfqOr2n,https://airtable.com/shr5t1qyPKytJvVBY?prefill_fldziB6bVRltNvUis=recdZ41CF2cfqOr2n,1995,김하은,PT4716-밸류메모큐브(ver2)(점착.S),,신시어리,,,Product Parts,
SSU001996,,PT0501-미르텀블러_화이트,일시품절,육승미,"협력사 재고 소진으로 인한 일시 품절입니다. (재입고 예정일: 3월 초)
블랙은 재고 2,000개 보유 중입니다.",MiiR 텀블러,MIRT,2026.1.28 11:37오전,2026.2.27 11:43오전,2026.1.28,2026.2.26,recFoI68WKxoEUJUj,,https://airtable.com/shr5t1qyPKytJvVBY?prefill_fldziB6bVRltNvUis=recFoI68WKxoEUJUj,1996,육승미,PT0501-미르텀블러_화이트,,신시어리,,,Product Parts,
SSU001997,checked,PT5178-쇼핑백(S)_블랙,판매가능,김하은,최초 등록,"블랙쇼핑백, 아너 월넛 트로피, 모뉴먼트 블랙 트로피","BSPB, MNBT",2026.1.28 2:16오후,,2026.1.28,2026.9.3,recykkRKKuIrWZppn,recykkRKKuIrWZppn,https://airtable.com/shr5t1qyPKytJvVBY?prefill_fldziB6bVRltNvUis=recykkRKKuIrWZppn,1997,김하은,PT5178-쇼핑백(S)_블랙,,신시어리,,,Package Parts,
SSU001998,checked,PT5179-쇼핑백(M)_블랙,판매가능,김하은,최초 등록,"블랙쇼핑백, 모뉴먼트 블랙 트로피, 아너 월넛 트로피","BSPB, MNBT",2026.1.28 2:16오후,,2026.1.28,2026.9.3,recV6R922hyjNdHZg,recV6R922hyjNdHZg,https://airtable.com/shr5t1qyPKytJvVBY?prefill_fldziB6bVRltNvUis=recV6R922hyjNdHZg,1998,김하은,PT5179-쇼핑백(M)_블랙,,신시어리,,,Package Parts,
SSU001999,checked,PT5180-쇼핑백(L)_블랙,판매가능,김하은,최초 등록,블랙쇼핑백,BSPB,2026.1.28 2:17오후,,2026.1.28,2026.9.3,recO8eij1XuvnmqD5,recO8eij1XuvnmqD5,https://airtable.com/shr5t1qyPKytJvVBY?prefill_fldziB6bVRltNvUis=recO8eij1XuvnmqD5,1999,김하은,PT5180-쇼핑백(L)_블랙,,신시어리,,,Package Parts,
SSU002000,,PT4696-킵세이프마그넷배터리2.0,일시품절,김하은,디퀘 예정인 건으로 재고 소진되었습니다!,킵세이프 마그넷 배터리 Slim,KSMB,2026.1.29 11:05오전,2026.2.19 11:52오전,2026.1.29,2026.2.18,recPmfR02B6XZ57rJ,,https://airtable.com/shr5t1qyPKytJvVBY?prefill_fldziB6bVRltNvUis=recPmfR02B6XZ57rJ,2000,김하은,PT4696-킵세이프마그넷배터리2.0,,신시어리,,,Product Parts,
SSU002001,,PT2472-트리플컬러펜_블랙,일시품절,김하은,체크파이널 인입건으로 재고소진. 2/20 재입고 예상,트리플 컬러펜 | JETSTREAM,TRPC,2026.1.29 2:13오후,2026.2.20 9:56오전,2026.1.29,2026.2.19,recjcx6kutPmDEJrd,,https://airtable.com/shr5t1qyPKytJvVBY?prefill_fldziB6bVRltNvUis=recjcx6kutPmDEJrd,2001,김하은,PT2472-트리플컬러펜_블랙,,신시어리,,,Product Parts,
SSU002002,,PT4093-프라임폴더블멀티충전기_다크그레이,일시품절,김하은,3월 말 재입고 예정입니다!,프라임 폴더블 멀티충전기,PRMF,2026.1.29 3:01오후,2026.2.3 2:48오후,2026.1.29,2026.2.2,rec1oBK4OgXwxoY4F,,https://airtable.com/shr5t1qyPKytJvVBY?prefill_fldziB6bVRltNvUis=rec1oBK4OgXwxoY4F,2002,김하은,PT4093-프라임폴더블멀티충전기_다크그레이,,신시어리,,,Product Parts,
SSU002003,,,일시품절,김하은,진행 확정인 건으로 재고 소진되었으며 리뉴얼 후 판매 재개 예정입니다.,,,2026.1.29 4:34오후,2026.2.10 11:38오전,2026.1.29,2026.2.9,,,https://airtable.com/shr5t1qyPKytJvVBY?prefill_fldziB6bVRltNvUis=,2003,김하은,,,,,,,
SSU002004,,PT2228-브랜디드노트북백_블랙,일시품절,김하은,"제작 확정인 건으로 재고 소진되었으며, 4월 중 재입고 예상됩니다!",브랜디드 노트북백,BRDD,2026.1.29 5:26오후,2026.3.16 10:07오전,2026.1.29,2026.3.15,recHi0kLkGW3jImGB,,https://airtable.com/shr5t1qyPKytJvVBY?prefill_fldziB6bVRltNvUis=recHi0kLkGW3jImGB,2004,김하은,PT2228-브랜디드노트북백_블랙,,신시어리,,,Product Parts,
SSU002005,,PT4882-시그니처다이어리(2합)_블랙,품절예정,김하은,"재고 효율성을 고려하여 블랙 다이어리는 슬로건/레더스킨 2종으로만 운영하며, 추가 생산 계획이 미정이어서 품절 예정으로 공지드립니다. (현 재고 약 300개)",시그니처 다이어리,SGND,2026.1.30 9:55오전,2026.4.3 5:39오후,2026.1.30,2026.4.2,recSmAuq9mBaXOOU9,,https://airtable.com/shr5t1qyPKytJvVBY?prefill_fldziB6bVRltNvUis=recSmAuq9mBaXOOU9,2005,김하은,PT4882-시그니처다이어리(2합)_블랙,의도적,신시어리,,,Product Parts,
SSU002006,,PT1779-골프공(타이틀리스트프로V1),판매가능,김하은,"신시어리 재고로 1,200구 확보하여 판매 재개합니다 (2/6 재입고 예정)","프레젠트 골프공 3구, 에디션 골프공 & 볼마커 6구 세트","PSGB, EDGB",2026.2.2 3:02오후,,2026.2.2,2026.9.3,recxX7s4YC82Xb4xc,recxX7s4YC82Xb4xc,https://airtable.com/shr5t1qyPKytJvVBY?prefill_fldziB6bVRltNvUis=recxX7s4YC82Xb4xc,2006,김하은,PT1779-골프공(타이틀리스트프로V1),,신시어리,,,Product Parts,
SSU002007,,PT1201-스펙트럼컬러펜(블랙잉크)_블랙,판매가능,김하은,"4,000개 수~목 중 재입고 예정으로 판매 재개합니다",스펙트럼 컬러펜,SPCP,2026.2.3 11:16오전,,2026.2.3,2026.9.3,recgA7U5C3Y1CO0ks,recgA7U5C3Y1CO0ks,https://airtable.com/shr5t1qyPKytJvVBY?prefill_fldziB6bVRltNvUis=recgA7U5C3Y1CO0ks,2007,김하은,PT1201-스펙트럼컬러펜(블랙잉크)_블랙,,신시어리,,,Product Parts,
SSU002008,,PT2741-슈가케인텀블러(360ml)_크림,판매가능,김하은,차주 월요일 재입고 예정으로 판매 재개합니다! (스트로우는 재입고 X),슈가케인 텀블러,SGCN,2026.2.3 12:08오후,,2026.2.3,2026.9.3,recPwl2PFVXoLcMF5,recPwl2PFVXoLcMF5,https://airtable.com/shr5t1qyPKytJvVBY?prefill_fldziB6bVRltNvUis=recPwl2PFVXoLcMF5,2008,김하은,PT2741-슈가케인텀블러(360ml)_크림,,신시어리,,,Product Parts,
SSU002009,,PT2742-슈가케인스트로우_크림,품절예정,김하은,현재고 약 200개 소진 후 졸업 예정 (협력사 단종),슈가케인 텀블러,SGCN,2026.2.3 12:13오후,,2026.2.3,2026.9.3,recy1ODK8IjBvEGMQ,recy1ODK8IjBvEGMQ,https://airtable.com/shr5t1qyPKytJvVBY?prefill_fldziB6bVRltNvUis=recy1ODK8IjBvEGMQ,2009,김하은,PT2742-슈가케인스트로우_크림,졸업확정,신시어리,의도적품절,의도적_졸업예정,Product Parts,
SSU002010,,PT0878-매트블랙텀블러_블랙,일시품절,김하은,응대중인 건으로 재고소진 예상되어 일시 품절합니다.,매트블랙 텀블러,MTTB,2026.2.3 2:21오후,2026.2.13 4:18오후,2026.2.3,2026.2.12,recRyhJ0229U5Dn9C,,https://airtable.com/shr5t1qyPKytJvVBY?prefill_fldziB6bVRltNvUis=recRyhJ0229U5Dn9C,2010,김하은,PT0878-매트블랙텀블러_블랙,,신시어리,,,Product Parts,
SSU002011,,PT4093-프라임폴더블멀티충전기_다크그레이,품절예정,김하은,재고 예약건 취소되어 판매 재개합니다. (재고 약 70개 사용 가능하여 품절 예정으로 공지),프라임 폴더블 멀티충전기,PRMF,2026.2.3 2:48오후,2026.2.26 3:30오후,2026.2.3,2026.2.25,rec1oBK4OgXwxoY4F,,https://airtable.com/shr5t1qyPKytJvVBY?prefill_fldziB6bVRltNvUis=rec1oBK4OgXwxoY4F,2011,김하은,PT4093-프라임폴더블멀티충전기_다크그레이,3월 말 재입고,신시어리,,,Product Parts,
SSU002012,,,일시품절,김하은,"진행 예정인 건으로 신시어리 재고 소진 (다만, 협력사 측에서 여유분으로 추가 생산해둔 수량이 소량 남아있다고 하여, 리뉴얼 완료 전 제작이 필요한 건이 있을 경우 진행 가능 여부 확인 부탁드립니다)",,,2026.2.4 3:15오후,2026.2.5 11:54오전,2026.2.4,2026.2.4,,,https://airtable.com/shr5t1qyPKytJvVBY?prefill_fldziB6bVRltNvUis=,2012,김하은,,,,,,,
SSU002013,,,품절예정,김하은,협력사 재고로 250개 정도 남아있어 품절 예정으로 변경하고 판매 재개합니다.,,,2026.2.5 11:54오전,2026.3.10 10:48오전,2026.2.5,2026.3.9,,,https://airtable.com/shr5t1qyPKytJvVBY?prefill_fldziB6bVRltNvUis=,2013,김하은,,졸업공지 필요(리뉴얼 완료),,,,,
SSU002014,,PT1239-슬로건다이어리_블랙,판매가능,김하은,2/12 재입고 예정으로 사전 판매 재개합니다!,슬로건 다이어리,SLGN,2026.2.5 3:11오후,2026.8.12 4:55오후,2026.2.5,2026.8.11,recwEwAaCd1CXCxD1,,https://airtable.com/shr5t1qyPKytJvVBY?prefill_fldziB6bVRltNvUis=recwEwAaCd1CXCxD1,2014,김하은,PT1239-슬로건다이어리_블랙,,신시어리,,,Product Parts,
SSU002015,,,판매가능,육승미,"협력사 재고 400개 확인되어 판매 재개합니다. 소량이라 재고 확인 후 진행 부탁드립니다.
(재입고 일정 확인 후 MRP 업데이트 예정)",,,2026.2.6 1:50오후,2026.3.26 5:42오후,2026.2.6,2026.3.25,,,https://airtable.com/shr5t1qyPKytJvVBY?prefill_fldziB6bVRltNvUis=,2015,육승미,,,,,,,
SSU002016,,,판매가능,육승미,협력사 재고 1000개 확인되어 판매 재개합니다.,,,2026.2.6 1:51오후,2026.4.24 4:53오후,2026.2.6,2026.4.23,,,https://airtable.com/shr5t1qyPKytJvVBY?prefill_fldziB6bVRltNvUis=,2016,육승미,,,,,,,
SSU002017,,PT4708-3단자동우산_블랙,일시품절,김하은,대량건 진행 예정으로 재고 한번에 소진되어 일시품절 공지드립니다 (재입고일정 추후 공유 예정),어드벤스 3단 자동우산,,2026.2.6 3:05오후,2026.4.14 10:05오전,2026.2.6,2026.4.13,recBBgq1MuSmMgbN3,,https://airtable.com/shr5t1qyPKytJvVBY?prefill_fldziB6bVRltNvUis=recBBgq1MuSmMgbN3,2017,김하은,PT4708-3단자동우산_블랙,발주 필요,신시어리,,,Product Parts,
SSU002018,,PT4710-브릭스탠드멀티충전스테이션_화이트,판매가능,김민지,2/12 재입고 예정으로 사전 판매 재개합니다 :),브릭스탠드 멀티충전기,BSMC,2026.2.9 10:27오전,2026.3.11 2:06오후,2026.2.9,2026.3.10,recOEBHkwU1GJWNch,,https://airtable.com/shr5t1qyPKytJvVBY?prefill_fldziB6bVRltNvUis=recOEBHkwU1GJWNch,2018,김민지,PT4710-브릭스탠드멀티충전스테이션_화이트,,신시어리,,,Product Parts,
SSU002019,,PT1513-미니가든피규어세트(용신목),판매가능,김하은,설 연휴 이후(2/19) 부터 발주 가능하여 사전 판매 재개합니다!,미니가든 피규어 세트,ISGK,2026.2.9 2:18오후,,2026.2.9,2026.9.3,recWj6OwQH1wZY40s,recWj6OwQH1wZY40s,https://airtable.com/shr5t1qyPKytJvVBY?prefill_fldziB6bVRltNvUis=recWj6OwQH1wZY40s,2019,김하은,PT1513-미니가든피규어세트(용신목),,협력사,,,Product Parts,
SSU002020,,PT1516-미니가든피규어세트(괴마옥),판매가능,김하은,설 연휴 이후(2/19) 부터 발주 가능하여 사전 판매 재개합니다!,미니가든 피규어 세트,ISGK,2026.2.9 2:18오후,,2026.2.9,2026.9.3,rec078denQY9WPeql,rec078denQY9WPeql,https://airtable.com/shr5t1qyPKytJvVBY?prefill_fldziB6bVRltNvUis=rec078denQY9WPeql,2020,김하은,PT1516-미니가든피규어세트(괴마옥),,협력사,,,Product Parts,
SSU002021,,PT3267-모먼트일회용카메라_본품,판매가능,김민지,제품 공급이 원활해져 품절해지 합니다. (현 재고 1000개),모먼트 일회용 카메라,FCAM,2026.2.9 4:07오후,,2026.2.9,2026.9.3,recVvQIFXPRcwYsoz,recVvQIFXPRcwYsoz,https://airtable.com/shr5t1qyPKytJvVBY?prefill_fldziB6bVRltNvUis=recVvQIFXPRcwYsoz,2021,김민지,PT3267-모먼트일회용카메라_본품,,협력사,,,Product Parts,
SSU002022,,,품절예정,김민지,현재 남은 재고 50개 1건 판매 후 졸업 예정입니다.,,,2026.2.9 4:08오후,2026.3.23 10:19오전,2026.2.9,2026.3.22,,,https://airtable.com/shr5t1qyPKytJvVBY?prefill_fldziB6bVRltNvUis=,2022,김민지,,졸업확정,,,,,
SSU002023,,,품절예정,김민지,현재 남은 재고 50개 1건 판매 후 졸업 예정입니다.,,,2026.2.9 4:08오후,2026.3.23 10:19오전,2026.2.9,2026.3.22,,,https://airtable.com/shr5t1qyPKytJvVBY?prefill_fldziB6bVRltNvUis=,2023,김민지,,졸업확정,,,,,
SSU002024,,PT3200-캐리미와인잔(컵부분),판매가능,김민지,인쇄 퀄리티 개선되어 품절해지 합니다.,"Carry me 와인잔, 셀렉티브 전동오프너&와인잔 세트","CMWG, WWST",2026.2.9 4:09오후,,2026.2.9,2026.9.3,recypLtI59ROrBLwz,recypLtI59ROrBLwz,https://airtable.com/shr5t1qyPKytJvVBY?prefill_fldziB6bVRltNvUis=recypLtI59ROrBLwz,2024,김민지,PT3200-캐리미와인잔(컵부분),,신시어리,,,Product Parts,
SSU002025,,PT3268-모먼트일회용카메라_커버,판매가능,김민지,제품 공급이 원활해져 품절해지 합니다.,모먼트 일회용 카메라,FCAM,2026.2.9 4:15오후,,2026.2.9,2026.9.3,recy9UYrZdSeBih2y,recy9UYrZdSeBih2y,https://airtable.com/shr5t1qyPKytJvVBY?prefill_fldziB6bVRltNvUis=recy9UYrZdSeBih2y,2025,김민지,PT3268-모먼트일회용카메라_커버,,생산,,,Product Parts,
SSU002026,,PT1197-스펙트럼컬러펜(블랙잉크)_화이트,판매가능,김하은,내일 재입고 예정으로 판매 재개합니다.,스펙트럼 컬러펜,SPCP,2026.2.9 4:49오후,,2026.2.9,2026.9.3,recTiKzzGrAWA7L9o,recTiKzzGrAWA7L9o,https://airtable.com/shr5t1qyPKytJvVBY?prefill_fldziB6bVRltNvUis=recTiKzzGrAWA7L9o,2026,김하은,PT1197-스펙트럼컬러펜(블랙잉크)_화이트,,신시어리,,,Product Parts,
SSU002027,,PT1464-올블랙펜_매트블랙,품절예정,김하은,중국 본사 생산 일정 지연으로 재입고 일정 미정입니다. 현재 판매 가능 재고 약 400개 입니다.,올 블랙 펜,ALBP,2026.2.9 5:16오후,2026.3.5 3:34오후,2026.2.9,2026.3.4,recdZIETtzg8v1aj8,,https://airtable.com/shr5t1qyPKytJvVBY?prefill_fldziB6bVRltNvUis=recdZIETtzg8v1aj8,2027,김하은,PT1464-올블랙펜_매트블랙,5월 말 재입고 예상,협력사,,,Product Parts,
SSU002028,,PT1223-스펙트럼컬러펜(블랙잉크)_오렌지,판매가능,김하은,협력사 재고 재입고 완료,스펙트럼 컬러펜,SPCP,2026.2.10 10:47오전,,2026.2.10,2026.9.3,recVV2xB5vl3efEgB,recVV2xB5vl3efEgB,https://airtable.com/shr5t1qyPKytJvVBY?prefill_fldziB6bVRltNvUis=recVV2xB5vl3efEgB,2028,김하은,PT1223-스펙트럼컬러펜(블랙잉크)_오렌지,,협력사,,,Product Parts,
SSU002029,,PT1200-스펙트럼컬러펜(컬러잉크)_다크네이비,일시품절,김하은,협력사 재고 품절 (5월 이후 재입고 예상),스펙트럼 컬러펜,SPCP,2026.2.10 10:48오전,2026.3.23 3:10오후,2026.2.10,2026.3.22,reco3fXNhxhapSegS,,https://airtable.com/shr5t1qyPKytJvVBY?prefill_fldziB6bVRltNvUis=reco3fXNhxhapSegS,2029,김하은,PT1200-스펙트럼컬러펜(컬러잉크)_다크네이비,,협력사,,,Product Parts,
SSU002030,,PT1217-스펙트럼컬러펜(컬러잉크)_리프그린,일시품절,김하은,협력사 재고 품절 (5월 이후 재입고 예상),스펙트럼 컬러펜,SPCP,2026.2.10 10:49오전,2026.3.23 3:11오후,2026.2.10,2026.3.22,rec11LbSlmK50OMIt,,https://airtable.com/shr5t1qyPKytJvVBY?prefill_fldziB6bVRltNvUis=rec11LbSlmK50OMIt,2030,김하은,PT1217-스펙트럼컬러펜(컬러잉크)_리프그린,,협력사,,,Product Parts,
SSU002031,,PT1199-스펙트럼컬러펜(컬러잉크)_레드,일시품절,김하은,협력사 재고 품절 (5월 이후 재입고 예상),스펙트럼 컬러펜,SPCP,2026.2.10 10:49오전,2026.3.23 3:10오후,2026.2.10,2026.3.22,recj2NSG843k3wkwe,,https://airtable.com/shr5t1qyPKytJvVBY?prefill_fldziB6bVRltNvUis=recj2NSG843k3wkwe,2031,김하은,PT1199-스펙트럼컬러펜(컬러잉크)_레드,,협력사,,,Product Parts,
SSU002032,,,제품 철수(졸업),김민정,"모바일오피스파우치 제품 철수(졸업)입니다.
3월 중으로 대체품 출시 예정입니다.",,,2026.2.10 11:38오전,,2026.2.10,2026.9.3,,recg8tvWZvCazLlKm,https://airtable.com/shr5t1qyPKytJvVBY?prefill_fldziB6bVRltNvUis=,2032,김민정,,,,,,,
SSU002033,,,제품 철수(졸업),김민정,어썸그립 제품 철수(졸업)입니다.,,,2026.2.10 11:53오전,,2026.2.10,2026.9.3,,rec4YDFI8hp96Vxfw,https://airtable.com/shr5t1qyPKytJvVBY?prefill_fldziB6bVRltNvUis=,2033,김민정,,,,,,,
SSU002034,checked,,제품 철수(졸업),김민정,어썸그립 제품 철수(졸업)입니다.,,,2026.2.10 11:53오전,,2026.2.10,2026.9.3,,rec9oafxlFY1bkIre,https://airtable.com/shr5t1qyPKytJvVBY?prefill_fldziB6bVRltNvUis=,2034,김민정,,,,,,,
SSU002035,checked,,제품 철수(졸업),김민정,어썸그립 제품 철수(졸업)입니다.,,,2026.2.10 11:54오전,,2026.2.10,2026.9.3,,recK00NlQSv2I7cCC,https://airtable.com/shr5t1qyPKytJvVBY?prefill_fldziB6bVRltNvUis=,2035,김민정,,,,,,,
SSU002036,,PT0721-내추럴노트_내지(만년)_화이트+블랙인쇄,품절예정,김민정,"내추럴노트 내지는 1종으로 운영 예정으로,
만년내지는 현재고(300개) 소진 후 단종입니다.",내추럴 노트,NTRN,2026.2.11 10:59오전,,2026.2.11,2026.9.3,recSLt7Rs5FX59ukr,recSLt7Rs5FX59ukr,https://airtable.com/shr5t1qyPKytJvVBY?prefill_fldziB6bVRltNvUis=recSLt7Rs5FX59ukr,2036,김민정,PT0721-내추럴노트_내지(만년)_화이트+블랙인쇄,졸업확정,신시어리,의도적품절,의도적_졸업예정,Product Parts,
SSU002037,,PT4729-커넥트6in1케이블키트_본품,품절예정,김하은,재고 약 800개 남아있습니다. 소진 속도가 빨라 품절 예정 공지드립니다 (4월 초 재입고 예상),커넥트 6in1 케이블키트,CCKT,2026.2.12 2:56오후,2026.3.3 2:55오후,2026.2.12,2026.3.2,recRURO1zNSUQS3P6,,https://airtable.com/shr5t1qyPKytJvVBY?prefill_fldziB6bVRltNvUis=recRURO1zNSUQS3P6,2037,김하은,PT4729-커넥트6in1케이블키트_본품,발주 필요,신시어리,,,Product Parts,
SSU002038,,PT0833-레더스킨다이어리_블랙,일시품절,김하은,대량건으로 재고 일시 소진 (현재 생산 진행 중이며 3/6 재입고 예정입니다),레더스킨 다이어리,LSKD,2026.2.12 4:26오후,2026.3.3 9:46오전,2026.2.12,2026.3.2,recUFmvu3f10hWB6R,,https://airtable.com/shr5t1qyPKytJvVBY?prefill_fldziB6bVRltNvUis=recUFmvu3f10hWB6R,2038,김하은,PT0833-레더스킨다이어리_블랙,,신시어리,,,Product Parts,
SSU002039,,PT0878-매트블랙텀블러_블랙,판매가능,육승미,2/27 재고 3000개 입고 예정으로 판매 재개합니다,매트블랙 텀블러,MTTB,2026.2.13 4:18오후,,2026.2.13,2026.9.3,recRyhJ0229U5Dn9C,recRyhJ0229U5Dn9C,https://airtable.com/shr5t1qyPKytJvVBY?prefill_fldziB6bVRltNvUis=recRyhJ0229U5Dn9C,2039,육승미,PT0878-매트블랙텀블러_블랙,,신시어리,,,Product Parts,
SSU002040,,PT4696-킵세이프마그넷배터리2.0,판매가능,김하은,차주 초 내 재입고 예정으로 사전 판매 재개합니다,킵세이프 마그넷 배터리 Slim,KSMB,2026.2.19 11:52오전,,2026.2.19,2026.9.3,recPmfR02B6XZ57rJ,recPmfR02B6XZ57rJ,https://airtable.com/shr5t1qyPKytJvVBY?prefill_fldziB6bVRltNvUis=recPmfR02B6XZ57rJ,2040,김하은,PT4696-킵세이프마그넷배터리2.0,,신시어리,,,Product Parts,
SSU002041,,,제품 철수(졸업),김민정,오토매틱와인오프너 제품 철수(졸업) 입니다.,,,2026.2.19 2:12오후,,2026.2.19,2026.9.3,,recNpGYIIIal6vW3e,https://airtable.com/shr5t1qyPKytJvVBY?prefill_fldziB6bVRltNvUis=,2041,김민정,,,,,,,
SSU002042,,PT2472-트리플컬러펜_블랙,판매가능,김하은,차주 수요일 재입고 예정으로 사전 판매 재개합니다.,트리플 컬러펜 | JETSTREAM,TRPC,2026.2.20 9:56오전,,2026.2.20,2026.9.3,recjcx6kutPmDEJrd,recjcx6kutPmDEJrd,https://airtable.com/shr5t1qyPKytJvVBY?prefill_fldziB6bVRltNvUis=recjcx6kutPmDEJrd,2042,김하은,PT2472-트리플컬러펜_블랙,,신시어리,,,Product Parts,
SSU002043,,,품절예정,,,,,2026.2.20 2:28오후,,2026.2.20,2026.9.3,,,https://airtable.com/shr5t1qyPKytJvVBY?prefill_fldziB6bVRltNvUis=,2043,,,,,,,,
SSU002044,,,,이난영,,,,2026.2.20 2:32오후,,2026.2.20,2026.9.3,,,https://airtable.com/shr5t1qyPKytJvVBY?prefill_fldziB6bVRltNvUis=,2044,이난영,,,,,,,
SSU002045,,PT1236-슬로건다이어리_그레이,판매가능,육승미,"2/23(월) 재고 3,000개 입고 예정으로 판매 재개합니다.",슬로건 다이어리,SLGN,2026.2.20 3:50오후,,2026.2.20,2026.9.3,recuLKG9FYarPEjVt,recuLKG9FYarPEjVt,https://airtable.com/shr5t1qyPKytJvVBY?prefill_fldziB6bVRltNvUis=recuLKG9FYarPEjVt,2045,육승미,PT1236-슬로건다이어리_그레이,,신시어리,,,Product Parts,
SSU002046,,,일시품절,김하은,"진행 예정인 건으로 재고 소진, 재입고 일정 확인 후 공유 예정입니다!",,,2026.2.23 2:08오후,2026.3.23 4:35오후,2026.2.23,2026.3.22,,,https://airtable.com/shr5t1qyPKytJvVBY?prefill_fldziB6bVRltNvUis=,2046,김하은,,,,,,,
SSU002047,checked,PT5195-브릭스탠드블록세트(2.0)_블랙,판매가능,김하은,최초 등록,브릭 메모&캘린더 스탠드2.0,BMVS,2026.2.23 6:05오후,,2026.2.23,2026.9.3,recGQVbXbCjBSh9rB,recGQVbXbCjBSh9rB,https://airtable.com/shr5t1qyPKytJvVBY?prefill_fldziB6bVRltNvUis=recGQVbXbCjBSh9rB,2047,김하은,PT5195-브릭스탠드블록세트(2.0)_블랙,,협력사,,,Product Parts,
SSU002048,checked,PT5196-브릭스탠드블록세트(2.0)_화이트,판매가능,김하은,최초 등록,브릭 메모&캘린더 스탠드2.0,BMVS,2026.2.23 6:06오후,,2026.2.23,2026.9.3,reck9GarTGc5HC4c4,reck9GarTGc5HC4c4,https://airtable.com/shr5t1qyPKytJvVBY?prefill_fldziB6bVRltNvUis=reck9GarTGc5HC4c4,2048,김하은,PT5196-브릭스탠드블록세트(2.0)_화이트,,협력사,,,Product Parts,
SSU002049,checked,PT5197-브릭스탠드블록세트(2.0)_레드,판매가능,김하은,최초 등록,브릭 메모&캘린더 스탠드2.0,BMVS,2026.2.23 6:06오후,,2026.2.23,2026.9.3,recHw8HOQKQNtOgin,recHw8HOQKQNtOgin,https://airtable.com/shr5t1qyPKytJvVBY?prefill_fldziB6bVRltNvUis=recHw8HOQKQNtOgin,2049,김하은,PT5197-브릭스탠드블록세트(2.0)_레드,,협력사,,,Product Parts,
SSU002050,checked,PT5198-브릭스탠드블록세트(2.0)_옐로우,판매가능,김하은,최초 등록,브릭 메모&캘린더 스탠드2.0,BMVS,2026.2.23 6:06오후,,2026.2.23,2026.9.3,recktpdRPlXg1NPl1,recktpdRPlXg1NPl1,https://airtable.com/shr5t1qyPKytJvVBY?prefill_fldziB6bVRltNvUis=recktpdRPlXg1NPl1,2050,김하은,PT5198-브릭스탠드블록세트(2.0)_옐로우,,협력사,,,Product Parts,
SSU002051,checked,PT5199-브릭스탠드블록세트(2.0)_그린,판매가능,김하은,최초 등록,브릭 메모&캘린더 스탠드2.0,BMVS,2026.2.23 6:06오후,,2026.2.23,2026.9.3,recK2pB6NdGAtZkYK,recK2pB6NdGAtZkYK,https://airtable.com/shr5t1qyPKytJvVBY?prefill_fldziB6bVRltNvUis=recK2pB6NdGAtZkYK,2051,김하은,PT5199-브릭스탠드블록세트(2.0)_그린,,협력사,,,Product Parts,
SSU002052,checked,PT5200-브릭스탠드블록세트(2.0)_블루,판매가능,김하은,최초 등록,브릭 메모&캘린더 스탠드2.0,BMVS,2026.2.23 6:07오후,,2026.2.23,2026.9.3,rec02Vq7iYRrIibYR,rec02Vq7iYRrIibYR,https://airtable.com/shr5t1qyPKytJvVBY?prefill_fldziB6bVRltNvUis=rec02Vq7iYRrIibYR,2052,김하은,PT5200-브릭스탠드블록세트(2.0)_블루,,협력사,,,Product Parts,
SSU002053,,PT5192-웜업스트링후드집업(v2)_멜란지그레이,판매가능,김민지,"3XL 사이즈 품절 3월 말 입고 예정이며 다른 사이즈들은 모두 판매 가능합니다.

2/24 오전11:30 기준
그레이
S : 70
M : 310
L : 530
XL : 430
2XL : 130
3XL : 0
4XL : 80",웜업 스트링 후드집업,WZIP,2026.2.24 11:37오전,,2026.2.24,2026.9.3,recLaR7TCwDfcG7FR,recLaR7TCwDfcG7FR,https://airtable.com/shr5t1qyPKytJvVBY?prefill_fldziB6bVRltNvUis=recLaR7TCwDfcG7FR,2053,김민지,PT5192-웜업스트링후드집업(v2)_멜란지그레이,,협력사,,,Product Parts,
SSU002054,checked,PT3408-웜업스트링후드집업(3L초과사이즈),판매가능,김민지,"그레이컬러 3XL 사이즈 제외한 모든 사이즈 재입고 완료 되었습니다. 

2/24 오전11:30 기준
그레이
S : 70
M : 310
L : 530
XL : 430
2XL : 130
3XL : 0
4XL : 80


네이비
S : 240
M : 240
L : 200
XL : 300
2XL : 380
3XL : 290
4XL : 240


블랙
S : 360
M : 620
L : 630
XL : 1070
2XL : 1090
3XL : 640
4XL : 280",웜업 스트링 후드집업,WZIP,2026.2.24 11:38오전,,2026.2.24,2026.9.3,recNKcAK0VXrz1l1g,recNKcAK0VXrz1l1g,https://airtable.com/shr5t1qyPKytJvVBY?prefill_fldziB6bVRltNvUis=recNKcAK0VXrz1l1g,2054,김민지,PT3408-웜업스트링후드집업(3L초과사이즈),,협력사,,,Product Parts,
SSU002055,,PT4736-월드와이드멀티어댑터_블랙,품절예정,김하은,협력사 재고 300개 남아있으며 재입고 일정 미정 (협력사 측 판매량 부진으로 재입고 지연 중이나 단종은 아님),월드와이드 멀티어댑터,WWMA,2026.2.25 4:01오후,2026.4.27 3:48오후,2026.2.25,2026.4.26,rec5uSRIBFZ9hx77L,,https://airtable.com/shr5t1qyPKytJvVBY?prefill_fldziB6bVRltNvUis=rec5uSRIBFZ9hx77L,2055,김하은,PT4736-월드와이드멀티어댑터_블랙,,협력사,,,Product Parts,
SSU002056,,,품절예정,김하은,"사용 가능 재고 약 180개 남아있으며, 3월 말 재입고 예상 (직소싱으로 전환하여 생산 중)",,,2026.2.26 2:49오후,2026.3.24 10:02오전,2026.2.26,2026.3.23,,,https://airtable.com/shr5t1qyPKytJvVBY?prefill_fldziB6bVRltNvUis=,2056,김하은,,,,,,,
SSU002057,,PT4093-프라임폴더블멀티충전기_다크그레이,일시품절,김하은,진행 확정인 건으로 재고 소진 (3/27 재입고 예정),프라임 폴더블 멀티충전기,PRMF,2026.2.26 3:30오후,2026.3.24 9:20오전,2026.2.26,2026.3.23,rec1oBK4OgXwxoY4F,,https://airtable.com/shr5t1qyPKytJvVBY?prefill_fldziB6bVRltNvUis=rec1oBK4OgXwxoY4F,2057,김하은,PT4093-프라임폴더블멀티충전기_다크그레이,,신시어리,,,Product Parts,
SSU002058,,PT0501-미르텀블러_화이트,판매가능,육승미,"화이트 12oz 재고 1,000개 입고되어 판매 재개합니다",MiiR 텀블러,MIRT,2026.2.27 11:43오전,,2026.2.27,2026.9.3,recFoI68WKxoEUJUj,recFoI68WKxoEUJUj,https://airtable.com/shr5t1qyPKytJvVBY?prefill_fldziB6bVRltNvUis=recFoI68WKxoEUJUj,2058,육승미,PT0501-미르텀블러_화이트,,신시어리,,,Product Parts,
SSU002059,,PT0833-레더스킨다이어리_블랙,판매가능,김민지,3/4 오후중으로 재고 생산완료 예정으로 판매재개 합니다.,레더스킨 다이어리,LSKD,2026.3.3 9:46오전,2026.8.14 2:30오후,2026.3.3,2026.8.13,recUFmvu3f10hWB6R,,https://airtable.com/shr5t1qyPKytJvVBY?prefill_fldziB6bVRltNvUis=recUFmvu3f10hWB6R,2059,김민지,PT0833-레더스킨다이어리_블랙,,신시어리,,,Product Parts,
SSU002060,,PT4729-커넥트6in1케이블키트_본품,일시품절,김하은,진행 예정인 건으로 잔여 재고 소진되었으며 4월 초 재입고 예정입니다!,커넥트 6in1 케이블키트,CCKT,2026.3.3 2:55오후,2026.3.31 8:55오전,2026.3.3,2026.3.30,recRURO1zNSUQS3P6,,https://airtable.com/shr5t1qyPKytJvVBY?prefill_fldziB6bVRltNvUis=recRURO1zNSUQS3P6,2060,김하은,PT4729-커넥트6in1케이블키트_본품,,신시어리,,,Product Parts,
SSU002061,checked,,제품 철수(졸업),김민정,디지탈준 > 위즈프로로 변경되어 파츠 졸업처리,,,2026.3.3 3:36오후,,2026.3.3,2026.9.3,,recfGp4wFN4kLfAyr,https://airtable.com/shr5t1qyPKytJvVBY?prefill_fldziB6bVRltNvUis=,2061,김민정,,,,,,,
SSU002062,,PT2773-리틀빅리유저블컵_아이보리,판매가능,김민지,"재입고 일정 3/6 금요일 (1만개) 입고 일정 확정되어 판매가능으로 변경합니다.
재입고 일정 기준으로 고객 응대 부탁드립니다.",리틀빅 리유저블컵,LTBR,2026.3.3 5:13오후,2026.8.25 10:40오전,2026.3.3,2026.8.24,rec1pNuRl6yxvk8TT,,https://airtable.com/shr5t1qyPKytJvVBY?prefill_fldziB6bVRltNvUis=rec1pNuRl6yxvk8TT,2062,김민지,PT2773-리틀빅리유저블컵_아이보리,,협력사,,,Product Parts,
SSU002063,,PT1464-올블랙펜_매트블랙,일시품절,김하은,체크파이널 인입건으로 잔여재고 소진되었습니다.  (협력사 생산 지연으로 재입고 일정 미정이며 추후 공지 예정입니다!),올 블랙 펜,ALBP,2026.3.5 3:34오후,2026.7.9 10:17오전,2026.3.5,2026.7.8,recdZIETtzg8v1aj8,,https://airtable.com/shr5t1qyPKytJvVBY?prefill_fldziB6bVRltNvUis=recdZIETtzg8v1aj8,2063,김하은,PT1464-올블랙펜_매트블랙,,협력사,비의도적품절,비의도적_공급부족,Product Parts,checked
SSU002064,checked,,제품 철수(졸업),김하은,2.0 버전으로 리뉴얼되었으며 기존 버전은 재고 소진 완료,,,2026.3.10 10:48오전,,2026.3.10,2026.9.3,,recezLxVTvEgnphi7,https://airtable.com/shr5t1qyPKytJvVBY?prefill_fldziB6bVRltNvUis=,2064,김하은,,,,,,,
SSU002065,checked,,제품 철수(졸업),김하은,데일리 칫솔 살균기로 리뉴얼 완료,,,2026.3.10 11:02오전,,2026.3.10,2026.9.3,,reci6Ch1UIUhfsv2C,https://airtable.com/shr5t1qyPKytJvVBY?prefill_fldziB6bVRltNvUis=,2065,김하은,,,,,,,
SSU002066,checked,,제품 철수(졸업),김하은,데일리 칫솔 살균기로 리뉴얼 완료,,,2026.3.10 11:02오전,,2026.3.10,2026.9.3,,recLQ0VJRJgrB3iLQ,https://airtable.com/shr5t1qyPKytJvVBY?prefill_fldziB6bVRltNvUis=,2066,김하은,,,,,,,
SSU002067,checked,PT5245-데일리칫솔살균기_블루,판매가능,김하은,최초등록,데일리 칫솔살균기 | 아이리버,DLYC,2026.3.10 11:48오전,,2026.3.10,2026.9.3,rec39TXXmJy47v3Qh,rec39TXXmJy47v3Qh,https://airtable.com/shr5t1qyPKytJvVBY?prefill_fldziB6bVRltNvUis=rec39TXXmJy47v3Qh,2067,김하은,PT5245-데일리칫솔살균기_블루,,협력사,,,Product Parts,
SSU002068,checked,PT5246-데일리칫솔살균기_화이트,판매가능,김하은,최초등록,데일리 칫솔살균기 | 아이리버,DLYC,2026.3.10 11:49오전,,2026.3.10,2026.9.3,recwmL3gxFOntouYw,recwmL3gxFOntouYw,https://airtable.com/shr5t1qyPKytJvVBY?prefill_fldziB6bVRltNvUis=recwmL3gxFOntouYw,2068,김하은,PT5246-데일리칫솔살균기_화이트,,협력사,,,Product Parts,
SSU002069,checked,PT5236-미니어처NFC키링(책),판매가능,김하은,최초등록,미니어처 NFC 키링,MNFC,2026.3.10 11:50오전,,2026.3.10,2026.9.3,recE9gaalhzVgv5YS,recE9gaalhzVgv5YS,https://airtable.com/shr5t1qyPKytJvVBY?prefill_fldziB6bVRltNvUis=recE9gaalhzVgv5YS,2069,김하은,PT5236-미니어처NFC키링(책),,협력사,,,Product Parts,
SSU002070,checked,PT5237-미니어처NFC키링(카세트테이프),판매가능,김하은,최초등록,미니어처 NFC 키링,MNFC,2026.3.10 11:50오전,,2026.3.10,2026.9.3,recfcPwB6VLvXRSyZ,recfcPwB6VLvXRSyZ,https://airtable.com/shr5t1qyPKytJvVBY?prefill_fldziB6bVRltNvUis=recfcPwB6VLvXRSyZ,2070,김하은,PT5237-미니어처NFC키링(카세트테이프),,협력사,,,Product Parts,
SSU002071,checked,PT5238-미니어처NFC키링(슬레이트),판매가능,김하은,최초등록,미니어처 NFC 키링,MNFC,2026.3.10 11:50오전,,2026.3.10,2026.9.3,recD2bcuPAxYRT8zk,recD2bcuPAxYRT8zk,https://airtable.com/shr5t1qyPKytJvVBY?prefill_fldziB6bVRltNvUis=recD2bcuPAxYRT8zk,2071,김하은,PT5238-미니어처NFC키링(슬레이트),,협력사,,,Product Parts,
SSU002072,checked,PT5294-모먼트골드스파클,판매가능,김하은,최초등록,모먼트 골드스파클,MGOL,2026.3.10 11:50오전,2026.6.30 4:09오후,2026.3.10,2026.6.29,rectaTimn1D1Nytbl,,https://airtable.com/shr5t1qyPKytJvVBY?prefill_fldziB6bVRltNvUis=rectaTimn1D1Nytbl,2072,김하은,PT5294-모먼트골드스파클,,생산,,,Product Parts,
SSU002073,checked,PT5268-미르텀블러(16oz)_화이트,판매가능,김하은,최초등록,MiiR 텀블러,MIRT,2026.3.10 11:51오전,,2026.3.10,2026.9.3,recoet8h472PaeC8C,recoet8h472PaeC8C,https://airtable.com/shr5t1qyPKytJvVBY?prefill_fldziB6bVRltNvUis=recoet8h472PaeC8C,2073,김하은,PT5268-미르텀블러(16oz)_화이트,,협력사,,,Product Parts,
SSU002074,checked,PT5269-미르텀블러(16oz)_블랙,판매가능,김하은,최초등록,MiiR 텀블러,MIRT,2026.3.10 11:51오전,,2026.3.10,2026.9.3,recBPD31JvmDb4JNn,recBPD31JvmDb4JNn,https://airtable.com/shr5t1qyPKytJvVBY?prefill_fldziB6bVRltNvUis=recBPD31JvmDb4JNn,2074,김하은,PT5269-미르텀블러(16oz)_블랙,,협력사,,,Product Parts,
SSU002075,,PT4710-브릭스탠드멀티충전스테이션_화이트,일시품절,김민지,"PNA50931-다우코리아(두산전자) 1400개 건 발주 확정되어 재고소진으로 품절 공지드립니다.

재고발주 전으로 재입고 수량 및 일정은 미정이나, 예상일정은 5월 중순 이후 인점 참고부탁드리고 재입고일정 확정시 재공유드리겠습니다.",브릭스탠드 멀티충전기,BSMC,2026.3.11 2:06오후,2026.5.7 9:09오전,2026.3.11,2026.5.6,recOEBHkwU1GJWNch,,https://airtable.com/shr5t1qyPKytJvVBY?prefill_fldziB6bVRltNvUis=recOEBHkwU1GJWNch,2075,김민지,PT4710-브릭스탠드멀티충전스테이션_화이트,,신시어리,비의도적품절,비의도적_수요초과,Product Parts,
SSU002076,,,품절예정,김하은,"현 재고 약 400개 남아있으며, 4월 초 재입고 예상",,,2026.3.12 10:14오전,,2026.3.12,2026.9.3,,recwMzIiINOE1bKCR,https://airtable.com/shr5t1qyPKytJvVBY?prefill_fldziB6bVRltNvUis=,2076,김하은,,,,,,,
SSU002077,,PT2228-브랜디드노트북백_블랙,판매가능,김하은,3/19 재입고 예정으로 사전 판매재개합니다.,브랜디드 노트북백,BRDD,2026.3.16 10:07오전,,2026.3.16,2026.9.3,recHi0kLkGW3jImGB,recHi0kLkGW3jImGB,https://airtable.com/shr5t1qyPKytJvVBY?prefill_fldziB6bVRltNvUis=recHi0kLkGW3jImGB,2077,김하은,PT2228-브랜디드노트북백_블랙,,신시어리,,,Product Parts,
SSU002078,checked,PT5260-컴포트스텐머그_화이트,판매가능,김하은,최초등록,컴포트 스텐머그,,2026.3.16 5:58오후,2026.8.20 3:17오후,2026.3.16,2026.8.19,rec38Pmsn4ski3Dlr,,https://airtable.com/shr5t1qyPKytJvVBY?prefill_fldziB6bVRltNvUis=rec38Pmsn4ski3Dlr,2078,김하은,PT5260-컴포트스텐머그_화이트,,협력사,,,Product Parts,
SSU002079,checked,,판매가능,김하은,최초등록,,,2026.3.16 5:58오후,,2026.3.16,2026.9.3,,rec1RvoPECDDsVnRZ,https://airtable.com/shr5t1qyPKytJvVBY?prefill_fldziB6bVRltNvUis=,2079,김하은,,,,,,,
SSU002080,checked,PT5256-스테이텀블러_화이트,판매가능,김하은,최초등록,스테이 텀블러,TMBS,2026.3.16 5:59오후,2026.8.21 2:47오후,2026.3.16,2026.8.20,reckF7V8KR4Jse9tz,,https://airtable.com/shr5t1qyPKytJvVBY?prefill_fldziB6bVRltNvUis=reckF7V8KR4Jse9tz,2080,김하은,PT5256-스테이텀블러_화이트,,협력사,,,Product Parts,
SSU002081,checked,PT5257-스테이텀블러_네이비,판매가능,김하은,최초등록,스테이 텀블러,TMBS,2026.3.16 5:59오후,2026.3.20 2:23오후,2026.3.16,2026.3.19,recstWKrQIhG9vnGz,,https://airtable.com/shr5t1qyPKytJvVBY?prefill_fldziB6bVRltNvUis=recstWKrQIhG9vnGz,2081,김하은,PT5257-스테이텀블러_네이비,,협력사,,,Product Parts,
SSU002082,,PT0733-노트북스탠드패드_패드_다크그레이,일시품절,김하은,"진행 예정인 건으로 재고 소진, 5월 중순 재입고 예정입니다.",노트북 스탠드패드,NSTP,2026.3.17 9:47오전,2026.5.7 11:20오전,2026.3.17,2026.5.6,recZIByBQzefhMHlb,,https://airtable.com/shr5t1qyPKytJvVBY?prefill_fldziB6bVRltNvUis=recZIByBQzefhMHlb,2082,김하은,PT0733-노트북스탠드패드_패드_다크그레이,,신시어리,비의도적품절,비의도적_수요초과,Product Parts,
SSU002083,,PT5257-스테이텀블러_네이비,일시품절,김민정,"재고소진으로 일시품절이며, 재입고일은 확인 중입니다.",스테이 텀블러,TMBS,2026.3.20 2:23오후,2026.3.30 2:51오후,2026.3.20,2026.3.29,recstWKrQIhG9vnGz,,https://airtable.com/shr5t1qyPKytJvVBY?prefill_fldziB6bVRltNvUis=recstWKrQIhG9vnGz,2083,김민정,PT5257-스테이텀블러_네이비,,협력사,,,Product Parts,
SSU002084,,,제품 철수(졸업),김민지,재고소진되어 졸업,,,2026.3.23 10:19오전,,2026.3.23,2026.9.3,,recvsfOaOXm1x88fx,https://airtable.com/shr5t1qyPKytJvVBY?prefill_fldziB6bVRltNvUis=,2084,김민지,,,,,,,
SSU002085,,,제품 철수(졸업),김민지,재고소진되어 졸업,,,2026.3.23 10:19오전,,2026.3.23,2026.9.3,,recvFGsvrr9lw9CFx,https://airtable.com/shr5t1qyPKytJvVBY?prefill_fldziB6bVRltNvUis=,2085,김민지,,,,,,,
SSU002086,,PT3325-리마커블UV칫솔살균기(C타입),품절예정,김하은,현재고 약 250개 사용 가능하며 5월 재입고 예정입니다.,리마커블 칫솔살균기,RMKB,2026.3.23 1:50오후,2026.4.2 11:24오전,2026.3.23,2026.4.1,recn9UvtcMZVjwSdb,,https://airtable.com/shr5t1qyPKytJvVBY?prefill_fldziB6bVRltNvUis=recn9UvtcMZVjwSdb,2086,김하은,PT3325-리마커블UV칫솔살균기(C타입),,신시어리,,,Product Parts,
SSU002087,,PT1195-스펙트럼컬러펜(컬러잉크)_바질그린,의도적 품절,김하은,"스펙트럼컬러펜(컬러잉크) 옵션 전체 일시품절 공지 드립니다. 19개 색상 중 주요 옵션(그린 계열, 다크네이비 등)이 모두 품절 및 재입고 일정 미정으로 운영 실효성 낮아 상시 운영을 중단하고 문의에 한해 MRP 기준으로 건별 대응 부탁드립니다. 
**리인벤트에디션 및 블랙잉크 옵션은 판매 가능",스펙트럼 컬러펜,SPCP,2026.3.23 2:56오후,,2026.3.23,2026.9.3,recz1pFLxoewMthjm,recz1pFLxoewMthjm,https://airtable.com/shr5t1qyPKytJvVBY?prefill_fldziB6bVRltNvUis=recz1pFLxoewMthjm,2087,김하은,PT1195-스펙트럼컬러펜(컬러잉크)_바질그린,,협력사,의도적품절,의도적_리스크대비,Product Parts,
SSU002088,checked,PT1198-스펙트럼컬러펜(컬러잉크)_캐롯레드,의도적 품절,김하은,"스펙트럼컬러펜(컬러잉크) 옵션 전체 일시품절 공지 드립니다. 19개 색상 중 주요 옵션(그린 계열, 다크네이비 등)이 모두 품절 및 재입고 일정 미정으로 운영 실효성 낮아 상시 운영을 중단하고 문의에 한해 MRP 기준으로 건별 대응 부탁드립니다. 
**리인벤트에디션 및 블랙잉크 옵션은 판매 가능",스펙트럼 컬러펜,SPCP,2026.3.23 3:10오후,,2026.3.23,2026.9.3,recZDLSmoHRiYXfMd,recZDLSmoHRiYXfMd,https://airtable.com/shr5t1qyPKytJvVBY?prefill_fldziB6bVRltNvUis=recZDLSmoHRiYXfMd,2088,김하은,PT1198-스펙트럼컬러펜(컬러잉크)_캐롯레드,,협력사,의도적품절,의도적_리스크대비,Product Parts,
SSU002089,checked,PT1199-스펙트럼컬러펜(컬러잉크)_레드,의도적 품절,김하은,"스펙트럼컬러펜(컬러잉크) 옵션 전체 일시품절 공지 드립니다. 19개 색상 중 주요 옵션(그린 계열, 다크네이비 등)이 모두 품절 및 재입고 일정 미정으로 운영 실효성 낮아 상시 운영을 중단하고 문의에 한해 MRP 기준으로 건별 대응 부탁드립니다. 
**리인벤트에디션 및 블랙잉크 옵션은 판매 가능",스펙트럼 컬러펜,SPCP,2026.3.23 3:10오후,,2026.3.23,2026.9.3,recj2NSG843k3wkwe,recj2NSG843k3wkwe,https://airtable.com/shr5t1qyPKytJvVBY?prefill_fldziB6bVRltNvUis=recj2NSG843k3wkwe,2089,김하은,PT1199-스펙트럼컬러펜(컬러잉크)_레드,,협력사,의도적품절,의도적_리스크대비,Product Parts,
SSU002090,checked,PT1200-스펙트럼컬러펜(컬러잉크)_다크네이비,의도적 품절,김하은,"스펙트럼컬러펜(컬러잉크) 옵션 전체 일시품절 공지 드립니다. 19개 색상 중 주요 옵션(그린 계열, 다크네이비 등)이 모두 품절 및 재입고 일정 미정으로 운영 실효성 낮아 상시 운영을 중단하고 문의에 한해 MRP 기준으로 건별 대응 부탁드립니다. 
**리인벤트에디션 및 블랙잉크 옵션은 판매 가능",스펙트럼 컬러펜,SPCP,2026.3.23 3:10오후,,2026.3.23,2026.9.3,reco3fXNhxhapSegS,reco3fXNhxhapSegS,https://airtable.com/shr5t1qyPKytJvVBY?prefill_fldziB6bVRltNvUis=reco3fXNhxhapSegS,2090,김하은,PT1200-스펙트럼컬러펜(컬러잉크)_다크네이비,,협력사,의도적품절,의도적_리스크대비,Product Parts,
SSU002091,checked,PT1202-스펙트럼컬러펜(컬러잉크)_다크그린,의도적 품절,김하은,"스펙트럼컬러펜(컬러잉크) 옵션 전체 일시품절 공지 드립니다. 19개 색상 중 주요 옵션(그린 계열, 다크네이비 등)이 모두 품절 및 재입고 일정 미정으로 운영 실효성 낮아 상시 운영을 중단하고 문의에 한해 MRP 기준으로 건별 대응 부탁드립니다. 
**리인벤트에디션 및 블랙잉크 옵션은 판매 가능",스펙트럼 컬러펜,SPCP,2026.3.23 3:10오후,,2026.3.23,2026.9.3,recICZfqZ5l4YVeQ5,recICZfqZ5l4YVeQ5,https://airtable.com/shr5t1qyPKytJvVBY?prefill_fldziB6bVRltNvUis=recICZfqZ5l4YVeQ5,2091,김하은,PT1202-스펙트럼컬러펜(컬러잉크)_다크그린,,협력사,의도적품절,의도적_리스크대비,Product Parts,
SSU002092,checked,PT1214-스펙트럼컬러펜(컬러잉크)_파스텔퍼플,의도적 품절,김하은,"스펙트럼컬러펜(컬러잉크) 옵션 전체 일시품절 공지 드립니다. 19개 색상 중 주요 옵션(그린 계열, 다크네이비 등)이 모두 품절 및 재입고 일정 미정으로 운영 실효성 낮아 상시 운영을 중단하고 문의에 한해 MRP 기준으로 건별 대응 부탁드립니다. 
**리인벤트에디션 및 블랙잉크 옵션은 판매 가능",스펙트럼 컬러펜,SPCP,2026.3.23 3:10오후,,2026.3.23,2026.9.3,recIx9x0ydqTdnIeA,recIx9x0ydqTdnIeA,https://airtable.com/shr5t1qyPKytJvVBY?prefill_fldziB6bVRltNvUis=recIx9x0ydqTdnIeA,2092,김하은,PT1214-스펙트럼컬러펜(컬러잉크)_파스텔퍼플,,협력사,의도적품절,의도적_리스크대비,Product Parts,
SSU002093,checked,PT1213-스펙트럼컬러펜(컬러잉크)_옐로우,의도적 품절,김하은,"스펙트럼컬러펜(컬러잉크) 옵션 전체 일시품절 공지 드립니다. 19개 색상 중 주요 옵션(그린 계열, 다크네이비 등)이 모두 품절 및 재입고 일정 미정으로 운영 실효성 낮아 상시 운영을 중단하고 문의에 한해 MRP 기준으로 건별 대응 부탁드립니다. 
**리인벤트에디션 및 블랙잉크 옵션은 판매 가능",스펙트럼 컬러펜,SPCP,2026.3.23 3:10오후,,2026.3.23,2026.9.3,recuyN2m5vTKf3voV,recuyN2m5vTKf3voV,https://airtable.com/shr5t1qyPKytJvVBY?prefill_fldziB6bVRltNvUis=recuyN2m5vTKf3voV,2093,김하은,PT1213-스펙트럼컬러펜(컬러잉크)_옐로우,,협력사,의도적품절,의도적_리스크대비,Product Parts,
SSU002094,checked,PT1218-스펙트럼컬러펜(컬러잉크)_씨블루,의도적 품절,김하은,"스펙트럼컬러펜(컬러잉크) 옵션 전체 일시품절 공지 드립니다. 19개 색상 중 주요 옵션(그린 계열, 다크네이비 등)이 모두 품절 및 재입고 일정 미정으로 운영 실효성 낮아 상시 운영을 중단하고 문의에 한해 MRP 기준으로 건별 대응 부탁드립니다. 
**리인벤트에디션 및 블랙잉크 옵션은 판매 가능",스펙트럼 컬러펜,SPCP,2026.3.23 3:10오후,,2026.3.23,2026.9.3,recMFJ5hXpxuHzjdf,recMFJ5hXpxuHzjdf,https://airtable.com/shr5t1qyPKytJvVBY?prefill_fldziB6bVRltNvUis=recMFJ5hXpxuHzjdf,2094,김하은,PT1218-스펙트럼컬러펜(컬러잉크)_씨블루,,협력사,의도적품절,의도적_리스크대비,Product Parts,
SSU002095,checked,PT1217-스펙트럼컬러펜(컬러잉크)_리프그린,의도적 품절,김하은,"스펙트럼컬러펜(컬러잉크) 옵션 전체 일시품절 공지 드립니다. 19개 색상 중 주요 옵션(그린 계열, 다크네이비 등)이 모두 품절 및 재입고 일정 미정으로 운영 실효성 낮아 상시 운영을 중단하고 문의에 한해 MRP 기준으로 건별 대응 부탁드립니다. 
**리인벤트에디션 및 블랙잉크 옵션은 판매 가능",스펙트럼 컬러펜,SPCP,2026.3.23 3:11오후,,2026.3.23,2026.9.3,rec11LbSlmK50OMIt,rec11LbSlmK50OMIt,https://airtable.com/shr5t1qyPKytJvVBY?prefill_fldziB6bVRltNvUis=rec11LbSlmK50OMIt,2095,김하은,PT1217-스펙트럼컬러펜(컬러잉크)_리프그린,,협력사,의도적품절,의도적_리스크대비,Product Parts,
SSU002096,checked,PT1203-스펙트럼컬러펜(컬러잉크)_오렌지,의도적 품절,김하은,"스펙트럼컬러펜(컬러잉크) 옵션 전체 일시품절 공지 드립니다. 19개 색상 중 주요 옵션(그린 계열, 다크네이비 등)이 모두 품절 및 재입고 일정 미정으로 운영 실효성 낮아 상시 운영을 중단하고 문의에 한해 MRP 기준으로 건별 대응 부탁드립니다. 
**리인벤트에디션 및 블랙잉크 옵션은 판매 가능",스펙트럼 컬러펜,SPCP,2026.3.23 3:11오후,,2026.3.23,2026.9.3,rec1ZQ7lwvGYQTnCg,rec1ZQ7lwvGYQTnCg,https://airtable.com/shr5t1qyPKytJvVBY?prefill_fldziB6bVRltNvUis=rec1ZQ7lwvGYQTnCg,2096,김하은,PT1203-스펙트럼컬러펜(컬러잉크)_오렌지,,협력사,의도적품절,의도적_리스크대비,Product Parts,
SSU002097,checked,PT1220-스펙트럼컬러펜(컬러잉크)_다크블루,의도적 품절,김하은,"스펙트럼컬러펜(컬러잉크) 옵션 전체 일시품절 공지 드립니다. 19개 색상 중 주요 옵션(그린 계열, 다크네이비 등)이 모두 품절 및 재입고 일정 미정으로 운영 실효성 낮아 상시 운영을 중단하고 문의에 한해 MRP 기준으로 건별 대응 부탁드립니다. 
**리인벤트에디션 및 블랙잉크 옵션은 판매 가능",스펙트럼 컬러펜,SPCP,2026.3.23 3:11오후,,2026.3.23,2026.9.3,recCBU3KAUtcZ9P6T,recCBU3KAUtcZ9P6T,https://airtable.com/shr5t1qyPKytJvVBY?prefill_fldziB6bVRltNvUis=recCBU3KAUtcZ9P6T,2097,김하은,PT1220-스펙트럼컬러펜(컬러잉크)_다크블루,,협력사,의도적품절,의도적_리스크대비,Product Parts,
SSU002098,checked,PT1221-스펙트럼컬러펜(컬러잉크)_화이트,의도적 품절,김하은,"스펙트럼컬러펜(컬러잉크) 옵션 전체 일시품절 공지 드립니다. 19개 색상 중 주요 옵션(그린 계열, 다크네이비 등)이 모두 품절 및 재입고 일정 미정으로 운영 실효성 낮아 상시 운영을 중단하고 문의에 한해 MRP 기준으로 건별 대응 부탁드립니다. 
**리인벤트에디션 및 블랙잉크 옵션은 판매 가능",스펙트럼 컬러펜,SPCP,2026.3.23 3:11오후,,2026.3.23,2026.9.3,recpYVYDdQFYI7rJN,recpYVYDdQFYI7rJN,https://airtable.com/shr5t1qyPKytJvVBY?prefill_fldziB6bVRltNvUis=recpYVYDdQFYI7rJN,2098,김하은,PT1221-스펙트럼컬러펜(컬러잉크)_화이트,,협력사,의도적품절,의도적_리스크대비,Product Parts,
SSU002099,checked,PT1205-스펙트럼컬러펜(컬러잉크)_퍼플,의도적 품절,김하은,"스펙트럼컬러펜(컬러잉크) 옵션 전체 일시품절 공지 드립니다. 19개 색상 중 주요 옵션(그린 계열, 다크네이비 등)이 모두 품절 및 재입고 일정 미정으로 운영 실효성 낮아 상시 운영을 중단하고 문의에 한해 MRP 기준으로 건별 대응 부탁드립니다. 
**리인벤트에디션 및 블랙잉크 옵션은 판매 가능",스펙트럼 컬러펜,SPCP,2026.3.23 3:11오후,,2026.3.23,2026.9.3,recjDHESSrqXz0YWb,recjDHESSrqXz0YWb,https://airtable.com/shr5t1qyPKytJvVBY?prefill_fldziB6bVRltNvUis=recjDHESSrqXz0YWb,2099,김하은,PT1205-스펙트럼컬러펜(컬러잉크)_퍼플,,협력사,의도적품절,의도적_리스크대비,Product Parts,
SSU002100,checked,PT1212-스펙트럼컬러펜(컬러잉크)_블루,의도적 품절,김하은,"스펙트럼컬러펜(컬러잉크) 옵션 전체 일시품절 공지 드립니다. 19개 색상 중 주요 옵션(그린 계열, 다크네이비 등)이 모두 품절 및 재입고 일정 미정으로 운영 실효성 낮아 상시 운영을 중단하고 문의에 한해 MRP 기준으로 건별 대응 부탁드립니다. 
**리인벤트에디션 및 블랙잉크 옵션은 판매 가능",스펙트럼 컬러펜,SPCP,2026.3.23 3:11오후,,2026.3.23,2026.9.3,recIzkrHPOiEg1JSp,recIzkrHPOiEg1JSp,https://airtable.com/shr5t1qyPKytJvVBY?prefill_fldziB6bVRltNvUis=recIzkrHPOiEg1JSp,2100,김하은,PT1212-스펙트럼컬러펜(컬러잉크)_블루,,협력사,의도적품절,의도적_리스크대비,Product Parts,
SSU002101,checked,PT1222-스펙트럼컬러펜(컬러잉크)_브라운,의도적 품절,김하은,"스펙트럼컬러펜(컬러잉크) 옵션 전체 일시품절 공지 드립니다. 19개 색상 중 주요 옵션(그린 계열, 다크네이비 등)이 모두 품절 및 재입고 일정 미정으로 운영 실효성 낮아 상시 운영을 중단하고 문의에 한해 MRP 기준으로 건별 대응 부탁드립니다. 
**리인벤트에디션 및 블랙잉크 옵션은 판매 가능",스펙트럼 컬러펜,SPCP,2026.3.23 3:11오후,,2026.3.23,2026.9.3,recZwhnxXLQZwsqtr,recZwhnxXLQZwsqtr,https://airtable.com/shr5t1qyPKytJvVBY?prefill_fldziB6bVRltNvUis=recZwhnxXLQZwsqtr,2101,김하은,PT1222-스펙트럼컬러펜(컬러잉크)_브라운,,협력사,의도적품절,의도적_리스크대비,Product Parts,
SSU002102,checked,PT1215-스펙트럼컬러펜(컬러잉크)_네온핑크,의도적 품절,김하은,"스펙트럼컬러펜(컬러잉크) 옵션 전체 일시품절 공지 드립니다. 19개 색상 중 주요 옵션(그린 계열, 다크네이비 등)이 모두 품절 및 재입고 일정 미정으로 운영 실효성 낮아 상시 운영을 중단하고 문의에 한해 MRP 기준으로 건별 대응 부탁드립니다. 
**리인벤트에디션 및 블랙잉크 옵션은 판매 가능",스펙트럼 컬러펜,SPCP,2026.3.23 3:12오후,,2026.3.23,2026.9.3,recgONA1K2y3W6qIR,recgONA1K2y3W6qIR,https://airtable.com/shr5t1qyPKytJvVBY?prefill_fldziB6bVRltNvUis=recgONA1K2y3W6qIR,2102,김하은,PT1215-스펙트럼컬러펜(컬러잉크)_네온핑크,,협력사,의도적품절,의도적_리스크대비,Product Parts,
SSU002103,checked,PT1210-스펙트럼컬러펜(컬러잉크)_핑크,의도적 품절,김하은,"스펙트럼컬러펜(컬러잉크) 옵션 전체 일시품절 공지 드립니다. 19개 색상 중 주요 옵션(그린 계열, 다크네이비 등)이 모두 품절 및 재입고 일정 미정으로 운영 실효성 낮아 상시 운영을 중단하고 문의에 한해 MRP 기준으로 건별 대응 부탁드립니다. 
**리인벤트에디션 및 블랙잉크 옵션은 판매 가능",스펙트럼 컬러펜,SPCP,2026.3.23 3:12오후,,2026.3.23,2026.9.3,reclcJ8kfNtaD63Rv,reclcJ8kfNtaD63Rv,https://airtable.com/shr5t1qyPKytJvVBY?prefill_fldziB6bVRltNvUis=reclcJ8kfNtaD63Rv,2103,김하은,PT1210-스펙트럼컬러펜(컬러잉크)_핑크,,협력사,의도적품절,의도적_리스크대비,Product Parts,
SSU002104,checked,PT1204-스펙트럼컬러펜(컬러잉크)_그린,의도적 품절,김하은,"스펙트럼컬러펜(컬러잉크) 옵션 전체 일시품절 공지 드립니다. 19개 색상 중 주요 옵션(그린 계열, 다크네이비 등)이 모두 품절 및 재입고 일정 미정으로 운영 실효성 낮아 상시 운영을 중단하고 문의에 한해 MRP 기준으로 건별 대응 부탁드립니다. 
**리인벤트에디션 및 블랙잉크 옵션은 판매 가능",스펙트럼 컬러펜,SPCP,2026.3.23 3:12오후,,2026.3.23,2026.9.3,recwu5az8GcpCDFvU,recwu5az8GcpCDFvU,https://airtable.com/shr5t1qyPKytJvVBY?prefill_fldziB6bVRltNvUis=recwu5az8GcpCDFvU,2104,김하은,PT1204-스펙트럼컬러펜(컬러잉크)_그린,,협력사,의도적품절,의도적_리스크대비,Product Parts,
SSU002105,checked,PT1224-스펙트럼컬러펜(컬러잉크)_버건디,의도적 품절,김하은,"스펙트럼컬러펜(컬러잉크) 옵션 전체 일시품절 공지 드립니다. 19개 색상 중 주요 옵션(그린 계열, 다크네이비 등)이 모두 품절 및 재입고 일정 미정으로 운영 실효성 낮아 상시 운영을 중단하고 문의에 한해 MRP 기준으로 건별 대응 부탁드립니다. 
**리인벤트에디션 및 블랙잉크 옵션은 판매 가능",스펙트럼 컬러펜,SPCP,2026.3.23 3:12오후,,2026.3.23,2026.9.3,recvAR2lPLPGJNQUw,recvAR2lPLPGJNQUw,https://airtable.com/shr5t1qyPKytJvVBY?prefill_fldziB6bVRltNvUis=recvAR2lPLPGJNQUw,2105,김하은,PT1224-스펙트럼컬러펜(컬러잉크)_버건디,,협력사,의도적품절,의도적_리스크대비,Product Parts,
SSU002106,,,판매가능,김하은,진행 예정이었던 건이 취소되어 다시 판매 재개합니다 (현재고 약 600개),,,2026.3.23 4:35오후,2026.6.25 9:51오전,2026.3.23,2026.6.24,,,https://airtable.com/shr5t1qyPKytJvVBY?prefill_fldziB6bVRltNvUis=,2106,김하은,,,,,,,
SSU002107,,PT1718-샤쉐향(골든뱀부),일시품절,김하은,대량건 진행 확정으로 재고 소진,"페이퍼 샤쉐, 프리미엄 린넨샤쉐","PSCH, LSCH",2026.3.23 5:05오후,2026.3.26 5:46오후,2026.3.23,2026.3.25,recA3YRxFnNX7LRDL,,https://airtable.com/shr5t1qyPKytJvVBY?prefill_fldziB6bVRltNvUis=recA3YRxFnNX7LRDL,2107,김하은,PT1718-샤쉐향(골든뱀부),,신시어리,,,Product Parts,
SSU002108,,PT4093-프라임폴더블멀티충전기_다크그레이,판매가능,김민지,"재고생산건 700개 3/27 입고예정으로 판매 가능합니다.
고객응대시 참고 부탁드립니다.",프라임 폴더블 멀티충전기,PRMF,2026.3.24 9:20오전,,2026.3.24,2026.9.3,rec1oBK4OgXwxoY4F,rec1oBK4OgXwxoY4F,https://airtable.com/shr5t1qyPKytJvVBY?prefill_fldziB6bVRltNvUis=rec1oBK4OgXwxoY4F,2108,김민지,PT4093-프라임폴더블멀티충전기_다크그레이,,신시어리,,,Product Parts,
SSU002109,,,일시품절,김하은,진행 예정인 건으로 재고 소진되었으며 4/20 전후로 재입고 예정입니다.,,,2026.3.24 10:02오전,2026.5.27 5:31오후,2026.3.24,2026.5.26,,,https://airtable.com/shr5t1qyPKytJvVBY?prefill_fldziB6bVRltNvUis=,2109,김하은,,,,비의도적품절,비의도적_공급부족,,
SSU002110,,,일시품절,김민지,졸업대상 공정으로 일시품절처리 합니다.,,,2026.3.26 12:41오후,,2026.3.26,2026.9.3,,recrxuHzKniPHLD2Y,https://airtable.com/shr5t1qyPKytJvVBY?prefill_fldziB6bVRltNvUis=,2110,김민지,,,,,,,
SSU002111,,,일시품절,김민지,졸업대상 공정으로 일시품절처리 합니다.,,,2026.3.26 12:42오후,,2026.3.26,2026.9.3,,recTGJyWUhk448YAe,https://airtable.com/shr5t1qyPKytJvVBY?prefill_fldziB6bVRltNvUis=,2111,김민지,,,,,,,
SSU002112,,,일시품절,육승미,협력사 재고 부족으로 품절처리합니다 (재입고 예정 없음),,,2026.3.26 5:42오후,2026.4.24 4:57오후,2026.3.26,2026.4.23,,,https://airtable.com/shr5t1qyPKytJvVBY?prefill_fldziB6bVRltNvUis=,2112,육승미,,,,,,,
SSU002113,,,일시품절,육승미,협력사 재고 부족으로 품절처리합니다 (졸업 대상),,,2026.3.26 5:43오후,2026.4.24 4:56오후,2026.3.26,2026.4.23,,,https://airtable.com/shr5t1qyPKytJvVBY?prefill_fldziB6bVRltNvUis=,2113,육승미,,,,,,,
SSU002114,,PT1718-샤쉐향(골든뱀부),판매가능,김하은,4/1 재입고 예정으로 사전 판매재개합니다 :),"페이퍼 샤쉐, 프리미엄 린넨샤쉐","PSCH, LSCH",2026.3.26 5:46오후,,2026.3.26,2026.9.3,recA3YRxFnNX7LRDL,recA3YRxFnNX7LRDL,https://airtable.com/shr5t1qyPKytJvVBY?prefill_fldziB6bVRltNvUis=recA3YRxFnNX7LRDL,2114,김하은,PT1718-샤쉐향(골든뱀부),,신시어리,,,Product Parts,
SSU002115,,,의도적 품절,김하은,재고 소진 (졸업 검토 대상으로 재입고 예정 미정입니다.),,,2026.3.27 5:04오후,2026.6.25 2:29오후,2026.3.27,2026.6.24,,,https://airtable.com/shr5t1qyPKytJvVBY?prefill_fldziB6bVRltNvUis=,2115,김하은,,,,의도적품절,의도적_졸업예정,,checked
SSU002116,,PT5257-스테이텀블러_네이비,판매가능,김민정,이번주중 협력사 재고 입고 예정으로 판매재개 합니다.,스테이 텀블러,TMBS,2026.3.30 2:51오후,,2026.3.30,2026.9.3,recstWKrQIhG9vnGz,recstWKrQIhG9vnGz,https://airtable.com/shr5t1qyPKytJvVBY?prefill_fldziB6bVRltNvUis=recstWKrQIhG9vnGz,2116,김민정,PT5257-스테이텀블러_네이비,,협력사,,,Product Parts,
SSU002117,,PT4729-커넥트6in1케이블키트_본품,판매가능,김민정,이번주중 에이원 입고 예정으로 판매 재개합니다! (오늘 인천 도오착!),커넥트 6in1 케이블키트,CCKT,2026.3.31 8:55오전,2026.6.25 4:12오후,2026.3.31,2026.6.24,recRURO1zNSUQS3P6,,https://airtable.com/shr5t1qyPKytJvVBY?prefill_fldziB6bVRltNvUis=recRURO1zNSUQS3P6,2117,김민정,PT4729-커넥트6in1케이블키트_본품,,신시어리,,,Product Parts,
SSU002118,,PT3854-미스트워터보틀_반투명화이트,품절예정,김하은,사용 가능 재고 약 200개입니다. (재입고는 4월 말 예상하나 추가 지연 가능성이 있어 확인되는대로 재공지 예정),미스트 워터보틀,MIST,2026.3.31 11:11오전,2026.4.15 10:17오전,2026.3.31,2026.4.14,recjfsnYVez8C9Lsi,,https://airtable.com/shr5t1qyPKytJvVBY?prefill_fldziB6bVRltNvUis=recjfsnYVez8C9Lsi,2118,김하은,PT3854-미스트워터보틀_반투명화이트,,신시어리,,,Product Parts,
SSU002119,,PT3856-미스트워터보틀_더스티핑크,일시품절,김하은,사용 가능 재고 50개 미만으로 품절 안내 드립니다. (재입고 일정 미정이며 확인되는대로 재공유),미스트 워터보틀,MIST,2026.3.31 11:14오전,2026.6.25 2:29오후,2026.3.31,2026.6.24,reczhBTwD3QmLu6uO,,https://airtable.com/shr5t1qyPKytJvVBY?prefill_fldziB6bVRltNvUis=reczhBTwD3QmLu6uO,2119,김하은,PT3856-미스트워터보틀_더스티핑크,,신시어리,비의도적품절,비의도적_납기지연,Product Parts,
SSU002120,checked,PT5286-모바일오피스파우치2.0_블랙,판매가능,김하은,최초 등록,모바일 오피스 파우치 2.0,MOSL,2026.3.31 3:52오후,,2026.3.31,2026.9.3,recGPpzxFhqQsFPd0,recGPpzxFhqQsFPd0,https://airtable.com/shr5t1qyPKytJvVBY?prefill_fldziB6bVRltNvUis=recGPpzxFhqQsFPd0,2120,김하은,PT5286-모바일오피스파우치2.0_블랙,,협력사,,,Product Parts,
SSU002121,,PT4763-파워업PD충전기_화이트,판매가능,김민정,입고예정으로 판매재개합니다!,파워업 PD 충전기 65W,PUPD,2026.3.31 6:00오후,,2026.3.31,2026.9.3,recKpHD9Lj9DtGNyT,recKpHD9Lj9DtGNyT,https://airtable.com/shr5t1qyPKytJvVBY?prefill_fldziB6bVRltNvUis=recKpHD9Lj9DtGNyT,2121,김민정,PT4763-파워업PD충전기_화이트,,신시어리,,,Product Parts,
SSU002122,,PT3325-리마커블UV칫솔살균기(C타입),판매가능,김하은,실재고 901개로 확인되어 판매가능으로 재공지드립니다!,리마커블 칫솔살균기,RMKB,2026.4.2 11:24오전,,2026.4.2,2026.9.3,recn9UvtcMZVjwSdb,recn9UvtcMZVjwSdb,https://airtable.com/shr5t1qyPKytJvVBY?prefill_fldziB6bVRltNvUis=recn9UvtcMZVjwSdb,2122,김하은,PT3325-리마커블UV칫솔살균기(C타입),,신시어리,,,Product Parts,
SSU002123,,PT3306-트래블2in1목베개,일시품절,김민지,"목베게 충전재(비즈볼) 충전기계 고장으로 일시품절 처리 하였습니다.
현재 비즈볼 충전기계 수리업체가 전국1곳인데 지방에서 서울로 올라오지 못하는 상황이라 일정협의 중이고
비즈볼 충전기계 보유하는 공장도 수배중입니다. 추가적으로 상황 업데이트시 공유드리겠습니다.",트래블 2in1 목베개,NKPL,2026.4.3 10:28오전,2026.6.25 2:30오후,2026.4.3,2026.6.24,recdZa7cJ0IClHdy8,,https://airtable.com/shr5t1qyPKytJvVBY?prefill_fldziB6bVRltNvUis=recdZa7cJ0IClHdy8,2123,김민지,PT3306-트래블2in1목베개,,생산,비의도적품절,비의도적_공급부족,Product Parts,checked
SSU002124,,PT4882-시그니처다이어리(2합)_블랙,의도적 품절,김하은,현재고 100개 미만으로 남아있어 일시품절 공지드립니다.,시그니처 다이어리,SGND,2026.4.3 5:39오후,2026.4.24 4:19오후,2026.4.3,2026.4.23,recSmAuq9mBaXOOU9,,https://airtable.com/shr5t1qyPKytJvVBY?prefill_fldziB6bVRltNvUis=recSmAuq9mBaXOOU9,2124,김하은,PT4882-시그니처다이어리(2합)_블랙,,신시어리,,,Product Parts,
SSU002125,,PT4796-밀크에코컵(레귤러)_화이트,일시품절,이난영,협력사 재고 소진으로 일시 품절합니다. 재입고 시점 6월로 예상됩니다.,밀크 에코컵,MKEC,2026.4.6 3:56오후,2026.6.17 5:43오후,2026.4.6,2026.6.16,recux2CCJl0co5f7d,,https://airtable.com/shr5t1qyPKytJvVBY?prefill_fldziB6bVRltNvUis=recux2CCJl0co5f7d,2125,이난영,PT4796-밀크에코컵(레귤러)_화이트,,협력사,비의도적품절,비의도적_공급부족,Product Parts,checked
SSU002126,,,제품 철수(졸업),김하은,베이직/퀵차지 도킹형 배터리 USB 케이블 옵션은 운영 효율화를 위해 추가 재고 매입 없이 졸업합니다. (재고 소진 완료!),,,2026.4.7 11:35오전,,2026.4.7,2026.9.3,,rec3n30qBBrfJ828B,https://airtable.com/shr5t1qyPKytJvVBY?prefill_fldziB6bVRltNvUis=,2126,김하은,,,,,,,
SSU002127,,,일시품절,김민지,협력사와 연락이 되지 않아 일시품절 처리합니다.,,,2026.4.7 4:01오후,2026.6.25 9:36오전,2026.4.7,2026.6.24,,,https://airtable.com/shr5t1qyPKytJvVBY?prefill_fldziB6bVRltNvUis=,2127,김민지,,,,비의도적품절,비의도적_기타,,checked
SSU002128,,,일시품절,김민지,협력사와 연락이 되지 않아 일시품절 처리합니다.,,,2026.4.7 4:01오후,2026.6.25 9:40오전,2026.4.7,2026.6.24,,,https://airtable.com/shr5t1qyPKytJvVBY?prefill_fldziB6bVRltNvUis=,2128,김민지,,,,비의도적품절,비의도적_기타,,checked
SSU002129,,,일시품절,김민지,협력사와 연락이 되지 않아 일시품절 처리합니다.,,,2026.4.7 4:01오후,2026.6.25 9:40오전,2026.4.7,2026.6.24,,,https://airtable.com/shr5t1qyPKytJvVBY?prefill_fldziB6bVRltNvUis=,2129,김민지,,,,비의도적품절,비의도적_기타,,checked
SSU002130,,,제품 철수(졸업),김민지,협력사와 연락이 되지 않아 일시품절 처리합니다.,,,2026.4.7 4:01오후,2026.6.25 9:40오전,2026.4.7,2026.6.24,,,https://airtable.com/shr5t1qyPKytJvVBY?prefill_fldziB6bVRltNvUis=,2130,김민지,,,,비의도적품절,비의도적_기타,,checked
SSU002131,,PT4478-스탠리슬림보틀_매트블랙,일시품절,김민정,"본사 재고가 없고, 한국 재입고일도 미정으로 일시품절 처리합니다.",스탠리 슬림 보틀,STLS,2026.4.10 10:18오전,2026.8.13 4:56오후,2026.4.10,2026.8.12,recXEinwby7Rjczvw,,https://airtable.com/shr5t1qyPKytJvVBY?prefill_fldziB6bVRltNvUis=recXEinwby7Rjczvw,2131,김민정,PT4478-스탠리슬림보틀_매트블랙,,협력사,비의도적품절,비의도적_공급부족,Product Parts,checked
SSU002132,checked,PT4795-올웨이즈양우산(세트_본품및케이스)_블랙,품절예정,김하은,기존 파츠 판매 상태,올웨이즈 양우산,ALUM,2026.4.13 11:22오전,2026.4.13 11:24오전,2026.4.13,2026.4.12,reccZHXrLfdmjo2Ot,,https://airtable.com/shr5t1qyPKytJvVBY?prefill_fldziB6bVRltNvUis=reccZHXrLfdmjo2Ot,2132,김하은,PT4795-올웨이즈양우산(세트_본품및케이스)_블랙,,신시어리,,,Product Parts,
SSU002133,,PT4795-올웨이즈양우산(세트_본품및케이스)_블랙,판매가능,김하은,4/14 재입고 예정으로 판매 재개합니다!,올웨이즈 양우산,ALUM,2026.4.13 11:24오전,,2026.4.13,2026.9.3,reccZHXrLfdmjo2Ot,reccZHXrLfdmjo2Ot,https://airtable.com/shr5t1qyPKytJvVBY?prefill_fldziB6bVRltNvUis=reccZHXrLfdmjo2Ot,2133,김하은,PT4795-올웨이즈양우산(세트_본품및케이스)_블랙,,신시어리,,,Product Parts,
SSU002134,,PT4708-3단자동우산_블랙,일시품절,김민정,"3단 자동우산 입고일이 5월로 미뤄져 재공유드립니다. 

(공장 자체 검수단계에서 오류를 발견하여 교체작업으로 지연 되었습니다.)",어드벤스 3단 자동우산,,2026.4.14 10:05오전,2026.5.13 11:47오전,2026.4.14,2026.5.12,recBBgq1MuSmMgbN3,,https://airtable.com/shr5t1qyPKytJvVBY?prefill_fldziB6bVRltNvUis=recBBgq1MuSmMgbN3,2134,김민정,PT4708-3단자동우산_블랙,,신시어리,비의도적품절,비의도적_수요초과,Product Parts,
SSU002135,,PT3854-미스트워터보틀_반투명화이트,일시품절,김하은,판매 가능 재고 50개 이하로 남아 품절 공지 드립니다. (재입고 일정 미정),미스트 워터보틀,MIST,2026.4.15 10:17오전,2026.5.12 12:16오후,2026.4.15,2026.5.11,recjfsnYVez8C9Lsi,,https://airtable.com/shr5t1qyPKytJvVBY?prefill_fldziB6bVRltNvUis=recjfsnYVez8C9Lsi,2135,김하은,PT3854-미스트워터보틀_반투명화이트,,신시어리,비의도적품절,비의도적_납기지연,Product Parts,
SSU002136,,PT4768-EVA파우치(전용)_반투명,일시품절,김하은,4월말~5월 초 재입고 예정입니다. 100개 이하건 1건만 더 사용 가능하여 일시품절로 공지드립니다,"브랜디드 타월, 아트워크 타월","BDTW, AWTW",2026.4.16 10:55오전,2026.4.29 3:49오후,2026.4.16,2026.4.28,rect0niXMMcIpvLJB,,https://airtable.com/shr5t1qyPKytJvVBY?prefill_fldziB6bVRltNvUis=rect0niXMMcIpvLJB,2136,김하은,PT4768-EVA파우치(전용)_반투명,,신시어리,,,Package Parts,
SSU002137,,PT4755-칠링패드냉각선풍기_화이트,판매가능,김하은,협력사재고 4/20~21 입고 예정으로 판매 재개합니다!,칠링패드 냉각선풍기,CPNF,2026.4.16 3:30오후,2026.8.21 12:05오후,2026.4.16,2026.8.20,recSYKAuinfKwd148,,https://airtable.com/shr5t1qyPKytJvVBY?prefill_fldziB6bVRltNvUis=recSYKAuinfKwd148,2137,김하은,PT4755-칠링패드냉각선풍기_화이트,,신시어리,,,Product Parts,
SSU002138,,PT4820-칠링패드냉각선풍기_올리브,판매가능,김하은,협력사재고 4/20~21 입고 예정으로 판매 재개합니다!,칠링패드 냉각선풍기,CPNF,2026.4.16 3:31오후,2026.7.31 2:07오후,2026.4.16,2026.7.30,receAUBJXmsDTXMyn,,https://airtable.com/shr5t1qyPKytJvVBY?prefill_fldziB6bVRltNvUis=receAUBJXmsDTXMyn,2138,김하은,PT4820-칠링패드냉각선풍기_올리브,,협력사,,,Product Parts,
SSU002139,checked,PT5372-스탠바이빅팬선풍기_화이트,판매가능,김하은,최초 등록,스탠바이 빅팬선풍기,FANB,2026.4.20 10:46오전,2026.7.31 2:03오후,2026.4.20,2026.7.30,rec6OBvexuXsAGjKd,,https://airtable.com/shr5t1qyPKytJvVBY?prefill_fldziB6bVRltNvUis=rec6OBvexuXsAGjKd,2139,김하은,PT5372-스탠바이빅팬선풍기_화이트,,신시어리,,,Product Parts,
SSU002140,,,,,,,,2026.4.20 10:46오전,,2026.4.20,2026.9.3,,,https://airtable.com/shr5t1qyPKytJvVBY?prefill_fldziB6bVRltNvUis=,2140,,,,,,,,
SSU002141,checked,PT5383-슬림터보선풍기(베이직)_화이트,판매가능,김하은,최초 등록,슬림 터보 선풍기,FANC,2026.4.20 10:47오전,,2026.4.20,2026.9.3,rect4TrOTwWYIwGpC,rect4TrOTwWYIwGpC,https://airtable.com/shr5t1qyPKytJvVBY?prefill_fldziB6bVRltNvUis=rect4TrOTwWYIwGpC,2141,김하은,PT5383-슬림터보선풍기(베이직)_화이트,,신시어리,,,Product Parts,
SSU002142,checked,PT5384-슬림터보선풍기(베이직)_올리브,판매가능,김하은,최초 등록,슬림 터보 선풍기,FANC,2026.4.20 10:47오전,2026.7.31 2:09오후,2026.4.20,2026.7.30,recPr58XJGnajW3Eo,,https://airtable.com/shr5t1qyPKytJvVBY?prefill_fldziB6bVRltNvUis=recPr58XJGnajW3Eo,2142,김하은,PT5384-슬림터보선풍기(베이직)_올리브,,협력사,,,Product Parts,
SSU002143,checked,PT5385-슬림터보선풍기(냉각패드형)_화이트,판매가능,김하은,최초 등록,슬림 터보 선풍기,FANC,2026.4.20 10:47오전,2026.6.2 10:59오전,2026.4.20,2026.6.1,recmFVPuyyJwpW0Ii,,https://airtable.com/shr5t1qyPKytJvVBY?prefill_fldziB6bVRltNvUis=recmFVPuyyJwpW0Ii,2143,김하은,PT5385-슬림터보선풍기(냉각패드형)_화이트,,신시어리,,,Product Parts,
SSU002144,checked,PT5386-슬림터보선풍기(냉각패드형)_올리브,판매가능,김하은,최초 등록,슬림 터보 선풍기,FANC,2026.4.20 10:47오전,2026.6.15 11:30오전,2026.4.20,2026.6.14,recZUlG4eYob6kSCQ,,https://airtable.com/shr5t1qyPKytJvVBY?prefill_fldziB6bVRltNvUis=recZUlG4eYob6kSCQ,2144,김하은,PT5386-슬림터보선풍기(냉각패드형)_올리브,,협력사,,,Product Parts,
SSU002145,,PT3353-메시지캐리어파우치_매트블랙,의도적 품절,김하은,실버 및 메탈그레이 재고 우선 소진을 위해 의도적으로 품절 처리합니다. (주문수량 90개 이하 건 1건 정도만 진행 가능합니다!),메시지 캐리어 파우치,MSGC,2026.4.20 2:34오후,2026.6.22 2:07오후,2026.4.20,2026.6.21,recaSvDfs8zsNZ3Fz,,https://airtable.com/shr5t1qyPKytJvVBY?prefill_fldziB6bVRltNvUis=recaSvDfs8zsNZ3Fz,2145,김하은,PT3353-메시지캐리어파우치_매트블랙,,신시어리,의도적품절,의도적_재고효율화,Product Parts,
SSU002146,,PT4882-시그니처다이어리(2합)_블랙,판매가능,김민지,"4/28 수요일에 재고 입고 예정입니다.
재고 입고일정 참고하시어 고객응대 부탁드립니다!",시그니처 다이어리,SGND,2026.4.24 4:19오후,,2026.4.24,2026.9.3,recSmAuq9mBaXOOU9,recSmAuq9mBaXOOU9,https://airtable.com/shr5t1qyPKytJvVBY?prefill_fldziB6bVRltNvUis=recSmAuq9mBaXOOU9,2146,김민지,PT4882-시그니처다이어리(2합)_블랙,,신시어리,,,Product Parts,
SSU002147,,,제품 철수(졸업),김민정,"리컵 협력사 단종 예정으로, 리컵 모든 색상 및 사이즈 제품 철수(졸업)입니다.",,,2026.4.24 4:53오후,,2026.4.24,2026.9.3,,recg3C1IWX3VA1OFO,https://airtable.com/shr5t1qyPKytJvVBY?prefill_fldziB6bVRltNvUis=,2147,김민정,,,,,,,
SSU002148,,,제품 철수(졸업),,,,,2026.4.24 4:56오후,2026.4.24 4:57오후,2026.4.24,2026.4.23,,,https://airtable.com/shr5t1qyPKytJvVBY?prefill_fldziB6bVRltNvUis=,2148,,,,,,,,
SSU002149,checked,,제품 철수(졸업),김민정,,,,2026.4.24 4:56오후,,2026.4.24,2026.9.3,,reczDxSXfbjbdK2PA,https://airtable.com/shr5t1qyPKytJvVBY?prefill_fldziB6bVRltNvUis=,2149,김민정,,,,,,,
SSU002150,checked,,제품 철수(졸업),김민정,,,,2026.4.24 4:57오후,,2026.4.24,2026.9.3,,recgKIkwJtNvxXdur,https://airtable.com/shr5t1qyPKytJvVBY?prefill_fldziB6bVRltNvUis=,2150,김민정,,,,,,,
SSU002151,checked,,제품 철수(졸업),김민정,,,,2026.4.24 4:57오후,,2026.4.24,2026.9.3,,rec80Fuay2SuS13Eq,https://airtable.com/shr5t1qyPKytJvVBY?prefill_fldziB6bVRltNvUis=,2151,김민정,,,,,,,
SSU002152,,,제품 철수(졸업),김민정,,,,2026.4.24 4:57오후,,2026.4.24,2026.9.3,,recSVDfiNy0rFDIws,https://airtable.com/shr5t1qyPKytJvVBY?prefill_fldziB6bVRltNvUis=,2152,김민정,,,,,,,
SSU002153,checked,,제품 철수(졸업),김민정,,,,2026.4.24 4:57오후,,2026.4.24,2026.9.3,,recYFHIX4XXaOffVZ,https://airtable.com/shr5t1qyPKytJvVBY?prefill_fldziB6bVRltNvUis=,2153,김민정,,,,,,,
SSU002154,,PT4476-스탠리슬림보틀_폴라화이트,일시품절,김민정,본사 재고 품절이며 입고예정일은 미정입니다.,스탠리 슬림 보틀,STLS,2026.4.27 9:33오전,2026.8.13 4:56오후,2026.4.27,2026.8.12,recuJdsdoDVRHBztP,,https://airtable.com/shr5t1qyPKytJvVBY?prefill_fldziB6bVRltNvUis=recuJdsdoDVRHBztP,2154,김민정,PT4476-스탠리슬림보틀_폴라화이트,,협력사,비의도적품절,비의도적_공급부족,Product Parts,checked
SSU002155,,PT4736-월드와이드멀티어댑터_블랙,판매가능,김하은,"협력사 재고 3,000개 재입고 완료되었습니다!",월드와이드 멀티어댑터,WWMA,2026.4.27 3:48오후,,2026.4.27,2026.9.3,rec5uSRIBFZ9hx77L,rec5uSRIBFZ9hx77L,https://airtable.com/shr5t1qyPKytJvVBY?prefill_fldziB6bVRltNvUis=rec5uSRIBFZ9hx77L,2155,김하은,PT4736-월드와이드멀티어댑터_블랙,,협력사,,,Product Parts,
SSU002156,,PT4768-EVA파우치(전용)_반투명,판매가능,김하은,내일 입고 예정으로 판매 재개합니다!!,"브랜디드 타월, 아트워크 타월","BDTW, AWTW",2026.4.29 3:49오후,,2026.4.29,2026.9.3,rect0niXMMcIpvLJB,rect0niXMMcIpvLJB,https://airtable.com/shr5t1qyPKytJvVBY?prefill_fldziB6bVRltNvUis=rect0niXMMcIpvLJB,2156,김하은,PT4768-EVA파우치(전용)_반투명,,신시어리,,,Package Parts,
SSU002157,checked,PT0794-사파리샤프_레드,판매가능,육승미,협력사 재고 있음 (336개),라미 사파리 펜,LAMY,2026.4.30 3:47오후,,2026.4.30,2026.9.3,recfxtfLCRehYZbnE,recfxtfLCRehYZbnE,https://airtable.com/shr5t1qyPKytJvVBY?prefill_fldziB6bVRltNvUis=recfxtfLCRehYZbnE,2157,육승미,PT0794-사파리샤프_레드,,협력사,,,Product Parts,
SSU002158,,PT4710-브릭스탠드멀티충전스테이션_화이트,판매가능,김민지,재고생산 완료되어 금일 베스트원 입고 완료 예정입니다.,브릭스탠드 멀티충전기,BSMC,2026.5.7 9:09오전,,2026.5.7,2026.9.3,recOEBHkwU1GJWNch,recOEBHkwU1GJWNch,https://airtable.com/shr5t1qyPKytJvVBY?prefill_fldziB6bVRltNvUis=recOEBHkwU1GJWNch,2158,김민지,PT4710-브릭스탠드멀티충전스테이션_화이트,,신시어리,,,Product Parts,
SSU002159,,PT0733-노트북스탠드패드_패드_다크그레이,판매가능,김하은,재입고 완료되어 판매재개합니다!,노트북 스탠드패드,NSTP,2026.5.7 11:20오전,,2026.5.7,2026.9.3,recZIByBQzefhMHlb,recZIByBQzefhMHlb,https://airtable.com/shr5t1qyPKytJvVBY?prefill_fldziB6bVRltNvUis=recZIByBQzefhMHlb,2159,김하은,PT0733-노트북스탠드패드_패드_다크그레이,,신시어리,,,Product Parts,
SSU002160,,PT4477-스탠리슬림보틀_해머톤그린,일시품절,김민정,총판 재고 품절로 일시품절 처리합니다. 재입고일은 미정으로 추후 다시 공유드리겠습니다.,스탠리 슬림 보틀,STLS,2026.5.7 11:47오전,,2026.5.7,2026.9.3,recsPKHhZzIPj9tx3,recsPKHhZzIPj9tx3,https://airtable.com/shr5t1qyPKytJvVBY?prefill_fldziB6bVRltNvUis=recsPKHhZzIPj9tx3,2160,김민정,PT4477-스탠리슬림보틀_해머톤그린,,협력사,비의도적품절,비의도적_공급부족,Product Parts,checked
SSU002161,,PT3086-휴대용치약(언파차차20g)_화이트,판매가능,김하은,화이트치약 협력사 재고 재입고 완료되어 판매재개합니다.,"스탠드-업 칫솔, 라운드 밤부 칫솔","STTB, RBTB",2026.5.8 5:44오후,2026.7.9 3:06오후,2026.5.8,2026.7.8,recBgB2Y0AhgyNZLJ,,https://airtable.com/shr5t1qyPKytJvVBY?prefill_fldziB6bVRltNvUis=recBgB2Y0AhgyNZLJ,2161,김하은,PT3086-휴대용치약(언파차차20g)_화이트,,협력사,,,Product Parts,
SSU002162,,PT3854-미스트워터보틀_반투명화이트,판매가능,이난영,반투명 화이트 색상 협력사에 입고되어 판매재개합니다.,미스트 워터보틀,MIST,2026.5.12 12:16오후,,2026.5.12,2026.9.3,recjfsnYVez8C9Lsi,recjfsnYVez8C9Lsi,https://airtable.com/shr5t1qyPKytJvVBY?prefill_fldziB6bVRltNvUis=recjfsnYVez8C9Lsi,2162,이난영,PT3854-미스트워터보틀_반투명화이트,,신시어리,,,Product Parts,
SSU002163,,PT4708-3단자동우산_블랙,판매가능,김민정,다음주 입고 예정으로 판매재개 합니다..,어드벤스 3단 자동우산,,2026.5.13 11:47오전,,2026.5.13,2026.9.3,recBBgq1MuSmMgbN3,recBBgq1MuSmMgbN3,https://airtable.com/shr5t1qyPKytJvVBY?prefill_fldziB6bVRltNvUis=recBBgq1MuSmMgbN3,2163,김민정,PT4708-3단자동우산_블랙,,신시어리,,,Product Parts,
SSU002164,,PT1139-슬라이드지퍼백(커스텀인쇄)_투명_200-2,의도적 품절,김민정,"옵션 단순화 대상으로, 재고소진하여 의도적 품절 처리합니다.",스탠드-업 칫솔,STTB,2026.5.21 1:49오후,,2026.5.21,2026.9.3,recZG6M8bnLaRpqZE,recZG6M8bnLaRpqZE,https://airtable.com/shr5t1qyPKytJvVBY?prefill_fldziB6bVRltNvUis=recZG6M8bnLaRpqZE,2164,김민정,PT1139-슬라이드지퍼백(커스텀인쇄)_투명_200-2,,신시어리,의도적품절,의도적_졸업예정,Package Parts,
SSU002165,checked,PT4856-어텐션스포츠보틀(GS),판매가능,김하은,직소싱으로 전환하며 파츠 변경,어텐션 스포츠 보틀,ATSB,2026.5.27 5:30오후,,2026.5.27,2026.9.3,recDQaXl1VIhdSPXR,recDQaXl1VIhdSPXR,https://airtable.com/shr5t1qyPKytJvVBY?prefill_fldziB6bVRltNvUis=recDQaXl1VIhdSPXR,2165,김하은,PT4856-어텐션스포츠보틀(GS),,신시어리,,,Product Parts,
SSU002166,checked,,제품 철수(졸업),김하은,PT4856-어텐션스포츠보틀(GS)로 전환되어 기존 파츠는 철수로 처리합니다.,,,2026.5.27 5:31오후,,2026.5.27,2026.9.3,,recKLeW0dXl8QjhUA,https://airtable.com/shr5t1qyPKytJvVBY?prefill_fldziB6bVRltNvUis=,2166,김하은,,,,의도적품절,의도적_리뉴얼예정,,
SSU002167,checked,PT5311-올데이텀블러(GS)_화이트,판매가능,김하은,최초 등록,올데이 텀블러,ADYT,2026.5.27 5:38오후,,2026.5.27,2026.9.3,recAdTQIbLZ3nw4I4,recAdTQIbLZ3nw4I4,https://airtable.com/shr5t1qyPKytJvVBY?prefill_fldziB6bVRltNvUis=recAdTQIbLZ3nw4I4,2167,김하은,PT5311-올데이텀블러(GS)_화이트,,신시어리,,,Product Parts,
SSU002168,checked,PT4615-올데이텀블러_화이트(ver2),제품 철수(졸업),김하은,직소싱으로 변경하며 PT5311-올데이텀블러(GS)_화이트로 파츠 변경되었음. 기존 파츠는 철수 처리합니다.,올데이 텀블러,ADYT,2026.5.27 5:39오후,,2026.5.27,2026.9.3,recy5U3ytIOoRtkXP,recy5U3ytIOoRtkXP,https://airtable.com/shr5t1qyPKytJvVBY?prefill_fldziB6bVRltNvUis=recy5U3ytIOoRtkXP,2168,김하은,PT4615-올데이텀블러_화이트(ver2),,신시어리,의도적품절,의도적_리뉴얼예정,Product Parts,
SSU002169,,PT3318-휴대용치약(언파차차30g)_블랙,일시품절,김하은,협력사 재고 품절로 일시 품절 (화이트 미니 치약만 판매 가능합니다),"스탠드-업 칫솔, 라운드 밤부 칫솔","STTB, RBTB",2026.5.28 11:47오전,2026.7.9 3:06오후,2026.5.28,2026.7.8,recTcV76vucflNOeC,,https://airtable.com/shr5t1qyPKytJvVBY?prefill_fldziB6bVRltNvUis=recTcV76vucflNOeC,2169,김하은,PT3318-휴대용치약(언파차차30g)_블랙,,협력사,비의도적품절,비의도적_공급부족,Product Parts,
SSU002170,checked,PT4722-오아시스미니마사지건_블랙,판매가능,김하은,최초 등록,오아시스 미니 마사지건,OMMG,2026.5.29 10:21오전,2026.5.29 10:56오전,2026.5.29,2026.5.28,recnsYr68xMWlLSck,,https://airtable.com/shr5t1qyPKytJvVBY?prefill_fldziB6bVRltNvUis=recnsYr68xMWlLSck,2170,김하은,PT4722-오아시스미니마사지건_블랙,,신시어리,,,Product Parts,
SSU002171,,PT4722-오아시스미니마사지건_블랙,품절예정,김하은,"마사지건 블랙 옵션은 인쇄 난이도 및 운영 효율 이슈로 리오더 제외 예정이며, 현재 재고 소진 후 품절 예정입니다. 현재 50개 1건정도만 더 진행 가능합니다!",오아시스 미니 마사지건,OMMG,2026.5.29 10:56오전,2026.7.28 5:15오후,2026.5.29,2026.7.27,recnsYr68xMWlLSck,,https://airtable.com/shr5t1qyPKytJvVBY?prefill_fldziB6bVRltNvUis=recnsYr68xMWlLSck,2171,김하은,PT4722-오아시스미니마사지건_블랙,,신시어리,의도적품절,의도적_재고효율화,Product Parts,
SSU002172,,PT5385-슬림터보선풍기(냉각패드형)_화이트,품절예정,김하은,"슬림 터보(냉각패드형) 현재고 670개이며, 협력사 재고는 6월 말 재입고 예정으로 품절 가능성이 있어 품절 예정으로 공지드립니다. 선풍기류 제안 시 슬림 터보 선풍기(베이직) / 칠링패드 선풍기 위주로 우선 소진 요청드립니다!",슬림 터보 선풍기,FANC,2026.6.2 10:59오전,2026.7.3 3:00오후,2026.6.2,2026.7.2,recmFVPuyyJwpW0Ii,,https://airtable.com/shr5t1qyPKytJvVBY?prefill_fldziB6bVRltNvUis=recmFVPuyyJwpW0Ii,2172,김하은,PT5385-슬림터보선풍기(냉각패드형)_화이트,,신시어리,의도적품절,의도적_재고효율화,Product Parts,
SSU002173,,,품절예정,육승미,"현 재고 1000개(용량 무관) 소진 이후 제조사 폐업으로 단종 예정입니다. 
응대중인 문의 건 확인 부탁드립니다. 발주 완료된 건은 이상없이 제작 가능합니다.",,,2026.6.4 4:47오후,2026.7.13 2:00오후,2026.6.4,2026.7.12,,,https://airtable.com/shr5t1qyPKytJvVBY?prefill_fldziB6bVRltNvUis=,2173,육승미,,,,비의도적품절,비의도적_기타,,
SSU002174,,,품절예정,육승미,"현 재고 1000개(용량 무관) 소진 이후 제조사 폐업으로 단종 예정입니다. 
응대중인 문의 건 확인 부탁드립니다. 발주 완료된 건은 이상없이 제작 가능합니다.",,,2026.6.4 4:48오후,2026.7.13 2:00오후,2026.6.4,2026.7.12,,,https://airtable.com/shr5t1qyPKytJvVBY?prefill_fldziB6bVRltNvUis=,2174,육승미,,,,비의도적품절,비의도적_기타,,
SSU002175,,,품절예정,육승미,"현 재고 1000개(용량 무관) 소진 이후 제조사 폐업으로 단종 예정입니다. 
응대중인 문의 건 확인 부탁드립니다. 발주 완료된 건은 이상없이 제작 가능합니다.",,,2026.6.4 4:48오후,2026.7.13 1:59오후,2026.6.4,2026.7.12,,,https://airtable.com/shr5t1qyPKytJvVBY?prefill_fldziB6bVRltNvUis=,2175,육승미,,,,비의도적품절,비의도적_기타,,
SSU002176,,PT4330-히트업손난로보조배터리_화이트,의도적 품절,김하은,"손난로 배터리 하절기 비시즌이므로 의도적 품절 처리합니다. 시즌 재개 전까지 건별로 협력사 재고 확인 부탁드립니다! (화이트, 그레이, 핑크 모두)",히트업 손난로 보조배터리,HTUS,2026.6.9 2:46오후,2026.8.21 12:10오후,2026.6.9,2026.8.20,recnvehbqsffrVMPd,,https://airtable.com/shr5t1qyPKytJvVBY?prefill_fldziB6bVRltNvUis=recnvehbqsffrVMPd,2176,김하은,PT4330-히트업손난로보조배터리_화이트,,협력사,의도적품절,의도적_시즌종료,Product Parts,
SSU002177,checked,PT4332-히트업손난로보조배터리_핑크,의도적 품절,김하은,"손난로 배터리 하절기 비시즌이므로 의도적 품절 처리합니다. 시즌 재개 전까지 건별로 협력사 재고 확인 부탁드립니다! (화이트, 그레이, 핑크 모두)",히트업 손난로 보조배터리,HTUS,2026.6.9 2:47오후,2026.8.21 12:11오후,2026.6.9,2026.8.20,reca6IyslB6UtgeKO,,https://airtable.com/shr5t1qyPKytJvVBY?prefill_fldziB6bVRltNvUis=reca6IyslB6UtgeKO,2177,김하은,PT4332-히트업손난로보조배터리_핑크,,협력사,의도적품절,의도적_시즌종료,Product Parts,
SSU002178,checked,,의도적 품절,김민지,"협력사 재고 일시품절입니다. 
6/18 입고 되는 재고부터는 리뉴얼 기물인점 참고 부탁드립니다.
외관은 거의 동일하며 디테일이 살짝 다르고 무게가 더 가벼워진점 참고 부탁드리며
재입고 일정 참고하시어 고객응대 부탁드립니다.",,,2026.6.10 10:55오전,2026.6.24 3:03오후,2026.6.10,2026.6.23,,,https://airtable.com/shr5t1qyPKytJvVBY?prefill_fldziB6bVRltNvUis=,2178,김민지,,,,의도적품절,의도적_리뉴얼예정,,
SSU002179,,PT2970-메시지캐리어파우치_메탈그레이,의도적 품절,김하은,옵션 단순화 대상으로 추가 매입계획이 없어 의도적 품절처리합니다. 잔여재고 30개로 다른 색상과 섞어서 진행은 가능합니다!,메시지 캐리어 파우치,MSGC,2026.6.11 9:41오전,,2026.6.11,2026.9.3,recT95r7975gjV8H4,recT95r7975gjV8H4,https://airtable.com/shr5t1qyPKytJvVBY?prefill_fldziB6bVRltNvUis=recT95r7975gjV8H4,2179,김하은,PT2970-메시지캐리어파우치_메탈그레이,,신시어리,의도적품절,의도적_졸업예정,Product Parts,
SSU002180,,PT5386-슬림터보선풍기(냉각패드형)_올리브,일시품절,육승미,"협력사 재고소진으로 일시품절입니다. 재입고 일정 6월 내 없습니다. 
추후 재입고 일정 확인되는대로 업데이트하겠습니다.
(올리브만 재입고 미정 / 화이트는 6월 말 협력사 재고 5천개 입고 예정)",슬림 터보 선풍기,FANC,2026.6.15 11:30오전,2026.7.31 2:13오후,2026.6.15,2026.7.30,recZUlG4eYob6kSCQ,,https://airtable.com/shr5t1qyPKytJvVBY?prefill_fldziB6bVRltNvUis=recZUlG4eYob6kSCQ,2180,육승미,PT5386-슬림터보선풍기(냉각패드형)_올리브,,협력사,비의도적품절,비의도적_공급부족,Product Parts,
SSU002181,,PT4745-임팩트슬로건타월_화이트,일시품절,김민지,"PNA52556-주한미국대사관공공외교과 건 13,000개 발주 확정으로 일시품절되었습니다.

원단 재입고 일정은 7/23 예정으로 참고하시어 고객응대 부탁드립니다.",임팩트 슬로건타월,IPST,2026.6.17 2:20오후,2026.7.10 9:45오전,2026.6.17,2026.7.9,recvzDdo7NQXMXUSQ,,https://airtable.com/shr5t1qyPKytJvVBY?prefill_fldziB6bVRltNvUis=recvzDdo7NQXMXUSQ,2181,김민지,PT4745-임팩트슬로건타월_화이트,,생산,비의도적품절,비의도적_수요초과,Product Parts,checked
SSU002182,,PT4796-밀크에코컵(레귤러)_화이트,판매가능,육승미,6/23 재고 재입고 예정으로 판매 재개합니다,밀크 에코컵,MKEC,2026.6.17 5:43오후,,2026.6.17,2026.9.3,recux2CCJl0co5f7d,recux2CCJl0co5f7d,https://airtable.com/shr5t1qyPKytJvVBY?prefill_fldziB6bVRltNvUis=recux2CCJl0co5f7d,2182,육승미,PT4796-밀크에코컵(레귤러)_화이트,,협력사,,,Product Parts,
SSU002183,checked,PT4830-솔리드레디백_블랙,판매가능,김하은,최초등록,솔리드 레디백,SORB,2026.6.19 1:56오후,2026.6.19 2:02오후,2026.6.19,2026.6.18,recEJkQHNjbCCFI0V,,https://airtable.com/shr5t1qyPKytJvVBY?prefill_fldziB6bVRltNvUis=recEJkQHNjbCCFI0V,2183,김하은,PT4830-솔리드레디백_블랙,,신시어리,,,Product Parts,
SSU002184,,PT4830-솔리드레디백_블랙,품절예정,김하은,"현 재고 40개 가능하며, 7월 둘째주 입고 예정입니다. (정확한 입고일정 확인되면 다시 공지드리겠습니다!)",솔리드 레디백,SORB,2026.6.19 2:02오후,2026.7.7 5:37오후,2026.6.19,2026.7.6,recEJkQHNjbCCFI0V,,https://airtable.com/shr5t1qyPKytJvVBY?prefill_fldziB6bVRltNvUis=recEJkQHNjbCCFI0V,2184,김하은,PT4830-솔리드레디백_블랙,,신시어리,비의도적품절,비의도적_공급부족,Product Parts,
SSU002185,,PT3353-메시지캐리어파우치_매트블랙,판매가능,육승미,재고 500개 추가 확보하여 현 가용재고 596개로 판매재개합니다,메시지 캐리어 파우치,MSGC,2026.6.22 2:07오후,,2026.6.22,2026.9.3,recaSvDfs8zsNZ3Fz,recaSvDfs8zsNZ3Fz,https://airtable.com/shr5t1qyPKytJvVBY?prefill_fldziB6bVRltNvUis=recaSvDfs8zsNZ3Fz,2185,육승미,PT3353-메시지캐리어파우치_매트블랙,,신시어리,,,Product Parts,
SSU002186,,PT0901-뮤지엄머그_화이트,의도적 품절,김하은,"진행 예정인 건으로 잔여 재고 소진되었으며, 졸업 예정으로 추가 매입 계획이 없어 의도적 품절 처리합니다!",뮤지엄 머그,MMUG,2026.6.22 3:46오후,2026.7.30 2:34오후,2026.6.22,2026.7.29,recOjmlu8C4S06TJ9,,https://airtable.com/shr5t1qyPKytJvVBY?prefill_fldziB6bVRltNvUis=recOjmlu8C4S06TJ9,2186,김하은,PT0901-뮤지엄머그_화이트,,신시어리,의도적품절,의도적_졸업예정,Product Parts,
SSU002187,,PT5147-베이직도킹형보조배터리(type-C/C)_화이트,일시품절,김민지,협력사 재고 품절,베이직 도킹형 보조배터리,BASD,2026.6.24 1:52오후,2026.7.6 11:27오전,2026.6.24,2026.7.5,recCsLtnW8loKi26c,,https://airtable.com/shr5t1qyPKytJvVBY?prefill_fldziB6bVRltNvUis=recCsLtnW8loKi26c,2187,김민지,PT5147-베이직도킹형보조배터리(type-C/C)_화이트,,협력사,비의도적품절,비의도적_공급부족,Product Parts,checked
SSU002188,,,일시품절,김민지,협력사 재고 퀄리티가 좋지 않아 일시품절처리 합니다.,,,2026.6.24 3:03오후,2026.8.12 11:47오전,2026.6.24,2026.8.11,,,https://airtable.com/shr5t1qyPKytJvVBY?prefill_fldziB6bVRltNvUis=,2188,김민지,,,,비의도적품절,비의도적_리스크발생,,checked
SSU002189,,,제품 철수(졸업),김민정,포인트업 러그 졸업 공지입니다.,,,2026.6.25 9:36오전,2026.6.25 9:40오전,2026.6.25,2026.6.24,,,https://airtable.com/shr5t1qyPKytJvVBY?prefill_fldziB6bVRltNvUis=,2189,김민정,,,,,,,
SSU002191,checked,,제품 철수(졸업),,포인트업 러그 졸업 공지입니다.,,,2026.6.25 9:40오전,,2026.6.25,2026.9.3,,recHsAfzBJchxxKYE,https://airtable.com/shr5t1qyPKytJvVBY?prefill_fldziB6bVRltNvUis=,2191,,,,,,,,
SSU002190,checked,,제품 철수(졸업),,포인트업 러그 졸업 공지입니다.,,,2026.6.25 9:40오전,,2026.6.25,2026.9.3,,recnkQM1aMHK629Ae,https://airtable.com/shr5t1qyPKytJvVBY?prefill_fldziB6bVRltNvUis=,2190,,,,,,,,
SSU002192,checked,,제품 철수(졸업),,포인트업 러그 졸업 공지입니다.,,,2026.6.25 9:40오전,,2026.6.25,2026.9.3,,recETE7nnD9lpNe8B,https://airtable.com/shr5t1qyPKytJvVBY?prefill_fldziB6bVRltNvUis=,2192,,,,,,,,
SSU002193,checked,,제품 철수(졸업),,포인트업 러그 졸업 공지입니다.,,,2026.6.25 9:40오전,,2026.6.25,2026.9.3,,recjwz0M65cmRdx9r,https://airtable.com/shr5t1qyPKytJvVBY?prefill_fldziB6bVRltNvUis=,2193,,,,,,,,
SSU002194,checked,,제품 철수(졸업),,포인트업 러그 졸업 공지입니다.,,,2026.6.25 9:40오전,,2026.6.25,2026.9.3,,recdN8NpFWwsFA49D,https://airtable.com/shr5t1qyPKytJvVBY?prefill_fldziB6bVRltNvUis=,2194,,,,,,,,
SSU002195,checked,,제품 철수(졸업),,포인트업 러그 졸업 공지입니다.,,,2026.6.25 9:40오전,,2026.6.25,2026.9.3,,rec3gzWLVTvNGwFCE,https://airtable.com/shr5t1qyPKytJvVBY?prefill_fldziB6bVRltNvUis=,2195,,,,,,,,
SSU002201,checked,,제품 철수(졸업),,포인트업 러그 졸업 공지입니다.,,,2026.6.25 9:40오전,2026.6.25 9:40오전,2026.6.25,2026.6.24,,,https://airtable.com/shr5t1qyPKytJvVBY?prefill_fldziB6bVRltNvUis=,2201,,,,,,,,
SSU002196,checked,,제품 철수(졸업),,포인트업 러그 졸업 공지입니다.,,,2026.6.25 9:40오전,,2026.6.25,2026.9.3,,rec02e6ktYLIWCtI2,https://airtable.com/shr5t1qyPKytJvVBY?prefill_fldziB6bVRltNvUis=,2196,,,,,,,,
SSU002200,checked,,제품 철수(졸업),,포인트업 러그 졸업 공지입니다.,,,2026.6.25 9:40오전,2026.6.25 9:40오전,2026.6.25,2026.6.24,,,https://airtable.com/shr5t1qyPKytJvVBY?prefill_fldziB6bVRltNvUis=,2200,,,,,,,,
SSU002199,checked,,제품 철수(졸업),,포인트업 러그 졸업 공지입니다.,,,2026.6.25 9:40오전,,2026.6.25,2026.9.3,,rec6yrNj0v4PSNf0S,https://airtable.com/shr5t1qyPKytJvVBY?prefill_fldziB6bVRltNvUis=,2199,,,,,,,,
SSU002202,checked,,제품 철수(졸업),,포인트업 러그 졸업 공지입니다.,,,2026.6.25 9:40오전,2026.6.25 9:40오전,2026.6.25,2026.6.24,,,https://airtable.com/shr5t1qyPKytJvVBY?prefill_fldziB6bVRltNvUis=,2202,,,,,,,,
SSU002198,checked,,제품 철수(졸업),,포인트업 러그 졸업 공지입니다.,,,2026.6.25 9:40오전,,2026.6.25,2026.9.3,,rec6bP0DdJ4GBR6cu,https://airtable.com/shr5t1qyPKytJvVBY?prefill_fldziB6bVRltNvUis=,2198,,,,,,,,
SSU002197,checked,,제품 철수(졸업),,포인트업 러그 졸업 공지입니다.,,,2026.6.25 9:40오전,,2026.6.25,2026.9.3,,recfFZjEZ6ZvYfzlb,https://airtable.com/shr5t1qyPKytJvVBY?prefill_fldziB6bVRltNvUis=,2197,,,,,,,,
SSU002203,checked,,제품 철수(졸업),,포인트업 러그 졸업 공지입니다.,,,2026.6.25 9:40오전,,2026.6.25,2026.9.3,,recnkQM1aMHK629Ae,https://airtable.com/shr5t1qyPKytJvVBY?prefill_fldziB6bVRltNvUis=,2203,,,,,,,,
SSU002204,,,제품 철수(졸업),김민정,웹캠커버 졸업 공지입니다.,,,2026.6.25 9:51오전,,2026.6.25,2026.9.3,,recEClqV2hmcIS4eR,https://airtable.com/shr5t1qyPKytJvVBY?prefill_fldziB6bVRltNvUis=,2204,김민정,,,,,,,
SSU002205,checked,PT3855-미스트워터보틀_다크그레이,제품 철수(졸업),김하은,졸업 확정,미스트 워터보틀,MIST,2026.6.25 2:29오후,,2026.6.25,2026.9.3,rectwHwXV2IUhBBSy,rectwHwXV2IUhBBSy,https://airtable.com/shr5t1qyPKytJvVBY?prefill_fldziB6bVRltNvUis=rectwHwXV2IUhBBSy,2205,김하은,PT3855-미스트워터보틀_다크그레이,,신시어리,,,Product Parts,
SSU002206,checked,,의도적 품절,김하은,졸업 확정,,,2026.6.25 2:29오후,2026.7.13 1:55오후,2026.6.25,2026.7.12,,,https://airtable.com/shr5t1qyPKytJvVBY?prefill_fldziB6bVRltNvUis=,2206,김하은,,,,,,,
SSU002207,checked,PT3856-미스트워터보틀_더스티핑크,제품 철수(졸업),김하은,졸업 확정,미스트 워터보틀,MIST,2026.6.25 2:29오후,,2026.6.25,2026.9.3,reczhBTwD3QmLu6uO,reczhBTwD3QmLu6uO,https://airtable.com/shr5t1qyPKytJvVBY?prefill_fldziB6bVRltNvUis=reczhBTwD3QmLu6uO,2207,김하은,PT3856-미스트워터보틀_더스티핑크,,신시어리,,,Product Parts,
SSU002208,checked,PT3306-트래블2in1목베개,제품 철수(졸업),김하은,졸업 확정,트래블 2in1 목베개,NKPL,2026.6.25 2:30오후,2026.9.3 11:28오전,2026.6.25,2026.9.2,recdZa7cJ0IClHdy8,,https://airtable.com/shr5t1qyPKytJvVBY?prefill_fldziB6bVRltNvUis=recdZa7cJ0IClHdy8,2208,김하은,PT3306-트래블2in1목베개,,생산,,,Product Parts,
SSU002209,,PT4729-커넥트6in1케이블키트_본품,품절예정,김민정,"현재고 200개로 품절 예정입니다. 
5,000개 재입고 예정이며 7월 8일 전후로 예상됩니다.",커넥트 6in1 케이블키트,CCKT,2026.6.25 4:12오후,2026.6.26 10:21오전,2026.6.25,2026.6.25,recRURO1zNSUQS3P6,,https://airtable.com/shr5t1qyPKytJvVBY?prefill_fldziB6bVRltNvUis=recRURO1zNSUQS3P6,2209,김민정,PT4729-커넥트6in1케이블키트_본품,,신시어리,,,Product Parts,
SSU002210,,PT4729-커넥트6in1케이블키트_본품,일시품절,김하은,체크파이널 인입건으로 재고 소진되었으며 7/8 재입고 예정입니다!,커넥트 6in1 케이블키트,CCKT,2026.6.26 10:21오전,2026.7.2 11:49오전,2026.6.26,2026.7.1,recRURO1zNSUQS3P6,,https://airtable.com/shr5t1qyPKytJvVBY?prefill_fldziB6bVRltNvUis=recRURO1zNSUQS3P6,2210,김하은,PT4729-커넥트6in1케이블키트_본품,,신시어리,비의도적품절,비의도적_공급부족,Product Parts,checked
SSU002211,,,의도적 품절,이난영,제품 졸업 예정으로 품절합니다.,,,2026.6.26 2:21오후,2026.7.13 1:57오후,2026.6.26,2026.7.12,,,https://airtable.com/shr5t1qyPKytJvVBY?prefill_fldziB6bVRltNvUis=,2211,이난영,,,,의도적품절,의도적_졸업예정,,
SSU002212,,,의도적 품절,이난영,제품 졸업예정으로 품절합니다.,,,2026.6.26 2:21오후,2026.7.13 1:57오후,2026.6.26,2026.7.12,,,https://airtable.com/shr5t1qyPKytJvVBY?prefill_fldziB6bVRltNvUis=,2212,이난영,,,,의도적품절,의도적_졸업예정,,
SSU002213,,PT5294-모먼트골드스파클,일시품절,이난영,협력사 폐업으로 품절합니다.,모먼트 골드스파클,MGOL,2026.6.30 4:09오후,,2026.6.30,2026.9.3,rectaTimn1D1Nytbl,rectaTimn1D1Nytbl,https://airtable.com/shr5t1qyPKytJvVBY?prefill_fldziB6bVRltNvUis=rectaTimn1D1Nytbl,2213,이난영,PT5294-모먼트골드스파클,,생산,비의도적품절,비의도적_기타,Product Parts,checked
SSU002214,,PT4729-커넥트6in1케이블키트_본품,판매가능,김민정,7/8 입고 예정으로 판매 재개 합니다.,커넥트 6in1 케이블키트,CCKT,2026.7.2 11:49오전,,2026.7.2,2026.9.3,recRURO1zNSUQS3P6,recRURO1zNSUQS3P6,https://airtable.com/shr5t1qyPKytJvVBY?prefill_fldziB6bVRltNvUis=recRURO1zNSUQS3P6,2214,김민정,PT4729-커넥트6in1케이블키트_본품,,신시어리,,,Product Parts,
SSU002215,,PT5385-슬림터보선풍기(냉각패드형)_화이트,판매가능,김하은,"협력사 재고 5,000개 입고되어 품절예정 해제합니다 (선매입재고도 600개 보유중입니다!)",슬림 터보 선풍기,FANC,2026.7.3 3:00오후,2026.7.16 4:36오후,2026.7.3,2026.7.15,recmFVPuyyJwpW0Ii,,https://airtable.com/shr5t1qyPKytJvVBY?prefill_fldziB6bVRltNvUis=recmFVPuyyJwpW0Ii,2215,김하은,PT5385-슬림터보선풍기(냉각패드형)_화이트,,신시어리,,,Product Parts,
SSU002216,checked,PT4616-올데이텀블러_블랙(ver2),제품 철수(졸업),김하은,"올데이텀블러 블랙, 그린 졸업 (화이트만 판매)",올데이 텀블러,ADYT,2026.7.6 10:17오전,,2026.7.6,2026.9.3,recAvzSlKUH1kStNq,recAvzSlKUH1kStNq,https://airtable.com/shr5t1qyPKytJvVBY?prefill_fldziB6bVRltNvUis=recAvzSlKUH1kStNq,2216,김하은,PT4616-올데이텀블러_블랙(ver2),,협력사,,,Product Parts,
SSU002217,checked,PT4617-올데이텀블러_그린(ver2),제품 철수(졸업),김하은,"올데이텀블러 블랙, 그린 졸업 (화이트만 판매)",올데이 텀블러,ADYT,2026.7.6 10:17오전,,2026.7.6,2026.9.3,recN8ErSrAV7h2W7N,recN8ErSrAV7h2W7N,https://airtable.com/shr5t1qyPKytJvVBY?prefill_fldziB6bVRltNvUis=recN8ErSrAV7h2W7N,2217,김하은,PT4617-올데이텀블러_그린(ver2),,협력사,,,Product Parts,
SSU002218,,PT1731-폴더블텀블러_스틸블루,일시품절,김하은,협력사 재고 품절이며 재입고 일정 미정입니다.,폴더블 텀블러,FOLC,2026.7.6 11:23오전,,2026.7.6,2026.9.3,recISvKAO9utGoHWk,recISvKAO9utGoHWk,https://airtable.com/shr5t1qyPKytJvVBY?prefill_fldziB6bVRltNvUis=recISvKAO9utGoHWk,2218,김하은,PT1731-폴더블텀블러_스틸블루,,협력사,비의도적품절,비의도적_공급부족,Product Parts,
SSU002219,,PT5147-베이직도킹형보조배터리(type-C/C)_화이트,판매가능,김민지,협력사 재입고 일정 7/8 8000개 확정되어 판매재개 합니다.,베이직 도킹형 보조배터리,BASD,2026.7.6 11:27오전,,2026.7.6,2026.9.3,recCsLtnW8loKi26c,recCsLtnW8loKi26c,https://airtable.com/shr5t1qyPKytJvVBY?prefill_fldziB6bVRltNvUis=recCsLtnW8loKi26c,2219,김민지,PT5147-베이직도킹형보조배터리(type-C/C)_화이트,,협력사,,,Product Parts,
SSU002220,,PT4830-솔리드레디백_블랙,판매가능,김민정,7/10 또는 7/13 입고 예정으로 판매재개 합니다.,솔리드 레디백,SORB,2026.7.7 5:37오후,,2026.7.7,2026.9.3,recEJkQHNjbCCFI0V,recEJkQHNjbCCFI0V,https://airtable.com/shr5t1qyPKytJvVBY?prefill_fldziB6bVRltNvUis=recEJkQHNjbCCFI0V,2220,김민정,PT4830-솔리드레디백_블랙,,신시어리,,,Product Parts,
SSU002221,,PT1464-올블랙펜_매트블랙,판매가능,김민지,7/14 재입고 예정으로 판매재개 합니다.,올 블랙 펜,ALBP,2026.7.9 10:17오전,,2026.7.9,2026.9.3,recdZIETtzg8v1aj8,recdZIETtzg8v1aj8,https://airtable.com/shr5t1qyPKytJvVBY?prefill_fldziB6bVRltNvUis=recdZIETtzg8v1aj8,2221,김민지,PT1464-올블랙펜_매트블랙,,협력사,,,Product Parts,
SSU002222,,PT3086-휴대용치약(언파차차20g)_화이트,일시품절,김하은,"언파차차 치약 화이트 품절, 대신 블랙이 재입고 되었습니다!","스탠드-업 칫솔, 라운드 밤부 칫솔","STTB, RBTB",2026.7.9 3:06오후,,2026.7.9,2026.9.3,recBgB2Y0AhgyNZLJ,recBgB2Y0AhgyNZLJ,https://airtable.com/shr5t1qyPKytJvVBY?prefill_fldziB6bVRltNvUis=recBgB2Y0AhgyNZLJ,2222,김하은,PT3086-휴대용치약(언파차차20g)_화이트,,협력사,비의도적품절,비의도적_공급부족,Product Parts,
SSU002223,,PT3318-휴대용치약(언파차차30g)_블랙,판매가능,김하은,"언파차차 치약 화이트 품절, 대신 블랙이 재입고 되었습니다!","스탠드-업 칫솔, 라운드 밤부 칫솔","STTB, RBTB",2026.7.9 3:06오후,,2026.7.9,2026.9.3,recTcV76vucflNOeC,recTcV76vucflNOeC,https://airtable.com/shr5t1qyPKytJvVBY?prefill_fldziB6bVRltNvUis=recTcV76vucflNOeC,2223,김하은,PT3318-휴대용치약(언파차차30g)_블랙,,협력사,,,Product Parts,
SSU002224,,PT4745-임팩트슬로건타월_화이트,판매가능,김민지,협력사 원단 7/15 재입고 일정 확정으로 판매재개 합니다!,임팩트 슬로건타월,IPST,2026.7.10 9:45오전,,2026.7.10,2026.9.3,recvzDdo7NQXMXUSQ,recvzDdo7NQXMXUSQ,https://airtable.com/shr5t1qyPKytJvVBY?prefill_fldziB6bVRltNvUis=recvzDdo7NQXMXUSQ,2224,김민지,PT4745-임팩트슬로건타월_화이트,,생산,,,Product Parts,
SSU002225,,,제품 철수(졸업),김하은,포터블 캠핑 롤테이블 졸업공지입니다.,,,2026.7.13 1:55오후,,2026.7.13,2026.9.3,,recffkULIMFmjOnhC,https://airtable.com/shr5t1qyPKytJvVBY?prefill_fldziB6bVRltNvUis=,2225,김하은,,,,,,,
SSU002226,,,제품 철수(졸업),김하은,"마그넷 오프너 좋업 공지입니다. (원형, 타원형 모두)",,,2026.7.13 1:57오후,,2026.7.13,2026.9.3,,reckKMiFWFHUHixib,https://airtable.com/shr5t1qyPKytJvVBY?prefill_fldziB6bVRltNvUis=,2226,김하은,,,,,,,
SSU002227,checked,,제품 철수(졸업),김하은,"마그넷 오프너 좋업 공지입니다. (원형, 타원형 모두)",,,2026.7.13 1:57오후,,2026.7.13,2026.9.3,,recvcI3NBIj5F7lT0,https://airtable.com/shr5t1qyPKytJvVBY?prefill_fldziB6bVRltNvUis=,2227,김하은,,,,,,,
SSU002228,,,제품 철수(졸업),김하은,플레인 USB 졸업공지입니다.,,,2026.7.13 1:59오후,,2026.7.13,2026.9.3,,recLE2vNeZbhRUtZ5,https://airtable.com/shr5t1qyPKytJvVBY?prefill_fldziB6bVRltNvUis=,2228,김하은,,,,,,,
SSU002229,checked,,제품 철수(졸업),김하은,플레인 USB 졸업공지입니다.,,,2026.7.13 2:00오후,,2026.7.13,2026.9.3,,recJ7Q9ZIflDnhog4,https://airtable.com/shr5t1qyPKytJvVBY?prefill_fldziB6bVRltNvUis=,2229,김하은,,,,,,,
SSU002230,checked,,제품 철수(졸업),김하은,플레인 USB 졸업공지입니다.,,,2026.7.13 2:00오후,,2026.7.13,2026.9.3,,recU9h9MbBVRRyt0p,https://airtable.com/shr5t1qyPKytJvVBY?prefill_fldziB6bVRltNvUis=,2230,김하은,,,,,,,
SSU002231,,,제품 철수(졸업),김하은,소프트 터치 블루투스 키보드 졸업 공지입니다.,,,2026.7.13 2:03오후,,2026.7.13,2026.9.3,,rec9CGI6s3RCALV0u,https://airtable.com/shr5t1qyPKytJvVBY?prefill_fldziB6bVRltNvUis=,2231,김하은,,,,,,,
SSU002232,,PT0403-바스켓_리드_오트밀,제품 철수(졸업),김하은,"Basket 패키지 졸업공지입니다. (오트밀, 그레이 모두)",Basket 패키지,BSKP,2026.7.13 2:08오후,,2026.7.13,2026.9.3,recWWsWlmrVngVa9x,recWWsWlmrVngVa9x,https://airtable.com/shr5t1qyPKytJvVBY?prefill_fldziB6bVRltNvUis=recWWsWlmrVngVa9x,2232,김하은,PT0403-바스켓_리드_오트밀,,신시어리,,,Product Parts,
SSU002233,checked,PT0400-바스켓_리드_그레이,제품 철수(졸업),김하은,"Basket 패키지 졸업공지입니다. (오트밀, 그레이 모두)",Basket 패키지,BSKP,2026.7.13 2:16오후,,2026.7.13,2026.9.3,recjakRGIr1gILnRK,recjakRGIr1gILnRK,https://airtable.com/shr5t1qyPKytJvVBY?prefill_fldziB6bVRltNvUis=recjakRGIr1gILnRK,2233,김하은,PT0400-바스켓_리드_그레이,,신시어리,,,Product Parts,
SSU002234,checked,PT0404-바스켓_바디_오트밀,제품 철수(졸업),김하은,"Basket 패키지 졸업공지입니다. (오트밀, 그레이 모두)",Basket 패키지,BSKP,2026.7.13 2:16오후,,2026.7.13,2026.9.3,rec1Q1WMcg0IQSbbn,rec1Q1WMcg0IQSbbn,https://airtable.com/shr5t1qyPKytJvVBY?prefill_fldziB6bVRltNvUis=rec1Q1WMcg0IQSbbn,2234,김하은,PT0404-바스켓_바디_오트밀,,신시어리,,,Product Parts,
SSU002235,checked,PT0407-바스켓_바디_그레이,제품 철수(졸업),김하은,"Basket 패키지 졸업공지입니다. (오트밀, 그레이 모두)",Basket 패키지,BSKP,2026.7.13 2:18오후,,2026.7.13,2026.9.3,recIDT5CkOEBju2gv,recIDT5CkOEBju2gv,https://airtable.com/shr5t1qyPKytJvVBY?prefill_fldziB6bVRltNvUis=recIDT5CkOEBju2gv,2235,김하은,PT0407-바스켓_바디_그레이,,신시어리,,,Product Parts,
SSU002236,,PT5385-슬림터보선풍기(냉각패드형)_화이트,품절예정,김하은,"선매입 재고 약 60개 남아있으며, 다른 선풍기 우선 소진을 위해 추가 매입 계획이 없습니다. 칠링패드, 슬림터보_베이직 위주로 대체하여 응대 부탁드립니다!",슬림 터보 선풍기,FANC,2026.7.16 4:36오후,2026.8.4 2:22오후,2026.7.16,2026.8.3,recmFVPuyyJwpW0Ii,,https://airtable.com/shr5t1qyPKytJvVBY?prefill_fldziB6bVRltNvUis=recmFVPuyyJwpW0Ii,2236,김하은,PT5385-슬림터보선풍기(냉각패드형)_화이트,,신시어리,의도적품절,의도적_재고효율화,Product Parts,
SSU002237,,PT4391-스탠리데일리텀블러_매트블랙,일시품절,김민정,"이번에 텀블러 화이트와 그린만 입고되어, 블랙은 일시품절입니다.
입고일 확인되면 재공유 드리겠습니다!",스탠리 데일리 텀블러,STLD,2026.7.21 10:55오전,,2026.7.21,2026.9.3,rec36X3VknUXJImhJ,rec36X3VknUXJImhJ,https://airtable.com/shr5t1qyPKytJvVBY?prefill_fldziB6bVRltNvUis=rec36X3VknUXJImhJ,2237,김민정,PT4391-스탠리데일리텀블러_매트블랙,,협력사,비의도적품절,비의도적_공급부족,Product Parts,
SSU002238,,PT1729-펠트스트링파우치(커스텀인쇄)_그레이_200-1,일시품절,김하은,전산-실재고 오차로 실재고가 품절인 것으로 확인되어 일시품절로 공지드립니다.,"포시즌 블랭킷, 메시지 캐리어 파우치","FSBL, MSGC",2026.7.22 1:58오후,2026.8.13 4:52오후,2026.7.22,2026.8.12,rec1yRS1A3GPPmhtp,,https://airtable.com/shr5t1qyPKytJvVBY?prefill_fldziB6bVRltNvUis=rec1yRS1A3GPPmhtp,2238,김하은,PT1729-펠트스트링파우치(커스텀인쇄)_그레이_200-1,,신시어리,비의도적품절,비의도적_기타,Package Parts,
SSU002239,checked,PT5518-마이타입4-Way백팩_블랙,판매가능,김하은,최초등록,마이타입 4-Way 백팩,BAGG,2026.7.23 3:44오후,,2026.7.23,2026.9.3,recdBIMILqPNATa8P,recdBIMILqPNATa8P,https://airtable.com/shr5t1qyPKytJvVBY?prefill_fldziB6bVRltNvUis=recdBIMILqPNATa8P,2239,김하은,PT5518-마이타입4-Way백팩_블랙,,협력사,,,Product Parts,
SSU002240,checked,PT5519-마이타입4-Way백팩_베이지,판매가능,김하은,최초등록,마이타입 4-Way 백팩,BAGG,2026.7.23 3:44오후,,2026.7.23,2026.9.3,recEaI1lIt5p4AwKZ,recEaI1lIt5p4AwKZ,https://airtable.com/shr5t1qyPKytJvVBY?prefill_fldziB6bVRltNvUis=recEaI1lIt5p4AwKZ,2240,김하은,PT5519-마이타입4-Way백팩_베이지,,협력사,,,Product Parts,
SSU002241,checked,PT5520-마이타입4-Way백팩_다크그레이,판매가능,김하은,최초등록,마이타입 4-Way 백팩,BAGG,2026.7.23 3:44오후,,2026.7.23,2026.9.3,recIUbPCmRvmRcVXd,recIUbPCmRvmRcVXd,https://airtable.com/shr5t1qyPKytJvVBY?prefill_fldziB6bVRltNvUis=recIUbPCmRvmRcVXd,2241,김하은,PT5520-마이타입4-Way백팩_다크그레이,,협력사,,,Product Parts,
SSU002242,checked,PT5326-그로우북라이트본품,판매가능,김하은,최초등록,그로우 북라이트,,2026.7.23 3:44오후,,2026.7.23,2026.9.3,recTsmSZglhHWFYHU,recTsmSZglhHWFYHU,https://airtable.com/shr5t1qyPKytJvVBY?prefill_fldziB6bVRltNvUis=recTsmSZglhHWFYHU,2242,김하은,PT5326-그로우북라이트본품,,신시어리,,,Product Parts,
SSU002243,checked,PT5021-워크데이런치백본품,일시품절,김하은,최초등록 / 출시했으나 입고 지연 중,워크데이 런치백,TVLB,2026.7.23 3:44오후,2026.7.29 3:10오후,2026.7.23,2026.7.28,rec1rwg33Xs8SeJnu,,https://airtable.com/shr5t1qyPKytJvVBY?prefill_fldziB6bVRltNvUis=rec1rwg33Xs8SeJnu,2243,김하은,PT5021-워크데이런치백본품,,신시어리,비의도적품절,비의도적_납기지연,Product Parts,checked
SSU002244,checked,PT5549-사용설명서(전용)_화이트+블랙인쇄,판매가능,김하은,최초등록,마이타입 4-Way 백팩,BAGG,2026.7.23 3:47오후,,2026.7.23,2026.9.3,rectawYqwVuUsbMuc,rectawYqwVuUsbMuc,https://airtable.com/shr5t1qyPKytJvVBY?prefill_fldziB6bVRltNvUis=rectawYqwVuUsbMuc,2244,김하은,PT5549-사용설명서(전용)_화이트+블랙인쇄,,신시어리,,,Package Parts,
SSU002245,checked,PT5548-소프트그립블랙펜,출시대기,김하은,최초등록,소프트그립 블랙 펜,PENN,2026.7.23 4:07오후,2026.8.21 5:18오후,2026.7.23,2026.8.20,recTa4sIgSsB70zEk,,https://airtable.com/shr5t1qyPKytJvVBY?prefill_fldziB6bVRltNvUis=recTa4sIgSsB70zEk,2245,김하은,PT5548-소프트그립블랙펜,,신시어리,,,Product Parts,
SSU002246,checked,,출시대기,김하은,,,,2026.7.23 4:10오후,,2026.7.23,2026.9.3,,,https://airtable.com/shr5t1qyPKytJvVBY?prefill_fldziB6bVRltNvUis=,2246,김하은,,,,,,,
SSU002247,,PT4722-오아시스미니마사지건_블랙,의도적 품절,김하은,MOQ미만으로 남아 품절 공지드립니다. (재고운영 및 인쇄공정의 효율화를 위해 화이트 옵션만 리오더하는 것으로 결정되어 의도적품절로 공지드립니다!),오아시스 미니 마사지건,OMMG,2026.7.28 5:15오후,,2026.7.28,2026.9.3,recnsYr68xMWlLSck,recnsYr68xMWlLSck,https://airtable.com/shr5t1qyPKytJvVBY?prefill_fldziB6bVRltNvUis=recnsYr68xMWlLSck,2247,김하은,PT4722-오아시스미니마사지건_블랙,,신시어리,의도적품절,의도적_재고효율화,Product Parts,
SSU002248,checked,PT5021-워크데이런치백본품,판매가능,김하은,재고 입고 완료,워크데이 런치백,TVLB,2026.7.29 3:10오후,,2026.7.29,2026.9.3,rec1rwg33Xs8SeJnu,rec1rwg33Xs8SeJnu,https://airtable.com/shr5t1qyPKytJvVBY?prefill_fldziB6bVRltNvUis=rec1rwg33Xs8SeJnu,2248,김하은,PT5021-워크데이런치백본품,,신시어리,,,Product Parts,
SSU002249,checked,PT5323-픽미핸들텀블러본품_아이보리,일시품절,김하은,최초등록 / 품절상태로 출시 (8/14 입고 예정),픽미 핸들 텀블러,,2026.7.30 11:40오전,2026.8.6 11:14오전,2026.7.30,2026.8.5,recxRgv3elT35SQrU,,https://airtable.com/shr5t1qyPKytJvVBY?prefill_fldziB6bVRltNvUis=recxRgv3elT35SQrU,2249,김하은,PT5323-픽미핸들텀블러본품_아이보리,,신시어리,비의도적품절,비의도적_납기지연,Product Parts,checked
SSU002250,checked,PT5324-픽미핸들텀블러본품_블랙,일시품절,김하은,최초등록 / 품절상태로 출시 (8/14 입고 예정),픽미 핸들 텀블러,,2026.7.30 11:40오전,2026.8.6 11:11오전,2026.7.30,2026.8.5,recEcUPO7PjIiKKOC,,https://airtable.com/shr5t1qyPKytJvVBY?prefill_fldziB6bVRltNvUis=recEcUPO7PjIiKKOC,2250,김하은,PT5324-픽미핸들텀블러본품_블랙,,신시어리,비의도적품절,비의도적_납기지연,Product Parts,checked
SSU002251,,PT0901-뮤지엄머그_화이트,품절예정,김하은,재고 홀딩되어있던 건 진행 취소되어 판매 재개합니다. 잔여재고 204개이며 추가 매입계획은 없어 품절 예정으로 공지드립니다!,뮤지엄 머그,MMUG,2026.7.30 2:34오후,,2026.7.30,2026.9.3,recOjmlu8C4S06TJ9,recOjmlu8C4S06TJ9,https://airtable.com/shr5t1qyPKytJvVBY?prefill_fldziB6bVRltNvUis=recOjmlu8C4S06TJ9,2251,김하은,PT0901-뮤지엄머그_화이트,,신시어리,,,Product Parts,
SSU002252,,PT5103-킵세이프마그넷배터리MAX(10000mAh),일시품절,김하은,8월 중순 재입고 예상,킵세이프 마그넷 배터리 Max,KSBM,2026.7.31 11:25오전,2026.8.11 2:35오후,2026.7.31,2026.8.10,rec0RNlypyOiGBqen,,https://airtable.com/shr5t1qyPKytJvVBY?prefill_fldziB6bVRltNvUis=rec0RNlypyOiGBqen,2252,김하은,PT5103-킵세이프마그넷배터리MAX(10000mAh),,협력사,비의도적품절,비의도적_공급부족,Product Parts,
SSU002253,,PT5104-킵세이프마그넷배터리MAX(5000mAh),일시품절,김하은,8월 중순 재입고 예상,킵세이프 마그넷 배터리 Lite,KSEP,2026.7.31 11:26오전,2026.8.11 2:35오후,2026.7.31,2026.8.10,rech8LSAi80fnfBPd,,https://airtable.com/shr5t1qyPKytJvVBY?prefill_fldziB6bVRltNvUis=rech8LSAi80fnfBPd,2253,김하은,PT5104-킵세이프마그넷배터리MAX(5000mAh),,협력사,비의도적품절,비의도적_수요초과,Product Parts,
SSU002254,,PT3927-스탠딩휴대용선풍기_크림화이트,의도적 품절,김하은,선풍기 1차 시즌 종료 (스탠딩 휴대용 선풍기),스탠딩 휴대용 선풍기,STPF,2026.7.31 2:02오후,,2026.7.31,2026.9.3,recw54yFxHUWJf0jc,recw54yFxHUWJf0jc,https://airtable.com/shr5t1qyPKytJvVBY?prefill_fldziB6bVRltNvUis=recw54yFxHUWJf0jc,2254,김하은,PT3927-스탠딩휴대용선풍기_크림화이트,,협력사,의도적품절,의도적_시즌종료,Product Parts,
SSU002255,,PT3928-스탠딩휴대용선풍기_아쿠아그레이,의도적 품절,김하은,선풍기 1차 시즌 종료 (스탠딩 휴대용 선풍기),스탠딩 휴대용 선풍기,STPF,2026.7.31 2:02오후,,2026.7.31,2026.9.3,recJhjnatvPYSQPzf,recJhjnatvPYSQPzf,https://airtable.com/shr5t1qyPKytJvVBY?prefill_fldziB6bVRltNvUis=recJhjnatvPYSQPzf,2255,김하은,PT3928-스탠딩휴대용선풍기_아쿠아그레이,,협력사,의도적품절,의도적_시즌종료,Product Parts,
SSU002256,,PT5372-스탠바이빅팬선풍기_화이트,의도적 품절,김하은,선풍기 1차 시즌 종료 (빅팬 선풍기),스탠바이 빅팬선풍기,FANB,2026.7.31 2:03오후,,2026.7.31,2026.9.3,rec6OBvexuXsAGjKd,rec6OBvexuXsAGjKd,https://airtable.com/shr5t1qyPKytJvVBY?prefill_fldziB6bVRltNvUis=rec6OBvexuXsAGjKd,2256,김하은,PT5372-스탠바이빅팬선풍기_화이트,,신시어리,의도적품절,의도적_시즌종료,Product Parts,
SSU002257,,PT3340-핸디링미니선풍기_네이비,의도적 품절,김하은,선풍기 1차 시즌 종료 (핸디링 선풍기_네이비) *화이트는 제작 가능 합니다!! (잔여 재고 약 800개),핸디링 미니 선풍기,HDRM,2026.7.31 2:04오후,,2026.7.31,2026.9.3,recJQ6HSAytC7Eq3C,recJQ6HSAytC7Eq3C,https://airtable.com/shr5t1qyPKytJvVBY?prefill_fldziB6bVRltNvUis=recJQ6HSAytC7Eq3C,2257,김하은,PT3340-핸디링미니선풍기_네이비,,협력사,의도적품절,의도적_시즌종료,Product Parts,
SSU002258,,PT4820-칠링패드냉각선풍기_올리브,의도적 품절,김하은,선풍기 1차 시즌 종료 (칠링패드 _ 올리브 ) *화이트는 제작 가능 합니다!!,칠링패드 냉각선풍기,CPNF,2026.7.31 2:07오후,,2026.7.31,2026.9.3,receAUBJXmsDTXMyn,receAUBJXmsDTXMyn,https://airtable.com/shr5t1qyPKytJvVBY?prefill_fldziB6bVRltNvUis=receAUBJXmsDTXMyn,2258,김하은,PT4820-칠링패드냉각선풍기_올리브,,협력사,의도적품절,의도적_시즌종료,Product Parts,
SSU002259,,PT5384-슬림터보선풍기(베이직)_올리브,의도적 품절,김하은,선풍기 1차 시즌 종료 (슬림터보_올리브) *화이트는 제작 가능 합니다!!  (잔여 재고 약 200개),슬림 터보 선풍기,FANC,2026.7.31 2:09오후,,2026.7.31,2026.9.3,recPr58XJGnajW3Eo,recPr58XJGnajW3Eo,https://airtable.com/shr5t1qyPKytJvVBY?prefill_fldziB6bVRltNvUis=recPr58XJGnajW3Eo,2259,김하은,PT5384-슬림터보선풍기(베이직)_올리브,,협력사,의도적품절,의도적_시즌종료,Product Parts,
SSU002260,checked,PT5386-슬림터보선풍기(냉각패드형)_올리브,의도적 품절,김하은,선풍기 1차 시즌 종료 (슬림터보_올리브),슬림 터보 선풍기,FANC,2026.7.31 2:13오후,,2026.7.31,2026.9.3,recZUlG4eYob6kSCQ,recZUlG4eYob6kSCQ,https://airtable.com/shr5t1qyPKytJvVBY?prefill_fldziB6bVRltNvUis=recZUlG4eYob6kSCQ,2260,김하은,PT5386-슬림터보선풍기(냉각패드형)_올리브,,협력사,의도적품절,의도적_시즌종료,Product Parts,
SSU002261,,PT5385-슬림터보선풍기(냉각패드형)_화이트,의도적 품절,김하은,슬림터보 선풍기 (냉각패드형) 선매입/협력사재고 모두 소진되어 시즌 종료합니다!,슬림 터보 선풍기,FANC,2026.8.4 2:22오후,2026.8.5 12:01오후,2026.8.4,2026.8.4,recmFVPuyyJwpW0Ii,,https://airtable.com/shr5t1qyPKytJvVBY?prefill_fldziB6bVRltNvUis=recmFVPuyyJwpW0Ii,2261,김하은,PT5385-슬림터보선풍기(냉각패드형)_화이트,,신시어리,의도적품절,의도적_시즌종료,Product Parts,
SSU002262,,PT5385-슬림터보선풍기(냉각패드형)_화이트,품절예정,김하은,제작 예정이었던 건 주문이 취소되어 다시 판매 재개합니다. 잔여재고 66개로 품절 예정으로 공지드립니다.!,슬림 터보 선풍기,FANC,2026.8.5 12:01오후,,2026.8.5,2026.9.3,recmFVPuyyJwpW0Ii,recmFVPuyyJwpW0Ii,https://airtable.com/shr5t1qyPKytJvVBY?prefill_fldziB6bVRltNvUis=recmFVPuyyJwpW0Ii,2262,김하은,PT5385-슬림터보선풍기(냉각패드형)_화이트,,신시어리,,,Product Parts,
SSU002263,checked,PT5319-베러댄텀블러본품_아이보리,판매가능,김하은,최초 등록,베러댄 텀블러,,2026.8.6 11:10오전,,2026.8.6,2026.9.3,recPkCLEKOYa5mYzW,recPkCLEKOYa5mYzW,https://airtable.com/shr5t1qyPKytJvVBY?prefill_fldziB6bVRltNvUis=recPkCLEKOYa5mYzW,2263,김하은,PT5319-베러댄텀블러본품_아이보리,,신시어리,,,Product Parts,
SSU002264,checked,PT5320-베러댄텀블러본품_블랙,판매가능,김하은,최초 등록,베러댄 텀블러,,2026.8.6 11:10오전,,2026.8.6,2026.9.3,recToh8T7DxmkRYE5,recToh8T7DxmkRYE5,https://airtable.com/shr5t1qyPKytJvVBY?prefill_fldziB6bVRltNvUis=recToh8T7DxmkRYE5,2264,김하은,PT5320-베러댄텀블러본품_블랙,,신시어리,,,Product Parts,
SSU002265,checked,PT5324-픽미핸들텀블러본품_블랙,판매가능,김하은,판매가능,픽미 핸들 텀블러,,2026.8.6 11:11오전,,2026.8.6,2026.9.3,recEcUPO7PjIiKKOC,recEcUPO7PjIiKKOC,https://airtable.com/shr5t1qyPKytJvVBY?prefill_fldziB6bVRltNvUis=recEcUPO7PjIiKKOC,2265,김하은,PT5324-픽미핸들텀블러본품_블랙,,신시어리,,,Product Parts,
SSU002266,checked,PT5323-픽미핸들텀블러본품_아이보리,판매가능,김하은,판매가능,픽미 핸들 텀블러,,2026.8.6 11:14오전,2026.8.27 3:46오후,2026.8.6,2026.8.26,recxRgv3elT35SQrU,,https://airtable.com/shr5t1qyPKytJvVBY?prefill_fldziB6bVRltNvUis=recxRgv3elT35SQrU,2266,김하은,PT5323-픽미핸들텀블러본품_아이보리,,신시어리,,,Product Parts,
SSU002267,checked,PT5023-슬리브(커스텀),판매가능,김하은,최초등록,픽미 핸들 텀블러,,2026.8.6 11:15오전,,2026.8.6,2026.9.3,recxqHbgmQqnZs148,recxqHbgmQqnZs148,https://airtable.com/shr5t1qyPKytJvVBY?prefill_fldziB6bVRltNvUis=recxqHbgmQqnZs148,2267,김하은,PT5023-슬리브(커스텀),,신시어리,,,Product Parts,
SSU002268,,PT1753-프라우드투톤명함지갑_블랙,일시품절,김하은,8/28 재입고 예정입니다. 재입고 일정 참고하여 응대 부탁드립니다!,프라우드 투톤 명함지갑,TWTO,2026.8.6 4:27오후,2026.8.26 10:09오전,2026.8.6,2026.8.25,rec0X6iDXVBr6htf7,,https://airtable.com/shr5t1qyPKytJvVBY?prefill_fldziB6bVRltNvUis=rec0X6iDXVBr6htf7,2268,김하은,PT1753-프라우드투톤명함지갑_블랙,,신시어리,비의도적품절,비의도적_수요초과,Product Parts,checked
SSU002269,,PT5104-킵세이프마그넷배터리MAX(5000mAh),판매가능,김민정,협력사 입고되어 판매재개 합니다.,킵세이프 마그넷 배터리 Lite,KSEP,2026.8.11 2:35오후,,2026.8.11,2026.9.3,rech8LSAi80fnfBPd,rech8LSAi80fnfBPd,https://airtable.com/shr5t1qyPKytJvVBY?prefill_fldziB6bVRltNvUis=rech8LSAi80fnfBPd,2269,김민정,PT5104-킵세이프마그넷배터리MAX(5000mAh),,협력사,,,Product Parts,
SSU002270,,PT5103-킵세이프마그넷배터리MAX(10000mAh),판매가능,김민정,협력사 입고되어 판매재개 합니다.,킵세이프 마그넷 배터리 Max,KSBM,2026.8.11 2:35오후,,2026.8.11,2026.9.3,rec0RNlypyOiGBqen,rec0RNlypyOiGBqen,https://airtable.com/shr5t1qyPKytJvVBY?prefill_fldziB6bVRltNvUis=rec0RNlypyOiGBqen,2270,김민정,PT5103-킵세이프마그넷배터리MAX(10000mAh),,협력사,,,Product Parts,
SSU002271,,,판매가능,김민지,"대체 협력사에서 재고매입하여 품절해지 합니다.
8/27 500개 입고 예정으로 고객 대응시 일정 참고 부탁드립니다.",,,2026.8.12 11:47오전,,2026.8.12,2026.9.3,,rec66OPE9IB1BgxyW,https://airtable.com/shr5t1qyPKytJvVBY?prefill_fldziB6bVRltNvUis=,2271,김민지,,,,,,,
SSU002272,,PT1239-슬로건다이어리_블랙,일시품절,김하은,9월 초 재입고 예정 (정확한 일자는 8월 말에 확인 후 재공지 예정입니다!),슬로건 다이어리,SLGN,2026.8.12 4:55오후,,2026.8.12,2026.9.3,recwEwAaCd1CXCxD1,recwEwAaCd1CXCxD1,https://airtable.com/shr5t1qyPKytJvVBY?prefill_fldziB6bVRltNvUis=recwEwAaCd1CXCxD1,2272,김하은,PT1239-슬로건다이어리_블랙,,신시어리,비의도적품절,비의도적_공급부족,Product Parts,
SSU002273,,PT2370-버티컬무선충전패드(15W)_블랙,일시품절,김하은,"협력사 재고 품절, 9월 중순 재입고 예정입니다",버티컬 무선충전패드,VWPD,2026.8.13 10:29오전,,2026.8.13,2026.9.3,rect9S1n0kLJJVTTv,rect9S1n0kLJJVTTv,https://airtable.com/shr5t1qyPKytJvVBY?prefill_fldziB6bVRltNvUis=rect9S1n0kLJJVTTv,2273,김하은,PT2370-버티컬무선충전패드(15W)_블랙,,협력사,비의도적품절,비의도적_공급부족,Product Parts,
SSU002274,,PT4756-마그넷케이블홀더_화이트,품절예정,김하은,"잔여재고 250개 정도로 품절 예정 공지드립니다. 8월 말~9월 초에 3,000개 재입고 예정입니다.",아이콘 케이블홀더 세트,MGNC,2026.8.13 3:49오후,2026.8.27 10:51오전,2026.8.13,2026.8.26,rec8X82a3jxMO1491,,https://airtable.com/shr5t1qyPKytJvVBY?prefill_fldziB6bVRltNvUis=rec8X82a3jxMO1491,2274,김하은,PT4756-마그넷케이블홀더_화이트,,신시어리,,,Product Parts,
SSU002275,checked,PT1729-펠트스트링파우치(커스텀인쇄)_그레이_200-1,의도적 품절,김하은,M사이즈(PT2115) 우선 소진을 위해 추가 생산 계획이 없습니다.,"포시즌 블랭킷, 메시지 캐리어 파우치","FSBL, MSGC",2026.8.13 4:52오후,,2026.8.13,2026.9.3,rec1yRS1A3GPPmhtp,rec1yRS1A3GPPmhtp,https://airtable.com/shr5t1qyPKytJvVBY?prefill_fldziB6bVRltNvUis=rec1yRS1A3GPPmhtp,2275,김하은,PT1729-펠트스트링파우치(커스텀인쇄)_그레이_200-1,,신시어리,의도적품절,의도적_재고효율화,Package Parts,
SSU002276,,PT4476-스탠리슬림보틀_폴라화이트,판매가능,김하은,"스탠리 슬림보틀 화이트, 블랙 협력사재고 500개씩 선매입하였습니다!",스탠리 슬림 보틀,STLS,2026.8.13 4:56오후,,2026.8.13,2026.9.3,recuJdsdoDVRHBztP,recuJdsdoDVRHBztP,https://airtable.com/shr5t1qyPKytJvVBY?prefill_fldziB6bVRltNvUis=recuJdsdoDVRHBztP,2276,김하은,PT4476-스탠리슬림보틀_폴라화이트,,협력사,,,Product Parts,
SSU002277,,PT4478-스탠리슬림보틀_매트블랙,판매가능,김하은,"스탠리 슬림보틀 화이트, 블랙 협력사재고 500개씩 선매입하였습니다!",스탠리 슬림 보틀,STLS,2026.8.13 4:56오후,,2026.8.13,2026.9.3,recXEinwby7Rjczvw,recXEinwby7Rjczvw,https://airtable.com/shr5t1qyPKytJvVBY?prefill_fldziB6bVRltNvUis=recXEinwby7Rjczvw,2277,김하은,PT4478-스탠리슬림보틀_매트블랙,,협력사,,,Product Parts,
SSU002278,,PT0833-레더스킨다이어리_블랙,일시품절,김하은,잔여재고 약 70개로 일시품절. 8월 4주차 재입고 예정입니다!,레더스킨 다이어리,LSKD,2026.8.14 2:30오후,2026.8.26 10:06오전,2026.8.14,2026.8.25,recUFmvu3f10hWB6R,,https://airtable.com/shr5t1qyPKytJvVBY?prefill_fldziB6bVRltNvUis=recUFmvu3f10hWB6R,2278,김하은,PT0833-레더스킨다이어리_블랙,,신시어리,비의도적품절,비의도적_공급부족,Product Parts,checked
SSU002279,,PT5260-컴포트스텐머그_화이트,일시품절,김하은,"컴포트스탠머그 화이트, 블랙 모두 협력사 재고 품절입니다. (9/4 재입고 예정으로 응대에 참고 부탁드립니다!)",컴포트 스텐머그,,2026.8.20 3:17오후,2026.8.28 9:12오전,2026.8.20,2026.8.27,rec38Pmsn4ski3Dlr,,https://airtable.com/shr5t1qyPKytJvVBY?prefill_fldziB6bVRltNvUis=rec38Pmsn4ski3Dlr,2279,김하은,PT5260-컴포트스텐머그_화이트,,협력사,비의도적품절,비의도적_공급부족,Product Parts,checked
SSU002280,checked,PT5395-컴포트스텐머그_블랙,판매가능,김하은,최초등록,컴포트 스텐머그,,2026.8.20 3:18오후,,2026.8.20,2026.9.3,recvk7QwX0JXttuSa,recvk7QwX0JXttuSa,https://airtable.com/shr5t1qyPKytJvVBY?prefill_fldziB6bVRltNvUis=recvk7QwX0JXttuSa,2280,김하은,PT5395-컴포트스텐머그_블랙,,협력사,,,Product Parts,
SSU002281,,PT5395-컴포트스텐머그_블랙,일시품절,김하은,"컴포트스탠머그 화이트, 블랙 모두 협력사 재고 품절입니다. (9/4 재입고 예정으로 응대에 참고 부탁드립니다!)",컴포트 스텐머그,,2026.8.20 3:18오후,2026.8.28 9:11오전,2026.8.20,2026.8.27,recvk7QwX0JXttuSa,,https://airtable.com/shr5t1qyPKytJvVBY?prefill_fldziB6bVRltNvUis=recvk7QwX0JXttuSa,2281,김하은,PT5395-컴포트스텐머그_블랙,,협력사,비의도적품절,비의도적_공급부족,Product Parts,checked
SSU002282,,PT4755-칠링패드냉각선풍기_화이트,의도적 품절,김하은,칠링패드 선풍기 선매입재고 소진 완료하여 시즌 종료합니다!,칠링패드 냉각선풍기,CPNF,2026.8.21 12:05오후,,2026.8.21,2026.9.3,recSYKAuinfKwd148,recSYKAuinfKwd148,https://airtable.com/shr5t1qyPKytJvVBY?prefill_fldziB6bVRltNvUis=recSYKAuinfKwd148,2282,김하은,PT4755-칠링패드냉각선풍기_화이트,,신시어리,의도적품절,의도적_시즌종료,Product Parts,
SSU002283,,PT4330-히트업손난로보조배터리_화이트,판매가능,김하은,협력사 재고 입고되어 판매 재개합니다!,히트업 손난로 보조배터리,HTUS,2026.8.21 12:10오후,,2026.8.21,2026.9.3,recnvehbqsffrVMPd,recnvehbqsffrVMPd,https://airtable.com/shr5t1qyPKytJvVBY?prefill_fldziB6bVRltNvUis=recnvehbqsffrVMPd,2283,김하은,PT4330-히트업손난로보조배터리_화이트,,협력사,,,Product Parts,
SSU002284,,PT4331-히트업손난로보조배터리_그레이,판매가능,김하은,협력사 재고 입고되어 판매 재개합니다!,히트업 손난로 보조배터리,HTUS,2026.8.21 12:10오후,,2026.8.21,2026.9.3,recxsYfYysS6YXUWX,recxsYfYysS6YXUWX,https://airtable.com/shr5t1qyPKytJvVBY?prefill_fldziB6bVRltNvUis=recxsYfYysS6YXUWX,2284,김하은,PT4331-히트업손난로보조배터리_그레이,,협력사,,,Product Parts,
SSU002285,,PT4332-히트업손난로보조배터리_핑크,판매가능,김하은,협력사 재고 입고되어 판매 재개합니다!,히트업 손난로 보조배터리,HTUS,2026.8.21 12:11오후,,2026.8.21,2026.9.3,reca6IyslB6UtgeKO,reca6IyslB6UtgeKO,https://airtable.com/shr5t1qyPKytJvVBY?prefill_fldziB6bVRltNvUis=reca6IyslB6UtgeKO,2285,김하은,PT4332-히트업손난로보조배터리_핑크,,협력사,,,Product Parts,
SSU002286,,PT5256-스테이텀블러_화이트,일시품절,김민정,"재입고가 9/4~8사이 입고 예정으로, 차주 중 다시 판매재개 하겠습니다.",스테이 텀블러,TMBS,2026.8.21 2:47오후,2026.9.3 12:21오후,2026.8.21,2026.9.2,reckF7V8KR4Jse9tz,,https://airtable.com/shr5t1qyPKytJvVBY?prefill_fldziB6bVRltNvUis=reckF7V8KR4Jse9tz,2286,김민정,PT5256-스테이텀블러_화이트,,협력사,비의도적품절,비의도적_공급부족,Product Parts,
SSU002287,checked,PT5548-소프트그립블랙펜,판매가능,김하은,출시,소프트그립 블랙 펜,PENN,2026.8.21 5:18오후,,2026.8.21,2026.9.3,recTa4sIgSsB70zEk,recTa4sIgSsB70zEk,https://airtable.com/shr5t1qyPKytJvVBY?prefill_fldziB6bVRltNvUis=recTa4sIgSsB70zEk,2287,김하은,PT5548-소프트그립블랙펜,,신시어리,,,Product Parts,
SSU002288,,PT5647-하이업노트북폴딩스탠드(세트_본품및파우치),판매가능,김민지,"신시어리 재고 입고 일정 공유드립니다. (협력사 재입고 일정은 미정입니다.)
아래 일정 참고하시어 고객 응대 부탁드립니다.

- 8/24 350개 입고완료
- 9/1 170개 입고예정",하이업 노트북 폴딩스탠드,HIUN,2026.8.24 11:37오전,,2026.8.24,2026.9.3,recS5xdx2G48HTSfT,recS5xdx2G48HTSfT,https://airtable.com/shr5t1qyPKytJvVBY?prefill_fldziB6bVRltNvUis=recS5xdx2G48HTSfT,2288,김민지,PT5647-하이업노트북폴딩스탠드(세트_본품및파우치),,협력사,,,Product Parts,
SSU002289,checked,PT5325-단품박스(전용)_화이트,판매가능,김하은,최초 등록,픽미 핸들 텀블러,,2026.8.24 11:47오전,,2026.8.24,2026.9.3,reckqQpIlAVBWx94l,reckqQpIlAVBWx94l,https://airtable.com/shr5t1qyPKytJvVBY?prefill_fldziB6bVRltNvUis=reckqQpIlAVBWx94l,2289,김하은,PT5325-단품박스(전용)_화이트,,신시어리,,,Package Parts,
SSU002290,,PT2773-리틀빅리유저블컵_아이보리,일시품절,김민지,"협력사 재고 품절이며, 현재 재입고 일정 확인중에 있습니다.",리틀빅 리유저블컵,LTBR,2026.8.25 10:40오전,,2026.8.25,2026.9.3,rec1pNuRl6yxvk8TT,rec1pNuRl6yxvk8TT,https://airtable.com/shr5t1qyPKytJvVBY?prefill_fldziB6bVRltNvUis=rec1pNuRl6yxvk8TT,2290,김민지,PT2773-리틀빅리유저블컵_아이보리,,협력사,비의도적품절,비의도적_공급부족,Product Parts,
SSU002291,,PT4657-베이직무선충전마우스패드_블랙,일시품절,김하은,협력사 재고 품절이며 10월 초 재입고 예상됩니다.,베이직 무선충전 마우스패드,BMMP,2026.8.25 4:15오후,,2026.8.25,2026.9.3,reca7LaDo6FGCh2Jj,reca7LaDo6FGCh2Jj,https://airtable.com/shr5t1qyPKytJvVBY?prefill_fldziB6bVRltNvUis=reca7LaDo6FGCh2Jj,2291,김하은,PT4657-베이직무선충전마우스패드_블랙,,협력사,비의도적품절,비의도적_공급부족,Product Parts,
SSU002292,,PT4307-그래픽배너대용량보조배터리_블랙,일시품절,김하은,판매 부진 및 외관 품질 이슈(기스)로 협력사에서 단종조치되었습니다. 화이트 컬러만 판매 가능합니다.,그래픽배너 대용량 보조배터리,GBBT,2026.8.25 4:30오후,,2026.8.25,2026.9.3,recD81hCtRgPAMrFB,recD81hCtRgPAMrFB,https://airtable.com/shr5t1qyPKytJvVBY?prefill_fldziB6bVRltNvUis=recD81hCtRgPAMrFB,2292,김하은,PT4307-그래픽배너대용량보조배터리_블랙,,협력사,의도적품절,의도적_리스크대비,Product Parts,
SSU002293,,PT0833-레더스킨다이어리_블랙,판매가능,김민지,8/28 재고생산 완료될 예정으로 판매 재개 합니다,레더스킨 다이어리,LSKD,2026.8.26 10:06오전,,2026.8.26,2026.9.3,recUFmvu3f10hWB6R,recUFmvu3f10hWB6R,https://airtable.com/shr5t1qyPKytJvVBY?prefill_fldziB6bVRltNvUis=recUFmvu3f10hWB6R,2293,김민지,PT0833-레더스킨다이어리_블랙,,신시어리,,,Product Parts,
SSU002294,,PT1753-프라우드투톤명함지갑_블랙,판매가능,김민지,"재고생산 입고일 확정되어 품절해지 합니다.

-8/28 (금) 500개 입고
-9/4 (금) 500개 입고 ",프라우드 투톤 명함지갑,TWTO,2026.8.26 10:09오전,,2026.8.26,2026.9.3,rec0X6iDXVBr6htf7,rec0X6iDXVBr6htf7,https://airtable.com/shr5t1qyPKytJvVBY?prefill_fldziB6bVRltNvUis=rec0X6iDXVBr6htf7,2294,김민지,PT1753-프라우드투톤명함지갑_블랙,,신시어리,,,Product Parts,
SSU002295,,PT4756-마그넷케이블홀더_화이트,판매가능,김하은,재입고 완료되어 품절예정 해제합니다!,아이콘 케이블홀더 세트,MGNC,2026.8.27 10:51오전,,2026.8.27,2026.9.3,rec8X82a3jxMO1491,rec8X82a3jxMO1491,https://airtable.com/shr5t1qyPKytJvVBY?prefill_fldziB6bVRltNvUis=rec8X82a3jxMO1491,2295,김하은,PT4756-마그넷케이블홀더_화이트,,신시어리,,,Product Parts,
SSU002296,,PT5323-픽미핸들텀블러본품_아이보리,일시품절,김민정,아이보리 핸들 색상 불량으로 품절처리합니다.,픽미 핸들 텀블러,,2026.8.27 3:46오후,,2026.8.27,2026.9.3,recxRgv3elT35SQrU,recxRgv3elT35SQrU,https://airtable.com/shr5t1qyPKytJvVBY?prefill_fldziB6bVRltNvUis=recxRgv3elT35SQrU,2296,김민정,PT5323-픽미핸들텀블러본품_아이보리,,신시어리,의도적품절,의도적_리스크대비,Product Parts,checked
SSU002297,,PT5395-컴포트스텐머그_블랙,판매가능,김민정,차주 조 입고 재입고 예정으로 판매재개 합니다.,컴포트 스텐머그,,2026.8.28 9:11오전,2026.8.31 9:44오전,2026.8.28,2026.8.30,recvk7QwX0JXttuSa,,https://airtable.com/shr5t1qyPKytJvVBY?prefill_fldziB6bVRltNvUis=recvk7QwX0JXttuSa,2297,김민정,PT5395-컴포트스텐머그_블랙,,협력사,,,Product Parts,
SSU002298,,PT5260-컴포트스텐머그_화이트,판매가능,김민정,차주 조 입고 재입고 예정으로 판매재개 합니다.,컴포트 스텐머그,,2026.8.28 9:12오전,2026.8.31 9:44오전,2026.8.28,2026.8.30,rec38Pmsn4ski3Dlr,,https://airtable.com/shr5t1qyPKytJvVBY?prefill_fldziB6bVRltNvUis=rec38Pmsn4ski3Dlr,2298,김민정,PT5260-컴포트스텐머그_화이트,,협력사,,,Product Parts,
SSU002299,,PT5260-컴포트스텐머그_화이트,일시품절,김민정,태풍으로 중국에서 출항하지 못해 다시 일시품절 처리합니다. 9월 2주차 입고로 예상됩니다.,컴포트 스텐머그,,2026.8.31 9:44오전,,2026.8.31,2026.9.3,rec38Pmsn4ski3Dlr,rec38Pmsn4ski3Dlr,https://airtable.com/shr5t1qyPKytJvVBY?prefill_fldziB6bVRltNvUis=rec38Pmsn4ski3Dlr,2299,김민정,PT5260-컴포트스텐머그_화이트,,협력사,,,Product Parts,checked
SSU002300,,PT5395-컴포트스텐머그_블랙,일시품절,김민정,태풍으로 중국에서 출항하지 못해 다시 일시품절 처리합니다. 9월 2주차 입고로 예상됩니다.,컴포트 스텐머그,,2026.8.31 9:44오전,,2026.8.31,2026.9.3,recvk7QwX0JXttuSa,recvk7QwX0JXttuSa,https://airtable.com/shr5t1qyPKytJvVBY?prefill_fldziB6bVRltNvUis=recvk7QwX0JXttuSa,2300,김민정,PT5395-컴포트스텐머그_블랙,,협력사,,,Product Parts,checked
SSU002301,,PT3306-트래블2in1목베개,판매가능,김민지,"협력사 변경되어 판매 재개 합니다. (승화 -> 세라노)
9/8 부터 제작 가능한점 참고 부탁드립니다.",트래블 2in1 목베개,NKPL,2026.9.3 11:28오전,,2026.9.3,2026.9.3,recdZa7cJ0IClHdy8,recdZa7cJ0IClHdy8,https://airtable.com/shr5t1qyPKytJvVBY?prefill_fldziB6bVRltNvUis=recdZa7cJ0IClHdy8,2301,김민지,PT3306-트래블2in1목베개,,생산,,,Product Parts,
SSU002302,,PT5256-스테이텀블러_화이트,판매가능,김민정,판매재개합니다,스테이 텀블러,TMBS,2026.9.3 12:21오후,,2026.9.3,2026.9.3,reckF7V8KR4Jse9tz,reckF7V8KR4Jse9tz,https://airtable.com/shr5t1qyPKytJvVBY?prefill_fldziB6bVRltNvUis=reckF7V8KR4Jse9tz,2302,김민정,PT5256-스테이텀블러_화이트,,협력사,,,Product Parts,